commit_hash,date,test_name,metric_id,status,min_cpu,max_cpu,avg_cpu,run_count,all_runs
54ab4baeb,2026-07-07T06:14:52,test_status_community_first_open_loading_time[user_data0-user_account0],test_status_community_first_open_cpu,passed,0.0,0.0,0.0,1,0.0
54ab4baeb,2026-07-07T06:14:52,test_status_community_second_open_loading_time[user_data0-user_account0],test_status_community_second_open_cpu,passed,0.0,0.0,0.0,5,"0.0,0.0,0.0,0.0,0.0"
8871642d2,2026-07-07T08:45:37,test_status_community_first_open_loading_time[user_data0-user_account0],test_status_community_first_open_cpu,passed,0.0,0.0,0.0,1,0.0
8871642d2,2026-07-07T08:45:37,test_status_community_second_open_loading_time[user_data0-user_account0],test_status_community_second_open_cpu,passed,0.0,0.0,0.0,5,"0.0,0.0,0.0,0.0,0.0"
d39309cca,2026-07-08T05:20:26,test_status_community_first_open_loading_time[user_data0-user_account0],test_status_community_first_open_cpu,passed,0.0,0.0,0.0,1,0.0
d39309cca,2026-07-08T05:20:26,test_status_community_second_open_loading_time[user_data0-user_account0],test_status_community_second_open_cpu,passed,0.0,0.0,0.0,5,"0.0,0.0,0.0,0.0,0.0"
77c19164b,2026-07-09T05:16:15,test_status_community_first_open_loading_time[user_data0-user_account0],test_status_community_first_open_cpu,passed,0.0,0.0,0.0,1,0.0
77c19164b,2026-07-09T05:16:15,test_status_community_second_open_loading_time[user_data0-user_account0],test_status_community_second_open_cpu,passed,0.0,0.0,0.0,5,"0.0,0.0,0.0,0.0,0.0"
51f253eda,2026-07-10T05:16:13,test_status_community_first_open_loading_time[user_data0-user_account0],test_status_community_first_open_cpu,passed,0.0,0.0,0.0,1,0.0
51f253eda,2026-07-10T05:16:13,test_status_community_second_open_loading_time[user_data0-user_account0],test_status_community_second_open_cpu,passed,0.0,0.0,0.0,5,"0.0,0.0,0.0,0.0,0.0"
a23910395,2026-07-10T12:17:51,test_status_community_first_open_loading_time[user_data0-user_account0],test_status_community_first_open_cpu,passed,0.0,0.0,0.0,1,0.0
a23910395,2026-07-10T12:17:51,test_status_community_second_open_loading_time[user_data0-user_account0],test_status_community_second_open_cpu,passed,0.0,0.0,0.0,5,"0.0,0.0,0.0,0.0,0.0"
80e7c0203,2026-07-11T05:20:46,test_status_community_first_open_loading_time[user_data0-user_account0],test_status_community_first_open_cpu,passed,0.0,0.0,0.0,1,0.0
80e7c0203,2026-07-11T05:20:46,test_status_community_second_open_loading_time[user_data0-user_account0],test_status_community_second_open_cpu,passed,0.0,0.0,0.0,5,"0.0,0.0,0.0,0.0,0.0"
80e7c0203,2026-07-12T05:16:08,test_status_community_second_open_loading_time[user_data0-user_account0],test_status_community_second_open_cpu,passed,0.0,0.0,0.0,5,"0.0,0.0,0.0,0.0,0.0"
80e7c0203,2026-07-12T05:16:08,test_status_community_first_open_loading_time[user_data0-user_account0],test_status_community_first_open_cpu,passed,0.0,0.0,0.0,1,0.0
80e7c0203,2026-07-13T05:15:22,test_status_community_second_open_loading_time[user_data0-user_account0],test_status_community_second_open_cpu,passed,0.0,0.0,0.0,5,"0.0,0.0,0.0,0.0,0.0"
80e7c0203,2026-07-13T05:15:22,test_status_community_first_open_loading_time[user_data0-user_account0],test_status_community_first_open_cpu,passed,0.0,0.0,0.0,1,0.0
9fc679ad3,2026-07-13T10:14:59,test_status_community_first_open_loading_time[user_data0-user_account0],test_status_community_first_open_cpu,passed,0.0,0.0,0.0,1,0.0
9fc679ad3,2026-07-13T10:14:59,test_status_community_second_open_loading_time[user_data0-user_account0],test_status_community_second_open_cpu,passed,0.0,0.0,0.0,5,"0.0,0.0,0.0,0.0,0.0"
3ae7c370c,2026-07-13T12:35:40,test_status_community_first_open_loading_time[user_data0-user_account0],test_status_community_first_open_cpu,passed,343.158,343.158,343.158,1,343.158
3ae7c370c,2026-07-13T12:35:40,test_status_community_second_open_loading_time[user_data0-user_account0],test_status_community_second_open_cpu,passed,134.985,913.608,566.8,5,"195.608,134.985,745.638,913.608,844.162"
e1dd32c18,2026-07-13T13:03:30,test_status_community_first_open_loading_time[user_data0-user_account0],test_status_community_first_open_cpu,passed,17.315,17.315,17.315,1,17.315
e1dd32c18,2026-07-13T13:03:30,test_status_community_second_open_loading_time[user_data0-user_account0],test_status_community_second_open_cpu,passed,10.208,50.519,32.843,5,"12.813,10.208,47.719,50.519,42.957"
69f3330f1,2026-07-13T16:54:06,test_status_community_second_open_loading_time[user_data0-user_account0],test_status_community_second_open_cpu,passed,4.44,52.65,31.747,5,"8.901,4.44,50.639,52.65,42.105"
69f3330f1,2026-07-13T16:54:06,test_status_community_first_open_loading_time[user_data0-user_account0],test_status_community_first_open_cpu,passed,29.911,29.911,29.911,1,29.911
69f3330f1,2026-07-14T05:29:06,test_status_community_first_open_loading_time[user_data0-user_account0],test_status_community_first_open_cpu,passed,26.857,26.857,26.857,1,26.857
69f3330f1,2026-07-14T05:29:06,test_status_community_second_open_loading_time[user_data0-user_account0],test_status_community_second_open_cpu,passed,4.646,56.408,34.235,5,"9.926,4.646,56.408,48.694,51.502"
69f3330f1,2026-07-14T10:04:05,test_status_community_first_open_loading_time[user_data0-user_account0],test_status_community_first_open_cpu,passed,21.159,21.159,21.159,1,21.159
69f3330f1,2026-07-14T10:04:05,test_status_community_second_open_loading_time[user_data0-user_account0],test_status_community_second_open_cpu,passed,3.775,49.301,31.15,5,"14.343,3.775,40.8,47.533,49.301"
4068ddda5,2026-07-14T13:38:22,test_status_community_first_open_loading_time[user_data0-user_account0],test_status_community_first_open_cpu,passed,24.765,24.765,24.765,1,24.765
4068ddda5,2026-07-14T13:38:22,test_status_community_second_open_loading_time[user_data0-user_account0],test_status_community_second_open_cpu,passed,6.728,47.669,31.904,5,"12.291,6.728,47.669,46.075,46.759"
b5cde8a91,2026-07-14T15:16:43,test_status_community_first_open_loading_time[user_data0-user_account0],test_status_community_first_open_cpu,passed,24.779,24.779,24.779,1,24.779
b5cde8a91,2026-07-14T15:16:43,test_status_community_second_open_loading_time[user_data0-user_account0],test_status_community_second_open_cpu,passed,3.227,54.502,40.896,5,"54.502,3.227,44.232,52.158,50.363"
4c6eafbe8,2026-07-14T16:04:33,test_status_community_second_open_loading_time[user_data0-user_account0],test_status_community_second_open_cpu,passed,8.392,54.978,37.102,5,"21.642,8.392,49.821,54.978,50.675"
4c6eafbe8,2026-07-14T16:04:33,test_status_community_first_open_loading_time[user_data0-user_account0],test_status_community_first_open_cpu,passed,40.163,40.163,40.163,1,40.163
4c6eafbe8,2026-07-15T05:15:58,test_status_community_second_open_loading_time[user_data0-user_account0],test_status_community_second_open_cpu,passed,5.016,52.818,34.508,5,"14.186,5.016,52.286,48.235,52.818"
4c6eafbe8,2026-07-15T05:15:58,test_status_community_first_open_loading_time[user_data0-user_account0],test_status_community_first_open_cpu,passed,24.46,24.46,24.46,1,24.46
e2ca9c790,2026-07-16T05:15:05,test_status_community_second_open_loading_time[user_data0-user_account0],test_status_community_second_open_cpu,passed,3.088,58.131,36.961,5,"13.777,3.088,54.904,58.131,54.907"
e2ca9c790,2026-07-16T05:15:05,test_status_community_first_open_loading_time[user_data0-user_account0],test_status_community_first_open_cpu,passed,27.622,27.622,27.622,1,27.622
df161fdc6,2026-07-16T08:38:17,test_status_community_first_open_loading_time[user_data0-user_account0],test_status_community_first_open_cpu_member,passed,41.647,41.647,41.647,1,41.647
df161fdc6,2026-07-16T08:38:17,test_status_community_second_open_loading_time[user_data0-user_account0],test_status_community_second_open_cpu_member,passed,7.122,52.543,32.164,5,"11.341,7.122,52.543,48.375,41.44"
df161fdc6,2026-07-16T09:47:50,test_status_community_second_open_loading_time[user_data0-user_account0],test_status_community_second_open_cpu_member,passed,9.059,15.216,11.436,5,"12.962,9.059,10.434,9.512,15.216"
df161fdc6,2026-07-16T09:47:50,test_status_community_first_open_loading_time[user_data0-user_account0],test_status_community_first_open_cpu_member,passed,23.043,23.043,23.043,1,23.043
5f66de,2026-07-16T10:08:15,test_status_community_second_open_loading_time[user_data0-user_account0],test_status_community_second_open_cpu_member,passed,6.753,14.104,9.536,5,"14.104,7.925,9.315,6.753,9.583"
5f66de,2026-07-16T10:08:15,test_status_community_first_open_loading_time[user_data0-user_account0],test_status_community_first_open_cpu_member,passed,20.204,20.204,20.204,1,20.204
df161fdc6,2026-07-16T13:38:02,test_status_community_second_open_loading_time[user_data0-user_account0],test_status_community_second_open_cpu_member,passed,4.83,55.818,40.877,5,"4.83,44.079,47.643,55.818,52.014"
df161fdc6,2026-07-16T13:38:02,test_status_community_first_open_loading_time[user_data0-user_account0],test_status_community_first_open_cpu_member,passed,18.77,18.77,18.77,1,18.77
5dae9b2ba,2026-07-17T05:16:52,test_status_community_second_open_loading_time[user_data0-user_account0],test_status_community_second_open_cpu_member,passed,9.229,24.104,14.108,5,"9.229,24.104,13.06,12.461,11.685"
5dae9b2ba,2026-07-17T05:16:52,test_status_community_first_open_loading_time[user_data0-user_account0],test_status_community_first_open_cpu_member,passed,21.341,21.341,21.341,1,21.341
e05886b4e,2026-07-17T12:12:05,test_status_community_first_open_loading_time[user_data0-user_account0],test_status_community_first_open_cpu_member,passed,17.212,17.212,17.212,1,17.212
e05886b4e,2026-07-17T12:12:05,test_status_community_second_open_loading_time[user_data0-user_account0],test_status_community_second_open_cpu_member,passed,7.368,53.131,37.188,5,"22.747,7.368,53.131,52.347,50.348"
0e23fd3cc,2026-07-17T20:28:29,test_wallet_first_open_loading_time[wallet_load_user],test_wallet_first_open_cpu_wallet_load,passed,45.146,45.146,45.146,1,45.146
0e23fd3cc,2026-07-17T20:28:29,test_status_community_second_open_loading_time[user_data0-user_account0],test_status_community_second_open_cpu_member,passed,3.635,24.653,12.159,5,"10.96,24.653,12.94,8.609,3.635"
0e23fd3cc,2026-07-17T20:28:29,test_status_community_first_open_loading_time[user_data0-user_account0],test_status_community_first_open_cpu_member,passed,17.52,17.52,17.52,1,17.52
0e23fd3cc,2026-07-17T20:28:29,test_wallet_first_open_loading_time[fresh_user],test_wallet_first_open_cpu_fresh,passed,11.644,11.644,11.644,1,11.644
0e23fd3cc,2026-07-17T20:28:29,test_wallet_first_open_loading_time[wallet_load_alex_user],test_wallet_first_open_cpu_wallet_load_alex,passed,41.244,41.244,41.244,1,41.244
0e23fd3cc,2026-07-17T20:28:29,test_wallet_account_open_loading_time[wallet_load_alex_user],test_wallet_account_first_open_cpu_wallet_load_alex,passed,38.894,38.894,38.894,1,38.894
0e23fd3cc,2026-07-17T20:28:29,test_wallet_repeat_open_loading_time[wallet_load_user],test_wallet_repeat_open_cpu_wallet_load,passed,44.266,57.963,48.041,5,"46.484,44.341,47.153,57.963,44.266"
0e23fd3cc,2026-07-17T20:28:29,test_wallet_account_open_loading_time[wallet_load_user],test_wallet_account_first_open_cpu_wallet_load,passed,28.7,28.7,28.7,1,28.7
0e23fd3cc,2026-07-17T20:28:29,test_wallet_repeat_open_loading_time[fresh_user],test_wallet_repeat_open_cpu_fresh,passed,29.044,54.303,44.216,5,"29.044,44.85,52.344,54.303,40.541"
0e23fd3cc,2026-07-17T20:28:29,test_wallet_repeat_open_loading_time[wallet_load_alex_user],test_wallet_repeat_open_cpu_wallet_load_alex,passed,28.256,59.931,43.369,5,"45.169,59.931,28.256,37.834,45.656"
0e23fd3cc,2026-07-17T20:28:29,test_wallet_account_open_loading_time[fresh_user],test_wallet_account_first_open_cpu_fresh,passed,78.125,78.125,78.125,1,78.125
0e23fd3cc,2026-07-17T20:52:53,test_wallet_add_account_first_open_loading_time[wallet_load_alex_user],test_wallet_add_account_first_open_cpu_wallet_load_alex,passed,45.356,45.356,45.356,1,45.356
0e23fd3cc,2026-07-17T20:52:53,test_wallet_add_account_loading_time[wallet_load_alex_user],test_wallet_add_account_cpu_wallet_load_alex,passed,53.847,77.697,61.609,5,"57.691,55.484,63.325,53.847,77.697"
0e23fd3cc,2026-07-17T20:52:53,test_wallet_assets_tab_loading_time[wallet_load_user],test_wallet_assets_tab_cpu_wallet_load,passed,18.421,48.706,36.477,5,"43.277,44.267,48.706,27.715,18.421"
0e23fd3cc,2026-07-17T20:52:53,test_wallet_repeat_open_loading_time[wallet_load_user],test_wallet_repeat_open_cpu_wallet_load,passed,52.094,56.781,54.409,5,"55.644,54.363,56.781,52.094,53.166"
0e23fd3cc,2026-07-17T20:52:53,test_wallet_add_account_first_open_loading_time[wallet_load_user],test_wallet_add_account_first_open_cpu_wallet_load,passed,39.972,39.972,39.972,1,39.972
0e23fd3cc,2026-07-17T20:52:53,test_wallet_add_account_loading_time[wallet_load_user],test_wallet_add_account_cpu_wallet_load,passed,51.341,73.519,62.758,5,"51.341,64.181,67.066,73.519,57.684"
0e23fd3cc,2026-07-17T20:52:53,test_wallet_send_first_open_loading_time[wallet_load_user],test_wallet_send_first_open_cpu_wallet_load,passed,49.612,49.612,49.612,1,49.612
0e23fd3cc,2026-07-17T20:52:53,test_wallet_send_loading_time[wallet_load_user],test_wallet_send_cpu_wallet_load,passed,53.663,74.309,66.105,5,"70.464,53.663,74.309,69.57,62.519"
0e23fd3cc,2026-07-17T20:52:53,test_wallet_assets_tab_loading_time[fresh_user],test_wallet_assets_tab_cpu_fresh,passed,11.925,47.944,25.113,5,"47.944,21.506,23.181,11.925,21.006"
0e23fd3cc,2026-07-17T20:52:53,test_wallet_collectibles_tab_first_open_loading_time[wallet_load_alex_user],test_wallet_collectibles_tab_first_open_cpu_wallet_load_alex,passed,39.136,39.136,39.136,1,39.136
0e23fd3cc,2026-07-17T20:52:53,test_wallet_collectibles_tab_loading_time[wallet_load_alex_user],test_wallet_collectibles_tab_cpu_wallet_load_alex,passed,48.032,61.602,56.236,5,"56.116,61.602,48.032,57.617,57.815"
0e23fd3cc,2026-07-17T20:52:53,test_wallet_swap_first_open_loading_time[fresh_user],test_wallet_swap_first_open_cpu_fresh,passed,50.788,50.788,50.788,1,50.788
0e23fd3cc,2026-07-17T20:52:53,test_wallet_swap_loading_time[fresh_user],test_wallet_swap_cpu_fresh,passed,56.591,69.216,61.971,5,"57.441,56.591,58.616,69.216,67.991"
0e23fd3cc,2026-07-17T20:52:53,test_wallet_first_open_loading_time[fresh_user],test_wallet_first_open_cpu_fresh,passed,14.181,14.181,14.181,1,14.181
0e23fd3cc,2026-07-17T20:52:53,test_wallet_receive_first_open_loading_time[wallet_load_user],test_wallet_receive_first_open_cpu_wallet_load,passed,19.959,19.959,19.959,1,19.959
0e23fd3cc,2026-07-17T20:52:53,test_wallet_receive_loading_time[wallet_load_user],test_wallet_receive_cpu_wallet_load,passed,42.928,67.278,52.429,5,"42.928,52.85,42.941,67.278,56.15"
0e23fd3cc,2026-07-17T20:52:53,test_wallet_add_account_first_open_loading_time[fresh_user],test_wallet_add_account_first_open_cpu_fresh,passed,22.559,22.559,22.559,1,22.559
0e23fd3cc,2026-07-17T20:52:53,test_wallet_add_account_loading_time[fresh_user],test_wallet_add_account_cpu_fresh,passed,55.138,73.809,64.697,5,"55.138,69.425,60.359,64.756,73.809"
0e23fd3cc,2026-07-17T20:52:53,test_wallet_account_open_loading_time[wallet_load_alex_user],test_wallet_account_first_open_cpu_wallet_load_alex,passed,26.634,26.634,26.634,1,26.634
0e23fd3cc,2026-07-17T20:52:53,test_wallet_account_open_loading_time[fresh_user],test_wallet_account_first_open_cpu_fresh,passed,77.344,77.344,77.344,1,77.344
0e23fd3cc,2026-07-17T20:52:53,test_wallet_repeat_open_loading_time[wallet_load_alex_user],test_wallet_repeat_open_cpu_wallet_load_alex,passed,24.681,53.722,35.584,5,"44.641,29.197,53.722,25.681,24.681"
0e23fd3cc,2026-07-17T20:52:53,test_wallet_swap_first_open_loading_time[wallet_load_user],test_wallet_swap_first_open_cpu_wallet_load,passed,26.519,26.519,26.519,1,26.519
0e23fd3cc,2026-07-17T20:52:53,test_wallet_swap_loading_time[wallet_load_user],test_wallet_swap_cpu_wallet_load,passed,60.619,68.637,64.304,5,"60.619,63.428,68.637,66.231,62.606"
0e23fd3cc,2026-07-17T20:52:53,test_wallet_receive_first_open_loading_time[fresh_user],test_wallet_receive_first_open_cpu_fresh,passed,43.059,43.059,43.059,1,43.059
0e23fd3cc,2026-07-17T20:52:53,test_wallet_receive_loading_time[fresh_user],test_wallet_receive_cpu_fresh,passed,38.538,59.909,51.443,5,"38.538,55.306,45.759,57.7,59.909"
0e23fd3cc,2026-07-17T20:52:53,test_wallet_send_first_open_loading_time[fresh_user],test_wallet_send_first_open_cpu_fresh,passed,46.005,46.005,46.005,1,46.005
0e23fd3cc,2026-07-17T20:52:53,test_wallet_send_loading_time[fresh_user],test_wallet_send_cpu_fresh,passed,55.378,58.178,57.107,5,"58.178,55.378,57.859,57.969,56.15"
0e23fd3cc,2026-07-17T20:52:53,test_wallet_activity_tab_first_open_loading_time[wallet_load_user],test_wallet_activity_tab_first_open_cpu_wallet_load,passed,34.283,34.283,34.283,1,34.283
0e23fd3cc,2026-07-17T20:52:53,test_wallet_activity_tab_loading_time[wallet_load_user],test_wallet_activity_tab_cpu_wallet_load,passed,49.206,68.419,56.37,5,"49.206,53.519,51.797,58.909,68.419"
0e23fd3cc,2026-07-17T20:52:53,test_status_community_second_open_loading_time[user_data0-user_account0],test_status_community_second_open_cpu_member,passed,4.547,15.68,10.222,5,"13.616,15.68,6.837,4.547,10.428"
0e23fd3cc,2026-07-17T20:52:53,test_wallet_collectibles_tab_first_open_loading_time[wallet_load_user],test_wallet_collectibles_tab_first_open_cpu_wallet_load,passed,38.158,38.158,38.158,1,38.158
0e23fd3cc,2026-07-17T20:52:53,test_wallet_collectibles_tab_loading_time[wallet_load_user],test_wallet_collectibles_tab_cpu_wallet_load,passed,36.103,59.075,44.152,5,"52.5,59.075,36.103,36.728,36.356"
0e23fd3cc,2026-07-17T20:52:53,test_wallet_collectibles_tab_first_open_loading_time[fresh_user],test_wallet_collectibles_tab_first_open_cpu_fresh,passed,36.347,36.347,36.347,1,36.347
0e23fd3cc,2026-07-17T20:52:53,test_wallet_collectibles_tab_loading_time[fresh_user],test_wallet_collectibles_tab_cpu_fresh,passed,24.219,74.219,42.795,5,"74.219,43.25,28.125,24.219,44.163"
0e23fd3cc,2026-07-17T20:52:53,test_wallet_send_first_open_loading_time[wallet_load_alex_user],test_wallet_send_first_open_cpu_wallet_load_alex,passed,22.51,22.51,22.51,1,22.51
0e23fd3cc,2026-07-17T20:52:53,test_wallet_send_loading_time[wallet_load_alex_user],test_wallet_send_cpu_wallet_load_alex,passed,56.597,72.169,64.565,5,"56.597,58.978,72.169,70.982,64.097"
0e23fd3cc,2026-07-17T20:52:53,test_wallet_assets_tab_loading_time[wallet_load_alex_user],test_wallet_assets_tab_cpu_wallet_load_alex,passed,47.05,50.615,49.5,5,"47.05,50.573,50.592,50.615,48.671"
0e23fd3cc,2026-07-17T20:52:53,test_wallet_account_open_loading_time[wallet_load_user],test_wallet_account_first_open_cpu_wallet_load,passed,37.559,37.559,37.559,1,37.559
0e23fd3cc,2026-07-17T20:52:53,test_status_community_first_open_loading_time[user_data0-user_account0],test_status_community_first_open_cpu_member,passed,16.947,16.947,16.947,1,16.947
0e23fd3cc,2026-07-17T20:52:53,test_wallet_first_open_loading_time[wallet_load_user],test_wallet_first_open_cpu_wallet_load,passed,29.669,29.669,29.669,1,29.669
0e23fd3cc,2026-07-17T20:52:53,test_wallet_repeat_open_loading_time[fresh_user],test_wallet_repeat_open_cpu_fresh,passed,22.284,56.081,34.837,5,"22.45,41.897,31.475,56.081,22.284"
0e23fd3cc,2026-07-17T20:52:53,test_wallet_first_open_loading_time[wallet_load_alex_user],test_wallet_first_open_cpu_wallet_load_alex,passed,44.038,44.038,44.038,1,44.038
0e23fd3cc,2026-07-17T20:52:53,test_wallet_swap_first_open_loading_time[wallet_load_alex_user],test_wallet_swap_first_open_cpu_wallet_load_alex,passed,51.8,51.8,51.8,1,51.8
0e23fd3cc,2026-07-17T20:52:53,test_wallet_swap_loading_time[wallet_load_alex_user],test_wallet_swap_cpu_wallet_load_alex,passed,55.725,83.138,71.334,5,"67.688,68.903,81.216,55.725,83.138"
0e23fd3cc,2026-07-17T20:52:53,test_wallet_receive_first_open_loading_time[wallet_load_alex_user],test_wallet_receive_first_open_cpu_wallet_load_alex,passed,44.199,44.199,44.199,1,44.199
0e23fd3cc,2026-07-17T20:52:53,test_wallet_receive_loading_time[wallet_load_alex_user],test_wallet_receive_cpu_wallet_load_alex,passed,53.819,81.166,66.493,5,"81.166,53.819,56.684,72.7,68.097"
0e23fd3cc,2026-07-17T20:52:53,test_wallet_activity_tab_first_open_loading_time[wallet_load_alex_user],test_wallet_activity_tab_first_open_cpu_wallet_load_alex,passed,37.872,37.872,37.872,1,37.872
0e23fd3cc,2026-07-17T20:52:53,test_wallet_activity_tab_loading_time[wallet_load_alex_user],test_wallet_activity_tab_cpu_wallet_load_alex,passed,31.797,51.15,45.009,5,"49.109,51.15,50.128,42.859,31.797"
0e23fd3cc,2026-07-17T20:52:53,test_wallet_activity_tab_first_open_loading_time[fresh_user],test_wallet_activity_tab_first_open_cpu_fresh,passed,47.05,47.05,47.05,1,47.05
0e23fd3cc,2026-07-17T20:52:53,test_wallet_activity_tab_loading_time[fresh_user],test_wallet_activity_tab_cpu_fresh,passed,34.375,50.781,39.176,5,"39.062,50.781,34.375,34.944,36.719"
50ded3fa4,2026-07-20T11:05:07,test_status_community_first_open_loading_time[user_data0-user_account0],test_status_community_first_open_cpu_member,passed,25.347,25.347,25.347,1,25.347
50ded3fa4,2026-07-20T11:05:07,test_wallet_assets_tab_loading_time[wallet_load_user],test_wallet_assets_tab_cpu_wallet_load,passed,38.719,59.075,47.115,5,"38.906,45.092,53.781,59.075,38.719"
50ded3fa4,2026-07-20T11:05:07,test_wallet_repeat_open_loading_time[fresh_user],test_wallet_repeat_open_cpu_fresh,passed,18.722,54.85,40.465,5,"54.85,35.638,45.184,18.722,47.931"
50ded3fa4,2026-07-20T11:05:07,test_wallet_collectibles_tab_first_open_loading_time[wallet_load_user],test_wallet_collectibles_tab_first_open_cpu_wallet_load,passed,38.639,38.639,38.639,1,38.639
50ded3fa4,2026-07-20T11:05:07,test_wallet_collectibles_tab_loading_time[wallet_load_user],test_wallet_collectibles_tab_cpu_wallet_load,passed,27.428,48.041,35.648,5,"37.197,30.25,27.428,48.041,35.325"
50ded3fa4,2026-07-20T11:05:07,test_wallet_account_open_loading_time[wallet_load_alex_user],test_wallet_account_first_open_cpu_wallet_load_alex,passed,53.252,53.252,53.252,1,53.252
50ded3fa4,2026-07-20T11:05:07,test_wallet_swap_first_open_loading_time[wallet_load_user],test_wallet_swap_first_open_cpu_wallet_load,passed,46.488,46.488,46.488,1,46.488
50ded3fa4,2026-07-20T11:05:07,test_wallet_swap_loading_time[wallet_load_user],test_wallet_swap_cpu_wallet_load,passed,61.881,73.719,68.658,5,"66.334,71.175,61.881,70.181,73.719"
50ded3fa4,2026-07-20T11:05:07,test_wallet_send_first_open_loading_time[wallet_load_alex_user],test_wallet_send_first_open_cpu_wallet_load_alex,passed,39.438,39.438,39.438,1,39.438
50ded3fa4,2026-07-20T11:05:07,test_wallet_send_loading_time[wallet_load_alex_user],test_wallet_send_cpu_wallet_load_alex,passed,54.256,67.077,60.604,5,"67.077,60.344,59.781,54.256,61.56"
50ded3fa4,2026-07-20T11:05:07,test_wallet_send_first_open_loading_time[wallet_load_user],test_wallet_send_first_open_cpu_wallet_load,passed,38.156,38.156,38.156,1,38.156
50ded3fa4,2026-07-20T11:05:07,test_wallet_send_loading_time[wallet_load_user],test_wallet_send_cpu_wallet_load,passed,61.581,70.997,66.213,5,"70.997,64.594,63.506,70.384,61.581"
50ded3fa4,2026-07-20T11:05:07,test_wallet_repeat_open_loading_time[wallet_load_user],test_wallet_repeat_open_cpu_wallet_load,passed,29.1,60.116,40.962,5,"32.919,60.116,35.8,46.875,29.1"
50ded3fa4,2026-07-20T11:05:07,test_wallet_receive_first_open_loading_time[wallet_load_alex_user],test_wallet_receive_first_open_cpu_wallet_load_alex,passed,44.825,44.825,44.825,1,44.825
50ded3fa4,2026-07-20T11:05:07,test_wallet_receive_loading_time[wallet_load_alex_user],test_wallet_receive_cpu_wallet_load_alex,passed,58.034,69.706,64.808,5,"66.372,58.034,69.706,65.45,64.478"
50ded3fa4,2026-07-20T11:05:07,test_wallet_account_open_loading_time[fresh_user],test_wallet_account_first_open_cpu_fresh,passed,48.831,48.831,48.831,1,48.831
50ded3fa4,2026-07-20T11:05:07,test_wallet_repeat_open_loading_time[wallet_load_alex_user],test_wallet_repeat_open_cpu_wallet_load_alex,passed,48.019,57.684,53.918,5,"55.497,57.684,54.259,48.019,54.131"
50ded3fa4,2026-07-20T11:05:07,test_wallet_add_account_first_open_loading_time[fresh_user],test_wallet_add_account_first_open_cpu_fresh,passed,37.138,37.138,37.138,1,37.138
50ded3fa4,2026-07-20T11:05:07,test_wallet_add_account_loading_time[fresh_user],test_wallet_add_account_cpu_fresh,passed,50.787,66.284,59.033,5,"54.513,66.284,64.791,58.791,50.787"
50ded3fa4,2026-07-20T11:05:07,test_wallet_collectibles_tab_first_open_loading_time[fresh_user],test_wallet_collectibles_tab_first_open_cpu_fresh,passed,38.553,38.553,38.553,1,38.553
50ded3fa4,2026-07-20T11:05:07,test_wallet_collectibles_tab_loading_time[fresh_user],test_wallet_collectibles_tab_cpu_fresh,passed,29.294,73.688,46.897,5,"73.688,31.169,40.312,60.025,29.294"
50ded3fa4,2026-07-20T11:05:07,test_wallet_swap_first_open_loading_time[fresh_user],test_wallet_swap_first_open_cpu_fresh,passed,52.856,52.856,52.856,1,52.856
50ded3fa4,2026-07-20T11:05:07,test_wallet_swap_loading_time[fresh_user],test_wallet_swap_cpu_fresh,passed,55.759,69.731,63.544,5,"64.453,63.778,55.759,69.731,63.997"
50ded3fa4,2026-07-20T11:05:07,test_wallet_activity_tab_first_open_loading_time[wallet_load_alex_user],test_wallet_activity_tab_first_open_cpu_wallet_load_alex,passed,41.431,41.431,41.431,1,41.431
50ded3fa4,2026-07-20T11:05:07,test_wallet_activity_tab_loading_time[wallet_load_alex_user],test_wallet_activity_tab_cpu_wallet_load_alex,passed,49.275,76.697,58.962,5,"49.275,54.188,54.456,60.196,76.697"
50ded3fa4,2026-07-20T11:05:07,test_wallet_first_open_loading_time[wallet_load_user],test_wallet_first_open_cpu_wallet_load,passed,46.809,46.809,46.809,1,46.809
50ded3fa4,2026-07-20T11:05:07,test_wallet_receive_first_open_loading_time[fresh_user],test_wallet_receive_first_open_cpu_fresh,passed,49.84,49.84,49.84,1,49.84
50ded3fa4,2026-07-20T11:05:07,test_wallet_receive_loading_time[fresh_user],test_wallet_receive_cpu_fresh,passed,44.603,74.756,65.154,5,"74.756,44.603,67.969,68.131,70.312"
50ded3fa4,2026-07-20T11:05:07,test_wallet_activity_tab_first_open_loading_time[wallet_load_user],test_wallet_activity_tab_first_open_cpu_wallet_load,passed,47.915,47.915,47.915,1,47.915
50ded3fa4,2026-07-20T11:05:07,test_wallet_activity_tab_loading_time[wallet_load_user],test_wallet_activity_tab_cpu_wallet_load,passed,54.45,70.3,60.026,5,"54.45,58.344,60.744,70.3,56.291"
50ded3fa4,2026-07-20T11:05:07,test_wallet_first_open_loading_time[fresh_user],test_wallet_first_open_cpu_fresh,passed,28.759,28.759,28.759,1,28.759
50ded3fa4,2026-07-20T11:05:07,test_wallet_collectibles_tab_first_open_loading_time[wallet_load_alex_user],test_wallet_collectibles_tab_first_open_cpu_wallet_load_alex,passed,38.613,38.613,38.613,1,38.613
50ded3fa4,2026-07-20T11:05:07,test_wallet_collectibles_tab_loading_time[wallet_load_alex_user],test_wallet_collectibles_tab_cpu_wallet_load_alex,passed,41.944,71.2,56.01,5,"71.2,51.1,52.581,41.944,63.225"
50ded3fa4,2026-07-20T11:05:07,test_wallet_swap_first_open_loading_time[wallet_load_alex_user],test_wallet_swap_first_open_cpu_wallet_load_alex,passed,49.135,49.135,49.135,1,49.135
50ded3fa4,2026-07-20T11:05:07,test_wallet_swap_loading_time[wallet_load_alex_user],test_wallet_swap_cpu_wallet_load_alex,passed,51.506,74.472,62.904,5,"51.506,60.95,59.759,67.831,74.472"
50ded3fa4,2026-07-20T11:05:07,test_status_community_second_open_loading_time[user_data0-user_account0],test_status_community_second_open_cpu_member,passed,2.984,49.263,31.007,5,"11.483,2.984,43.354,47.951,49.263"
50ded3fa4,2026-07-20T11:05:07,test_wallet_add_account_first_open_loading_time[wallet_load_alex_user],test_wallet_add_account_first_open_cpu_wallet_load_alex,passed,55.066,55.066,55.066,1,55.066
50ded3fa4,2026-07-20T11:05:07,test_wallet_add_account_loading_time[wallet_load_alex_user],test_wallet_add_account_cpu_wallet_load_alex,passed,55.253,70.95,61.314,5,"61.928,55.253,60.55,70.95,57.891"
50ded3fa4,2026-07-20T11:05:07,test_wallet_assets_tab_loading_time[fresh_user],test_wallet_assets_tab_cpu_fresh,passed,20.119,35.059,26.559,5,"35.025,20.119,20.294,35.059,22.3"
50ded3fa4,2026-07-20T11:05:07,test_wallet_receive_first_open_loading_time[wallet_load_user],test_wallet_receive_first_open_cpu_wallet_load,passed,29.888,29.888,29.888,1,29.888
50ded3fa4,2026-07-20T11:05:07,test_wallet_receive_loading_time[wallet_load_user],test_wallet_receive_cpu_wallet_load,passed,37.925,81.444,62.923,5,"37.925,80.688,46.013,68.547,81.444"
50ded3fa4,2026-07-20T11:05:07,test_wallet_account_open_loading_time[wallet_load_user],test_wallet_account_first_open_cpu_wallet_load,passed,33.997,33.997,33.997,1,33.997
50ded3fa4,2026-07-20T11:05:07,test_wallet_first_open_loading_time[wallet_load_alex_user],test_wallet_first_open_cpu_wallet_load_alex,passed,21.009,21.009,21.009,1,21.009
50ded3fa4,2026-07-20T11:05:07,test_wallet_add_account_first_open_loading_time[wallet_load_user],test_wallet_add_account_first_open_cpu_wallet_load,passed,48.556,48.556,48.556,1,48.556
50ded3fa4,2026-07-20T11:05:07,test_wallet_add_account_loading_time[wallet_load_user],test_wallet_add_account_cpu_wallet_load,passed,58.55,66.381,64.153,5,"66.381,66.056,63.984,65.791,58.55"
50ded3fa4,2026-07-20T11:05:07,test_wallet_activity_tab_first_open_loading_time[fresh_user],test_wallet_activity_tab_first_open_cpu_fresh,passed,39.419,39.419,39.419,1,39.419
50ded3fa4,2026-07-20T11:05:07,test_wallet_activity_tab_loading_time[fresh_user],test_wallet_activity_tab_cpu_fresh,passed,33.737,38.525,35.71,5,"33.737,38.525,37.288,34.625,34.375"
50ded3fa4,2026-07-20T11:05:07,test_wallet_assets_tab_loading_time[wallet_load_alex_user],test_wallet_assets_tab_cpu_wallet_load_alex,passed,45.163,49.137,47.977,5,"45.163,48.256,48.804,48.527,49.137"
50ded3fa4,2026-07-20T11:05:07,test_wallet_send_first_open_loading_time[fresh_user],test_wallet_send_first_open_cpu_fresh,passed,45.807,45.807,45.807,1,45.807
50ded3fa4,2026-07-20T11:05:07,test_wallet_send_loading_time[fresh_user],test_wallet_send_cpu_fresh,passed,63.522,69.169,66.084,5,"69.169,65.547,64.953,67.231,63.522"
5f66de,2026-07-20T13:06:04,test_wallet_add_account_first_open_loading_time[wallet_load_user],test_wallet_add_account_first_open_cpu_wallet_load,passed,40.694,40.694,40.694,1,40.694
5f66de,2026-07-20T13:06:04,test_wallet_add_account_loading_time[wallet_load_user],test_wallet_add_account_cpu_wallet_load,passed,57.297,68.072,61.652,5,"57.297,68.072,61.069,62.141,59.684"
5f66de,2026-07-20T13:06:04,test_wallet_send_first_open_loading_time[fresh_user],test_wallet_send_first_open_cpu_fresh,passed,32.616,32.616,32.616,1,32.616
5f66de,2026-07-20T13:06:04,test_wallet_send_loading_time[fresh_user],test_wallet_send_cpu_fresh,passed,46.638,66.731,53.637,5,"53.603,48.219,46.638,66.731,52.994"
5f66de,2026-07-20T13:06:04,test_wallet_repeat_open_loading_time[wallet_load_alex_user],test_wallet_repeat_open_cpu_wallet_load_alex,passed,25.194,56.772,42.906,5,"56.772,25.194,47.972,33.181,51.409"
5f66de,2026-07-20T13:06:04,test_wallet_account_open_loading_time[wallet_load_alex_user],test_wallet_account_first_open_cpu_wallet_load_alex,passed,31.7,31.7,31.7,1,31.7
5f66de,2026-07-20T13:06:04,test_wallet_first_open_loading_time[fresh_user],test_wallet_first_open_cpu_fresh,passed,16.819,16.819,16.819,1,16.819
5f66de,2026-07-20T13:06:04,test_wallet_receive_first_open_loading_time[wallet_load_alex_user],test_wallet_receive_first_open_cpu_wallet_load_alex,passed,44.933,44.933,44.933,1,44.933
5f66de,2026-07-20T13:06:04,test_wallet_receive_loading_time[wallet_load_alex_user],test_wallet_receive_cpu_wallet_load_alex,passed,45.419,74.247,60.63,5,"74.247,45.419,67.125,56.934,59.425"
5f66de,2026-07-20T13:06:04,test_wallet_receive_first_open_loading_time[wallet_load_user],test_wallet_receive_first_open_cpu_wallet_load,passed,30.543,30.543,30.543,1,30.543
5f66de,2026-07-20T13:06:04,test_wallet_receive_loading_time[wallet_load_user],test_wallet_receive_cpu_wallet_load,passed,38.081,81.194,60.646,5,"38.081,65.594,57.981,81.194,60.378"
5f66de,2026-07-20T13:06:04,test_wallet_send_first_open_loading_time[wallet_load_alex_user],test_wallet_send_first_open_cpu_wallet_load_alex,passed,28.669,28.669,28.669,1,28.669
5f66de,2026-07-20T13:06:04,test_wallet_send_loading_time[wallet_load_alex_user],test_wallet_send_cpu_wallet_load_alex,passed,52.131,64.934,58.839,5,"53.525,63.756,52.131,59.847,64.934"
5f66de,2026-07-20T13:06:04,test_wallet_add_account_first_open_loading_time[wallet_load_alex_user],test_wallet_add_account_first_open_cpu_wallet_load_alex,passed,31.562,31.562,31.562,1,31.562
5f66de,2026-07-20T13:06:04,test_wallet_add_account_loading_time[wallet_load_alex_user],test_wallet_add_account_cpu_wallet_load_alex,passed,50.362,70.775,60.237,5,"55.184,62.828,50.362,62.034,70.775"
5f66de,2026-07-20T13:06:04,test_wallet_assets_tab_loading_time[wallet_load_user],test_wallet_assets_tab_cpu_wallet_load,passed,24.346,48.802,34.793,5,"48.802,31.642,31.923,24.346,37.254"
5f66de,2026-07-20T13:06:04,test_wallet_swap_first_open_loading_time[wallet_load_user],test_wallet_swap_first_open_cpu_wallet_load,passed,41.812,41.812,41.812,1,41.812
5f66de,2026-07-20T13:06:04,test_wallet_swap_loading_time[wallet_load_user],test_wallet_swap_cpu_wallet_load,passed,64.722,72.234,68.903,5,"69.537,64.722,69.269,68.75,72.234"
5f66de,2026-07-20T13:06:04,test_wallet_activity_tab_first_open_loading_time[fresh_user],test_wallet_activity_tab_first_open_cpu_fresh,passed,47.481,47.481,47.481,1,47.481
5f66de,2026-07-20T13:06:04,test_wallet_activity_tab_loading_time[fresh_user],test_wallet_activity_tab_cpu_fresh,passed,31.25,48.381,41.626,5,"48.381,45.694,31.25,47.481,35.325"
5f66de,2026-07-20T13:06:04,test_wallet_first_open_loading_time[wallet_load_user],test_wallet_first_open_cpu_wallet_load,passed,28.058,28.058,28.058,1,28.058
5f66de,2026-07-20T13:06:04,test_wallet_activity_tab_first_open_loading_time[wallet_load_user],test_wallet_activity_tab_first_open_cpu_wallet_load,passed,44.966,44.966,44.966,1,44.966
5f66de,2026-07-20T13:06:04,test_wallet_activity_tab_loading_time[wallet_load_user],test_wallet_activity_tab_cpu_wallet_load,passed,42.669,67.622,55.216,5,"55.969,49.597,60.225,42.669,67.622"
5f66de,2026-07-20T13:06:04,test_wallet_swap_first_open_loading_time[fresh_user],test_wallet_swap_first_open_cpu_fresh,passed,53.378,53.378,53.378,1,53.378
5f66de,2026-07-20T13:06:04,test_wallet_swap_loading_time[fresh_user],test_wallet_swap_cpu_fresh,passed,57.516,69.653,61.888,5,"57.516,64.925,59.531,57.812,69.653"
5f66de,2026-07-20T13:06:04,test_wallet_receive_first_open_loading_time[fresh_user],test_wallet_receive_first_open_cpu_fresh,passed,39.581,39.581,39.581,1,39.581
5f66de,2026-07-20T13:06:04,test_wallet_receive_loading_time[fresh_user],test_wallet_receive_cpu_fresh,passed,37.894,70.581,55.367,5,"45.634,37.894,65.628,70.581,57.097"
5f66de,2026-07-20T13:06:04,test_wallet_repeat_open_loading_time[fresh_user],test_wallet_repeat_open_cpu_fresh,passed,30.887,58.594,47.508,5,"30.887,58.594,57.022,33.712,57.322"
5f66de,2026-07-20T13:06:04,test_wallet_collectibles_tab_first_open_loading_time[fresh_user],test_wallet_collectibles_tab_first_open_cpu_fresh,passed,37.991,37.991,37.991,1,37.991
5f66de,2026-07-20T13:06:04,test_wallet_collectibles_tab_loading_time[fresh_user],test_wallet_collectibles_tab_cpu_fresh,passed,45.741,60.384,53.414,5,"55.266,58.969,45.741,60.384,46.712"
5f66de,2026-07-20T13:06:04,test_wallet_collectibles_tab_first_open_loading_time[wallet_load_user],test_wallet_collectibles_tab_first_open_cpu_wallet_load,passed,35.61,35.61,35.61,1,35.61
5f66de,2026-07-20T13:06:04,test_wallet_collectibles_tab_loading_time[wallet_load_user],test_wallet_collectibles_tab_cpu_wallet_load,passed,47.759,64.041,53.722,5,"47.759,53.031,47.931,64.041,55.847"
5f66de,2026-07-20T13:06:04,test_wallet_account_open_loading_time[wallet_load_user],test_wallet_account_first_open_cpu_wallet_load,passed,39.259,39.259,39.259,1,39.259
5f66de,2026-07-20T13:06:04,test_wallet_collectibles_tab_first_open_loading_time[wallet_load_alex_user],test_wallet_collectibles_tab_first_open_cpu_wallet_load_alex,passed,21.684,21.684,21.684,1,21.684
5f66de,2026-07-20T13:06:04,test_wallet_collectibles_tab_loading_time[wallet_load_alex_user],test_wallet_collectibles_tab_cpu_wallet_load_alex,passed,40.688,62.472,53.64,5,"40.688,58.641,56.322,50.078,62.472"
5f66de,2026-07-20T13:06:04,test_wallet_assets_tab_loading_time[wallet_load_alex_user],test_wallet_assets_tab_cpu_wallet_load_alex,passed,32.296,44.606,38.907,5,"35.078,39.742,44.606,32.296,42.816"
5f66de,2026-07-20T13:06:04,test_wallet_swap_first_open_loading_time[wallet_load_alex_user],test_wallet_swap_first_open_cpu_wallet_load_alex,passed,33.994,33.994,33.994,1,33.994
5f66de,2026-07-20T13:06:04,test_wallet_swap_loading_time[wallet_load_alex_user],test_wallet_swap_cpu_wallet_load_alex,passed,61.884,68.606,64.765,5,"67.381,68.606,63.822,61.884,62.131"
5f66de,2026-07-20T13:06:04,test_wallet_send_first_open_loading_time[wallet_load_user],test_wallet_send_first_open_cpu_wallet_load,passed,34.081,34.081,34.081,1,34.081
5f66de,2026-07-20T13:06:04,test_wallet_send_loading_time[wallet_load_user],test_wallet_send_cpu_wallet_load,passed,54.972,73.309,67.525,5,"69.881,54.972,72.112,73.309,67.35"
5f66de,2026-07-20T13:06:04,test_wallet_first_open_loading_time[wallet_load_alex_user],test_wallet_first_open_cpu_wallet_load_alex,passed,30.675,30.675,30.675,1,30.675
5f66de,2026-07-20T13:06:04,test_wallet_activity_tab_first_open_loading_time[wallet_load_alex_user],test_wallet_activity_tab_first_open_cpu_wallet_load_alex,passed,22.288,22.288,22.288,1,22.288
5f66de,2026-07-20T13:06:04,test_wallet_activity_tab_loading_time[wallet_load_alex_user],test_wallet_activity_tab_cpu_wallet_load_alex,passed,44.85,52.597,48.379,5,"48.481,45.184,50.781,44.85,52.597"
5f66de,2026-07-20T13:06:04,test_wallet_add_account_first_open_loading_time[fresh_user],test_wallet_add_account_first_open_cpu_fresh,passed,36.153,36.153,36.153,1,36.153
5f66de,2026-07-20T13:06:04,test_wallet_add_account_loading_time[fresh_user],test_wallet_add_account_cpu_fresh,passed,47.469,61.556,54.111,5,"47.469,61.556,51.522,50.181,59.828"
5f66de,2026-07-20T13:06:04,test_wallet_account_open_loading_time[fresh_user],test_wallet_account_first_open_cpu_fresh,passed,69.881,69.881,69.881,1,69.881
5f66de,2026-07-20T13:06:04,test_wallet_assets_tab_loading_time[fresh_user],test_wallet_assets_tab_cpu_fresh,passed,26.147,34.191,29.939,5,"34.191,30.484,32.55,26.325,26.147"
5f66de,2026-07-20T13:06:04,test_wallet_repeat_open_loading_time[wallet_load_user],test_wallet_repeat_open_cpu_wallet_load,passed,40.056,62.237,52.508,5,"40.056,62.237,53.878,46.644,59.722"
384d3f0f3,2026-07-20T15:42:36,test_wallet_receive_first_open_loading_time[wallet_load_alex_user],test_wallet_receive_first_open_cpu_wallet_load_alex,passed,55.419,55.419,55.419,1,55.419
384d3f0f3,2026-07-20T15:42:36,test_wallet_receive_loading_time[wallet_load_alex_user],test_wallet_receive_cpu_wallet_load_alex,passed,54.5,67.537,61.149,5,"60.6,63.369,67.537,59.737,54.5"
384d3f0f3,2026-07-20T15:42:36,test_wallet_repeat_open_loading_time[wallet_load_alex_user],test_wallet_repeat_open_cpu_wallet_load_alex,passed,28.488,55.309,43.902,5,"54.853,55.309,48.634,32.225,28.488"
384d3f0f3,2026-07-20T15:42:36,test_wallet_repeat_open_loading_time[wallet_load_user],test_wallet_repeat_open_cpu_wallet_load,passed,38.797,57.147,50.509,5,"57.147,56.622,43.366,56.616,38.797"
384d3f0f3,2026-07-20T15:42:36,test_wallet_activity_tab_first_open_loading_time[wallet_load_user],test_wallet_activity_tab_first_open_cpu_wallet_load,passed,51.175,51.175,51.175,1,51.175
384d3f0f3,2026-07-20T15:42:36,test_wallet_activity_tab_loading_time[wallet_load_user],test_wallet_activity_tab_cpu_wallet_load,passed,44.225,60.5,53.661,5,"60.5,55.606,50.694,44.225,57.278"
384d3f0f3,2026-07-20T15:42:36,test_wallet_receive_first_open_loading_time[fresh_user],test_wallet_receive_first_open_cpu_fresh,passed,37.903,37.903,37.903,1,37.903
384d3f0f3,2026-07-20T15:42:36,test_wallet_receive_loading_time[fresh_user],test_wallet_receive_cpu_fresh,passed,33.938,67.578,52.412,5,"54.562,33.938,41.569,67.578,64.412"
384d3f0f3,2026-07-20T15:42:36,test_wallet_activity_tab_first_open_loading_time[wallet_load_alex_user],test_wallet_activity_tab_first_open_cpu_wallet_load_alex,passed,27.731,27.731,27.731,1,27.731
384d3f0f3,2026-07-20T15:42:36,test_wallet_activity_tab_loading_time[wallet_load_alex_user],test_wallet_activity_tab_cpu_wallet_load_alex,passed,44.056,64.325,56.173,5,"64.325,58.312,58.041,44.056,56.131"
384d3f0f3,2026-07-20T15:42:36,test_wallet_account_open_loading_time[wallet_load_user],test_wallet_account_first_open_cpu_wallet_load,passed,29.806,29.806,29.806,1,29.806
384d3f0f3,2026-07-20T15:42:36,test_wallet_receive_first_open_loading_time[wallet_load_user],test_wallet_receive_first_open_cpu_wallet_load,passed,45.038,45.038,45.038,1,45.038
384d3f0f3,2026-07-20T15:42:36,test_wallet_receive_loading_time[wallet_load_user],test_wallet_receive_cpu_wallet_load,passed,55.55,75.787,65.914,5,"72.022,56.459,75.787,69.753,55.55"
384d3f0f3,2026-07-20T15:42:36,test_wallet_add_account_first_open_loading_time[fresh_user],test_wallet_add_account_first_open_cpu_fresh,passed,31.128,31.128,31.128,1,31.128
384d3f0f3,2026-07-20T15:42:36,test_wallet_add_account_loading_time[fresh_user],test_wallet_add_account_cpu_fresh,passed,53.422,65.419,58.939,5,"63.025,56.903,55.928,65.419,53.422"
384d3f0f3,2026-07-20T15:42:36,test_wallet_send_first_open_loading_time[wallet_load_user],test_wallet_send_first_open_cpu_wallet_load,passed,40.453,40.453,40.453,1,40.453
384d3f0f3,2026-07-20T15:42:36,test_wallet_send_loading_time[wallet_load_user],test_wallet_send_cpu_wallet_load,passed,52.516,66.659,60.571,5,"53.997,65.847,52.516,63.834,66.659"
384d3f0f3,2026-07-20T15:42:36,test_wallet_first_open_loading_time[wallet_load_alex_user],test_wallet_first_open_cpu_wallet_load_alex,passed,24.569,24.569,24.569,1,24.569
384d3f0f3,2026-07-20T15:42:36,test_wallet_add_account_first_open_loading_time[wallet_load_alex_user],test_wallet_add_account_first_open_cpu_wallet_load_alex,passed,44.516,44.516,44.516,1,44.516
384d3f0f3,2026-07-20T15:42:36,test_wallet_add_account_loading_time[wallet_load_alex_user],test_wallet_add_account_cpu_wallet_load_alex,passed,45.297,71.834,59.656,5,"54.616,45.297,71.834,55.712,70.819"
384d3f0f3,2026-07-20T15:42:36,test_wallet_swap_first_open_loading_time[fresh_user],test_wallet_swap_first_open_cpu_fresh,passed,51.483,51.483,51.483,1,51.483
384d3f0f3,2026-07-20T15:42:36,test_wallet_swap_loading_time[fresh_user],test_wallet_swap_cpu_fresh,passed,55.872,72.394,61.108,5,"57.134,55.872,72.394,58.041,62.097"
384d3f0f3,2026-07-20T15:42:36,test_wallet_swap_first_open_loading_time[wallet_load_alex_user],test_wallet_swap_first_open_cpu_wallet_load_alex,passed,49.676,49.676,49.676,1,49.676
384d3f0f3,2026-07-20T15:42:36,test_wallet_swap_loading_time[wallet_load_alex_user],test_wallet_swap_cpu_wallet_load_alex,passed,56.947,71.516,64.356,5,"56.947,64.417,71.516,58.013,70.888"
384d3f0f3,2026-07-20T15:42:36,test_wallet_first_open_loading_time[wallet_load_user],test_wallet_first_open_cpu_wallet_load,passed,29.247,29.247,29.247,1,29.247
384d3f0f3,2026-07-20T15:42:36,test_wallet_collectibles_tab_first_open_loading_time[wallet_load_alex_user],test_wallet_collectibles_tab_first_open_cpu_wallet_load_alex,passed,50.216,50.216,50.216,1,50.216
384d3f0f3,2026-07-20T15:42:36,test_wallet_collectibles_tab_loading_time[wallet_load_alex_user],test_wallet_collectibles_tab_cpu_wallet_load_alex,passed,43.347,56.409,50.962,5,"54.369,50.416,56.409,50.269,43.347"
384d3f0f3,2026-07-20T15:42:36,test_wallet_assets_tab_loading_time[wallet_load_alex_user],test_wallet_assets_tab_cpu_wallet_load_alex,passed,44.108,59.885,51.289,5,"44.108,45.315,54.185,52.95,59.885"
384d3f0f3,2026-07-20T15:42:36,test_wallet_repeat_open_loading_time[fresh_user],test_wallet_repeat_open_cpu_fresh,passed,34.656,54.681,46.18,5,"45.747,49.506,54.681,34.656,46.309"
384d3f0f3,2026-07-20T15:42:36,test_wallet_assets_tab_loading_time[wallet_load_user],test_wallet_assets_tab_cpu_wallet_load,passed,33.956,54.091,42.281,5,"33.956,45.052,37.106,54.091,41.198"
384d3f0f3,2026-07-20T15:42:36,test_wallet_first_open_loading_time[fresh_user],test_wallet_first_open_cpu_fresh,passed,17.431,17.431,17.431,1,17.431
384d3f0f3,2026-07-20T15:42:36,test_wallet_send_first_open_loading_time[fresh_user],test_wallet_send_first_open_cpu_fresh,passed,43.066,43.066,43.066,1,43.066
384d3f0f3,2026-07-20T15:42:36,test_wallet_send_loading_time[fresh_user],test_wallet_send_cpu_fresh,passed,43.541,63.162,55.508,5,"48.556,63.162,43.541,61.65,60.632"
384d3f0f3,2026-07-20T15:42:36,test_wallet_add_account_first_open_loading_time[wallet_load_user],test_wallet_add_account_first_open_cpu_wallet_load,passed,39.906,39.906,39.906,1,39.906
384d3f0f3,2026-07-20T15:42:36,test_wallet_add_account_loading_time[wallet_load_user],test_wallet_add_account_cpu_wallet_load,passed,50.837,62.675,57.264,5,"50.837,62.378,55.088,55.341,62.675"
384d3f0f3,2026-07-20T15:42:36,test_wallet_activity_tab_first_open_loading_time[fresh_user],test_wallet_activity_tab_first_open_cpu_fresh,passed,39.844,39.844,39.844,1,39.844
384d3f0f3,2026-07-20T15:42:36,test_wallet_activity_tab_loading_time[fresh_user],test_wallet_activity_tab_cpu_fresh,passed,25.781,39.844,32.424,5,"36.731,29.294,25.781,39.844,30.469"
384d3f0f3,2026-07-20T15:42:36,test_wallet_assets_tab_loading_time[fresh_user],test_wallet_assets_tab_cpu_fresh,passed,12.012,32.169,21.546,5,"32.169,19.103,18.512,12.012,25.934"
384d3f0f3,2026-07-20T15:42:36,test_status_community_first_open_loading_time[user_data0-user_account0],test_status_community_first_open_cpu_member,passed,14.928,14.928,14.928,1,14.928
384d3f0f3,2026-07-20T15:42:36,test_wallet_collectibles_tab_first_open_loading_time[fresh_user],test_wallet_collectibles_tab_first_open_cpu_fresh,passed,33.728,33.728,33.728,1,33.728
384d3f0f3,2026-07-20T15:42:36,test_wallet_collectibles_tab_loading_time[fresh_user],test_wallet_collectibles_tab_cpu_fresh,passed,44.947,56.338,50.951,5,"44.947,51.175,47.975,56.338,54.319"
384d3f0f3,2026-07-20T15:42:36,test_wallet_account_open_loading_time[wallet_load_alex_user],test_wallet_account_first_open_cpu_wallet_load_alex,passed,31.947,31.947,31.947,1,31.947
384d3f0f3,2026-07-20T15:42:36,test_wallet_collectibles_tab_first_open_loading_time[wallet_load_user],test_wallet_collectibles_tab_first_open_cpu_wallet_load,passed,43.591,43.591,43.591,1,43.591
384d3f0f3,2026-07-20T15:42:36,test_wallet_collectibles_tab_loading_time[wallet_load_user],test_wallet_collectibles_tab_cpu_wallet_load,passed,51.934,68.244,58.404,5,"57.138,54.006,51.934,60.7,68.244"
384d3f0f3,2026-07-20T15:42:36,test_status_community_second_open_loading_time[user_data0-user_account0],test_status_community_second_open_cpu_member,passed,6.745,54.578,34.479,5,"14.884,6.745,54.578,49.903,46.288"
384d3f0f3,2026-07-20T15:42:36,test_wallet_account_open_loading_time[fresh_user],test_wallet_account_first_open_cpu_fresh,passed,51.25,51.25,51.25,1,51.25
384d3f0f3,2026-07-20T15:42:36,test_wallet_swap_first_open_loading_time[wallet_load_user],test_wallet_swap_first_open_cpu_wallet_load,passed,48.128,48.128,48.128,1,48.128
384d3f0f3,2026-07-20T15:42:36,test_wallet_swap_loading_time[wallet_load_user],test_wallet_swap_cpu_wallet_load,passed,58.834,68.803,66.512,5,"58.834,68.488,68.803,68.134,68.3"
384d3f0f3,2026-07-20T15:42:36,test_wallet_send_first_open_loading_time[wallet_load_alex_user],test_wallet_send_first_open_cpu_wallet_load_alex,passed,33.631,33.631,33.631,1,33.631
384d3f0f3,2026-07-20T15:42:36,test_wallet_send_loading_time[wallet_load_alex_user],test_wallet_send_cpu_wallet_load_alex,passed,52.384,75.505,62.843,5,"52.384,59.156,71.388,75.505,55.781"
f71e0573d,2026-07-21T11:20:30,test_wallet_swap_first_open_loading_time[wallet_load_user],test_wallet_swap_first_open_cpu_wallet_load,passed,46.848,46.848,46.848,1,46.848
f71e0573d,2026-07-21T11:20:30,test_wallet_swap_loading_time[wallet_load_user],test_wallet_swap_cpu_wallet_load,passed,69.412,78.409,72.182,5,"69.453,78.409,70.922,69.412,72.713"
f71e0573d,2026-07-21T11:20:30,test_wallet_send_first_open_loading_time[wallet_load_alex_user],test_wallet_send_first_open_cpu_wallet_load_alex,passed,27.694,27.694,27.694,1,27.694
f71e0573d,2026-07-21T11:20:30,test_wallet_send_loading_time[wallet_load_alex_user],test_wallet_send_cpu_wallet_load_alex,passed,50.981,73.672,60.933,5,"55.763,65.841,58.406,73.672,50.981"
f71e0573d,2026-07-21T11:20:30,test_status_community_second_open_loading_time[user_data0-user_account0],test_status_community_second_open_cpu_member,passed,2.034,52.922,33.567,5,"13.005,2.034,52.149,52.922,47.725"
f71e0573d,2026-07-21T11:20:30,test_wallet_account_open_loading_time[wallet_load_user],test_wallet_account_first_open_cpu_wallet_load,passed,48.478,48.478,48.478,1,48.478
f71e0573d,2026-07-21T11:20:30,test_wallet_account_open_loading_time[fresh_user],test_wallet_account_first_open_cpu_fresh,passed,67.662,67.662,67.662,1,67.662
f71e0573d,2026-07-21T11:20:30,test_wallet_swap_first_open_loading_time[wallet_load_alex_user],test_wallet_swap_first_open_cpu_wallet_load_alex,passed,31.023,31.023,31.023,1,31.023
f71e0573d,2026-07-21T11:20:30,test_wallet_swap_loading_time[wallet_load_alex_user],test_wallet_swap_cpu_wallet_load_alex,passed,55.747,78.891,64.399,5,"60.097,78.891,55.747,59.578,67.681"
f71e0573d,2026-07-21T11:20:30,test_wallet_repeat_open_loading_time[wallet_load_user],test_wallet_repeat_open_cpu_wallet_load,passed,29.325,59.737,48.159,5,"51.497,55.491,59.737,44.747,29.325"
f71e0573d,2026-07-21T11:20:30,test_wallet_add_account_first_open_loading_time[fresh_user],test_wallet_add_account_first_open_cpu_fresh,passed,33.103,33.103,33.103,1,33.103
f71e0573d,2026-07-21T11:20:30,test_wallet_add_account_loading_time[fresh_user],test_wallet_add_account_cpu_fresh,passed,41.013,69.109,58.219,5,"64.834,41.013,48.747,67.391,69.109"
f71e0573d,2026-07-21T11:20:30,test_wallet_receive_first_open_loading_time[fresh_user],test_wallet_receive_first_open_cpu_fresh,passed,29.273,29.273,29.273,1,29.273
f71e0573d,2026-07-21T11:20:30,test_wallet_receive_loading_time[fresh_user],test_wallet_receive_cpu_fresh,passed,53.084,73.737,61.773,5,"61.522,53.084,73.737,60.403,60.119"
f71e0573d,2026-07-21T11:20:30,test_wallet_collectibles_tab_first_open_loading_time[wallet_load_alex_user],test_wallet_collectibles_tab_first_open_cpu_wallet_load_alex,passed,47.116,47.116,47.116,1,47.116
f71e0573d,2026-07-21T11:20:30,test_wallet_collectibles_tab_loading_time[wallet_load_alex_user],test_wallet_collectibles_tab_cpu_wallet_load_alex,passed,43.253,59.847,53.844,5,"56.203,55.375,54.541,43.253,59.847"
f71e0573d,2026-07-21T11:20:30,test_wallet_swap_first_open_loading_time[fresh_user],test_wallet_swap_first_open_cpu_fresh,passed,49.197,49.197,49.197,1,49.197
f71e0573d,2026-07-21T11:20:30,test_wallet_swap_loading_time[fresh_user],test_wallet_swap_cpu_fresh,passed,53.641,71.175,61.586,5,"59.069,53.641,71.175,66.516,57.531"
f71e0573d,2026-07-21T11:20:30,test_wallet_activity_tab_first_open_loading_time[wallet_load_user],test_wallet_activity_tab_first_open_cpu_wallet_load,passed,35.628,35.628,35.628,1,35.628
f71e0573d,2026-07-21T11:20:30,test_wallet_activity_tab_loading_time[wallet_load_user],test_wallet_activity_tab_cpu_wallet_load,passed,49.559,72.909,57.889,5,"72.909,49.559,55.962,56.234,54.781"
f71e0573d,2026-07-21T11:20:30,test_status_community_first_open_loading_time[user_data0-user_account0],test_status_community_first_open_cpu_member,passed,19.178,19.178,19.178,1,19.178
f71e0573d,2026-07-21T11:20:30,test_wallet_send_first_open_loading_time[wallet_load_user],test_wallet_send_first_open_cpu_wallet_load,passed,36.194,36.194,36.194,1,36.194
f71e0573d,2026-07-21T11:20:30,test_wallet_send_loading_time[wallet_load_user],test_wallet_send_cpu_wallet_load,passed,49.244,74.328,63.274,5,"49.244,74.328,60.516,65.213,67.069"
f71e0573d,2026-07-21T11:20:30,test_wallet_receive_first_open_loading_time[wallet_load_user],test_wallet_receive_first_open_cpu_wallet_load,passed,33.525,33.525,33.525,1,33.525
f71e0573d,2026-07-21T11:20:30,test_wallet_receive_loading_time[wallet_load_user],test_wallet_receive_cpu_wallet_load,passed,51.647,77.625,61.938,5,"62.112,58.3,51.647,77.625,60.003"
f71e0573d,2026-07-21T11:20:30,test_wallet_assets_tab_loading_time[wallet_load_user],test_wallet_assets_tab_cpu_wallet_load,passed,32.525,47.359,40.102,5,"35.459,32.525,42.55,42.616,47.359"
f71e0573d,2026-07-21T11:20:30,test_wallet_collectibles_tab_first_open_loading_time[wallet_load_user],test_wallet_collectibles_tab_first_open_cpu_wallet_load,passed,47.384,47.384,47.384,1,47.384
f71e0573d,2026-07-21T11:20:30,test_wallet_collectibles_tab_loading_time[wallet_load_user],test_wallet_collectibles_tab_cpu_wallet_load,passed,51.438,61.897,56.499,5,"52.928,58.521,57.713,61.897,51.438"
f71e0573d,2026-07-21T11:20:30,test_wallet_send_first_open_loading_time[fresh_user],test_wallet_send_first_open_cpu_fresh,passed,44.227,44.227,44.227,1,44.227
f71e0573d,2026-07-21T11:20:30,test_wallet_send_loading_time[fresh_user],test_wallet_send_cpu_fresh,passed,50.35,67.819,60.055,5,"64.644,50.35,57.95,59.513,67.819"
f71e0573d,2026-07-21T11:20:30,test_wallet_account_open_loading_time[wallet_load_alex_user],test_wallet_account_first_open_cpu_wallet_load_alex,passed,33.191,33.191,33.191,1,33.191
f71e0573d,2026-07-21T11:20:30,test_wallet_first_open_loading_time[wallet_load_alex_user],test_wallet_first_open_cpu_wallet_load_alex,passed,29.997,29.997,29.997,1,29.997
f71e0573d,2026-07-21T11:20:30,test_wallet_add_account_first_open_loading_time[wallet_load_alex_user],test_wallet_add_account_first_open_cpu_wallet_load_alex,passed,51.187,51.187,51.187,1,51.187
f71e0573d,2026-07-21T11:20:30,test_wallet_add_account_loading_time[wallet_load_alex_user],test_wallet_add_account_cpu_wallet_load_alex,passed,47.562,67.853,59.646,5,"67.853,64.156,59.038,59.619,47.562"
f71e0573d,2026-07-21T11:20:30,test_wallet_first_open_loading_time[wallet_load_user],test_wallet_first_open_cpu_wallet_load,passed,38.119,38.119,38.119,1,38.119
f71e0573d,2026-07-21T11:20:30,test_wallet_assets_tab_loading_time[wallet_load_alex_user],test_wallet_assets_tab_cpu_wallet_load_alex,passed,34.406,49.109,41.492,5,"41.638,38.403,43.903,34.406,49.109"
f71e0573d,2026-07-21T11:20:30,test_wallet_receive_first_open_loading_time[wallet_load_alex_user],test_wallet_receive_first_open_cpu_wallet_load_alex,passed,28.916,28.916,28.916,1,28.916
f71e0573d,2026-07-21T11:20:30,test_wallet_receive_loading_time[wallet_load_alex_user],test_wallet_receive_cpu_wallet_load_alex,passed,50.244,72.066,58.807,5,"53.481,72.066,50.244,61.975,56.269"
f71e0573d,2026-07-21T11:20:30,test_wallet_repeat_open_loading_time[fresh_user],test_wallet_repeat_open_cpu_fresh,passed,24.928,47.959,35.613,5,"31.244,47.959,44.834,29.1,24.928"
f71e0573d,2026-07-21T11:20:30,test_wallet_collectibles_tab_first_open_loading_time[fresh_user],test_wallet_collectibles_tab_first_open_cpu_fresh,passed,33.716,33.716,33.716,1,33.716
f71e0573d,2026-07-21T11:20:30,test_wallet_collectibles_tab_loading_time[fresh_user],test_wallet_collectibles_tab_cpu_fresh,passed,44.534,59.522,50.926,5,"48.963,44.534,55.991,45.622,59.522"
f71e0573d,2026-07-21T11:20:30,test_wallet_repeat_open_loading_time[wallet_load_alex_user],test_wallet_repeat_open_cpu_wallet_load_alex,passed,26.219,56.409,45.879,5,"56.234,56.409,26.219,52.237,38.294"
f71e0573d,2026-07-21T11:20:30,test_wallet_first_open_loading_time[fresh_user],test_wallet_first_open_cpu_fresh,passed,8.741,8.741,8.741,1,8.741
f71e0573d,2026-07-21T11:20:30,test_wallet_add_account_first_open_loading_time[wallet_load_user],test_wallet_add_account_first_open_cpu_wallet_load,passed,50.434,50.434,50.434,1,50.434
f71e0573d,2026-07-21T11:20:30,test_wallet_add_account_loading_time[wallet_load_user],test_wallet_add_account_cpu_wallet_load,passed,58.55,67.7,63.028,5,"64.838,63.438,58.55,67.7,60.616"
f71e0573d,2026-07-21T11:20:30,test_wallet_assets_tab_loading_time[fresh_user],test_wallet_assets_tab_cpu_fresh,passed,37.831,63.197,44.523,5,"40.697,42.416,38.475,37.831,63.197"
f71e0573d,2026-07-21T11:20:30,test_wallet_activity_tab_first_open_loading_time[wallet_load_alex_user],test_wallet_activity_tab_first_open_cpu_wallet_load_alex,passed,46.362,46.362,46.362,1,46.362
f71e0573d,2026-07-21T11:20:30,test_wallet_activity_tab_loading_time[wallet_load_alex_user],test_wallet_activity_tab_cpu_wallet_load_alex,passed,27.772,70.188,52.763,5,"52.844,52.462,60.55,70.188,27.772"
f71e0573d,2026-07-21T11:20:30,test_wallet_activity_tab_first_open_loading_time[fresh_user],test_wallet_activity_tab_first_open_cpu_fresh,passed,39.844,39.844,39.844,1,39.844
f71e0573d,2026-07-21T11:20:30,test_wallet_activity_tab_loading_time[fresh_user],test_wallet_activity_tab_cpu_fresh,passed,26.562,40.319,32.494,5,"40.319,26.562,28.394,31.356,35.837"
abe104848,2026-07-22T05:24:46,test_wallet_receive_first_open_loading_time[wallet_load_user],test_wallet_receive_first_open_cpu_wallet_load,passed,53.508,53.508,53.508,1,53.508
abe104848,2026-07-22T05:24:46,test_wallet_receive_loading_time[wallet_load_user],test_wallet_receive_cpu_wallet_load,passed,56.522,72.528,65.565,5,"71.756,62.678,72.528,56.522,64.341"
abe104848,2026-07-22T05:24:46,test_wallet_account_open_loading_time[wallet_load_user],test_wallet_account_first_open_cpu_wallet_load,passed,34.087,34.087,34.087,1,34.087
abe104848,2026-07-22T05:24:46,test_wallet_send_first_open_loading_time[wallet_load_alex_user],test_wallet_send_first_open_cpu_wallet_load_alex,passed,36.18,36.18,36.18,1,36.18
abe104848,2026-07-22T05:24:46,test_wallet_send_loading_time[wallet_load_alex_user],test_wallet_send_cpu_wallet_load_alex,passed,57.247,68.253,63.134,5,"57.247,62.072,63.734,64.365,68.253"
abe104848,2026-07-22T05:24:46,test_wallet_assets_tab_loading_time[fresh_user],test_wallet_assets_tab_cpu_fresh,passed,35.112,53.569,40.388,5,"35.112,39.128,35.975,53.569,38.153"
abe104848,2026-07-22T05:24:46,test_wallet_collectibles_tab_first_open_loading_time[fresh_user],test_wallet_collectibles_tab_first_open_cpu_fresh,passed,38.953,38.953,38.953,1,38.953
abe104848,2026-07-22T05:24:46,test_wallet_collectibles_tab_loading_time[fresh_user],test_wallet_collectibles_tab_cpu_fresh,passed,45.875,64.088,54.775,5,"45.875,64.088,61.241,49.35,53.322"
abe104848,2026-07-22T05:24:46,test_status_community_second_open_loading_time[user_data0-user_account0],test_status_community_second_open_cpu_member,passed,47.858,57.851,53.372,5,"47.858,57.327,52.332,57.851,51.491"
abe104848,2026-07-22T05:24:46,test_wallet_send_first_open_loading_time[fresh_user],test_wallet_send_first_open_cpu_fresh,passed,43.903,43.903,43.903,1,43.903
abe104848,2026-07-22T05:24:46,test_wallet_send_loading_time[fresh_user],test_wallet_send_cpu_fresh,passed,52.244,70.128,59.296,5,"52.244,53.084,70.128,64.616,56.409"
abe104848,2026-07-22T05:24:46,test_wallet_account_open_loading_time[wallet_load_alex_user],test_wallet_account_first_open_cpu_wallet_load_alex,passed,50.478,50.478,50.478,1,50.478
abe104848,2026-07-22T05:24:46,test_wallet_repeat_open_loading_time[fresh_user],test_wallet_repeat_open_cpu_fresh,passed,26.731,56.572,45.342,5,"26.731,39.737,47.75,55.919,56.572"
abe104848,2026-07-22T05:24:46,test_wallet_swap_first_open_loading_time[wallet_load_user],test_wallet_swap_first_open_cpu_wallet_load,passed,55.391,55.391,55.391,1,55.391
abe104848,2026-07-22T05:24:46,test_wallet_swap_loading_time[wallet_load_user],test_wallet_swap_cpu_wallet_load,passed,63.241,75.456,68.567,5,"63.497,63.241,72.222,75.456,68.422"
abe104848,2026-07-22T05:24:46,test_wallet_first_open_loading_time[wallet_load_alex_user],test_wallet_first_open_cpu_wallet_load_alex,passed,18.831,18.831,18.831,1,18.831
abe104848,2026-07-22T05:24:46,test_wallet_assets_tab_loading_time[wallet_load_alex_user],test_wallet_assets_tab_cpu_wallet_load_alex,passed,34.578,53.109,41.274,5,"36.497,46.612,35.572,53.109,34.578"
abe104848,2026-07-22T05:24:46,test_wallet_repeat_open_loading_time[wallet_load_alex_user],test_wallet_repeat_open_cpu_wallet_load_alex,passed,47.594,58.497,54.148,5,"54.894,51.269,47.594,58.497,58.484"
abe104848,2026-07-22T05:24:46,test_wallet_account_open_loading_time[fresh_user],test_wallet_account_first_open_cpu_fresh,passed,39.062,39.062,39.062,1,39.062
abe104848,2026-07-22T05:24:46,test_wallet_activity_tab_first_open_loading_time[fresh_user],test_wallet_activity_tab_first_open_cpu_fresh,passed,40.862,40.862,40.862,1,40.862
abe104848,2026-07-22T05:24:46,test_wallet_activity_tab_loading_time[fresh_user],test_wallet_activity_tab_cpu_fresh,passed,27.706,48.381,35.869,5,"48.381,30.469,37.631,27.706,35.156"
abe104848,2026-07-22T05:24:46,test_wallet_first_open_loading_time[fresh_user],test_wallet_first_open_cpu_fresh,passed,24.869,24.869,24.869,1,24.869
abe104848,2026-07-22T05:24:46,test_wallet_receive_first_open_loading_time[wallet_load_alex_user],test_wallet_receive_first_open_cpu_wallet_load_alex,passed,49.854,49.854,49.854,1,49.854
abe104848,2026-07-22T05:24:46,test_wallet_receive_loading_time[wallet_load_alex_user],test_wallet_receive_cpu_wallet_load_alex,passed,52.175,66.672,60.291,5,"52.175,61.731,66.672,62.872,58.006"
abe104848,2026-07-22T05:24:46,test_wallet_swap_first_open_loading_time[fresh_user],test_wallet_swap_first_open_cpu_fresh,passed,51.31,51.31,51.31,1,51.31
abe104848,2026-07-22T05:24:46,test_wallet_swap_loading_time[fresh_user],test_wallet_swap_cpu_fresh,passed,55.366,61.084,57.988,5,"55.366,55.641,61.084,59.031,58.819"
abe104848,2026-07-22T05:24:46,test_wallet_activity_tab_first_open_loading_time[wallet_load_user],test_wallet_activity_tab_first_open_cpu_wallet_load,passed,43.691,43.691,43.691,1,43.691
abe104848,2026-07-22T05:24:46,test_wallet_activity_tab_loading_time[wallet_load_user],test_wallet_activity_tab_cpu_wallet_load,passed,51.741,63.628,57.118,5,"51.741,59.344,57.428,63.628,53.45"
abe104848,2026-07-22T05:24:46,test_wallet_add_account_first_open_loading_time[fresh_user],test_wallet_add_account_first_open_cpu_fresh,passed,51.753,51.753,51.753,1,51.753
abe104848,2026-07-22T05:24:46,test_wallet_add_account_loading_time[fresh_user],test_wallet_add_account_cpu_fresh,passed,49.909,70.6,60.87,5,"58.975,65.466,49.909,59.4,70.6"
abe104848,2026-07-22T05:24:46,test_wallet_add_account_first_open_loading_time[wallet_load_alex_user],test_wallet_add_account_first_open_cpu_wallet_load_alex,passed,50.681,50.681,50.681,1,50.681
abe104848,2026-07-22T05:24:46,test_wallet_add_account_loading_time[wallet_load_alex_user],test_wallet_add_account_cpu_wallet_load_alex,passed,55.844,74.969,61.832,5,"56.062,62.397,74.969,59.888,55.844"
abe104848,2026-07-22T05:24:46,test_wallet_swap_first_open_loading_time[wallet_load_alex_user],test_wallet_swap_first_open_cpu_wallet_load_alex,passed,54.775,54.775,54.775,1,54.775
abe104848,2026-07-22T05:24:46,test_wallet_swap_loading_time[wallet_load_alex_user],test_wallet_swap_cpu_wallet_load_alex,passed,59.178,68.569,63.575,5,"60.903,65.013,68.569,59.178,64.213"
abe104848,2026-07-22T05:24:46,test_wallet_collectibles_tab_first_open_loading_time[wallet_load_user],test_wallet_collectibles_tab_first_open_cpu_wallet_load,passed,53.228,53.228,53.228,1,53.228
abe104848,2026-07-22T05:24:46,test_wallet_collectibles_tab_loading_time[wallet_load_user],test_wallet_collectibles_tab_cpu_wallet_load,passed,48.312,66.809,56.417,5,"58.212,57.669,66.809,51.084,48.312"
abe104848,2026-07-22T05:24:46,test_wallet_first_open_loading_time[wallet_load_user],test_wallet_first_open_cpu_wallet_load,passed,23.169,23.169,23.169,1,23.169
abe104848,2026-07-22T05:24:46,test_wallet_receive_first_open_loading_time[fresh_user],test_wallet_receive_first_open_cpu_fresh,passed,56.828,56.828,56.828,1,56.828
abe104848,2026-07-22T05:24:46,test_wallet_receive_loading_time[fresh_user],test_wallet_receive_cpu_fresh,passed,36.466,73.387,57.847,5,"36.466,55.659,69.259,73.387,54.462"
abe104848,2026-07-22T05:24:46,test_wallet_add_account_first_open_loading_time[wallet_load_user],test_wallet_add_account_first_open_cpu_wallet_load,passed,54.263,54.263,54.263,1,54.263
abe104848,2026-07-22T05:24:46,test_wallet_add_account_loading_time[wallet_load_user],test_wallet_add_account_cpu_wallet_load,passed,48.337,77.903,60.563,5,"48.337,54.234,60.384,61.956,77.903"
abe104848,2026-07-22T05:24:46,test_wallet_activity_tab_first_open_loading_time[wallet_load_alex_user],test_wallet_activity_tab_first_open_cpu_wallet_load_alex,passed,45.838,45.838,45.838,1,45.838
abe104848,2026-07-22T05:24:46,test_wallet_activity_tab_loading_time[wallet_load_alex_user],test_wallet_activity_tab_cpu_wallet_load_alex,passed,45.362,54.541,50.936,5,"51.962,49.259,53.556,45.362,54.541"
abe104848,2026-07-22T05:24:46,test_wallet_assets_tab_loading_time[wallet_load_user],test_wallet_assets_tab_cpu_wallet_load,passed,37.487,45.15,41.297,5,"39.606,45.15,37.487,40.7,43.541"
abe104848,2026-07-22T05:24:46,test_wallet_collectibles_tab_first_open_loading_time[wallet_load_alex_user],test_wallet_collectibles_tab_first_open_cpu_wallet_load_alex,passed,55.366,55.366,55.366,1,55.366
abe104848,2026-07-22T05:24:46,test_wallet_collectibles_tab_loading_time[wallet_load_alex_user],test_wallet_collectibles_tab_cpu_wallet_load_alex,passed,42.947,56.962,52.443,5,"42.947,55.344,56.962,54.159,52.803"
abe104848,2026-07-22T05:24:46,test_wallet_send_first_open_loading_time[wallet_load_user],test_wallet_send_first_open_cpu_wallet_load,passed,36.265,36.265,36.265,1,36.265
abe104848,2026-07-22T05:24:46,test_wallet_send_loading_time[wallet_load_user],test_wallet_send_cpu_wallet_load,passed,55.294,68.684,60.102,5,"55.294,55.312,58.147,68.684,63.075"
abe104848,2026-07-22T05:24:46,test_status_community_first_open_loading_time[user_data0-user_account0],test_status_community_first_open_cpu_member,passed,25.194,25.194,25.194,1,25.194
abe104848,2026-07-22T05:24:46,test_wallet_repeat_open_loading_time[wallet_load_user],test_wallet_repeat_open_cpu_wallet_load,passed,30.812,57.853,47.101,5,"30.812,54.491,44.122,57.853,48.225"
17d8a8d95,2026-07-22T10:26:37,test_wallet_repeat_open_loading_time[wallet_load_alex_user],test_wallet_repeat_open_cpu_wallet_load_alex,passed,21.006,49.484,36.448,5,"21.006,21.869,41.131,49.484,48.75"
17d8a8d95,2026-07-22T10:26:37,test_wallet_swap_first_open_loading_time[wallet_load_alex_user],test_wallet_swap_first_open_cpu_wallet_load_alex,passed,24.7,24.7,24.7,1,24.7
17d8a8d95,2026-07-22T10:26:37,test_wallet_swap_loading_time[wallet_load_alex_user],test_wallet_swap_cpu_wallet_load_alex,passed,26.866,69.028,51.111,5,"69.028,65.453,63.547,30.663,26.866"
17d8a8d95,2026-07-22T10:26:37,test_wallet_send_first_open_loading_time[fresh_user],test_wallet_send_first_open_cpu_fresh,passed,48.21,48.21,48.21,1,48.21
17d8a8d95,2026-07-22T10:26:37,test_wallet_send_loading_time[fresh_user],test_wallet_send_cpu_fresh,passed,52.163,72.978,63.668,5,"70.031,72.978,69.2,53.966,52.163"
17d8a8d95,2026-07-22T10:26:37,test_wallet_assets_tab_loading_time[fresh_user],test_wallet_assets_tab_cpu_fresh,passed,37.375,62.988,46.831,5,"37.375,38.581,47.431,47.778,62.988"
17d8a8d95,2026-07-22T10:26:37,test_wallet_account_open_loading_time[wallet_load_alex_user],test_wallet_account_first_open_cpu_wallet_load_alex,passed,46.525,46.525,46.525,1,46.525
17d8a8d95,2026-07-22T10:26:37,test_wallet_add_account_first_open_loading_time[wallet_load_user],test_wallet_add_account_first_open_cpu_wallet_load,passed,50.812,50.812,50.812,1,50.812
17d8a8d95,2026-07-22T10:26:37,test_wallet_add_account_loading_time[wallet_load_user],test_wallet_add_account_cpu_wallet_load,passed,54.403,78.719,66.847,5,"54.403,76.875,78.719,58.397,65.841"
17d8a8d95,2026-07-22T10:26:37,test_wallet_receive_first_open_loading_time[wallet_load_alex_user],test_wallet_receive_first_open_cpu_wallet_load_alex,passed,39.284,39.284,39.284,1,39.284
17d8a8d95,2026-07-22T10:26:37,test_wallet_receive_loading_time[wallet_load_alex_user],test_wallet_receive_cpu_wallet_load_alex,passed,42.569,74.416,61.008,5,"69.056,74.416,66.209,42.569,52.791"
17d8a8d95,2026-07-22T10:26:37,test_wallet_assets_tab_loading_time[wallet_load_user],test_wallet_assets_tab_cpu_wallet_load,passed,52.634,58.211,55.934,5,"52.634,56.12,55.436,57.271,58.211"
17d8a8d95,2026-07-22T10:26:37,test_wallet_first_open_loading_time[fresh_user],test_wallet_first_open_cpu_fresh,passed,26.613,26.613,26.613,1,26.613
17d8a8d95,2026-07-22T10:26:37,test_wallet_receive_first_open_loading_time[fresh_user],test_wallet_receive_first_open_cpu_fresh,passed,48.96,48.96,48.96,1,48.96
17d8a8d95,2026-07-22T10:26:37,test_wallet_receive_loading_time[fresh_user],test_wallet_receive_cpu_fresh,passed,51.769,72.378,66.284,5,"69.994,71.484,51.769,65.797,72.378"
17d8a8d95,2026-07-22T10:26:37,test_wallet_assets_tab_loading_time[wallet_load_alex_user],test_wallet_assets_tab_cpu_wallet_load_alex,passed,48.886,57.561,54.199,5,"48.886,52.386,57.561,55.723,56.441"
17d8a8d95,2026-07-22T10:26:37,test_wallet_receive_first_open_loading_time[wallet_load_user],test_wallet_receive_first_open_cpu_wallet_load,passed,38.797,38.797,38.797,1,38.797
17d8a8d95,2026-07-22T10:26:37,test_wallet_receive_loading_time[wallet_load_user],test_wallet_receive_cpu_wallet_load,passed,3.125,63.375,22.64,5,"63.375,15.344,3.125,3.906,27.45"
17d8a8d95,2026-07-22T10:26:37,test_wallet_account_open_loading_time[fresh_user],test_wallet_account_first_open_cpu_fresh,passed,40.062,40.062,40.062,1,40.062
17d8a8d95,2026-07-22T10:26:37,test_wallet_add_account_first_open_loading_time[wallet_load_alex_user],test_wallet_add_account_first_open_cpu_wallet_load_alex,passed,58.047,58.047,58.047,1,58.047
17d8a8d95,2026-07-22T10:26:37,test_wallet_add_account_loading_time[wallet_load_alex_user],test_wallet_add_account_cpu_wallet_load_alex,passed,64.959,73.044,68.868,5,"73.044,64.959,71.019,68.566,66.75"
17d8a8d95,2026-07-22T10:26:37,test_wallet_collectibles_tab_first_open_loading_time[wallet_load_alex_user],test_wallet_collectibles_tab_first_open_cpu_wallet_load_alex,passed,47.191,47.191,47.191,1,47.191
17d8a8d95,2026-07-22T10:26:37,test_wallet_collectibles_tab_loading_time[wallet_load_alex_user],test_wallet_collectibles_tab_cpu_wallet_load_alex,passed,45.69,69.706,57.16,5,"54.271,45.69,55.692,60.442,69.706"
17d8a8d95,2026-07-22T10:26:37,test_wallet_add_account_first_open_loading_time[fresh_user],test_wallet_add_account_first_open_cpu_fresh,passed,39.206,39.206,39.206,1,39.206
17d8a8d95,2026-07-22T10:26:37,test_wallet_add_account_loading_time[fresh_user],test_wallet_add_account_cpu_fresh,passed,40.916,65.619,56.278,5,"40.916,54.997,57.531,65.619,62.329"
17d8a8d95,2026-07-22T10:26:37,test_wallet_collectibles_tab_first_open_loading_time[wallet_load_user],test_wallet_collectibles_tab_first_open_cpu_wallet_load,passed,45.552,45.552,45.552,1,45.552
17d8a8d95,2026-07-22T10:26:37,test_wallet_collectibles_tab_loading_time[wallet_load_user],test_wallet_collectibles_tab_cpu_wallet_load,passed,41.977,65.038,54.518,5,"61.462,41.977,65.038,44.556,59.556"
17d8a8d95,2026-07-22T10:26:37,test_wallet_swap_first_open_loading_time[fresh_user],test_wallet_swap_first_open_cpu_fresh,passed,53.105,53.105,53.105,1,53.105
17d8a8d95,2026-07-22T10:26:37,test_wallet_swap_loading_time[fresh_user],test_wallet_swap_cpu_fresh,passed,47.716,73.591,61.51,5,"53.072,60.862,72.309,73.591,47.716"
17d8a8d95,2026-07-22T10:26:37,test_wallet_first_open_loading_time[wallet_load_user],test_wallet_first_open_cpu_wallet_load,passed,47.565,47.565,47.565,1,47.565
17d8a8d95,2026-07-22T10:26:37,test_wallet_send_first_open_loading_time[wallet_load_alex_user],test_wallet_send_first_open_cpu_wallet_load_alex,passed,36.503,36.503,36.503,1,36.503
17d8a8d95,2026-07-22T10:26:37,test_wallet_send_loading_time[wallet_load_alex_user],test_wallet_send_cpu_wallet_load_alex,passed,16.791,70.519,43.546,5,"60.438,70.519,50.78,19.203,16.791"
17d8a8d95,2026-07-22T10:26:37,test_wallet_send_first_open_loading_time[wallet_load_user],test_wallet_send_first_open_cpu_wallet_load,passed,26.205,26.205,26.205,1,26.205
17d8a8d95,2026-07-22T10:26:37,test_wallet_send_loading_time[wallet_load_user],test_wallet_send_cpu_wallet_load,passed,59.334,70.019,63.376,5,"59.753,59.334,67.331,70.019,60.444"
17d8a8d95,2026-07-22T10:26:37,test_wallet_first_open_loading_time[wallet_load_alex_user],test_wallet_first_open_cpu_wallet_load_alex,passed,27.944,27.944,27.944,1,27.944
17d8a8d95,2026-07-22T10:26:37,test_wallet_repeat_open_loading_time[fresh_user],test_wallet_repeat_open_cpu_fresh,passed,34.572,58.931,48.283,5,"47.891,34.572,58.931,52.622,47.4"
17d8a8d95,2026-07-22T10:26:37,test_wallet_repeat_open_loading_time[wallet_load_user],test_wallet_repeat_open_cpu_wallet_load,passed,30.781,61.784,49.434,5,"57.909,61.784,49.419,47.275,30.781"
17d8a8d95,2026-07-22T10:26:37,test_wallet_swap_first_open_loading_time[wallet_load_user],test_wallet_swap_first_open_cpu_wallet_load,passed,37.831,37.831,37.831,1,37.831
17d8a8d95,2026-07-22T10:26:37,test_wallet_swap_loading_time[wallet_load_user],test_wallet_swap_cpu_wallet_load,passed,60.891,75.388,67.259,5,"67.291,62.984,60.891,69.744,75.388"
17d8a8d95,2026-07-22T10:26:37,test_wallet_account_open_loading_time[wallet_load_user],test_wallet_account_first_open_cpu_wallet_load,passed,40.737,40.737,40.737,1,40.737
17d8a8d95,2026-07-22T10:26:37,test_wallet_collectibles_tab_first_open_loading_time[fresh_user],test_wallet_collectibles_tab_first_open_cpu_fresh,passed,36.537,36.537,36.537,1,36.537
17d8a8d95,2026-07-22T10:26:37,test_wallet_collectibles_tab_loading_time[fresh_user],test_wallet_collectibles_tab_cpu_fresh,passed,26.688,45.712,37.413,5,"41.944,39.475,33.244,26.688,45.712"
17d8a8d95,2026-07-22T10:26:37,test_status_community_first_open_loading_time[user_data0-user_account0],test_status_community_first_open_cpu_member,passed,16.079,16.079,16.079,1,16.079
17d8a8d95,2026-07-22T10:26:37,test_status_community_second_open_loading_time[user_data0-user_account0],test_status_community_second_open_cpu_member,passed,4.11,57.087,36.842,5,"11.418,4.11,54.743,57.087,56.853"
dbde82852,2026-07-22T14:48:18,test_status_community_second_open_loading_time[user_data0-user_account0],test_status_community_second_open_cpu_member,passed,3.786,49.809,32.561,5,"10.962,3.786,48.766,49.809,49.48"
dbde82852,2026-07-22T14:48:18,test_wallet_assets_tab_loading_time[wallet_load_alex_user],test_wallet_assets_tab_cpu_wallet_load_alex,passed,37.894,66.791,54.598,5,"55.992,61.05,66.791,51.263,37.894"
dbde82852,2026-07-22T14:48:18,test_wallet_collectibles_tab_first_open_loading_time[fresh_user],test_wallet_collectibles_tab_first_open_cpu_fresh,passed,40.76,40.76,40.76,1,40.76
dbde82852,2026-07-22T14:48:18,test_wallet_collectibles_tab_loading_time[fresh_user],test_wallet_collectibles_tab_cpu_fresh,passed,14.062,44.388,31.689,5,"44.388,40.625,33.587,25.781,14.062"
dbde82852,2026-07-22T14:48:18,test_status_community_first_open_loading_time[user_data0-user_account0],test_status_community_first_open_cpu_member,passed,19.597,19.597,19.597,1,19.597
dbde82852,2026-07-22T14:48:18,test_wallet_add_account_first_open_loading_time[wallet_load_alex_user],test_wallet_add_account_first_open_cpu_wallet_load_alex,passed,49.938,49.938,49.938,1,49.938
dbde82852,2026-07-22T14:48:18,test_wallet_add_account_loading_time[wallet_load_alex_user],test_wallet_add_account_cpu_wallet_load_alex,passed,24.334,79.144,56.786,5,"52.091,59.188,69.172,79.144,24.334"
dbde82852,2026-07-22T14:48:18,test_wallet_send_first_open_loading_time[fresh_user],test_wallet_send_first_open_cpu_fresh,passed,45.615,45.615,45.615,1,45.615
dbde82852,2026-07-22T14:48:18,test_wallet_send_loading_time[fresh_user],test_wallet_send_cpu_fresh,passed,44.128,61.656,51.283,5,"51.669,44.128,46.859,61.656,52.103"
dbde82852,2026-07-22T14:48:18,test_wallet_collectibles_tab_first_open_loading_time[wallet_load_user],test_wallet_collectibles_tab_first_open_cpu_wallet_load,passed,43.996,43.996,43.996,1,43.996
dbde82852,2026-07-22T14:48:18,test_wallet_collectibles_tab_loading_time[wallet_load_user],test_wallet_collectibles_tab_cpu_wallet_load,passed,44.008,67.231,50.039,5,"46.167,48.008,44.781,44.008,67.231"
dbde82852,2026-07-22T14:48:18,test_wallet_first_open_loading_time[wallet_load_alex_user],test_wallet_first_open_cpu_wallet_load_alex,passed,32.55,32.55,32.55,1,32.55
dbde82852,2026-07-22T14:48:18,test_wallet_receive_first_open_loading_time[fresh_user],test_wallet_receive_first_open_cpu_fresh,passed,59.185,59.185,59.185,1,59.185
dbde82852,2026-07-22T14:48:18,test_wallet_receive_loading_time[fresh_user],test_wallet_receive_cpu_fresh,passed,50.581,75.781,62.009,5,"75.781,61.234,52.525,69.922,50.581"
dbde82852,2026-07-22T14:48:18,test_wallet_account_open_loading_time[wallet_load_alex_user],test_wallet_account_first_open_cpu_wallet_load_alex,passed,39.788,39.788,39.788,1,39.788
dbde82852,2026-07-22T14:48:18,test_wallet_repeat_open_loading_time[wallet_load_alex_user],test_wallet_repeat_open_cpu_wallet_load_alex,passed,38.653,53.784,48.462,5,"53.784,38.653,53.684,48.566,47.625"
dbde82852,2026-07-22T14:48:18,test_wallet_collectibles_tab_first_open_loading_time[wallet_load_alex_user],test_wallet_collectibles_tab_first_open_cpu_wallet_load_alex,passed,46.097,46.097,46.097,1,46.097
dbde82852,2026-07-22T14:48:18,test_wallet_collectibles_tab_loading_time[wallet_load_alex_user],test_wallet_collectibles_tab_cpu_wallet_load_alex,passed,45.132,62.928,56.6,5,"62.928,45.132,58.469,54.767,61.704"
dbde82852,2026-07-22T14:48:18,test_wallet_swap_first_open_loading_time[wallet_load_user],test_wallet_swap_first_open_cpu_wallet_load,passed,26.216,26.216,26.216,1,26.216
dbde82852,2026-07-22T14:48:18,test_wallet_swap_loading_time[wallet_load_user],test_wallet_swap_cpu_wallet_load,passed,60.994,76.694,68.309,5,"72.697,63.797,67.362,60.994,76.694"
dbde82852,2026-07-22T14:48:18,test_wallet_send_first_open_loading_time[wallet_load_alex_user],test_wallet_send_first_open_cpu_wallet_load_alex,passed,25.901,25.901,25.901,1,25.901
dbde82852,2026-07-22T14:48:18,test_wallet_send_loading_time[wallet_load_alex_user],test_wallet_send_cpu_wallet_load_alex,passed,13.569,65.406,37.304,5,"60.422,65.406,33.215,13.569,13.909"
dbde82852,2026-07-22T14:48:18,test_wallet_assets_tab_loading_time[fresh_user],test_wallet_assets_tab_cpu_fresh,passed,28.572,41.044,36.976,5,"41.044,28.572,38.369,36.791,40.106"
dbde82852,2026-07-22T14:48:18,test_wallet_swap_first_open_loading_time[fresh_user],test_wallet_swap_first_open_cpu_fresh,passed,43.979,43.979,43.979,1,43.979
dbde82852,2026-07-22T14:48:18,test_wallet_swap_loading_time[fresh_user],test_wallet_swap_cpu_fresh,passed,54.872,69.316,64.181,5,"67.153,54.872,64.225,69.316,65.341"
dbde82852,2026-07-22T14:48:18,test_wallet_receive_first_open_loading_time[wallet_load_user],test_wallet_receive_first_open_cpu_wallet_load,passed,35.153,35.153,35.153,1,35.153
dbde82852,2026-07-22T14:48:18,test_wallet_receive_loading_time[wallet_load_user],test_wallet_receive_cpu_wallet_load,passed,2.688,65.328,28.322,5,"65.328,46.484,3.906,2.688,23.203"
dbde82852,2026-07-22T14:48:18,test_wallet_account_open_loading_time[fresh_user],test_wallet_account_first_open_cpu_fresh,passed,50.034,50.034,50.034,1,50.034
dbde82852,2026-07-22T14:48:18,test_wallet_add_account_first_open_loading_time[fresh_user],test_wallet_add_account_first_open_cpu_fresh,passed,29.381,29.381,29.381,1,29.381
dbde82852,2026-07-22T14:48:18,test_wallet_add_account_loading_time[fresh_user],test_wallet_add_account_cpu_fresh,passed,39.6,55.675,48.661,5,"47.766,46.928,53.334,55.675,39.6"
dbde82852,2026-07-22T14:48:18,test_wallet_send_first_open_loading_time[wallet_load_user],test_wallet_send_first_open_cpu_wallet_load,passed,63.609,63.609,63.609,1,63.609
dbde82852,2026-07-22T14:48:18,test_wallet_send_loading_time[wallet_load_user],test_wallet_send_cpu_wallet_load,passed,58.103,70.148,66.865,5,"66.213,58.103,69.797,70.148,70.062"
dbde82852,2026-07-22T14:48:18,test_wallet_first_open_loading_time[wallet_load_user],test_wallet_first_open_cpu_wallet_load,passed,40.731,40.731,40.731,1,40.731
dbde82852,2026-07-22T14:48:18,test_wallet_first_open_loading_time[fresh_user],test_wallet_first_open_cpu_fresh,passed,11.569,11.569,11.569,1,11.569
dbde82852,2026-07-22T14:48:18,test_wallet_swap_first_open_loading_time[wallet_load_alex_user],test_wallet_swap_first_open_cpu_wallet_load_alex,passed,52.792,52.792,52.792,1,52.792
dbde82852,2026-07-22T14:48:18,test_wallet_swap_loading_time[wallet_load_alex_user],test_wallet_swap_cpu_wallet_load_alex,passed,13.787,65.65,40.926,5,"65.65,64.756,31.975,28.459,13.787"
dbde82852,2026-07-22T14:48:18,test_wallet_account_open_loading_time[wallet_load_user],test_wallet_account_first_open_cpu_wallet_load,passed,18.153,18.153,18.153,1,18.153
dbde82852,2026-07-22T14:48:18,test_wallet_add_account_first_open_loading_time[wallet_load_user],test_wallet_add_account_first_open_cpu_wallet_load,passed,38.881,38.881,38.881,1,38.881
dbde82852,2026-07-22T14:48:18,test_wallet_add_account_loading_time[wallet_load_user],test_wallet_add_account_cpu_wallet_load,passed,46.925,68.175,59.913,5,"46.925,61.994,57.153,65.316,68.175"
dbde82852,2026-07-22T14:48:18,test_wallet_receive_first_open_loading_time[wallet_load_alex_user],test_wallet_receive_first_open_cpu_wallet_load_alex,passed,47.771,47.771,47.771,1,47.771
dbde82852,2026-07-22T14:48:18,test_wallet_receive_loading_time[wallet_load_alex_user],test_wallet_receive_cpu_wallet_load_alex,passed,22.125,69.091,48.625,5,"39.231,46.881,69.091,65.797,22.125"
dbde82852,2026-07-22T14:48:18,test_wallet_repeat_open_loading_time[fresh_user],test_wallet_repeat_open_cpu_fresh,passed,39.131,47.013,43.218,5,"42.719,47.013,45.516,41.712,39.131"
dbde82852,2026-07-22T14:48:18,test_wallet_repeat_open_loading_time[wallet_load_user],test_wallet_repeat_open_cpu_wallet_load,passed,23.375,58.472,42.19,5,"23.375,30.419,58.472,49.081,49.603"
dbde82852,2026-07-22T14:48:18,test_wallet_assets_tab_loading_time[wallet_load_user],test_wallet_assets_tab_cpu_wallet_load,passed,53.347,60.755,58.64,5,"53.347,60.223,60.755,59.228,59.645"
a6db0bddc7,2026-07-23T05:28:01,test_wallet_add_account_first_open_loading_time[wallet_load_user],test_wallet_add_account_first_open_cpu_wallet_load,passed,46.784,46.784,46.784,1,46.784
a6db0bddc7,2026-07-23T05:28:01,test_wallet_add_account_loading_time[wallet_load_user],test_wallet_add_account_cpu_wallet_load,passed,50.3,71.991,63.196,5,"62.434,71.109,60.144,50.3,71.991"
a6db0bddc7,2026-07-23T05:28:01,test_wallet_repeat_open_loading_time[wallet_load_user],test_wallet_repeat_open_cpu_wallet_load,passed,28.644,58.728,46.443,5,"54.381,35.097,58.728,28.644,55.362"
a6db0bddc7,2026-07-23T05:28:01,test_wallet_assets_tab_loading_time[fresh_user],test_wallet_assets_tab_cpu_fresh,passed,29.175,40.788,36.078,5,"40.788,40.081,38.141,29.175,32.206"
a6db0bddc7,2026-07-23T05:28:01,test_wallet_send_first_open_loading_time[wallet_load_user],test_wallet_send_first_open_cpu_wallet_load,passed,25.38,25.38,25.38,1,25.38
a6db0bddc7,2026-07-23T05:28:01,test_wallet_send_loading_time[wallet_load_user],test_wallet_send_cpu_wallet_load,passed,59.319,77.936,70.088,5,"73.469,59.319,77.936,72.717,67.0"
a6db0bddc7,2026-07-23T05:28:01,test_wallet_account_open_loading_time[fresh_user],test_wallet_account_first_open_cpu_fresh,passed,57.706,57.706,57.706,1,57.706
a6db0bddc7,2026-07-23T05:28:01,test_wallet_account_open_loading_time[wallet_load_user],test_wallet_account_first_open_cpu_wallet_load,passed,38.312,38.312,38.312,1,38.312
a6db0bddc7,2026-07-23T05:28:01,test_wallet_collectibles_tab_first_open_loading_time[wallet_load_alex_user],test_wallet_collectibles_tab_first_open_cpu_wallet_load_alex,passed,49.139,49.139,49.139,1,49.139
a6db0bddc7,2026-07-23T05:28:01,test_wallet_collectibles_tab_loading_time[wallet_load_alex_user],test_wallet_collectibles_tab_cpu_wallet_load_alex,passed,43.453,67.421,53.093,5,"46.201,43.453,67.421,53.97,54.417"
a6db0bddc7,2026-07-23T05:28:01,test_wallet_collectibles_tab_first_open_loading_time[wallet_load_user],test_wallet_collectibles_tab_first_open_cpu_wallet_load,passed,46.708,46.708,46.708,1,46.708
a6db0bddc7,2026-07-23T05:28:01,test_wallet_collectibles_tab_loading_time[wallet_load_user],test_wallet_collectibles_tab_cpu_wallet_load,passed,34.053,64.158,45.273,5,"64.158,40.015,43.258,44.88,34.053"
a6db0bddc7,2026-07-23T05:28:01,test_wallet_receive_first_open_loading_time[wallet_load_alex_user],test_wallet_receive_first_open_cpu_wallet_load_alex,passed,50.741,50.741,50.741,1,50.741
a6db0bddc7,2026-07-23T05:28:01,test_wallet_receive_loading_time[wallet_load_alex_user],test_wallet_receive_cpu_wallet_load_alex,passed,51.253,85.194,72.882,5,"69.019,51.253,79.647,85.194,79.297"
a6db0bddc7,2026-07-23T05:28:01,test_wallet_collectibles_tab_first_open_loading_time[fresh_user],test_wallet_collectibles_tab_first_open_cpu_fresh,passed,40.914,40.914,40.914,1,40.914
a6db0bddc7,2026-07-23T05:28:01,test_wallet_collectibles_tab_loading_time[fresh_user],test_wallet_collectibles_tab_cpu_fresh,passed,34.944,71.675,49.546,5,"42.106,56.819,71.675,42.188,34.944"
a6db0bddc7,2026-07-23T05:28:01,test_wallet_swap_first_open_loading_time[wallet_load_alex_user],test_wallet_swap_first_open_cpu_wallet_load_alex,passed,43.859,43.859,43.859,1,43.859
a6db0bddc7,2026-07-23T05:28:01,test_wallet_swap_loading_time[wallet_load_alex_user],test_wallet_swap_cpu_wallet_load_alex,passed,12.3,66.544,37.809,5,"66.544,52.016,30.434,27.75,12.3"
a6db0bddc7,2026-07-23T05:28:01,test_wallet_first_open_loading_time[fresh_user],test_wallet_first_open_cpu_fresh,passed,26.087,26.087,26.087,1,26.087
a6db0bddc7,2026-07-23T05:28:01,test_wallet_receive_first_open_loading_time[fresh_user],test_wallet_receive_first_open_cpu_fresh,passed,54.64,54.64,54.64,1,54.64
a6db0bddc7,2026-07-23T05:28:01,test_wallet_receive_loading_time[fresh_user],test_wallet_receive_cpu_fresh,passed,42.969,71.553,57.001,5,"43.359,42.969,67.422,59.7,71.553"
a6db0bddc7,2026-07-23T05:28:01,test_wallet_send_first_open_loading_time[wallet_load_alex_user],test_wallet_send_first_open_cpu_wallet_load_alex,passed,39.825,39.825,39.825,1,39.825
a6db0bddc7,2026-07-23T05:28:01,test_wallet_send_loading_time[wallet_load_alex_user],test_wallet_send_cpu_wallet_load_alex,passed,20.575,79.347,55.84,5,"63.884,69.916,79.347,20.575,45.477"
a6db0bddc7,2026-07-23T05:28:01,test_wallet_swap_first_open_loading_time[wallet_load_user],test_wallet_swap_first_open_cpu_wallet_load,passed,38.406,38.406,38.406,1,38.406
a6db0bddc7,2026-07-23T05:28:01,test_wallet_swap_loading_time[wallet_load_user],test_wallet_swap_cpu_wallet_load,passed,58.366,68.875,65.707,5,"64.822,58.366,68.872,67.6,68.875"
a6db0bddc7,2026-07-23T05:28:01,test_wallet_send_first_open_loading_time[fresh_user],test_wallet_send_first_open_cpu_fresh,passed,42.311,42.311,42.311,1,42.311
a6db0bddc7,2026-07-23T05:28:01,test_wallet_send_loading_time[fresh_user],test_wallet_send_cpu_fresh,passed,51.209,68.231,60.527,5,"51.209,68.231,63.394,59.55,60.253"
a6db0bddc7,2026-07-23T05:28:01,test_wallet_add_account_first_open_loading_time[wallet_load_alex_user],test_wallet_add_account_first_open_cpu_wallet_load_alex,passed,41.862,41.862,41.862,1,41.862
a6db0bddc7,2026-07-23T05:28:01,test_wallet_add_account_loading_time[wallet_load_alex_user],test_wallet_add_account_cpu_wallet_load_alex,passed,17.959,66.987,53.294,5,"61.694,62.956,56.875,66.987,17.959"
a6db0bddc7,2026-07-23T05:28:01,test_wallet_assets_tab_loading_time[wallet_load_user],test_wallet_assets_tab_cpu_wallet_load,passed,43.077,64.513,55.925,5,"43.077,54.172,64.513,58.921,58.942"
a6db0bddc7,2026-07-23T05:28:01,test_wallet_first_open_loading_time[wallet_load_user],test_wallet_first_open_cpu_wallet_load,passed,40.859,40.859,40.859,1,40.859
a6db0bddc7,2026-07-23T05:28:01,test_wallet_repeat_open_loading_time[wallet_load_alex_user],test_wallet_repeat_open_cpu_wallet_load_alex,passed,27.438,64.878,51.889,5,"58.009,55.616,27.438,53.506,64.878"
a6db0bddc7,2026-07-23T05:28:01,test_wallet_repeat_open_loading_time[fresh_user],test_wallet_repeat_open_cpu_fresh,passed,28.544,66.666,45.1,5,"59.378,66.666,40.2,28.544,30.712"
a6db0bddc7,2026-07-23T05:28:01,test_wallet_swap_first_open_loading_time[fresh_user],test_wallet_swap_first_open_cpu_fresh,passed,42.163,42.163,42.163,1,42.163
a6db0bddc7,2026-07-23T05:28:01,test_wallet_swap_loading_time[fresh_user],test_wallet_swap_cpu_fresh,passed,45.484,72.203,61.637,5,"45.484,72.203,59.394,63.769,67.334"
a6db0bddc7,2026-07-23T05:28:01,test_wallet_assets_tab_loading_time[wallet_load_alex_user],test_wallet_assets_tab_cpu_wallet_load_alex,passed,46.794,63.059,54.274,5,"49.0,63.059,61.675,50.841,46.794"
a6db0bddc7,2026-07-23T05:28:01,test_status_community_first_open_loading_time[user_data0-user_account0],test_status_community_first_open_cpu_member,passed,20.135,20.135,20.135,1,20.135
a6db0bddc7,2026-07-23T05:28:01,test_wallet_receive_first_open_loading_time[wallet_load_user],test_wallet_receive_first_open_cpu_wallet_load,passed,42.494,42.494,42.494,1,42.494
a6db0bddc7,2026-07-23T05:28:01,test_wallet_receive_loading_time[wallet_load_user],test_wallet_receive_cpu_wallet_load,passed,17.341,70.166,36.711,5,"70.166,55.112,17.341,17.759,23.175"
a6db0bddc7,2026-07-23T05:28:01,test_status_community_second_open_loading_time[user_data0-user_account0],test_status_community_second_open_cpu_member,passed,4.083,47.136,30.947,5,"13.479,4.083,46.044,47.136,43.995"
a6db0bddc7,2026-07-23T05:28:01,test_wallet_account_open_loading_time[wallet_load_alex_user],test_wallet_account_first_open_cpu_wallet_load_alex,passed,43.163,43.163,43.163,1,43.163
a6db0bddc7,2026-07-23T05:28:01,test_wallet_first_open_loading_time[wallet_load_alex_user],test_wallet_first_open_cpu_wallet_load_alex,passed,24.219,24.219,24.219,1,24.219
a6db0bddc7,2026-07-23T05:28:01,test_wallet_add_account_first_open_loading_time[fresh_user],test_wallet_add_account_first_open_cpu_fresh,passed,42.525,42.525,42.525,1,42.525
a6db0bddc7,2026-07-23T05:28:01,test_wallet_add_account_loading_time[fresh_user],test_wallet_add_account_cpu_fresh,passed,47.244,66.719,55.832,5,"56.006,47.944,61.247,47.244,66.719"
e05186176a,2026-07-23T11:39:31,test_wallet_receive_first_open_loading_time[fresh_user],test_wallet_receive_first_open_cpu_fresh,passed,42.377,42.377,42.377,1,42.377
e05186176a,2026-07-23T11:39:31,test_wallet_receive_loading_time[fresh_user],test_wallet_receive_cpu_fresh,passed,53.906,92.55,66.595,5,"68.625,63.928,53.966,53.906,92.55"
e05186176a,2026-07-23T11:39:31,test_wallet_assets_tab_loading_time[fresh_user],test_wallet_assets_tab_cpu_fresh,passed,33.241,46.344,40.791,5,"46.344,40.044,40.047,33.241,44.278"
e05186176a,2026-07-23T11:39:31,test_wallet_repeat_open_loading_time[wallet_load_user],test_wallet_repeat_open_cpu_wallet_load,passed,17.678,57.987,43.129,5,"17.678,54.312,53.175,57.987,32.494"
e05186176a,2026-07-23T11:39:31,test_wallet_assets_tab_loading_time[wallet_load_alex_user],test_wallet_assets_tab_cpu_wallet_load_alex,passed,55.363,63.478,58.91,5,"55.363,62.252,63.478,57.355,56.104"
e05186176a,2026-07-23T11:39:31,test_wallet_activity_tab_first_open_loading_time[wallet_load_user],test_wallet_activity_tab_first_open_cpu_wallet_load,passed,41.138,41.138,41.138,1,41.138
e05186176a,2026-07-23T11:39:31,test_wallet_activity_tab_loading_time[wallet_load_user],test_wallet_activity_tab_cpu_wallet_load,passed,45.472,68.572,57.887,5,"45.472,55.872,61.291,58.228,68.572"
e05186176a,2026-07-23T11:39:31,test_wallet_first_open_loading_time[wallet_load_alex_user],test_wallet_first_open_cpu_wallet_load_alex,passed,62.875,62.875,62.875,1,62.875
e05186176a,2026-07-23T11:39:31,test_wallet_repeat_open_loading_time[wallet_load_alex_user],test_wallet_repeat_open_cpu_wallet_load_alex,passed,28.731,60.059,51.854,5,"28.731,58.094,53.6,60.059,58.788"
e05186176a,2026-07-23T11:39:31,test_wallet_first_open_loading_time[wallet_load_user],test_wallet_first_open_cpu_wallet_load,passed,60.025,60.025,60.025,1,60.025
e05186176a,2026-07-23T11:39:31,test_wallet_first_open_loading_time[fresh_user],test_wallet_first_open_cpu_fresh,passed,21.113,21.113,21.113,1,21.113
e05186176a,2026-07-23T11:39:31,test_wallet_send_first_open_loading_time[wallet_load_alex_user],test_wallet_send_first_open_cpu_wallet_load_alex,passed,36.131,36.131,36.131,1,36.131
e05186176a,2026-07-23T11:39:31,test_wallet_send_loading_time[wallet_load_alex_user],test_wallet_send_cpu_wallet_load_alex,passed,15.247,67.01,31.324,5,"67.01,36.805,21.825,15.731,15.247"
e05186176a,2026-07-23T11:39:31,test_status_community_second_open_loading_time[user_data0-user_account0],test_status_community_second_open_cpu_member,passed,5.488,55.656,30.212,5,"11.188,5.488,28.009,55.656,50.721"
e05186176a,2026-07-23T11:39:31,test_wallet_add_account_first_open_loading_time[wallet_load_user],test_wallet_add_account_first_open_cpu_wallet_load,passed,58.744,58.744,58.744,1,58.744
e05186176a,2026-07-23T11:39:31,test_wallet_add_account_loading_time[wallet_load_user],test_wallet_add_account_cpu_wallet_load,passed,53.519,76.591,65.779,5,"64.044,70.228,64.513,53.519,76.591"
e05186176a,2026-07-23T11:39:31,test_wallet_account_open_loading_time[wallet_load_user],test_wallet_account_first_open_cpu_wallet_load,passed,9.462,9.462,9.462,1,9.462
e05186176a,2026-07-23T11:39:31,test_wallet_send_first_open_loading_time[wallet_load_user],test_wallet_send_first_open_cpu_wallet_load,passed,35.586,35.586,35.586,1,35.586
e05186176a,2026-07-23T11:39:31,test_wallet_send_loading_time[wallet_load_user],test_wallet_send_cpu_wallet_load,passed,56.013,77.266,63.761,5,"59.653,65.103,60.769,77.266,56.013"
e05186176a,2026-07-23T11:39:31,test_wallet_activity_tab_first_open_loading_time[wallet_load_alex_user],test_wallet_activity_tab_first_open_cpu_wallet_load_alex,passed,59.381,59.381,59.381,1,59.381
e05186176a,2026-07-23T11:39:31,test_wallet_activity_tab_loading_time[wallet_load_alex_user],test_wallet_activity_tab_cpu_wallet_load_alex,passed,51.116,70.669,61.952,5,"52.372,70.669,68.766,51.116,66.838"
e05186176a,2026-07-23T11:39:31,test_wallet_assets_tab_loading_time[wallet_load_user],test_wallet_assets_tab_cpu_wallet_load,passed,41.983,66.671,57.304,5,"41.983,61.477,59.505,66.671,56.883"
e05186176a,2026-07-23T11:39:31,test_wallet_receive_first_open_loading_time[wallet_load_user],test_wallet_receive_first_open_cpu_wallet_load,passed,43.663,43.663,43.663,1,43.663
e05186176a,2026-07-23T11:39:31,test_wallet_receive_loading_time[wallet_load_user],test_wallet_receive_cpu_wallet_load,passed,10.353,62.088,32.253,5,"62.088,47.656,16.95,10.353,24.219"
e05186176a,2026-07-23T11:39:31,test_wallet_swap_first_open_loading_time[fresh_user],test_wallet_swap_first_open_cpu_fresh,passed,44.131,44.131,44.131,1,44.131
e05186176a,2026-07-23T11:39:31,test_wallet_swap_loading_time[fresh_user],test_wallet_swap_cpu_fresh,passed,53.194,68.944,60.375,5,"68.944,54.938,58.881,53.194,65.919"
e05186176a,2026-07-23T11:39:31,test_wallet_account_open_loading_time[fresh_user],test_wallet_account_first_open_cpu_fresh,passed,51.562,51.562,51.562,1,51.562
e05186176a,2026-07-23T11:39:31,test_wallet_swap_first_open_loading_time[wallet_load_user],test_wallet_swap_first_open_cpu_wallet_load,passed,44.438,44.438,44.438,1,44.438
e05186176a,2026-07-23T11:39:31,test_wallet_swap_loading_time[wallet_load_user],test_wallet_swap_cpu_wallet_load,passed,54.816,76.875,65.732,5,"54.816,67.078,64.928,76.875,64.963"
e05186176a,2026-07-23T11:39:31,test_wallet_send_first_open_loading_time[fresh_user],test_wallet_send_first_open_cpu_fresh,passed,32.716,32.716,32.716,1,32.716
e05186176a,2026-07-23T11:39:31,test_wallet_send_loading_time[fresh_user],test_wallet_send_cpu_fresh,passed,56.45,74.338,66.196,5,"63.225,74.338,69.359,56.45,67.609"
e05186176a,2026-07-23T11:39:31,test_wallet_add_account_first_open_loading_time[fresh_user],test_wallet_add_account_first_open_cpu_fresh,passed,34.969,34.969,34.969,1,34.969
e05186176a,2026-07-23T11:39:31,test_wallet_add_account_loading_time[fresh_user],test_wallet_add_account_cpu_fresh,passed,53.997,65.475,57.108,5,"56.246,53.997,54.056,55.766,65.475"
e05186176a,2026-07-23T11:39:31,test_wallet_collectibles_tab_first_open_loading_time[wallet_load_user],test_wallet_collectibles_tab_first_open_cpu_wallet_load,passed,45.426,45.426,45.426,1,45.426
e05186176a,2026-07-23T11:39:31,test_wallet_collectibles_tab_loading_time[wallet_load_user],test_wallet_collectibles_tab_cpu_wallet_load,passed,33.071,59.0,43.466,5,"36.028,38.641,59.0,50.592,33.071"
e05186176a,2026-07-23T11:39:31,test_wallet_collectibles_tab_first_open_loading_time[fresh_user],test_wallet_collectibles_tab_first_open_cpu_fresh,passed,46.215,46.215,46.215,1,46.215
e05186176a,2026-07-23T11:39:31,test_wallet_collectibles_tab_loading_time[fresh_user],test_wallet_collectibles_tab_cpu_fresh,passed,23.294,43.5,35.087,5,"43.006,43.5,31.356,34.281,23.294"
e05186176a,2026-07-23T11:39:31,test_wallet_repeat_open_loading_time[fresh_user],test_wallet_repeat_open_cpu_fresh,passed,12.5,58.237,42.898,5,"58.237,51.391,55.875,12.5,36.487"
e05186176a,2026-07-23T11:39:31,test_wallet_add_account_first_open_loading_time[wallet_load_alex_user],test_wallet_add_account_first_open_cpu_wallet_load_alex,passed,83.384,83.384,83.384,1,83.384
e05186176a,2026-07-23T11:39:31,test_wallet_add_account_loading_time[wallet_load_alex_user],test_wallet_add_account_cpu_wallet_load_alex,passed,58.172,76.191,65.664,5,"69.881,62.994,76.191,61.084,58.172"
e05186176a,2026-07-23T11:39:31,test_wallet_swap_first_open_loading_time[wallet_load_alex_user],test_wallet_swap_first_open_cpu_wallet_load_alex,passed,25.296,25.296,25.296,1,25.296
e05186176a,2026-07-23T11:39:31,test_wallet_swap_loading_time[wallet_load_alex_user],test_wallet_swap_cpu_wallet_load_alex,passed,26.256,72.053,57.567,5,"64.056,67.391,72.053,58.078,26.256"
e05186176a,2026-07-23T11:39:31,test_wallet_receive_first_open_loading_time[wallet_load_alex_user],test_wallet_receive_first_open_cpu_wallet_load_alex,passed,32.163,32.163,32.163,1,32.163
e05186176a,2026-07-23T11:39:31,test_wallet_receive_loading_time[wallet_load_alex_user],test_wallet_receive_cpu_wallet_load_alex,passed,56.234,85.269,72.058,5,"69.472,85.269,67.922,56.234,81.391"
e05186176a,2026-07-23T11:39:31,test_wallet_account_open_loading_time[wallet_load_alex_user],test_wallet_account_first_open_cpu_wallet_load_alex,passed,53.212,53.212,53.212,1,53.212
e05186176a,2026-07-23T11:39:31,test_status_community_first_open_loading_time[user_data0-user_account0],test_status_community_first_open_cpu_member,passed,18.537,18.537,18.537,1,18.537
e05186176a,2026-07-23T11:39:31,test_wallet_collectibles_tab_first_open_loading_time[wallet_load_alex_user],test_wallet_collectibles_tab_first_open_cpu_wallet_load_alex,passed,48.41,48.41,48.41,1,48.41
e05186176a,2026-07-23T11:39:31,test_wallet_collectibles_tab_loading_time[wallet_load_alex_user],test_wallet_collectibles_tab_cpu_wallet_load_alex,passed,47.701,60.536,54.196,5,"50.086,60.536,58.767,47.701,53.89"
115c87f7b5,2026-07-23T13:49:03,test_wallet_repeat_open_loading_time[fresh_user],test_wallet_repeat_open_cpu_fresh,passed,46.131,54.519,48.914,5,"46.131,54.519,46.491,48.009,49.419"
115c87f7b5,2026-07-23T13:49:03,test_status_community_second_open_loading_time[user_data0-user_account0],test_status_community_second_open_cpu_member,passed,6.89,58.454,40.355,5,"6.89,58.454,46.125,41.181,49.124"
115c87f7b5,2026-07-23T13:49:03,test_wallet_assets_tab_loading_time[fresh_user],test_wallet_assets_tab_cpu_fresh,passed,26.597,51.953,41.343,5,"26.597,39.062,43.397,45.703,51.953"
115c87f7b5,2026-07-23T13:49:03,test_wallet_account_open_loading_time[fresh_user],test_wallet_account_first_open_cpu_fresh,passed,41.406,41.406,41.406,1,41.406
115c87f7b5,2026-07-23T13:49:03,test_wallet_assets_tab_loading_time[wallet_load_alex_user],test_wallet_assets_tab_cpu_wallet_load_alex,passed,47.592,67.304,53.3,5,"47.652,55.406,67.304,47.592,48.545"
115c87f7b5,2026-07-23T13:49:03,test_wallet_receive_first_open_loading_time[wallet_load_user],test_wallet_receive_first_open_cpu_wallet_load,passed,45.926,45.926,45.926,1,45.926
115c87f7b5,2026-07-23T13:49:03,test_wallet_receive_loading_time[wallet_load_user],test_wallet_receive_cpu_wallet_load,passed,3.906,46.875,28.158,5,"36.706,46.875,25.297,3.906,28.006"
115c87f7b5,2026-07-23T13:49:03,test_wallet_send_first_open_loading_time[wallet_load_user],test_wallet_send_first_open_cpu_wallet_load,passed,48.964,48.964,48.964,1,48.964
115c87f7b5,2026-07-23T13:49:03,test_wallet_send_loading_time[wallet_load_user],test_wallet_send_cpu_wallet_load,passed,60.835,69.397,65.108,5,"60.835,62.266,68.491,69.397,64.552"
115c87f7b5,2026-07-23T13:49:03,test_wallet_collectibles_tab_first_open_loading_time[wallet_load_alex_user],test_wallet_collectibles_tab_first_open_cpu_wallet_load_alex,passed,48.551,48.551,48.551,1,48.551
115c87f7b5,2026-07-23T13:49:03,test_wallet_collectibles_tab_loading_time[wallet_load_alex_user],test_wallet_collectibles_tab_cpu_wallet_load_alex,passed,46.531,61.602,55.31,5,"46.531,60.117,61.602,59.469,48.83"
115c87f7b5,2026-07-23T13:49:03,test_wallet_repeat_open_loading_time[wallet_load_user],test_wallet_repeat_open_cpu_wallet_load,passed,27.219,58.678,47.869,5,"27.219,42.025,58.328,53.097,58.678"
115c87f7b5,2026-07-23T13:49:03,test_wallet_send_first_open_loading_time[fresh_user],test_wallet_send_first_open_cpu_fresh,passed,47.783,47.783,47.783,1,47.783
115c87f7b5,2026-07-23T13:49:03,test_wallet_send_loading_time[fresh_user],test_wallet_send_cpu_fresh,passed,42.997,64.634,55.196,5,"46.394,64.634,42.997,64.378,57.575"
115c87f7b5,2026-07-23T13:49:03,test_wallet_first_open_loading_time[wallet_load_alex_user],test_wallet_first_open_cpu_wallet_load_alex,passed,25.216,25.216,25.216,1,25.216
115c87f7b5,2026-07-23T13:49:03,test_status_community_first_open_loading_time[user_data0-user_account0],test_status_community_first_open_cpu_member,passed,38.897,38.897,38.897,1,38.897
115c87f7b5,2026-07-23T13:49:03,test_wallet_repeat_open_loading_time[wallet_load_alex_user],test_wallet_repeat_open_cpu_wallet_load_alex,passed,44.428,56.209,50.344,5,"45.825,56.209,49.959,55.297,44.428"
115c87f7b5,2026-07-23T13:49:03,test_wallet_account_open_loading_time[wallet_load_alex_user],test_wallet_account_first_open_cpu_wallet_load_alex,passed,56.169,56.169,56.169,1,56.169
115c87f7b5,2026-07-23T13:49:03,test_wallet_activity_tab_first_open_loading_time[wallet_load_alex_user],test_wallet_activity_tab_first_open_cpu_wallet_load_alex,passed,19.381,19.381,19.381,1,19.381
115c87f7b5,2026-07-23T13:49:03,test_wallet_activity_tab_loading_time[wallet_load_alex_user],test_wallet_activity_tab_cpu_wallet_load_alex,passed,52.447,90.222,62.874,5,"90.222,52.447,54.419,52.837,64.447"
115c87f7b5,2026-07-23T13:49:03,test_wallet_receive_first_open_loading_time[wallet_load_alex_user],test_wallet_receive_first_open_cpu_wallet_load_alex,passed,52.522,52.522,52.522,1,52.522
115c87f7b5,2026-07-23T13:49:03,test_wallet_receive_loading_time[wallet_load_alex_user],test_wallet_receive_cpu_wallet_load_alex,passed,24.906,83.044,66.529,5,"74.744,75.147,74.806,83.044,24.906"
115c87f7b5,2026-07-23T13:49:03,test_wallet_add_account_first_open_loading_time[wallet_load_alex_user],test_wallet_add_account_first_open_cpu_wallet_load_alex,passed,46.91,46.91,46.91,1,46.91
115c87f7b5,2026-07-23T13:49:03,test_wallet_add_account_loading_time[wallet_load_alex_user],test_wallet_add_account_cpu_wallet_load_alex,passed,48.534,68.325,59.011,5,"62.984,48.534,60.766,68.325,54.447"
115c87f7b5,2026-07-23T13:49:03,test_wallet_swap_first_open_loading_time[wallet_load_user],test_wallet_swap_first_open_cpu_wallet_load,passed,44.921,44.921,44.921,1,44.921
115c87f7b5,2026-07-23T13:49:03,test_wallet_swap_loading_time[wallet_load_user],test_wallet_swap_cpu_wallet_load,passed,62.5,72.841,67.016,5,"65.747,69.694,72.841,64.3,62.5"
115c87f7b5,2026-07-23T13:49:03,test_wallet_swap_first_open_loading_time[wallet_load_alex_user],test_wallet_swap_first_open_cpu_wallet_load_alex,passed,19.634,19.634,19.634,1,19.634
115c87f7b5,2026-07-23T13:49:03,test_wallet_swap_loading_time[wallet_load_alex_user],test_wallet_swap_cpu_wallet_load_alex,passed,61.578,76.878,68.124,5,"61.578,65.872,71.088,76.878,65.203"
115c87f7b5,2026-07-23T13:49:03,test_wallet_collectibles_tab_first_open_loading_time[fresh_user],test_wallet_collectibles_tab_first_open_cpu_fresh,passed,35.396,35.396,35.396,1,35.396
115c87f7b5,2026-07-23T13:49:03,test_wallet_collectibles_tab_loading_time[fresh_user],test_wallet_collectibles_tab_cpu_fresh,passed,38.362,71.675,50.395,5,"55.931,42.106,71.675,43.9,38.362"
115c87f7b5,2026-07-23T13:49:03,test_wallet_first_open_loading_time[fresh_user],test_wallet_first_open_cpu_fresh,passed,14.194,14.194,14.194,1,14.194
115c87f7b5,2026-07-23T13:49:03,test_wallet_send_first_open_loading_time[wallet_load_alex_user],test_wallet_send_first_open_cpu_wallet_load_alex,passed,45.3,45.3,45.3,1,45.3
115c87f7b5,2026-07-23T13:49:03,test_wallet_send_loading_time[wallet_load_alex_user],test_wallet_send_cpu_wallet_load_alex,passed,14.781,69.722,45.938,5,"69.722,65.303,62.4,17.481,14.781"
115c87f7b5,2026-07-23T13:49:03,test_wallet_collectibles_tab_first_open_loading_time[wallet_load_user],test_wallet_collectibles_tab_first_open_cpu_wallet_load,passed,43.852,43.852,43.852,1,43.852
115c87f7b5,2026-07-23T13:49:03,test_wallet_collectibles_tab_loading_time[wallet_load_user],test_wallet_collectibles_tab_cpu_wallet_load,passed,38.319,56.734,47.575,5,"56.734,51.291,38.319,42.963,48.571"
115c87f7b5,2026-07-23T13:49:03,test_wallet_receive_first_open_loading_time[fresh_user],test_wallet_receive_first_open_cpu_fresh,passed,53.273,53.273,53.273,1,53.273
115c87f7b5,2026-07-23T13:49:03,test_wallet_receive_loading_time[fresh_user],test_wallet_receive_cpu_fresh,passed,53.447,77.344,67.603,5,"67.784,65.625,77.344,73.816,53.447"
115c87f7b5,2026-07-23T13:49:03,test_wallet_account_open_loading_time[wallet_load_user],test_wallet_account_first_open_cpu_wallet_load,passed,31.572,31.572,31.572,1,31.572
115c87f7b5,2026-07-23T13:49:03,test_wallet_first_open_loading_time[wallet_load_user],test_wallet_first_open_cpu_wallet_load,passed,39.331,39.331,39.331,1,39.331
115c87f7b5,2026-07-23T13:49:03,test_wallet_assets_tab_loading_time[wallet_load_user],test_wallet_assets_tab_cpu_wallet_load,passed,48.331,58.658,54.422,5,"48.331,57.925,58.658,55.688,51.509"
115c87f7b5,2026-07-23T13:49:03,test_wallet_add_account_first_open_loading_time[fresh_user],test_wallet_add_account_first_open_cpu_fresh,passed,29.891,29.891,29.891,1,29.891
115c87f7b5,2026-07-23T13:49:03,test_wallet_add_account_loading_time[fresh_user],test_wallet_add_account_cpu_fresh,passed,40.912,67.479,49.901,5,"40.912,52.084,41.369,47.659,67.479"
115c87f7b5,2026-07-23T13:49:03,test_wallet_add_account_first_open_loading_time[wallet_load_user],test_wallet_add_account_first_open_cpu_wallet_load,passed,53.078,53.078,53.078,1,53.078
115c87f7b5,2026-07-23T13:49:03,test_wallet_add_account_loading_time[wallet_load_user],test_wallet_add_account_cpu_wallet_load,passed,49.1,69.906,61.534,5,"49.1,57.831,69.906,61.706,69.125"
115c87f7b5,2026-07-23T13:49:03,test_wallet_swap_first_open_loading_time[fresh_user],test_wallet_swap_first_open_cpu_fresh,passed,52.433,52.433,52.433,1,52.433
115c87f7b5,2026-07-23T13:49:03,test_wallet_swap_loading_time[fresh_user],test_wallet_swap_cpu_fresh,passed,54.688,67.969,63.831,5,"66.056,64.838,54.688,65.603,67.969"
115c87f7b5,2026-07-23T13:49:03,test_wallet_activity_tab_first_open_loading_time[wallet_load_user],test_wallet_activity_tab_first_open_cpu_wallet_load,passed,43.834,43.834,43.834,1,43.834
115c87f7b5,2026-07-23T13:49:03,test_wallet_activity_tab_loading_time[wallet_load_user],test_wallet_activity_tab_cpu_wallet_load,passed,44.753,88.409,58.858,5,"44.916,59.466,56.744,44.753,88.409"
0c1c2b0287,2026-07-24T05:26:18,test_wallet_activity_tab_first_open_loading_time[wallet_load_alex_user],test_wallet_activity_tab_first_open_cpu_wallet_load_alex,passed,27.856,27.856,27.856,1,27.856
0c1c2b0287,2026-07-24T05:26:18,test_wallet_activity_tab_loading_time[wallet_load_alex_user],test_wallet_activity_tab_cpu_wallet_load_alex,passed,59.906,65.322,62.974,5,"59.906,65.322,63.384,62.606,63.653"
0c1c2b0287,2026-07-24T05:26:18,test_wallet_account_open_loading_time[wallet_load_alex_user],test_wallet_account_first_open_cpu_wallet_load_alex,passed,49.378,49.378,49.378,1,49.378
0c1c2b0287,2026-07-24T05:26:18,test_wallet_receive_first_open_loading_time[fresh_user],test_wallet_receive_first_open_cpu_fresh,passed,38.869,38.869,38.869,1,38.869
0c1c2b0287,2026-07-24T05:26:18,test_wallet_receive_loading_time[fresh_user],test_wallet_receive_cpu_fresh,passed,42.35,61.931,56.207,5,"61.931,60.169,42.35,56.116,60.469"
0c1c2b0287,2026-07-24T05:26:18,test_wallet_first_open_loading_time[wallet_load_user],test_wallet_first_open_cpu_wallet_load,passed,30.812,30.812,30.812,1,30.812
0c1c2b0287,2026-07-24T05:26:18,test_wallet_repeat_open_loading_time[wallet_load_user],test_wallet_repeat_open_cpu_wallet_load,passed,28.2,52.541,44.387,5,"42.034,49.775,49.384,52.541,28.2"
0c1c2b0287,2026-07-24T05:26:18,test_status_community_first_open_loading_time[user_data0-user_account0],test_status_community_first_open_cpu_member,passed,19.916,19.916,19.916,1,19.916
0c1c2b0287,2026-07-24T05:26:18,test_wallet_account_open_loading_time[fresh_user],test_wallet_account_first_open_cpu_fresh,passed,29.3,29.3,29.3,1,29.3
0c1c2b0287,2026-07-24T05:26:18,test_wallet_assets_tab_loading_time[fresh_user],test_wallet_assets_tab_cpu_fresh,passed,32.125,50.781,41.429,5,"50.781,46.484,34.766,42.987,32.125"
0c1c2b0287,2026-07-24T05:26:18,test_wallet_swap_first_open_loading_time[fresh_user],test_wallet_swap_first_open_cpu_fresh,passed,41.943,41.943,41.943,1,41.943
0c1c2b0287,2026-07-24T05:26:18,test_wallet_swap_loading_time[fresh_user],test_wallet_swap_cpu_fresh,passed,58.741,71.428,65.126,5,"65.341,62.219,58.741,71.428,67.9"
0c1c2b0287,2026-07-24T05:26:18,test_wallet_receive_first_open_loading_time[wallet_load_user],test_wallet_receive_first_open_cpu_wallet_load,passed,39.856,39.856,39.856,1,39.856
0c1c2b0287,2026-07-24T05:26:18,test_wallet_receive_loading_time[wallet_load_user],test_wallet_receive_cpu_wallet_load,passed,18.062,67.537,36.174,5,"67.537,18.062,38.394,24.691,32.184"
0c1c2b0287,2026-07-24T05:26:18,test_wallet_receive_first_open_loading_time[wallet_load_alex_user],test_wallet_receive_first_open_cpu_wallet_load_alex,passed,33.413,33.413,33.413,1,33.413
0c1c2b0287,2026-07-24T05:26:18,test_wallet_receive_loading_time[wallet_load_alex_user],test_wallet_receive_cpu_wallet_load_alex,passed,63.928,78.191,70.876,5,"63.928,67.547,73.037,78.191,71.678"
0c1c2b0287,2026-07-24T05:26:18,test_wallet_add_account_first_open_loading_time[wallet_load_user],test_wallet_add_account_first_open_cpu_wallet_load,passed,58.913,58.913,58.913,1,58.913
0c1c2b0287,2026-07-24T05:26:18,test_wallet_add_account_loading_time[wallet_load_user],test_wallet_add_account_cpu_wallet_load,passed,52.6,72.6,62.691,5,"52.6,60.194,65.044,63.019,72.6"
0c1c2b0287,2026-07-24T05:26:18,test_wallet_send_first_open_loading_time[wallet_load_alex_user],test_wallet_send_first_open_cpu_wallet_load_alex,passed,47.608,47.608,47.608,1,47.608
0c1c2b0287,2026-07-24T05:26:18,test_wallet_send_loading_time[wallet_load_alex_user],test_wallet_send_cpu_wallet_load_alex,passed,18.069,62.519,42.039,5,"62.519,60.75,46.23,22.625,18.069"
0c1c2b0287,2026-07-24T05:26:18,test_wallet_send_first_open_loading_time[wallet_load_user],test_wallet_send_first_open_cpu_wallet_load,passed,20.203,20.203,20.203,1,20.203
0c1c2b0287,2026-07-24T05:26:18,test_wallet_send_loading_time[wallet_load_user],test_wallet_send_cpu_wallet_load,passed,57.906,74.222,64.446,5,"63.6,57.906,59.131,67.369,74.222"
0c1c2b0287,2026-07-24T05:26:18,test_wallet_send_first_open_loading_time[fresh_user],test_wallet_send_first_open_cpu_fresh,passed,40.009,40.009,40.009,1,40.009
0c1c2b0287,2026-07-24T05:26:18,test_wallet_send_loading_time[fresh_user],test_wallet_send_cpu_fresh,passed,59.075,79.209,67.343,5,"60.864,59.075,66.513,79.209,71.053"
0c1c2b0287,2026-07-24T05:26:18,test_wallet_swap_first_open_loading_time[wallet_load_user],test_wallet_swap_first_open_cpu_wallet_load,passed,36.775,36.775,36.775,1,36.775
0c1c2b0287,2026-07-24T05:26:18,test_wallet_swap_loading_time[wallet_load_user],test_wallet_swap_cpu_wallet_load,passed,60.147,75.666,69.428,5,"67.756,60.147,75.666,73.572,70.0"
0c1c2b0287,2026-07-24T05:26:18,test_wallet_activity_tab_first_open_loading_time[fresh_user],test_wallet_activity_tab_first_open_cpu_fresh,passed,61.819,61.819,61.819,1,61.819
0c1c2b0287,2026-07-24T05:26:18,test_wallet_activity_tab_loading_time[fresh_user],test_wallet_activity_tab_cpu_fresh,passed,28.406,56.444,39.194,5,"44.531,28.406,34.625,56.444,31.962"
0c1c2b0287,2026-07-24T05:26:18,test_wallet_repeat_open_loading_time[fresh_user],test_wallet_repeat_open_cpu_fresh,passed,13.953,53.516,34.748,5,"53.516,49.534,33.2,13.953,23.538"
0c1c2b0287,2026-07-24T05:26:18,test_status_community_second_open_loading_time[user_data0-user_account0],test_status_community_second_open_cpu_member,passed,4.431,52.985,32.822,5,"14.243,4.431,39.969,52.985,52.484"
0c1c2b0287,2026-07-24T05:26:18,test_wallet_repeat_open_loading_time[wallet_load_alex_user],test_wallet_repeat_open_cpu_wallet_load_alex,passed,30.144,58.869,45.993,5,"56.663,30.144,58.869,44.822,39.469"
0c1c2b0287,2026-07-24T05:26:18,test_wallet_collectibles_tab_first_open_loading_time[wallet_load_user],test_wallet_collectibles_tab_first_open_cpu_wallet_load,passed,45.936,45.936,45.936,1,45.936
0c1c2b0287,2026-07-24T05:26:18,test_wallet_collectibles_tab_loading_time[wallet_load_user],test_wallet_collectibles_tab_cpu_wallet_load,passed,41.869,58.519,49.094,5,"57.456,58.519,43.812,41.869,43.815"
0c1c2b0287,2026-07-24T05:26:18,test_wallet_account_open_loading_time[wallet_load_user],test_wallet_account_first_open_cpu_wallet_load,passed,39.478,39.478,39.478,1,39.478
0c1c2b0287,2026-07-24T05:26:18,test_wallet_assets_tab_loading_time[wallet_load_user],test_wallet_assets_tab_cpu_wallet_load,passed,51.948,58.3,55.311,5,"51.948,58.023,52.309,55.975,58.3"
0c1c2b0287,2026-07-24T05:26:18,test_wallet_add_account_first_open_loading_time[fresh_user],test_wallet_add_account_first_open_cpu_fresh,passed,48.858,48.858,48.858,1,48.858
0c1c2b0287,2026-07-24T05:26:18,test_wallet_add_account_loading_time[fresh_user],test_wallet_add_account_cpu_fresh,passed,54.806,67.956,59.492,5,"55.134,54.806,67.956,54.819,64.744"
0c1c2b0287,2026-07-24T05:26:18,test_wallet_collectibles_tab_first_open_loading_time[fresh_user],test_wallet_collectibles_tab_first_open_cpu_fresh,passed,37.551,37.551,37.551,1,37.551
0c1c2b0287,2026-07-24T05:26:18,test_wallet_collectibles_tab_loading_time[fresh_user],test_wallet_collectibles_tab_cpu_fresh,passed,33.481,57.337,42.394,5,"40.319,38.281,57.337,42.55,33.481"
0c1c2b0287,2026-07-24T05:26:18,test_wallet_first_open_loading_time[wallet_load_alex_user],test_wallet_first_open_cpu_wallet_load_alex,passed,27.203,27.203,27.203,1,27.203
0c1c2b0287,2026-07-24T05:26:18,test_wallet_assets_tab_loading_time[wallet_load_alex_user],test_wallet_assets_tab_cpu_wallet_load_alex,passed,49.616,63.617,57.189,5,"55.178,59.008,63.617,58.528,49.616"
0c1c2b0287,2026-07-24T05:26:18,test_wallet_swap_first_open_loading_time[wallet_load_alex_user],test_wallet_swap_first_open_cpu_wallet_load_alex,passed,46.119,46.119,46.119,1,46.119
0c1c2b0287,2026-07-24T05:26:18,test_wallet_swap_loading_time[wallet_load_alex_user],test_wallet_swap_cpu_wallet_load_alex,passed,19.512,64.338,31.633,5,"64.338,19.512,25.053,23.372,25.891"
0c1c2b0287,2026-07-24T05:26:18,test_wallet_add_account_first_open_loading_time[wallet_load_alex_user],test_wallet_add_account_first_open_cpu_wallet_load_alex,passed,35.777,35.777,35.777,1,35.777
0c1c2b0287,2026-07-24T05:26:18,test_wallet_add_account_loading_time[wallet_load_alex_user],test_wallet_add_account_cpu_wallet_load_alex,passed,4.156,70.597,41.319,5,"59.188,54.65,70.597,4.156,18.003"
0c1c2b0287,2026-07-24T05:26:18,test_wallet_activity_tab_first_open_loading_time[wallet_load_user],test_wallet_activity_tab_first_open_cpu_wallet_load,passed,50.339,50.339,50.339,1,50.339
0c1c2b0287,2026-07-24T05:26:18,test_wallet_activity_tab_loading_time[wallet_load_user],test_wallet_activity_tab_cpu_wallet_load,passed,54.913,75.484,61.168,5,"55.956,56.425,63.062,75.484,54.913"
0c1c2b0287,2026-07-24T05:26:18,test_wallet_collectibles_tab_first_open_loading_time[wallet_load_alex_user],test_wallet_collectibles_tab_first_open_cpu_wallet_load_alex,passed,48.023,48.023,48.023,1,48.023
0c1c2b0287,2026-07-24T05:26:18,test_wallet_collectibles_tab_loading_time[wallet_load_alex_user],test_wallet_collectibles_tab_cpu_wallet_load_alex,passed,42.098,64.84,54.441,5,"42.098,63.523,64.84,55.117,46.627"
0c1c2b0287,2026-07-24T05:26:18,test_wallet_first_open_loading_time[fresh_user],test_wallet_first_open_cpu_fresh,passed,16.119,16.119,16.119,1,16.119
0b7c6c3241,2026-07-27T16:22:31,test_wallet_receive_first_open_loading_time[wallet_load_user],test_wallet_receive_first_open_cpu_wallet_load,passed,27.781,27.781,27.781,1,27.781
0b7c6c3241,2026-07-27T16:22:31,test_wallet_receive_loading_time[wallet_load_user],test_wallet_receive_cpu_wallet_load,passed,9.925,41.406,30.173,5,"33.594,41.406,37.891,9.925,28.05"
0b7c6c3241,2026-07-27T16:22:31,test_wallet_send_first_open_loading_time[wallet_load_alex_user],test_wallet_send_first_open_cpu_wallet_load_alex,passed,27.691,27.691,27.691,1,27.691
0b7c6c3241,2026-07-27T16:22:31,test_wallet_send_loading_time[wallet_load_alex_user],test_wallet_send_cpu_wallet_load_alex,passed,50.487,71.113,62.004,5,"50.487,57.947,71.113,63.916,66.556"
0b7c6c3241,2026-07-27T16:22:31,test_wallet_account_open_loading_time[wallet_load_user],test_wallet_account_first_open_cpu_wallet_load,passed,41.028,41.028,41.028,1,41.028
0b7c6c3241,2026-07-27T16:22:31,test_status_community_first_open_loading_time[user_data0-user_account0],test_status_community_first_open_cpu_member,passed,21.695,21.695,21.695,1,21.695
0b7c6c3241,2026-07-27T16:22:31,test_wallet_first_open_loading_time[wallet_load_alex_user],test_wallet_first_open_cpu_wallet_load_alex,passed,39.844,39.844,39.844,1,39.844
0b7c6c3241,2026-07-27T16:22:31,test_wallet_repeat_open_loading_time[wallet_load_user],test_wallet_repeat_open_cpu_wallet_load,passed,22.519,59.259,46.211,5,"22.519,49.369,50.953,48.953,59.259"
0b7c6c3241,2026-07-27T16:22:31,test_wallet_send_first_open_loading_time[wallet_load_user],test_wallet_send_first_open_cpu_wallet_load,passed,31.877,31.877,31.877,1,31.877
0b7c6c3241,2026-07-27T16:22:31,test_wallet_send_loading_time[wallet_load_user],test_wallet_send_cpu_wallet_load,passed,59.769,69.534,64.584,5,"62.772,59.769,69.534,69.066,61.778"
0b7c6c3241,2026-07-27T16:22:31,test_wallet_swap_first_open_loading_time[fresh_user],test_wallet_swap_first_open_cpu_fresh,passed,29.584,29.584,29.584,1,29.584
0b7c6c3241,2026-07-27T16:22:31,test_wallet_swap_loading_time[fresh_user],test_wallet_swap_cpu_fresh,passed,54.653,71.241,61.878,5,"59.85,65.031,54.653,58.616,71.241"
0b7c6c3241,2026-07-27T16:22:31,test_wallet_activity_tab_first_open_loading_time[wallet_load_user],test_wallet_activity_tab_first_open_cpu_wallet_load,passed,32.794,32.794,32.794,1,32.794
0b7c6c3241,2026-07-27T16:22:31,test_wallet_activity_tab_loading_time[wallet_load_user],test_wallet_activity_tab_cpu_wallet_load,passed,53.619,60.5,57.399,5,"57.975,57.678,53.619,60.5,57.222"
0b7c6c3241,2026-07-27T16:22:31,test_wallet_collectibles_tab_first_open_loading_time[wallet_load_alex_user],test_wallet_collectibles_tab_first_open_cpu_wallet_load_alex,passed,48.439,48.439,48.439,1,48.439
0b7c6c3241,2026-07-27T16:22:31,test_wallet_collectibles_tab_loading_time[wallet_load_alex_user],test_wallet_collectibles_tab_cpu_wallet_load_alex,passed,47.808,59.015,52.762,5,"47.808,59.015,51.652,54.228,51.108"
0b7c6c3241,2026-07-27T16:22:31,test_wallet_assets_tab_loading_time[fresh_user],test_wallet_assets_tab_cpu_fresh,passed,28.881,52.156,42.841,5,"28.881,42.872,52.156,49.112,41.184"
0b7c6c3241,2026-07-27T16:22:31,test_wallet_add_account_first_open_loading_time[wallet_load_user],test_wallet_add_account_first_open_cpu_wallet_load,passed,35.016,35.016,35.016,1,35.016
0b7c6c3241,2026-07-27T16:22:31,test_wallet_add_account_loading_time[wallet_load_user],test_wallet_add_account_cpu_wallet_load,passed,60.372,76.803,69.297,5,"76.803,62.484,73.681,60.372,73.147"
0b7c6c3241,2026-07-27T16:22:31,test_wallet_repeat_open_loading_time[wallet_load_alex_user],test_wallet_repeat_open_cpu_wallet_load_alex,passed,25.413,46.291,37.32,5,"25.413,44.766,46.291,30.6,39.531"
0b7c6c3241,2026-07-27T16:22:31,test_wallet_activity_tab_first_open_loading_time[wallet_load_alex_user],test_wallet_activity_tab_first_open_cpu_wallet_load_alex,passed,21.788,21.788,21.788,1,21.788
0b7c6c3241,2026-07-27T16:22:31,test_wallet_activity_tab_loading_time[wallet_load_alex_user],test_wallet_activity_tab_cpu_wallet_load_alex,passed,48.009,61.763,54.172,5,"54.75,48.009,48.319,61.763,58.022"
0b7c6c3241,2026-07-27T16:22:31,test_wallet_collectibles_tab_first_open_loading_time[fresh_user],test_wallet_collectibles_tab_first_open_cpu_fresh,passed,36.652,36.652,36.652,1,36.652
0b7c6c3241,2026-07-27T16:22:31,test_wallet_collectibles_tab_loading_time[fresh_user],test_wallet_collectibles_tab_cpu_fresh,passed,20.606,45.275,38.46,5,"42.969,45.275,20.606,39.062,44.388"
0b7c6c3241,2026-07-27T16:22:31,test_wallet_activity_tab_first_open_loading_time[fresh_user],test_wallet_activity_tab_first_open_cpu_fresh,passed,35.156,35.156,35.156,1,35.156
0b7c6c3241,2026-07-27T16:22:31,test_wallet_activity_tab_loading_time[fresh_user],test_wallet_activity_tab_cpu_fresh,passed,28.669,65.694,38.246,5,"33.853,65.694,32.55,30.462,28.669"
0b7c6c3241,2026-07-27T16:22:31,test_wallet_receive_first_open_loading_time[wallet_load_alex_user],test_wallet_receive_first_open_cpu_wallet_load_alex,passed,38.2,38.2,38.2,1,38.2
0b7c6c3241,2026-07-27T16:22:31,test_wallet_receive_loading_time[wallet_load_alex_user],test_wallet_receive_cpu_wallet_load_alex,passed,55.078,80.556,66.954,5,"80.556,75.509,61.816,61.812,55.078"
0b7c6c3241,2026-07-27T16:22:31,test_wallet_first_open_loading_time[wallet_load_user],test_wallet_first_open_cpu_wallet_load,passed,17.025,17.025,17.025,1,17.025
0b7c6c3241,2026-07-27T16:22:31,test_wallet_collectibles_tab_first_open_loading_time[wallet_load_user],test_wallet_collectibles_tab_first_open_cpu_wallet_load,passed,45.607,45.607,45.607,1,45.607
0b7c6c3241,2026-07-27T16:22:31,test_wallet_collectibles_tab_loading_time[wallet_load_user],test_wallet_collectibles_tab_cpu_wallet_load,passed,38.01,58.623,47.423,5,"58.623,53.228,38.01,41.709,45.544"
0b7c6c3241,2026-07-27T16:22:31,test_wallet_swap_first_open_loading_time[wallet_load_user],test_wallet_swap_first_open_cpu_wallet_load,passed,37.427,37.427,37.427,1,37.427
0b7c6c3241,2026-07-27T16:22:31,test_wallet_swap_loading_time[wallet_load_user],test_wallet_swap_cpu_wallet_load,passed,57.444,75.159,64.02,5,"60.15,63.675,75.159,57.444,63.672"
0b7c6c3241,2026-07-27T16:22:31,test_wallet_first_open_loading_time[fresh_user],test_wallet_first_open_cpu_fresh,passed,36.175,36.175,36.175,1,36.175
0b7c6c3241,2026-07-27T16:22:31,test_wallet_receive_first_open_loading_time[fresh_user],test_wallet_receive_first_open_cpu_fresh,passed,37.422,37.422,37.422,1,37.422
0b7c6c3241,2026-07-27T16:22:31,test_wallet_receive_loading_time[fresh_user],test_wallet_receive_cpu_fresh,passed,52.156,74.763,64.253,5,"52.156,69.272,66.734,74.763,58.341"
0b7c6c3241,2026-07-27T16:22:31,test_wallet_add_account_first_open_loading_time[wallet_load_alex_user],test_wallet_add_account_first_open_cpu_wallet_load_alex,passed,53.46,53.46,53.46,1,53.46
0b7c6c3241,2026-07-27T16:22:31,test_wallet_add_account_loading_time[wallet_load_alex_user],test_wallet_add_account_cpu_wallet_load_alex,passed,52.275,80.481,63.362,5,"52.275,66.091,63.697,54.269,80.481"
0b7c6c3241,2026-07-27T16:22:31,test_wallet_send_first_open_loading_time[fresh_user],test_wallet_send_first_open_cpu_fresh,passed,45.643,45.643,45.643,1,45.643
0b7c6c3241,2026-07-27T16:22:31,test_wallet_send_loading_time[fresh_user],test_wallet_send_cpu_fresh,passed,42.322,61.084,53.036,5,"50.022,61.072,42.322,50.678,61.084"
0b7c6c3241,2026-07-27T16:22:31,test_wallet_account_open_loading_time[fresh_user],test_wallet_account_first_open_cpu_fresh,passed,56.25,56.25,56.25,1,56.25
0b7c6c3241,2026-07-27T16:22:31,test_wallet_repeat_open_loading_time[fresh_user],test_wallet_repeat_open_cpu_fresh,passed,15.028,59.522,42.234,5,"44.141,59.522,59.431,15.028,33.05"
0b7c6c3241,2026-07-27T16:22:31,test_status_community_second_open_loading_time[user_data0-user_account0],test_status_community_second_open_cpu_member,passed,8.496,64.721,33.921,5,"14.05,8.496,41.688,40.649,64.721"
0b7c6c3241,2026-07-27T16:22:31,test_wallet_add_account_first_open_loading_time[fresh_user],test_wallet_add_account_first_open_cpu_fresh,passed,40.0,40.0,40.0,1,40.0
0b7c6c3241,2026-07-27T16:22:31,test_wallet_add_account_loading_time[fresh_user],test_wallet_add_account_cpu_fresh,passed,49.131,59.466,54.485,5,"56.244,59.466,49.131,52.013,55.572"
0b7c6c3241,2026-07-27T16:22:31,test_wallet_assets_tab_loading_time[wallet_load_alex_user],test_wallet_assets_tab_cpu_wallet_load_alex,passed,44.053,59.995,53.74,5,"44.053,59.995,56.48,58.756,49.414"
0b7c6c3241,2026-07-27T16:22:31,test_wallet_assets_tab_loading_time[wallet_load_user],test_wallet_assets_tab_cpu_wallet_load,passed,35.773,65.873,53.395,5,"35.773,49.35,65.873,54.917,61.06"
0b7c6c3241,2026-07-27T16:22:31,test_wallet_account_open_loading_time[wallet_load_alex_user],test_wallet_account_first_open_cpu_wallet_load_alex,passed,39.997,39.997,39.997,1,39.997
0b7c6c3241,2026-07-27T16:22:31,test_wallet_swap_first_open_loading_time[wallet_load_alex_user],test_wallet_swap_first_open_cpu_wallet_load_alex,passed,20.162,20.162,20.162,1,20.162
0b7c6c3241,2026-07-27T16:22:31,test_wallet_swap_loading_time[wallet_load_alex_user],test_wallet_swap_cpu_wallet_load_alex,passed,7.219,68.209,49.924,5,"65.481,68.209,66.391,7.219,42.319"
cf137ac677,2026-07-28T05:35:30,test_wallet_receive_first_open_loading_time[wallet_load_alex_user],test_wallet_receive_first_open_cpu_wallet_load_alex,passed,52.646,52.646,52.646,1,52.646
cf137ac677,2026-07-28T05:35:30,test_wallet_receive_loading_time[wallet_load_alex_user],test_wallet_receive_cpu_wallet_load_alex,passed,36.728,76.994,54.294,5,"38.153,74.128,45.466,76.994,36.728"
cf137ac677,2026-07-28T05:35:30,test_wallet_collectibles_tab_first_open_loading_time[fresh_user],test_wallet_collectibles_tab_first_open_cpu_fresh,passed,35.367,35.367,35.367,1,35.367
cf137ac677,2026-07-28T05:35:30,test_wallet_collectibles_tab_loading_time[fresh_user],test_wallet_collectibles_tab_cpu_fresh,passed,19.712,84.219,46.686,5,"34.044,84.219,53.269,42.188,19.712"
cf137ac677,2026-07-28T05:35:30,test_wallet_send_first_open_loading_time[fresh_user],test_wallet_send_first_open_cpu_fresh,passed,32.959,32.959,32.959,1,32.959
cf137ac677,2026-07-28T05:35:30,test_wallet_send_loading_time[fresh_user],test_wallet_send_cpu_fresh,passed,54.794,67.875,60.477,5,"62.987,67.875,61.669,54.794,55.062"
cf137ac677,2026-07-28T05:35:30,test_wallet_receive_first_open_loading_time[wallet_load_user],test_wallet_receive_first_open_cpu_wallet_load,passed,23.587,23.587,23.587,1,23.587
cf137ac677,2026-07-28T05:35:30,test_wallet_receive_loading_time[wallet_load_user],test_wallet_receive_cpu_wallet_load,passed,7.619,55.581,37.213,5,"42.097,55.581,52.294,28.475,7.619"
cf137ac677,2026-07-28T05:35:30,test_wallet_account_open_loading_time[fresh_user],test_wallet_account_first_open_cpu_fresh,passed,52.319,52.319,52.319,1,52.319
cf137ac677,2026-07-28T05:35:30,test_wallet_send_first_open_loading_time[wallet_load_alex_user],test_wallet_send_first_open_cpu_wallet_load_alex,passed,41.534,41.534,41.534,1,41.534
cf137ac677,2026-07-28T05:35:30,test_wallet_send_loading_time[wallet_load_alex_user],test_wallet_send_cpu_wallet_load_alex,passed,16.278,69.803,37.172,5,"57.088,69.803,16.278,24.9,17.791"
cf137ac677,2026-07-28T05:35:30,test_status_community_second_open_loading_time[user_data0-user_account0],test_status_community_second_open_cpu_member,passed,7.485,52.63,34.09,5,"10.332,7.485,51.345,48.656,52.63"
cf137ac677,2026-07-28T05:35:30,test_wallet_assets_tab_loading_time[wallet_load_user],test_wallet_assets_tab_cpu_wallet_load,passed,44.5,59.562,52.317,5,"44.5,47.892,59.562,58.902,50.727"
cf137ac677,2026-07-28T05:35:30,test_status_community_first_open_loading_time[user_data0-user_account0],test_status_community_first_open_cpu_member,passed,20.773,20.773,20.773,1,20.773
cf137ac677,2026-07-28T05:35:30,test_wallet_repeat_open_loading_time[fresh_user],test_wallet_repeat_open_cpu_fresh,passed,20.828,57.0,45.026,5,"50.763,57.0,42.641,53.897,20.828"
cf137ac677,2026-07-28T05:35:30,test_wallet_assets_tab_loading_time[fresh_user],test_wallet_assets_tab_cpu_fresh,passed,25.391,54.416,34.836,5,"29.628,54.416,37.516,25.391,27.231"
cf137ac677,2026-07-28T05:35:30,test_wallet_receive_first_open_loading_time[fresh_user],test_wallet_receive_first_open_cpu_fresh,passed,33.163,33.163,33.163,1,33.163
cf137ac677,2026-07-28T05:35:30,test_wallet_receive_loading_time[fresh_user],test_wallet_receive_cpu_fresh,passed,49.163,79.853,58.636,5,"53.716,61.134,49.163,49.316,79.853"
cf137ac677,2026-07-28T05:35:30,test_wallet_add_account_first_open_loading_time[fresh_user],test_wallet_add_account_first_open_cpu_fresh,passed,34.359,34.359,34.359,1,34.359
cf137ac677,2026-07-28T05:35:30,test_wallet_add_account_loading_time[fresh_user],test_wallet_add_account_cpu_fresh,passed,48.019,67.997,61.743,5,"63.612,62.653,48.019,67.997,66.434"
cf137ac677,2026-07-28T05:35:30,test_wallet_activity_tab_first_open_loading_time[wallet_load_alex_user],test_wallet_activity_tab_first_open_cpu_wallet_load_alex,passed,49.372,49.372,49.372,1,49.372
cf137ac677,2026-07-28T05:35:30,test_wallet_activity_tab_loading_time[wallet_load_alex_user],test_wallet_activity_tab_cpu_wallet_load_alex,passed,26.766,63.703,47.799,5,"50.55,26.766,34.453,63.703,63.522"
cf137ac677,2026-07-28T05:35:30,test_wallet_repeat_open_loading_time[wallet_load_alex_user],test_wallet_repeat_open_cpu_wallet_load_alex,passed,27.163,57.934,46.601,5,"27.163,57.934,48.331,53.784,45.794"
cf137ac677,2026-07-28T05:35:30,test_wallet_add_account_first_open_loading_time[wallet_load_alex_user],test_wallet_add_account_first_open_cpu_wallet_load_alex,passed,46.569,46.569,46.569,1,46.569
cf137ac677,2026-07-28T05:35:30,test_wallet_add_account_loading_time[wallet_load_alex_user],test_wallet_add_account_cpu_wallet_load_alex,passed,3.85,67.634,38.459,5,"50.891,67.634,54.822,3.85,15.097"
cf137ac677,2026-07-28T05:35:30,test_wallet_account_open_loading_time[wallet_load_user],test_wallet_account_first_open_cpu_wallet_load,passed,25.909,25.909,25.909,1,25.909
cf137ac677,2026-07-28T05:35:30,test_wallet_swap_first_open_loading_time[wallet_load_alex_user],test_wallet_swap_first_open_cpu_wallet_load_alex,passed,51.076,51.076,51.076,1,51.076
cf137ac677,2026-07-28T05:35:30,test_wallet_swap_loading_time[wallet_load_alex_user],test_wallet_swap_cpu_wallet_load_alex,passed,57.138,70.831,64.28,5,"66.675,57.138,70.831,58.934,67.822"
cf137ac677,2026-07-28T05:35:30,test_wallet_collectibles_tab_first_open_loading_time[wallet_load_user],test_wallet_collectibles_tab_first_open_cpu_wallet_load,passed,44.604,44.604,44.604,1,44.604
cf137ac677,2026-07-28T05:35:30,test_wallet_collectibles_tab_loading_time[wallet_load_user],test_wallet_collectibles_tab_cpu_wallet_load,passed,37.178,46.494,42.0,5,"37.178,43.859,39.929,46.494,42.54"
cf137ac677,2026-07-28T05:35:30,test_wallet_swap_first_open_loading_time[fresh_user],test_wallet_swap_first_open_cpu_fresh,passed,36.585,36.585,36.585,1,36.585
cf137ac677,2026-07-28T05:35:30,test_wallet_swap_loading_time[fresh_user],test_wallet_swap_cpu_fresh,passed,48.844,76.247,65.356,5,"67.422,48.844,64.787,69.481,76.247"
cf137ac677,2026-07-28T05:35:30,test_wallet_activity_tab_first_open_loading_time[fresh_user],test_wallet_activity_tab_first_open_cpu_fresh,passed,51.962,51.962,51.962,1,51.962
cf137ac677,2026-07-28T05:35:30,test_wallet_activity_tab_loading_time[fresh_user],test_wallet_activity_tab_cpu_fresh,passed,24.856,46.094,36.846,5,"42.188,43.75,46.094,24.856,27.344"
cf137ac677,2026-07-28T05:35:30,test_wallet_repeat_open_loading_time[wallet_load_user],test_wallet_repeat_open_cpu_wallet_load,passed,28.231,57.888,43.781,5,"28.231,37.141,47.909,57.888,47.737"
cf137ac677,2026-07-28T05:35:30,test_wallet_first_open_loading_time[fresh_user],test_wallet_first_open_cpu_fresh,passed,15.775,15.775,15.775,1,15.775
cf137ac677,2026-07-28T05:35:30,test_wallet_assets_tab_loading_time[wallet_load_alex_user],test_wallet_assets_tab_cpu_wallet_load_alex,passed,49.222,65.731,57.711,5,"58.447,65.731,54.661,49.222,60.494"
cf137ac677,2026-07-28T05:35:30,test_wallet_activity_tab_first_open_loading_time[wallet_load_user],test_wallet_activity_tab_first_open_cpu_wallet_load,passed,45.041,45.041,45.041,1,45.041
cf137ac677,2026-07-28T05:35:30,test_wallet_activity_tab_loading_time[wallet_load_user],test_wallet_activity_tab_cpu_wallet_load,passed,45.166,63.266,53.716,5,"45.166,63.266,53.631,57.834,48.681"
cf137ac677,2026-07-28T05:35:30,test_wallet_first_open_loading_time[wallet_load_user],test_wallet_first_open_cpu_wallet_load,passed,46.094,46.094,46.094,1,46.094
cf137ac677,2026-07-28T05:35:30,test_wallet_account_open_loading_time[wallet_load_alex_user],test_wallet_account_first_open_cpu_wallet_load_alex,passed,48.475,48.475,48.475,1,48.475
cf137ac677,2026-07-28T05:35:30,test_wallet_send_first_open_loading_time[wallet_load_user],test_wallet_send_first_open_cpu_wallet_load,passed,52.111,52.111,52.111,1,52.111
cf137ac677,2026-07-28T05:35:30,test_wallet_send_loading_time[wallet_load_user],test_wallet_send_cpu_wallet_load,passed,54.372,67.8,61.237,5,"56.263,54.372,64.312,63.441,67.8"
cf137ac677,2026-07-28T05:35:30,test_wallet_add_account_first_open_loading_time[wallet_load_user],test_wallet_add_account_first_open_cpu_wallet_load,passed,44.631,44.631,44.631,1,44.631
cf137ac677,2026-07-28T05:35:30,test_wallet_add_account_loading_time[wallet_load_user],test_wallet_add_account_cpu_wallet_load,passed,50.447,67.794,56.902,5,"57.047,51.859,57.366,67.794,50.447"
cf137ac677,2026-07-28T05:35:30,test_wallet_first_open_loading_time[wallet_load_alex_user],test_wallet_first_open_cpu_wallet_load_alex,passed,24.256,24.256,24.256,1,24.256
cf137ac677,2026-07-28T05:35:30,test_wallet_swap_first_open_loading_time[wallet_load_user],test_wallet_swap_first_open_cpu_wallet_load,passed,50.521,50.521,50.521,1,50.521
cf137ac677,2026-07-28T05:35:30,test_wallet_swap_loading_time[wallet_load_user],test_wallet_swap_cpu_wallet_load,passed,61.447,69.787,66.523,5,"65.509,69.425,66.447,69.787,61.447"
8b23a3fe3d,2026-07-29T04:47:11,test_wallet_repeat_open_loading_time[wallet_load_alex_user],test_wallet_repeat_open_cpu_wallet_load_alex,passed,31.606,60.644,52.832,5,"55.856,57.934,58.119,60.644,31.606"
8b23a3fe3d,2026-07-29T04:47:11,test_wallet_receive_first_open_loading_time[wallet_load_alex_user],test_wallet_receive_first_open_cpu_wallet_load_alex,passed,28.621,28.621,28.621,1,28.621
8b23a3fe3d,2026-07-29T04:47:11,test_wallet_receive_loading_time[wallet_load_alex_user],test_wallet_receive_cpu_wallet_load_alex,passed,30.306,74.412,52.683,5,"44.081,48.572,74.412,30.306,66.041"
8b23a3fe3d,2026-07-29T04:47:11,test_status_community_first_open_loading_time[user_data0-user_account0],test_status_community_first_open_cpu_member,passed,22.809,22.809,22.809,1,22.809
8b23a3fe3d,2026-07-29T04:47:11,test_wallet_send_first_open_loading_time[wallet_load_alex_user],test_wallet_send_first_open_cpu_wallet_load_alex,passed,49.988,49.988,49.988,1,49.988
8b23a3fe3d,2026-07-29T04:47:11,test_wallet_send_loading_time[wallet_load_alex_user],test_wallet_send_cpu_wallet_load_alex,passed,63.488,72.984,68.888,5,"71.184,63.488,72.984,65.7,71.084"
8b23a3fe3d,2026-07-29T04:47:11,test_wallet_assets_tab_loading_time[wallet_load_user],test_wallet_assets_tab_cpu_wallet_load,passed,42.506,62.821,56.099,5,"42.506,57.34,59.992,57.835,62.821"
8b23a3fe3d,2026-07-29T04:47:11,test_wallet_add_account_first_open_loading_time[fresh_user],test_wallet_add_account_first_open_cpu_fresh,passed,36.506,36.506,36.506,1,36.506
8b23a3fe3d,2026-07-29T04:47:11,test_wallet_add_account_loading_time[fresh_user],test_wallet_add_account_cpu_fresh,passed,49.056,68.159,56.742,5,"49.056,55.803,51.341,59.35,68.159"
8b23a3fe3d,2026-07-29T04:47:11,test_wallet_account_open_loading_time[fresh_user],test_wallet_account_first_open_cpu_fresh,passed,34.875,34.875,34.875,1,34.875
8b23a3fe3d,2026-07-29T04:47:11,test_wallet_first_open_loading_time[fresh_user],test_wallet_first_open_cpu_fresh,passed,16.341,16.341,16.341,1,16.341
8b23a3fe3d,2026-07-29T04:47:11,test_wallet_repeat_open_loading_time[wallet_load_user],test_wallet_repeat_open_cpu_wallet_load,passed,21.238,55.038,40.439,5,"21.238,29.2,42.981,55.038,53.741"
8b23a3fe3d,2026-07-29T04:47:11,test_wallet_swap_first_open_loading_time[fresh_user],test_wallet_swap_first_open_cpu_fresh,passed,56.171,56.171,56.171,1,56.171
8b23a3fe3d,2026-07-29T04:47:11,test_wallet_swap_loading_time[fresh_user],test_wallet_swap_cpu_fresh,passed,50.853,65.332,57.345,5,"50.853,52.431,65.332,60.378,57.728"
8b23a3fe3d,2026-07-29T04:47:11,test_wallet_send_first_open_loading_time[fresh_user],test_wallet_send_first_open_cpu_fresh,passed,46.357,46.357,46.357,1,46.357
8b23a3fe3d,2026-07-29T04:47:11,test_wallet_send_loading_time[fresh_user],test_wallet_send_cpu_fresh,passed,52.141,60.737,57.46,5,"54.15,52.141,59.599,60.737,60.675"
8b23a3fe3d,2026-07-29T04:47:11,test_wallet_activity_tab_first_open_loading_time[fresh_user],test_wallet_activity_tab_first_open_cpu_fresh,passed,50.225,50.225,50.225,1,50.225
8b23a3fe3d,2026-07-29T04:47:11,test_wallet_activity_tab_loading_time[fresh_user],test_wallet_activity_tab_cpu_fresh,passed,35.837,60.925,49.605,5,"43.75,60.925,35.837,59.131,48.381"
8b23a3fe3d,2026-07-29T04:47:11,test_wallet_activity_tab_first_open_loading_time[wallet_load_alex_user],test_wallet_activity_tab_first_open_cpu_wallet_load_alex,passed,54.225,54.225,54.225,1,54.225
8b23a3fe3d,2026-07-29T04:47:11,test_wallet_activity_tab_loading_time[wallet_load_alex_user],test_wallet_activity_tab_cpu_wallet_load_alex,passed,48.812,63.422,55.88,5,"58.847,50.175,63.422,48.812,58.144"
8b23a3fe3d,2026-07-29T04:47:11,test_wallet_first_open_loading_time[wallet_load_alex_user],test_wallet_first_open_cpu_wallet_load_alex,passed,45.491,45.491,45.491,1,45.491
8b23a3fe3d,2026-07-29T04:47:11,test_wallet_add_account_first_open_loading_time[wallet_load_alex_user],test_wallet_add_account_first_open_cpu_wallet_load_alex,passed,31.559,31.559,31.559,1,31.559
8b23a3fe3d,2026-07-29T04:47:11,test_wallet_add_account_loading_time[wallet_load_alex_user],test_wallet_add_account_cpu_wallet_load_alex,passed,51.916,76.859,63.103,5,"51.916,54.109,67.281,76.859,65.347"
8b23a3fe3d,2026-07-29T04:47:11,test_wallet_account_open_loading_time[wallet_load_user],test_wallet_account_first_open_cpu_wallet_load,passed,50.634,50.634,50.634,1,50.634
8b23a3fe3d,2026-07-29T04:47:11,test_wallet_collectibles_tab_first_open_loading_time[fresh_user],test_wallet_collectibles_tab_first_open_cpu_fresh,passed,38.178,38.178,38.178,1,38.178
8b23a3fe3d,2026-07-29T04:47:11,test_wallet_collectibles_tab_loading_time[fresh_user],test_wallet_collectibles_tab_cpu_fresh,passed,31.962,41.212,34.166,5,"41.212,32.812,31.962,32.812,32.031"
8b23a3fe3d,2026-07-29T04:47:11,test_wallet_swap_first_open_loading_time[wallet_load_user],test_wallet_swap_first_open_cpu_wallet_load,passed,35.841,35.841,35.841,1,35.841
8b23a3fe3d,2026-07-29T04:47:11,test_wallet_swap_loading_time[wallet_load_user],test_wallet_swap_cpu_wallet_load,passed,58.072,68.722,62.819,5,"59.878,64.569,58.072,68.722,62.853"
8b23a3fe3d,2026-07-29T04:47:11,test_wallet_account_open_loading_time[wallet_load_alex_user],test_wallet_account_first_open_cpu_wallet_load_alex,passed,45.916,45.916,45.916,1,45.916
8b23a3fe3d,2026-07-29T04:47:11,test_wallet_receive_first_open_loading_time[fresh_user],test_wallet_receive_first_open_cpu_fresh,passed,46.369,46.369,46.369,1,46.369
8b23a3fe3d,2026-07-29T04:47:11,test_wallet_receive_loading_time[fresh_user],test_wallet_receive_cpu_fresh,passed,39.538,72.425,55.822,5,"56.153,72.425,51.487,39.538,59.506"
8b23a3fe3d,2026-07-29T04:47:11,test_wallet_repeat_open_loading_time[fresh_user],test_wallet_repeat_open_cpu_fresh,passed,45.591,57.031,53.459,5,"57.003,51.706,55.963,57.031,45.591"
8b23a3fe3d,2026-07-29T04:47:11,test_wallet_first_open_loading_time[wallet_load_user],test_wallet_first_open_cpu_wallet_load,passed,51.172,51.172,51.172,1,51.172
8b23a3fe3d,2026-07-29T04:47:11,test_wallet_assets_tab_loading_time[fresh_user],test_wallet_assets_tab_cpu_fresh,passed,30.859,46.016,37.211,5,"31.322,33.594,46.016,44.263,30.859"
8b23a3fe3d,2026-07-29T04:47:11,test_wallet_collectibles_tab_first_open_loading_time[wallet_load_alex_user],test_wallet_collectibles_tab_first_open_cpu_wallet_load_alex,passed,47.691,47.691,47.691,1,47.691
8b23a3fe3d,2026-07-29T04:47:11,test_wallet_collectibles_tab_loading_time[wallet_load_alex_user],test_wallet_collectibles_tab_cpu_wallet_load_alex,passed,39.689,46.514,44.275,5,"39.689,44.519,45.87,46.514,44.781"
8b23a3fe3d,2026-07-29T04:47:11,test_wallet_add_account_first_open_loading_time[wallet_load_user],test_wallet_add_account_first_open_cpu_wallet_load,passed,37.059,37.059,37.059,1,37.059
8b23a3fe3d,2026-07-29T04:47:11,test_wallet_add_account_loading_time[wallet_load_user],test_wallet_add_account_cpu_wallet_load,passed,50.172,73.722,66.023,5,"50.172,66.269,73.644,66.306,73.722"
8b23a3fe3d,2026-07-29T04:47:11,test_wallet_send_first_open_loading_time[wallet_load_user],test_wallet_send_first_open_cpu_wallet_load,passed,30.512,30.512,30.512,1,30.512
8b23a3fe3d,2026-07-29T04:47:11,test_wallet_send_loading_time[wallet_load_user],test_wallet_send_cpu_wallet_load,passed,55.759,66.244,61.759,5,"60.194,63.659,55.759,62.938,66.244"
8b23a3fe3d,2026-07-29T04:47:11,test_wallet_assets_tab_loading_time[wallet_load_alex_user],test_wallet_assets_tab_cpu_wallet_load_alex,passed,45.944,64.411,56.542,5,"63.061,59.571,64.411,49.725,45.944"
8b23a3fe3d,2026-07-29T04:47:11,test_wallet_swap_first_open_loading_time[wallet_load_alex_user],test_wallet_swap_first_open_cpu_wallet_load_alex,passed,40.356,40.356,40.356,1,40.356
8b23a3fe3d,2026-07-29T04:47:11,test_wallet_swap_loading_time[wallet_load_alex_user],test_wallet_swap_cpu_wallet_load_alex,passed,61.125,69.819,65.93,5,"69.316,69.819,63.922,61.125,65.469"
8b23a3fe3d,2026-07-29T04:47:11,test_wallet_receive_first_open_loading_time[wallet_load_user],test_wallet_receive_first_open_cpu_wallet_load,passed,36.797,36.797,36.797,1,36.797
8b23a3fe3d,2026-07-29T04:47:11,test_wallet_receive_loading_time[wallet_load_user],test_wallet_receive_cpu_wallet_load,passed,16.609,53.541,37.797,5,"44.141,53.541,48.884,25.809,16.609"
8b23a3fe3d,2026-07-29T04:47:11,test_wallet_collectibles_tab_first_open_loading_time[wallet_load_user],test_wallet_collectibles_tab_first_open_cpu_wallet_load,passed,46.128,46.128,46.128,1,46.128
8b23a3fe3d,2026-07-29T04:47:11,test_wallet_collectibles_tab_loading_time[wallet_load_user],test_wallet_collectibles_tab_cpu_wallet_load,passed,35.898,56.044,46.019,5,"56.044,43.233,45.969,35.898,48.952"
8b23a3fe3d,2026-07-29T04:47:11,test_wallet_activity_tab_first_open_loading_time[wallet_load_user],test_wallet_activity_tab_first_open_cpu_wallet_load,passed,56.891,56.891,56.891,1,56.891
8b23a3fe3d,2026-07-29T04:47:11,test_wallet_activity_tab_loading_time[wallet_load_user],test_wallet_activity_tab_cpu_wallet_load,passed,54.516,65.128,60.573,5,"54.516,62.65,58.066,62.503,65.128"
8b23a3fe3d,2026-07-29T04:47:11,test_status_community_second_open_loading_time[user_data0-user_account0],test_status_community_second_open_cpu_member,passed,2.849,55.78,34.987,5,"11.81,2.849,54.833,49.665,55.78"
8762ea257f,2026-07-29T08:45:47,test_wallet_collectibles_tab_first_open_loading_time[fresh_user],test_wallet_collectibles_tab_first_open_cpu_fresh,passed,40.365,40.365,40.365,1,40.365
8762ea257f,2026-07-29T08:45:47,test_wallet_collectibles_tab_loading_time[fresh_user],test_wallet_collectibles_tab_cpu_fresh,passed,19.531,86.112,45.186,5,"24.856,19.531,38.094,57.337,86.112"
8762ea257f,2026-07-29T08:45:47,test_wallet_account_open_loading_time[wallet_load_user],test_wallet_account_first_open_cpu_wallet_load,passed,37.128,37.128,37.128,1,37.128
8762ea257f,2026-07-29T08:45:47,test_wallet_swap_first_open_loading_time[fresh_user],test_wallet_swap_first_open_cpu_fresh,passed,45.21,45.21,45.21,1,45.21
8762ea257f,2026-07-29T08:45:47,test_wallet_swap_loading_time[fresh_user],test_wallet_swap_cpu_fresh,passed,54.109,63.413,59.373,5,"55.916,60.1,63.325,54.109,63.413"
8762ea257f,2026-07-29T08:45:47,test_wallet_assets_tab_first_open_loading_time[fresh_user],test_wallet_assets_tab_first_open_cpu_fresh,passed,56.992,56.992,56.992,1,56.992
8762ea257f,2026-07-29T08:45:47,test_wallet_assets_tab_loading_time[fresh_user],test_wallet_assets_tab_cpu_fresh,passed,22.144,31.091,25.427,5,"25.781,24.925,23.194,31.091,22.144"
8762ea257f,2026-07-29T08:45:47,test_wallet_collectibles_tab_first_open_loading_time[wallet_load_alex_user],test_wallet_collectibles_tab_first_open_cpu_wallet_load_alex,passed,45.243,45.243,45.243,1,45.243
8762ea257f,2026-07-29T08:45:47,test_wallet_collectibles_tab_loading_time[wallet_load_alex_user],test_wallet_collectibles_tab_cpu_wallet_load_alex,passed,36.042,56.025,44.917,5,"43.321,44.353,56.025,36.042,44.846"
8762ea257f,2026-07-29T08:45:47,test_wallet_swap_first_open_loading_time[wallet_load_user],test_wallet_swap_first_open_cpu_wallet_load,passed,40.049,40.049,40.049,1,40.049
8762ea257f,2026-07-29T08:45:47,test_wallet_swap_loading_time[wallet_load_user],test_wallet_swap_cpu_wallet_load,passed,59.156,73.634,66.133,5,"73.634,60.169,59.156,65.772,71.934"
8762ea257f,2026-07-29T08:45:47,test_wallet_first_open_loading_time[fresh_user],test_wallet_first_open_cpu_fresh,passed,21.606,21.606,21.606,1,21.606
8762ea257f,2026-07-29T08:45:47,test_wallet_send_first_open_loading_time[wallet_load_alex_user],test_wallet_send_first_open_cpu_wallet_load_alex,passed,43.957,43.957,43.957,1,43.957
8762ea257f,2026-07-29T08:45:47,test_wallet_send_loading_time[wallet_load_alex_user],test_wallet_send_cpu_wallet_load_alex,passed,62.056,69.925,66.069,5,"62.056,63.744,69.925,69.104,65.516"
8762ea257f,2026-07-29T08:45:47,test_wallet_add_account_first_open_loading_time[fresh_user],test_wallet_add_account_first_open_cpu_fresh,passed,40.809,40.809,40.809,1,40.809
8762ea257f,2026-07-29T08:45:47,test_wallet_add_account_loading_time[fresh_user],test_wallet_add_account_cpu_fresh,passed,51.862,65.191,57.68,5,"54.822,62.169,51.862,65.191,54.356"
8762ea257f,2026-07-29T08:45:47,test_wallet_add_account_first_open_loading_time[wallet_load_user],test_wallet_add_account_first_open_cpu_wallet_load,passed,30.094,30.094,30.094,1,30.094
8762ea257f,2026-07-29T08:45:47,test_wallet_add_account_loading_time[wallet_load_user],test_wallet_add_account_cpu_wallet_load,passed,54.684,63.288,57.701,5,"54.731,54.684,60.559,55.244,63.288"
8762ea257f,2026-07-29T08:45:47,test_wallet_account_open_loading_time[fresh_user],test_wallet_account_first_open_cpu_fresh,passed,47.656,47.656,47.656,1,47.656
8762ea257f,2026-07-29T08:45:47,test_status_community_second_open_loading_time[user_data0-user_account0],test_status_community_second_open_cpu_member,passed,5.312,48.231,27.33,5,"14.003,5.312,30.436,48.231,38.668"
8762ea257f,2026-07-29T08:45:47,test_wallet_repeat_open_loading_time[wallet_load_alex_user],test_wallet_repeat_open_cpu_wallet_load_alex,passed,31.006,55.8,44.359,5,"41.519,55.8,43.15,31.006,50.322"
8762ea257f,2026-07-29T08:45:47,test_wallet_collectibles_tab_first_open_loading_time[wallet_load_user],test_wallet_collectibles_tab_first_open_cpu_wallet_load,passed,46.203,46.203,46.203,1,46.203
8762ea257f,2026-07-29T08:45:47,test_wallet_collectibles_tab_loading_time[wallet_load_user],test_wallet_collectibles_tab_cpu_wallet_load,passed,37.306,49.219,43.853,5,"37.306,41.716,48.396,49.219,42.629"
8762ea257f,2026-07-29T08:45:47,test_wallet_receive_first_open_loading_time[wallet_load_alex_user],test_wallet_receive_first_open_cpu_wallet_load_alex,passed,46.663,46.663,46.663,1,46.663
8762ea257f,2026-07-29T08:45:47,test_wallet_receive_loading_time[wallet_load_alex_user],test_wallet_receive_cpu_wallet_load_alex,passed,37.334,80.759,58.031,5,"79.866,49.312,42.884,80.759,37.334"
8762ea257f,2026-07-29T08:45:47,test_wallet_swap_first_open_loading_time[wallet_load_alex_user],test_wallet_swap_first_open_cpu_wallet_load_alex,passed,51.206,51.206,51.206,1,51.206
8762ea257f,2026-07-29T08:45:47,test_wallet_swap_loading_time[wallet_load_alex_user],test_wallet_swap_cpu_wallet_load_alex,passed,58.087,71.241,62.694,5,"59.822,59.862,71.241,58.087,64.459"
8762ea257f,2026-07-29T08:45:47,test_wallet_first_open_loading_time[wallet_load_alex_user],test_wallet_first_open_cpu_wallet_load_alex,passed,55.066,55.066,55.066,1,55.066
8762ea257f,2026-07-29T08:45:47,test_wallet_activity_tab_first_open_loading_time[wallet_load_user],test_wallet_activity_tab_first_open_cpu_wallet_load,passed,34.597,34.597,34.597,1,34.597
8762ea257f,2026-07-29T08:45:47,test_wallet_activity_tab_loading_time[wallet_load_user],test_wallet_activity_tab_cpu_wallet_load,passed,46.866,61.322,54.819,5,"54.263,46.866,56.766,61.322,54.881"
8762ea257f,2026-07-29T08:45:47,test_wallet_assets_tab_first_open_loading_time[wallet_load_user],test_wallet_assets_tab_first_open_cpu_wallet_load,passed,61.624,61.624,61.624,1,61.624
8762ea257f,2026-07-29T08:45:47,test_wallet_assets_tab_loading_time[wallet_load_user],test_wallet_assets_tab_cpu_wallet_load,passed,37.133,58.085,44.681,5,"47.628,40.927,37.133,39.633,58.085"
8762ea257f,2026-07-29T08:45:47,test_wallet_activity_tab_first_open_loading_time[wallet_load_alex_user],test_wallet_activity_tab_first_open_cpu_wallet_load_alex,passed,21.466,21.466,21.466,1,21.466
8762ea257f,2026-07-29T08:45:47,test_wallet_activity_tab_loading_time[wallet_load_alex_user],test_wallet_activity_tab_cpu_wallet_load_alex,passed,27.747,63.656,50.691,5,"27.747,58.166,51.256,52.631,63.656"
8762ea257f,2026-07-29T08:45:47,test_wallet_send_first_open_loading_time[wallet_load_user],test_wallet_send_first_open_cpu_wallet_load,passed,49.044,49.044,49.044,1,49.044
8762ea257f,2026-07-29T08:45:47,test_wallet_send_loading_time[wallet_load_user],test_wallet_send_cpu_wallet_load,passed,51.086,70.062,63.233,5,"51.086,70.062,62.55,64.637,67.828"
8762ea257f,2026-07-29T08:45:47,test_wallet_receive_first_open_loading_time[fresh_user],test_wallet_receive_first_open_cpu_fresh,passed,35.069,35.069,35.069,1,35.069
8762ea257f,2026-07-29T08:45:47,test_wallet_receive_loading_time[fresh_user],test_wallet_receive_cpu_fresh,passed,39.731,71.05,60.966,5,"39.731,71.05,70.938,65.625,57.487"
8762ea257f,2026-07-29T08:45:47,test_wallet_assets_tab_first_open_loading_time[wallet_load_alex_user],test_wallet_assets_tab_first_open_cpu_wallet_load_alex,passed,58.562,58.562,58.562,1,58.562
8762ea257f,2026-07-29T08:45:47,test_wallet_assets_tab_loading_time[wallet_load_alex_user],test_wallet_assets_tab_cpu_wallet_load_alex,passed,42.903,56.409,49.714,5,"43.277,56.077,56.409,49.906,42.903"
8762ea257f,2026-07-29T08:45:47,test_wallet_first_open_loading_time[wallet_load_user],test_wallet_first_open_cpu_wallet_load,passed,37.5,37.5,37.5,1,37.5
8762ea257f,2026-07-29T08:45:47,test_wallet_repeat_open_loading_time[fresh_user],test_wallet_repeat_open_cpu_fresh,passed,42.109,57.038,49.604,5,"47.394,57.038,56.288,45.194,42.109"
8762ea257f,2026-07-29T08:45:47,test_wallet_account_open_loading_time[wallet_load_alex_user],test_wallet_account_first_open_cpu_wallet_load_alex,passed,46.106,46.106,46.106,1,46.106
8762ea257f,2026-07-29T08:45:47,test_wallet_receive_first_open_loading_time[wallet_load_user],test_wallet_receive_first_open_cpu_wallet_load,passed,53.221,53.221,53.221,1,53.221
8762ea257f,2026-07-29T08:45:47,test_wallet_receive_loading_time[wallet_load_user],test_wallet_receive_cpu_wallet_load,passed,23.225,39.453,30.985,5,"28.353,39.453,23.225,30.456,33.438"
8762ea257f,2026-07-29T08:45:47,test_status_community_first_open_loading_time[user_data0-user_account0],test_status_community_first_open_cpu_member,passed,18.652,18.652,18.652,1,18.652
8762ea257f,2026-07-29T08:45:47,test_wallet_send_first_open_loading_time[fresh_user],test_wallet_send_first_open_cpu_fresh,passed,43.905,43.905,43.905,1,43.905
8762ea257f,2026-07-29T08:45:47,test_wallet_send_loading_time[fresh_user],test_wallet_send_cpu_fresh,passed,47.369,65.572,57.331,5,"47.369,57.406,65.572,57.484,58.822"
8762ea257f,2026-07-29T08:45:47,test_wallet_repeat_open_loading_time[wallet_load_user],test_wallet_repeat_open_cpu_wallet_load,passed,26.55,59.666,47.411,5,"47.434,26.55,59.666,43.897,59.506"
8762ea257f,2026-07-29T08:45:47,test_wallet_add_account_first_open_loading_time[wallet_load_alex_user],test_wallet_add_account_first_open_cpu_wallet_load_alex,passed,44.728,44.728,44.728,1,44.728
8762ea257f,2026-07-29T08:45:47,test_wallet_add_account_loading_time[wallet_load_alex_user],test_wallet_add_account_cpu_wallet_load_alex,passed,45.837,74.031,62.881,5,"64.903,59.681,45.837,69.953,74.031"
8762ea257f,2026-07-29T08:45:47,test_wallet_activity_tab_first_open_loading_time[fresh_user],test_wallet_activity_tab_first_open_cpu_fresh,passed,42.106,42.106,42.106,1,42.106
8762ea257f,2026-07-29T08:45:47,test_wallet_activity_tab_loading_time[fresh_user],test_wallet_activity_tab_cpu_fresh,passed,34.375,49.069,40.649,5,"47.25,49.069,34.375,38.175,34.375"
8762ea257f,2026-07-29T09:58:07,test_wallet_swap_first_open_loading_time[wallet_load_user],test_wallet_swap_first_open_cpu_wallet_load,passed,46.242,46.242,46.242,1,46.242
8762ea257f,2026-07-29T09:58:07,test_wallet_swap_loading_time[wallet_load_user],test_wallet_swap_cpu_wallet_load,passed,61.559,68.475,65.209,5,"68.475,65.606,63.409,61.559,66.994"
8762ea257f,2026-07-29T09:58:07,test_wallet_collectibles_tab_first_open_loading_time[fresh_user],test_wallet_collectibles_tab_first_open_cpu_fresh,passed,40.87,40.87,40.87,1,40.87
8762ea257f,2026-07-29T09:58:07,test_wallet_collectibles_tab_loading_time[fresh_user],test_wallet_collectibles_tab_cpu_fresh,passed,19.531,69.606,41.515,5,"19.531,69.606,26.25,40.625,51.562"
8762ea257f,2026-07-29T09:58:07,test_wallet_assets_tab_first_open_loading_time[fresh_user],test_wallet_assets_tab_first_open_cpu_fresh,passed,56.69,56.69,56.69,1,56.69
8762ea257f,2026-07-29T09:58:07,test_wallet_assets_tab_loading_time[fresh_user],test_wallet_assets_tab_cpu_fresh,passed,17.6,48.628,34.556,5,"48.628,46.894,37.516,17.6,22.144"
8762ea257f,2026-07-29T09:58:07,test_wallet_receive_first_open_loading_time[fresh_user],test_wallet_receive_first_open_cpu_fresh,passed,33.869,33.869,33.869,1,33.869
8762ea257f,2026-07-29T09:58:07,test_wallet_receive_loading_time[fresh_user],test_wallet_receive_cpu_fresh,passed,48.975,65.625,57.408,5,"60.591,48.975,53.669,58.181,65.625"
8762ea257f,2026-07-29T09:58:07,test_wallet_receive_first_open_loading_time[wallet_load_user],test_wallet_receive_first_open_cpu_wallet_load,passed,34.194,34.194,34.194,1,34.194
8762ea257f,2026-07-29T09:58:07,test_wallet_receive_loading_time[wallet_load_user],test_wallet_receive_cpu_wallet_load,passed,22.222,58.203,34.739,5,"29.688,58.203,22.222,23.941,39.641"
8762ea257f,2026-07-29T09:58:07,test_wallet_receive_first_open_loading_time[wallet_load_alex_user],test_wallet_receive_first_open_cpu_wallet_load_alex,passed,26.881,26.881,26.881,1,26.881
8762ea257f,2026-07-29T09:58:07,test_wallet_receive_loading_time[wallet_load_alex_user],test_wallet_receive_cpu_wallet_load_alex,passed,37.681,79.828,63.883,5,"58.603,37.681,77.572,65.731,79.828"
8762ea257f,2026-07-29T09:58:07,test_wallet_account_open_loading_time[wallet_load_user],test_wallet_account_first_open_cpu_wallet_load,passed,29.625,29.625,29.625,1,29.625
8762ea257f,2026-07-29T09:58:07,test_wallet_first_open_loading_time[fresh_user],test_wallet_first_open_cpu_fresh,passed,15.625,15.625,15.625,1,15.625
8762ea257f,2026-07-29T09:58:07,test_wallet_account_open_loading_time[wallet_load_alex_user],test_wallet_account_first_open_cpu_wallet_load_alex,passed,43.003,43.003,43.003,1,43.003
8762ea257f,2026-07-29T09:58:07,test_wallet_repeat_open_loading_time[wallet_load_alex_user],test_wallet_repeat_open_cpu_wallet_load_alex,passed,35.516,56.619,48.774,5,"56.619,35.516,49.822,50.506,51.409"
8762ea257f,2026-07-29T09:58:07,test_wallet_activity_tab_first_open_loading_time[wallet_load_alex_user],test_wallet_activity_tab_first_open_cpu_wallet_load_alex,passed,35.269,35.269,35.269,1,35.269
8762ea257f,2026-07-29T09:58:07,test_wallet_activity_tab_loading_time[wallet_load_alex_user],test_wallet_activity_tab_cpu_wallet_load_alex,passed,49.663,71.912,57.874,5,"49.663,58.862,54.831,54.103,71.912"
8762ea257f,2026-07-29T09:58:07,test_wallet_activity_tab_first_open_loading_time[wallet_load_user],test_wallet_activity_tab_first_open_cpu_wallet_load,passed,46.222,46.222,46.222,1,46.222
8762ea257f,2026-07-29T09:58:07,test_wallet_activity_tab_loading_time[wallet_load_user],test_wallet_activity_tab_cpu_wallet_load,passed,55.131,62.513,58.571,5,"61.225,58.756,55.131,62.513,55.228"
8762ea257f,2026-07-29T09:58:07,test_status_community_second_open_loading_time[user_data0-user_account0],test_status_community_second_open_cpu_member,passed,4.344,59.019,18.974,5,"13.568,59.019,9.752,4.344,8.186"
8762ea257f,2026-07-29T09:58:07,test_wallet_add_account_first_open_loading_time[wallet_load_alex_user],test_wallet_add_account_first_open_cpu_wallet_load_alex,passed,58.041,58.041,58.041,1,58.041
8762ea257f,2026-07-29T09:58:07,test_wallet_add_account_loading_time[wallet_load_alex_user],test_wallet_add_account_cpu_wallet_load_alex,passed,46.025,72.134,61.828,5,"46.025,71.419,70.766,72.134,48.794"
8762ea257f,2026-07-29T09:58:07,test_wallet_swap_first_open_loading_time[fresh_user],test_wallet_swap_first_open_cpu_fresh,passed,45.92,45.92,45.92,1,45.92
8762ea257f,2026-07-29T09:58:07,test_wallet_swap_loading_time[fresh_user],test_wallet_swap_cpu_fresh,passed,60.856,72.638,68.343,5,"71.475,68.684,72.638,68.059,60.856"
8762ea257f,2026-07-29T09:58:07,test_wallet_send_first_open_loading_time[fresh_user],test_wallet_send_first_open_cpu_fresh,passed,42.121,42.121,42.121,1,42.121
8762ea257f,2026-07-29T09:58:07,test_wallet_send_loading_time[fresh_user],test_wallet_send_cpu_fresh,passed,56.087,62.653,59.712,5,"62.653,56.087,57.487,60.494,61.841"
8762ea257f,2026-07-29T09:58:07,test_wallet_first_open_loading_time[wallet_load_alex_user],test_wallet_first_open_cpu_wallet_load_alex,passed,55.325,55.325,55.325,1,55.325
8762ea257f,2026-07-29T09:58:07,test_wallet_send_first_open_loading_time[wallet_load_user],test_wallet_send_first_open_cpu_wallet_load,passed,30.834,30.834,30.834,1,30.834
8762ea257f,2026-07-29T09:58:07,test_wallet_send_loading_time[wallet_load_user],test_wallet_send_cpu_wallet_load,passed,58.031,68.446,64.777,5,"68.446,65.916,58.031,63.506,67.987"
8762ea257f,2026-07-29T09:58:07,test_wallet_add_account_first_open_loading_time[wallet_load_user],test_wallet_add_account_first_open_cpu_wallet_load,passed,57.491,57.491,57.491,1,57.491
8762ea257f,2026-07-29T09:58:07,test_wallet_add_account_loading_time[wallet_load_user],test_wallet_add_account_cpu_wallet_load,passed,45.981,72.759,64.549,5,"68.263,68.059,45.981,67.681,72.759"
8762ea257f,2026-07-29T09:58:07,test_wallet_swap_first_open_loading_time[wallet_load_alex_user],test_wallet_swap_first_open_cpu_wallet_load_alex,passed,35.072,35.072,35.072,1,35.072
8762ea257f,2026-07-29T09:58:07,test_wallet_swap_loading_time[wallet_load_alex_user],test_wallet_swap_cpu_wallet_load_alex,passed,64.334,68.347,66.305,5,"64.334,65.691,65.769,67.384,68.347"
8762ea257f,2026-07-29T09:58:07,test_wallet_repeat_open_loading_time[wallet_load_user],test_wallet_repeat_open_cpu_wallet_load,passed,19.547,52.162,39.109,5,"41.087,19.547,49.434,33.312,52.162"
8762ea257f,2026-07-29T09:58:07,test_wallet_account_open_loading_time[fresh_user],test_wallet_account_first_open_cpu_fresh,passed,44.531,44.531,44.531,1,44.531
8762ea257f,2026-07-29T09:58:07,test_wallet_activity_tab_first_open_loading_time[fresh_user],test_wallet_activity_tab_first_open_cpu_fresh,passed,22.856,22.856,22.856,1,22.856
8762ea257f,2026-07-29T09:58:07,test_wallet_activity_tab_loading_time[fresh_user],test_wallet_activity_tab_cpu_fresh,passed,30.475,50.175,37.445,5,"30.475,50.175,31.169,32.812,42.594"
8762ea257f,2026-07-29T09:58:07,test_wallet_repeat_open_loading_time[fresh_user],test_wallet_repeat_open_cpu_fresh,passed,23.878,51.284,39.449,5,"23.878,36.25,35.719,50.113,51.284"
8762ea257f,2026-07-29T09:58:07,test_wallet_assets_tab_first_open_loading_time[wallet_load_user],test_wallet_assets_tab_first_open_cpu_wallet_load,passed,65.355,65.355,65.355,1,65.355
8762ea257f,2026-07-29T09:58:07,test_wallet_assets_tab_loading_time[wallet_load_user],test_wallet_assets_tab_cpu_wallet_load,passed,28.202,38.538,32.545,5,"33.845,28.202,30.8,31.342,38.538"
8762ea257f,2026-07-29T09:58:07,test_status_community_first_open_loading_time[user_data0-user_account0],test_status_community_first_open_cpu_member,passed,25.648,25.648,25.648,1,25.648
8762ea257f,2026-07-29T09:58:07,test_wallet_collectibles_tab_first_open_loading_time[wallet_load_user],test_wallet_collectibles_tab_first_open_cpu_wallet_load,passed,45.883,45.883,45.883,1,45.883
8762ea257f,2026-07-29T09:58:07,test_wallet_collectibles_tab_loading_time[wallet_load_user],test_wallet_collectibles_tab_cpu_wallet_load,passed,38.608,55.146,46.71,5,"55.146,45.559,44.125,50.109,38.608"
8762ea257f,2026-07-29T09:58:07,test_wallet_assets_tab_first_open_loading_time[wallet_load_alex_user],test_wallet_assets_tab_first_open_cpu_wallet_load_alex,passed,45.413,45.413,45.413,1,45.413
8762ea257f,2026-07-29T09:58:07,test_wallet_assets_tab_loading_time[wallet_load_alex_user],test_wallet_assets_tab_cpu_wallet_load_alex,passed,47.083,63.472,53.522,5,"47.847,58.188,63.472,47.083,51.022"
8762ea257f,2026-07-29T09:58:07,test_wallet_add_account_first_open_loading_time[fresh_user],test_wallet_add_account_first_open_cpu_fresh,passed,35.353,35.353,35.353,1,35.353
8762ea257f,2026-07-29T09:58:07,test_wallet_add_account_loading_time[fresh_user],test_wallet_add_account_cpu_fresh,passed,48.828,74.4,61.272,5,"53.922,48.828,62.666,66.543,74.4"
8762ea257f,2026-07-29T09:58:07,test_wallet_collectibles_tab_first_open_loading_time[wallet_load_alex_user],test_wallet_collectibles_tab_first_open_cpu_wallet_load_alex,passed,48.794,48.794,48.794,1,48.794
8762ea257f,2026-07-29T09:58:07,test_wallet_collectibles_tab_loading_time[wallet_load_alex_user],test_wallet_collectibles_tab_cpu_wallet_load_alex,passed,32.256,59.985,43.046,5,"59.985,41.74,32.256,32.812,48.438"
8762ea257f,2026-07-29T09:58:07,test_wallet_send_first_open_loading_time[wallet_load_alex_user],test_wallet_send_first_open_cpu_wallet_load_alex,passed,51.471,51.471,51.471,1,51.471
8762ea257f,2026-07-29T09:58:07,test_wallet_send_loading_time[wallet_load_alex_user],test_wallet_send_cpu_wallet_load_alex,passed,24.834,67.497,51.438,5,"67.253,67.497,63.694,33.909,24.834"
8762ea257f,2026-07-29T09:58:07,test_wallet_first_open_loading_time[wallet_load_user],test_wallet_first_open_cpu_wallet_load,passed,31.25,31.25,31.25,1,31.25
f4cbae9d7f,2026-07-29T15:19:55,test_wallet_activity_tab_first_open_loading_time[wallet_load_alex_user],test_wallet_activity_tab_first_open_cpu_wallet_load_alex,passed,45.75,45.75,45.75,1,45.75
f4cbae9d7f,2026-07-29T15:19:55,test_wallet_activity_tab_loading_time[wallet_load_alex_user],test_wallet_activity_tab_cpu_wallet_load_alex,passed,58.075,66.95,61.701,5,"59.225,61.953,66.95,58.075,62.303"
f4cbae9d7f,2026-07-29T15:19:55,test_wallet_first_open_loading_time[wallet_load_alex_user],test_wallet_first_open_cpu_wallet_load_alex,passed,34.072,34.072,34.072,1,34.072
f4cbae9d7f,2026-07-29T15:19:55,test_wallet_send_first_open_loading_time[wallet_load_alex_user],test_wallet_send_first_open_cpu_wallet_load_alex,passed,31.303,31.303,31.303,1,31.303
f4cbae9d7f,2026-07-29T15:19:55,test_wallet_send_loading_time[wallet_load_alex_user],test_wallet_send_cpu_wallet_load_alex,passed,61.3,76.0,69.416,5,"76.0,65.916,61.3,72.159,71.706"
f4cbae9d7f,2026-07-29T15:19:55,test_wallet_collectibles_tab_first_open_loading_time[fresh_user],test_wallet_collectibles_tab_first_open_cpu_fresh,passed,38.124,38.124,38.124,1,38.124
f4cbae9d7f,2026-07-29T15:19:55,test_wallet_collectibles_tab_loading_time[fresh_user],test_wallet_collectibles_tab_cpu_fresh,passed,33.594,73.688,47.825,5,"33.594,35.938,58.237,73.688,37.669"
f4cbae9d7f,2026-07-29T15:19:55,test_wallet_collectibles_tab_first_open_loading_time[wallet_load_alex_user],test_wallet_collectibles_tab_first_open_cpu_wallet_load_alex,passed,46.871,46.871,46.871,1,46.871
f4cbae9d7f,2026-07-29T15:19:55,test_wallet_collectibles_tab_loading_time[wallet_load_alex_user],test_wallet_collectibles_tab_cpu_wallet_load_alex,passed,42.619,52.962,47.743,5,"44.301,52.962,48.813,50.017,42.619"
f4cbae9d7f,2026-07-29T15:19:55,test_wallet_assets_tab_first_open_loading_time[fresh_user],test_wallet_assets_tab_first_open_cpu_fresh,passed,55.752,55.752,55.752,1,55.752
f4cbae9d7f,2026-07-29T15:19:55,test_wallet_assets_tab_loading_time[fresh_user],test_wallet_assets_tab_cpu_fresh,passed,22.769,48.513,40.909,5,"42.688,48.513,45.441,45.134,22.769"
f4cbae9d7f,2026-07-29T15:19:55,test_wallet_repeat_open_loading_time[fresh_user],test_wallet_repeat_open_cpu_fresh,passed,16.994,57.953,40.717,5,"22.322,57.953,56.497,16.994,49.819"
f4cbae9d7f,2026-07-29T15:19:55,test_wallet_activity_tab_first_open_loading_time[fresh_user],test_wallet_activity_tab_first_open_cpu_fresh,passed,39.419,39.419,39.419,1,39.419
f4cbae9d7f,2026-07-29T15:19:55,test_wallet_activity_tab_loading_time[fresh_user],test_wallet_activity_tab_cpu_fresh,passed,32.85,43.006,36.961,5,"35.513,39.844,33.594,43.006,32.85"
f4cbae9d7f,2026-07-29T15:19:55,test_wallet_account_open_loading_time[wallet_load_user],test_wallet_account_first_open_cpu_wallet_load,passed,45.384,45.384,45.384,1,45.384
f4cbae9d7f,2026-07-29T15:19:55,test_wallet_assets_tab_first_open_loading_time[wallet_load_alex_user],test_wallet_assets_tab_first_open_cpu_wallet_load_alex,passed,40.692,40.692,40.692,1,40.692
f4cbae9d7f,2026-07-29T15:19:55,test_wallet_assets_tab_loading_time[wallet_load_alex_user],test_wallet_assets_tab_cpu_wallet_load_alex,passed,52.062,66.947,58.996,5,"52.062,63.347,66.947,52.952,59.672"
f4cbae9d7f,2026-07-29T15:19:55,test_status_community_second_open_loading_time[user_data0-user_account0],test_status_community_second_open_cpu_member,passed,4.12,52.585,32.779,5,"14.475,4.12,40.888,52.585,51.828"
f4cbae9d7f,2026-07-29T15:19:55,test_wallet_add_account_first_open_loading_time[wallet_load_alex_user],test_wallet_add_account_first_open_cpu_wallet_load_alex,passed,68.662,68.662,68.662,1,68.662
f4cbae9d7f,2026-07-29T15:19:55,test_wallet_add_account_loading_time[wallet_load_alex_user],test_wallet_add_account_cpu_wallet_load_alex,passed,45.044,71.944,58.414,5,"64.338,51.456,59.291,71.944,45.044"
f4cbae9d7f,2026-07-29T15:19:55,test_wallet_add_account_first_open_loading_time[wallet_load_user],test_wallet_add_account_first_open_cpu_wallet_load,passed,33.909,33.909,33.909,1,33.909
f4cbae9d7f,2026-07-29T15:19:55,test_wallet_add_account_loading_time[wallet_load_user],test_wallet_add_account_cpu_wallet_load,passed,59.031,67.034,63.494,5,"61.847,59.031,67.034,62.925,66.631"
f4cbae9d7f,2026-07-29T15:19:55,test_wallet_swap_first_open_loading_time[wallet_load_user],test_wallet_swap_first_open_cpu_wallet_load,passed,46.111,46.111,46.111,1,46.111
f4cbae9d7f,2026-07-29T15:19:55,test_wallet_swap_loading_time[wallet_load_user],test_wallet_swap_cpu_wallet_load,passed,58.344,66.253,63.11,5,"66.253,58.344,62.569,63.1,65.284"
f4cbae9d7f,2026-07-29T15:19:55,test_wallet_send_first_open_loading_time[fresh_user],test_wallet_send_first_open_cpu_fresh,passed,20.703,20.703,20.703,1,20.703
f4cbae9d7f,2026-07-29T15:19:55,test_wallet_send_loading_time[fresh_user],test_wallet_send_cpu_fresh,passed,44.881,68.191,56.163,5,"66.056,51.337,44.881,50.347,68.191"
f4cbae9d7f,2026-07-29T15:19:55,test_wallet_receive_first_open_loading_time[wallet_load_user],test_wallet_receive_first_open_cpu_wallet_load,passed,36.616,36.616,36.616,1,36.616
f4cbae9d7f,2026-07-29T15:19:55,test_wallet_receive_loading_time[wallet_load_user],test_wallet_receive_cpu_wallet_load,passed,25.669,66.697,41.525,5,"66.697,29.688,52.016,25.669,33.556"
f4cbae9d7f,2026-07-29T15:19:55,test_wallet_add_account_first_open_loading_time[fresh_user],test_wallet_add_account_first_open_cpu_fresh,passed,42.606,42.606,42.606,1,42.606
f4cbae9d7f,2026-07-29T15:19:55,test_wallet_add_account_loading_time[fresh_user],test_wallet_add_account_cpu_fresh,passed,48.228,66.731,58.581,5,"63.059,66.731,61.819,53.069,48.228"
f4cbae9d7f,2026-07-29T15:19:55,test_wallet_activity_tab_first_open_loading_time[wallet_load_user],test_wallet_activity_tab_first_open_cpu_wallet_load,passed,45.659,45.659,45.659,1,45.659
f4cbae9d7f,2026-07-29T15:19:55,test_wallet_activity_tab_loading_time[wallet_load_user],test_wallet_activity_tab_cpu_wallet_load,passed,55.684,59.922,57.749,5,"57.628,55.684,59.409,56.103,59.922"
f4cbae9d7f,2026-07-29T15:19:55,test_wallet_send_first_open_loading_time[wallet_load_user],test_wallet_send_first_open_cpu_wallet_load,passed,45.147,45.147,45.147,1,45.147
f4cbae9d7f,2026-07-29T15:19:55,test_wallet_send_loading_time[wallet_load_user],test_wallet_send_cpu_wallet_load,passed,45.963,66.632,60.762,5,"45.963,58.569,66.547,66.101,66.632"
f4cbae9d7f,2026-07-29T15:19:55,test_wallet_account_open_loading_time[wallet_load_alex_user],test_wallet_account_first_open_cpu_wallet_load_alex,passed,54.887,54.887,54.887,1,54.887
f4cbae9d7f,2026-07-29T15:19:55,test_wallet_swap_first_open_loading_time[wallet_load_alex_user],test_wallet_swap_first_open_cpu_wallet_load_alex,passed,40.339,40.339,40.339,1,40.339
f4cbae9d7f,2026-07-29T15:19:55,test_wallet_swap_loading_time[wallet_load_alex_user],test_wallet_swap_cpu_wallet_load_alex,passed,56.888,74.528,67.496,5,"56.888,69.116,74.528,65.441,71.509"
f4cbae9d7f,2026-07-29T15:19:55,test_wallet_account_open_loading_time[fresh_user],test_wallet_account_first_open_cpu_fresh,passed,64.869,64.869,64.869,1,64.869
f4cbae9d7f,2026-07-29T15:19:55,test_wallet_first_open_loading_time[fresh_user],test_wallet_first_open_cpu_fresh,passed,19.794,19.794,19.794,1,19.794
f4cbae9d7f,2026-07-29T15:19:55,test_wallet_receive_first_open_loading_time[wallet_load_alex_user],test_wallet_receive_first_open_cpu_wallet_load_alex,passed,46.995,46.995,46.995,1,46.995
f4cbae9d7f,2026-07-29T15:19:55,test_wallet_receive_loading_time[wallet_load_alex_user],test_wallet_receive_cpu_wallet_load_alex,passed,47.941,75.053,62.674,5,"60.947,47.941,75.053,62.859,66.569"
f4cbae9d7f,2026-07-29T15:19:55,test_wallet_repeat_open_loading_time[wallet_load_user],test_wallet_repeat_open_cpu_wallet_load,passed,11.631,58.237,41.039,5,"11.631,53.672,58.237,36.15,45.503"
f4cbae9d7f,2026-07-29T15:19:55,test_wallet_repeat_open_loading_time[wallet_load_alex_user],test_wallet_repeat_open_cpu_wallet_load_alex,passed,29.663,58.725,50.589,5,"58.725,53.084,29.663,55.453,56.019"
f4cbae9d7f,2026-07-29T15:19:55,test_wallet_receive_first_open_loading_time[fresh_user],test_wallet_receive_first_open_cpu_fresh,passed,36.434,36.434,36.434,1,36.434
f4cbae9d7f,2026-07-29T15:19:55,test_wallet_receive_loading_time[fresh_user],test_wallet_receive_cpu_fresh,passed,44.678,71.366,57.972,5,"71.366,63.322,44.678,65.222,45.272"
f4cbae9d7f,2026-07-29T15:19:55,test_wallet_first_open_loading_time[wallet_load_user],test_wallet_first_open_cpu_wallet_load,passed,63.281,63.281,63.281,1,63.281
f4cbae9d7f,2026-07-29T15:19:55,test_wallet_collectibles_tab_first_open_loading_time[wallet_load_user],test_wallet_collectibles_tab_first_open_cpu_wallet_load,passed,45.816,45.816,45.816,1,45.816
f4cbae9d7f,2026-07-29T15:19:55,test_wallet_collectibles_tab_loading_time[wallet_load_user],test_wallet_collectibles_tab_cpu_wallet_load,passed,31.363,48.665,37.316,5,"33.05,34.113,39.389,48.665,31.363"
f4cbae9d7f,2026-07-29T15:19:55,test_status_community_first_open_loading_time[user_data0-user_account0],test_status_community_first_open_cpu_member,passed,30.88,30.88,30.88,1,30.88
f4cbae9d7f,2026-07-29T15:19:55,test_wallet_swap_first_open_loading_time[fresh_user],test_wallet_swap_first_open_cpu_fresh,passed,50.486,50.486,50.486,1,50.486
f4cbae9d7f,2026-07-29T15:19:55,test_wallet_swap_loading_time[fresh_user],test_wallet_swap_cpu_fresh,passed,49.141,83.316,64.377,5,"56.425,83.316,49.141,69.287,63.716"
f4cbae9d7f,2026-07-29T15:19:55,test_wallet_assets_tab_first_open_loading_time[wallet_load_user],test_wallet_assets_tab_first_open_cpu_wallet_load,passed,66.015,66.015,66.015,1,66.015
f4cbae9d7f,2026-07-29T15:19:55,test_wallet_assets_tab_loading_time[wallet_load_user],test_wallet_assets_tab_cpu_wallet_load,passed,32.583,35.684,34.584,5,"35.684,34.767,35.081,32.583,34.806"
cd4b4e1aa0,2026-07-30T05:40:44,test_wallet_assets_tab_first_open_loading_time[wallet_load_alex_user],test_wallet_assets_tab_first_open_cpu_wallet_load_alex,passed,48.967,48.967,48.967,1,48.967
cd4b4e1aa0,2026-07-30T05:40:44,test_wallet_assets_tab_loading_time[wallet_load_alex_user],test_wallet_assets_tab_cpu_wallet_load_alex,passed,50.953,59.445,54.881,5,"50.953,58.886,59.445,53.929,51.19"
cd4b4e1aa0,2026-07-30T05:40:44,test_wallet_first_open_loading_time[wallet_load_alex_user],test_wallet_first_open_cpu_wallet_load_alex,passed,25.0,25.0,25.0,1,25.0
cd4b4e1aa0,2026-07-30T05:40:44,test_wallet_repeat_open_loading_time[fresh_user],test_wallet_repeat_open_cpu_fresh,passed,38.681,58.872,50.818,5,"46.519,58.872,53.728,56.291,38.681"
cd4b4e1aa0,2026-07-30T05:40:44,test_wallet_first_open_loading_time[wallet_load_user],test_wallet_first_open_cpu_wallet_load,passed,54.256,54.256,54.256,1,54.256
cd4b4e1aa0,2026-07-30T05:40:44,test_wallet_swap_first_open_loading_time[wallet_load_alex_user],test_wallet_swap_first_open_cpu_wallet_load_alex,passed,42.547,42.547,42.547,1,42.547
cd4b4e1aa0,2026-07-30T05:40:44,test_wallet_swap_loading_time[wallet_load_alex_user],test_wallet_swap_cpu_wallet_load_alex,passed,54.578,74.644,67.973,5,"74.644,54.578,72.591,66.606,71.447"
cd4b4e1aa0,2026-07-30T05:40:44,test_wallet_account_open_loading_time[wallet_load_alex_user],test_wallet_account_first_open_cpu_wallet_load_alex,passed,37.216,37.216,37.216,1,37.216
cd4b4e1aa0,2026-07-30T05:40:44,test_wallet_receive_first_open_loading_time[wallet_load_alex_user],test_wallet_receive_first_open_cpu_wallet_load_alex,passed,37.412,37.412,37.412,1,37.412
cd4b4e1aa0,2026-07-30T05:40:44,test_wallet_receive_loading_time[wallet_load_alex_user],test_wallet_receive_cpu_wallet_load_alex,passed,36.122,87.425,68.47,5,"72.034,77.05,36.122,69.719,87.425"
cd4b4e1aa0,2026-07-30T05:40:44,test_wallet_collectibles_tab_first_open_loading_time[wallet_load_alex_user],test_wallet_collectibles_tab_first_open_cpu_wallet_load_alex,passed,48.378,48.378,48.378,1,48.378
cd4b4e1aa0,2026-07-30T05:40:44,test_wallet_collectibles_tab_loading_time[wallet_load_alex_user],test_wallet_collectibles_tab_cpu_wallet_load_alex,passed,42.899,54.285,47.431,5,"50.803,46.029,43.137,42.899,54.285"
cd4b4e1aa0,2026-07-30T05:40:44,test_wallet_receive_first_open_loading_time[fresh_user],test_wallet_receive_first_open_cpu_fresh,passed,44.487,44.487,44.487,1,44.487
cd4b4e1aa0,2026-07-30T05:40:44,test_wallet_receive_loading_time[fresh_user],test_wallet_receive_cpu_fresh,passed,31.962,67.809,53.905,5,"31.962,67.809,57.862,47.847,64.043"
cd4b4e1aa0,2026-07-30T05:40:44,test_wallet_receive_first_open_loading_time[wallet_load_user],test_wallet_receive_first_open_cpu_wallet_load,passed,34.019,34.019,34.019,1,34.019
cd4b4e1aa0,2026-07-30T05:40:44,test_wallet_receive_loading_time[wallet_load_user],test_wallet_receive_cpu_wallet_load,passed,23.466,64.453,39.676,5,"46.734,64.453,39.259,24.469,23.466"
cd4b4e1aa0,2026-07-30T05:40:44,test_wallet_first_open_loading_time[fresh_user],test_wallet_first_open_cpu_fresh,passed,19.531,19.531,19.531,1,19.531
cd4b4e1aa0,2026-07-30T05:40:44,test_wallet_send_first_open_loading_time[wallet_load_alex_user],test_wallet_send_first_open_cpu_wallet_load_alex,passed,47.094,47.094,47.094,1,47.094
cd4b4e1aa0,2026-07-30T05:40:44,test_wallet_send_loading_time[wallet_load_alex_user],test_wallet_send_cpu_wallet_load_alex,passed,21.909,64.85,44.918,5,"61.572,52.013,64.85,21.909,24.247"
cd4b4e1aa0,2026-07-30T05:40:44,test_wallet_account_open_loading_time[wallet_load_user],test_wallet_account_first_open_cpu_wallet_load,passed,25.128,25.128,25.128,1,25.128
cd4b4e1aa0,2026-07-30T05:40:44,test_status_community_second_open_loading_time[user_data0-user_account0],test_status_community_second_open_cpu_member,passed,41.691,66.687,53.326,5,"52.549,50.122,41.691,55.578,66.687"
cd4b4e1aa0,2026-07-30T05:40:44,test_wallet_add_account_first_open_loading_time[wallet_load_alex_user],test_wallet_add_account_first_open_cpu_wallet_load_alex,passed,45.616,45.616,45.616,1,45.616
cd4b4e1aa0,2026-07-30T05:40:44,test_wallet_add_account_loading_time[wallet_load_alex_user],test_wallet_add_account_cpu_wallet_load_alex,passed,49.7,76.884,67.497,5,"49.7,69.259,74.312,76.884,67.328"
cd4b4e1aa0,2026-07-30T05:40:44,test_status_community_first_open_loading_time[user_data0-user_account0],test_status_community_first_open_cpu_member,passed,28.188,28.188,28.188,1,28.188
cd4b4e1aa0,2026-07-30T05:40:44,test_wallet_swap_first_open_loading_time[fresh_user],test_wallet_swap_first_open_cpu_fresh,passed,44.974,44.974,44.974,1,44.974
cd4b4e1aa0,2026-07-30T05:40:44,test_wallet_swap_loading_time[fresh_user],test_wallet_swap_cpu_fresh,passed,42.85,66.463,58.412,5,"42.85,63.447,53.497,66.463,65.803"
cd4b4e1aa0,2026-07-30T05:40:44,test_wallet_collectibles_tab_first_open_loading_time[fresh_user],test_wallet_collectibles_tab_first_open_cpu_fresh,passed,38.66,38.66,38.66,1,38.66
cd4b4e1aa0,2026-07-30T05:40:44,test_wallet_collectibles_tab_loading_time[fresh_user],test_wallet_collectibles_tab_cpu_fresh,passed,20.606,50.0,30.649,5,"29.569,31.25,20.606,50.0,21.819"
cd4b4e1aa0,2026-07-30T05:40:44,test_wallet_assets_tab_first_open_loading_time[fresh_user],test_wallet_assets_tab_first_open_cpu_fresh,passed,56.732,56.732,56.732,1,56.732
cd4b4e1aa0,2026-07-30T05:40:44,test_wallet_assets_tab_loading_time[fresh_user],test_wallet_assets_tab_cpu_fresh,passed,25.069,35.856,29.528,5,"35.225,35.856,25.372,25.069,26.119"
cd4b4e1aa0,2026-07-30T05:40:44,test_wallet_repeat_open_loading_time[wallet_load_alex_user],test_wallet_repeat_open_cpu_wallet_load_alex,passed,33.312,57.378,47.501,5,"33.312,57.378,44.503,53.2,49.109"
cd4b4e1aa0,2026-07-30T05:40:44,test_wallet_send_first_open_loading_time[fresh_user],test_wallet_send_first_open_cpu_fresh,passed,29.781,29.781,29.781,1,29.781
cd4b4e1aa0,2026-07-30T05:40:44,test_wallet_send_loading_time[fresh_user],test_wallet_send_cpu_fresh,passed,52.753,56.997,55.131,5,"53.703,56.866,56.997,52.753,55.337"
cd4b4e1aa0,2026-07-30T05:40:44,test_wallet_repeat_open_loading_time[wallet_load_user],test_wallet_repeat_open_cpu_wallet_load,passed,45.834,59.831,50.678,5,"51.619,45.875,59.831,50.231,45.834"
cd4b4e1aa0,2026-07-30T05:40:44,test_wallet_add_account_first_open_loading_time[wallet_load_user],test_wallet_add_account_first_open_cpu_wallet_load,passed,51.297,51.297,51.297,1,51.297
cd4b4e1aa0,2026-07-30T05:40:44,test_wallet_add_account_loading_time[wallet_load_user],test_wallet_add_account_cpu_wallet_load,passed,53.175,75.909,61.586,5,"63.406,60.022,53.175,75.909,55.416"
cd4b4e1aa0,2026-07-30T05:40:44,test_wallet_collectibles_tab_first_open_loading_time[wallet_load_user],test_wallet_collectibles_tab_first_open_cpu_wallet_load,passed,48.353,48.353,48.353,1,48.353
cd4b4e1aa0,2026-07-30T05:40:44,test_wallet_collectibles_tab_loading_time[wallet_load_user],test_wallet_collectibles_tab_cpu_wallet_load,passed,31.425,46.729,39.536,5,"46.729,34.275,31.425,41.285,43.967"
cd4b4e1aa0,2026-07-30T05:40:44,test_wallet_assets_tab_first_open_loading_time[wallet_load_user],test_wallet_assets_tab_first_open_cpu_wallet_load,passed,62.98,62.98,62.98,1,62.98
cd4b4e1aa0,2026-07-30T05:40:44,test_wallet_assets_tab_loading_time[wallet_load_user],test_wallet_assets_tab_cpu_wallet_load,passed,28.627,40.547,34.582,5,"35.38,31.8,28.627,36.556,40.547"
cd4b4e1aa0,2026-07-30T05:40:44,test_wallet_activity_tab_first_open_loading_time[wallet_load_user],test_wallet_activity_tab_first_open_cpu_wallet_load,passed,49.838,49.838,49.838,1,49.838
cd4b4e1aa0,2026-07-30T05:40:44,test_wallet_activity_tab_loading_time[wallet_load_user],test_wallet_activity_tab_cpu_wallet_load,passed,48.963,62.975,56.262,5,"54.6,52.331,48.963,62.441,62.975"
cd4b4e1aa0,2026-07-30T05:40:44,test_wallet_add_account_first_open_loading_time[fresh_user],test_wallet_add_account_first_open_cpu_fresh,passed,26.669,26.669,26.669,1,26.669
cd4b4e1aa0,2026-07-30T05:40:44,test_wallet_add_account_loading_time[fresh_user],test_wallet_add_account_cpu_fresh,passed,51.184,77.075,62.874,5,"51.184,70.191,77.075,52.734,63.184"
cd4b4e1aa0,2026-07-30T05:40:44,test_wallet_activity_tab_first_open_loading_time[wallet_load_alex_user],test_wallet_activity_tab_first_open_cpu_wallet_load_alex,passed,26.075,26.075,26.075,1,26.075
cd4b4e1aa0,2026-07-30T05:40:44,test_wallet_activity_tab_loading_time[wallet_load_alex_user],test_wallet_activity_tab_cpu_wallet_load_alex,passed,49.028,61.772,56.62,5,"49.028,58.672,53.931,61.772,59.697"
cd4b4e1aa0,2026-07-30T05:40:44,test_wallet_send_first_open_loading_time[wallet_load_user],test_wallet_send_first_open_cpu_wallet_load,passed,50.446,50.446,50.446,1,50.446
cd4b4e1aa0,2026-07-30T05:40:44,test_wallet_send_loading_time[wallet_load_user],test_wallet_send_cpu_wallet_load,passed,61.991,65.096,64.155,5,"64.541,64.341,65.096,64.806,61.991"
cd4b4e1aa0,2026-07-30T05:40:44,test_wallet_swap_first_open_loading_time[wallet_load_user],test_wallet_swap_first_open_cpu_wallet_load,passed,32.538,32.538,32.538,1,32.538
cd4b4e1aa0,2026-07-30T05:40:44,test_wallet_swap_loading_time[wallet_load_user],test_wallet_swap_cpu_wallet_load,passed,57.891,69.844,63.962,5,"57.891,69.844,63.975,60.241,67.862"
cd4b4e1aa0,2026-07-30T05:40:44,test_wallet_account_open_loading_time[fresh_user],test_wallet_account_first_open_cpu_fresh,passed,46.875,46.875,46.875,1,46.875
cd4b4e1aa0,2026-07-30T05:40:44,test_wallet_activity_tab_first_open_loading_time[fresh_user],test_wallet_activity_tab_first_open_cpu_fresh,passed,39.062,39.062,39.062,1,39.062
cd4b4e1aa0,2026-07-30T05:40:44,test_wallet_activity_tab_loading_time[fresh_user],test_wallet_activity_tab_cpu_fresh,passed,29.569,73.469,43.134,5,"73.469,29.569,42.969,32.031,37.631"
6eedb01da6,2026-07-30T15:35:01,test_wallet_repeat_open_loading_time[wallet_load_alex_user],test_wallet_repeat_open_cpu_wallet_load_alex,passed,33.5,61.425,51.316,5,"55.441,33.5,48.041,61.425,58.175"
6eedb01da6,2026-07-30T15:35:01,test_wallet_send_first_open_loading_time[fresh_user],test_wallet_send_first_open_cpu_fresh,passed,41.232,41.232,41.232,1,41.232
6eedb01da6,2026-07-30T15:35:01,test_wallet_send_loading_time[fresh_user],test_wallet_send_cpu_fresh,passed,47.862,68.75,61.694,5,"47.862,63.119,68.75,65.375,63.366"
6eedb01da6,2026-07-30T15:35:01,test_wallet_activity_tab_first_open_loading_time[fresh_user],test_wallet_activity_tab_first_open_cpu_fresh,passed,36.275,36.275,36.275,1,36.275
6eedb01da6,2026-07-30T15:35:01,test_wallet_activity_tab_loading_time[fresh_user],test_wallet_activity_tab_cpu_fresh,passed,31.25,42.969,37.127,5,"38.85,31.25,38.525,34.044,42.969"
6eedb01da6,2026-07-30T15:35:01,test_wallet_first_open_loading_time[wallet_load_user],test_wallet_first_open_cpu_wallet_load,passed,51.562,51.562,51.562,1,51.562
6eedb01da6,2026-07-30T15:35:01,test_wallet_account_open_loading_time[fresh_user],test_wallet_account_first_open_cpu_fresh,passed,49.525,49.525,49.525,1,49.525
6eedb01da6,2026-07-30T15:35:01,test_wallet_account_open_loading_time[wallet_load_alex_user],test_wallet_account_first_open_cpu_wallet_load_alex,passed,43.967,43.967,43.967,1,43.967
6eedb01da6,2026-07-30T15:35:01,test_status_community_second_open_loading_time[user_data0-user_account0],test_status_community_second_open_cpu_member,passed,7.24,63.358,32.803,5,"13.593,7.24,63.358,37.545,42.281"
6eedb01da6,2026-07-30T15:35:01,test_wallet_send_first_open_loading_time[wallet_load_user],test_wallet_send_first_open_cpu_wallet_load,passed,34.566,34.566,34.566,1,34.566
6eedb01da6,2026-07-30T15:35:01,test_wallet_send_loading_time[wallet_load_user],test_wallet_send_cpu_wallet_load,passed,54.431,66.634,61.653,5,"62.528,66.634,62.4,54.431,62.272"
6eedb01da6,2026-07-30T15:35:01,test_wallet_assets_tab_first_open_loading_time[fresh_user],test_wallet_assets_tab_first_open_cpu_fresh,passed,56.878,56.878,56.878,1,56.878
6eedb01da6,2026-07-30T15:35:01,test_wallet_assets_tab_loading_time[fresh_user],test_wallet_assets_tab_cpu_fresh,passed,22.625,38.691,28.707,5,"38.691,35.094,22.625,23.281,23.844"
6eedb01da6,2026-07-30T15:35:01,test_wallet_swap_first_open_loading_time[wallet_load_user],test_wallet_swap_first_open_cpu_wallet_load,passed,44.075,44.075,44.075,1,44.075
6eedb01da6,2026-07-30T15:35:01,test_wallet_swap_loading_time[wallet_load_user],test_wallet_swap_cpu_wallet_load,passed,60.737,71.3,66.733,5,"71.3,60.737,65.178,66.809,69.641"
6eedb01da6,2026-07-30T15:35:01,test_wallet_collectibles_tab_first_open_loading_time[wallet_load_user],test_wallet_collectibles_tab_first_open_cpu_wallet_load,passed,44.841,44.841,44.841,1,44.841
6eedb01da6,2026-07-30T15:35:01,test_wallet_collectibles_tab_loading_time[wallet_load_user],test_wallet_collectibles_tab_cpu_wallet_load,passed,28.972,46.575,39.919,5,"28.972,35.26,46.127,46.575,42.658"
6eedb01da6,2026-07-30T15:35:01,test_wallet_receive_first_open_loading_time[wallet_load_alex_user],test_wallet_receive_first_open_cpu_wallet_load_alex,passed,33.672,33.672,33.672,1,33.672
6eedb01da6,2026-07-30T15:35:01,test_wallet_receive_loading_time[wallet_load_alex_user],test_wallet_receive_cpu_wallet_load_alex,passed,37.253,84.975,59.326,5,"55.406,37.253,53.675,65.322,84.975"
6eedb01da6,2026-07-30T15:35:01,test_wallet_swap_first_open_loading_time[fresh_user],test_wallet_swap_first_open_cpu_fresh,passed,49.285,49.285,49.285,1,49.285
6eedb01da6,2026-07-30T15:35:01,test_wallet_swap_loading_time[fresh_user],test_wallet_swap_cpu_fresh,passed,50.159,70.037,61.276,5,"70.037,62.476,59.766,63.941,50.159"
6eedb01da6,2026-07-30T15:35:01,test_status_community_first_open_loading_time[user_data0-user_account0],test_status_community_first_open_cpu_member,passed,23.138,23.138,23.138,1,23.138
6eedb01da6,2026-07-30T15:35:01,test_wallet_first_open_loading_time[fresh_user],test_wallet_first_open_cpu_fresh,passed,20.075,20.075,20.075,1,20.075
6eedb01da6,2026-07-30T15:35:01,test_wallet_assets_tab_first_open_loading_time[wallet_load_alex_user],test_wallet_assets_tab_first_open_cpu_wallet_load_alex,passed,37.822,37.822,37.822,1,37.822
6eedb01da6,2026-07-30T15:35:01,test_wallet_assets_tab_loading_time[wallet_load_alex_user],test_wallet_assets_tab_cpu_wallet_load_alex,passed,53.116,62.558,56.616,5,"53.498,62.558,59.167,54.742,53.116"
6eedb01da6,2026-07-30T15:35:01,test_wallet_add_account_first_open_loading_time[fresh_user],test_wallet_add_account_first_open_cpu_fresh,passed,46.888,46.888,46.888,1,46.888
6eedb01da6,2026-07-30T15:35:01,test_wallet_add_account_loading_time[fresh_user],test_wallet_add_account_cpu_fresh,passed,53.653,63.819,56.832,5,"54.909,55.409,56.369,53.653,63.819"
6eedb01da6,2026-07-30T15:35:01,test_wallet_receive_first_open_loading_time[fresh_user],test_wallet_receive_first_open_cpu_fresh,passed,34.578,34.578,34.578,1,34.578
6eedb01da6,2026-07-30T15:35:01,test_wallet_receive_loading_time[fresh_user],test_wallet_receive_cpu_fresh,passed,34.941,79.394,54.779,5,"34.941,45.006,47.462,79.394,67.091"
6eedb01da6,2026-07-30T15:35:01,test_wallet_send_first_open_loading_time[wallet_load_alex_user],test_wallet_send_first_open_cpu_wallet_load_alex,passed,42.128,42.128,42.128,1,42.128
6eedb01da6,2026-07-30T15:35:01,test_wallet_send_loading_time[wallet_load_alex_user],test_wallet_send_cpu_wallet_load_alex,passed,24.672,74.287,59.265,5,"63.134,74.287,65.513,68.719,24.672"
6eedb01da6,2026-07-30T15:35:01,test_wallet_first_open_loading_time[wallet_load_alex_user],test_wallet_first_open_cpu_wallet_load_alex,passed,54.025,54.025,54.025,1,54.025
6eedb01da6,2026-07-30T15:35:01,test_wallet_assets_tab_first_open_loading_time[wallet_load_user],test_wallet_assets_tab_first_open_cpu_wallet_load,passed,63.874,63.874,63.874,1,63.874
6eedb01da6,2026-07-30T15:35:01,test_wallet_assets_tab_loading_time[wallet_load_user],test_wallet_assets_tab_cpu_wallet_load,passed,32.267,40.709,36.4,5,"35.17,40.709,39.208,34.644,32.267"
6eedb01da6,2026-07-30T15:35:01,test_wallet_account_open_loading_time[wallet_load_user],test_wallet_account_first_open_cpu_wallet_load,passed,11.109,11.109,11.109,1,11.109
6eedb01da6,2026-07-30T15:35:01,test_wallet_collectibles_tab_first_open_loading_time[wallet_load_alex_user],test_wallet_collectibles_tab_first_open_cpu_wallet_load_alex,passed,49.692,49.692,49.692,1,49.692
6eedb01da6,2026-07-30T15:35:01,test_wallet_collectibles_tab_loading_time[wallet_load_alex_user],test_wallet_collectibles_tab_cpu_wallet_load_alex,passed,33.594,48.438,40.312,5,"42.188,42.969,48.438,34.375,33.594"
6eedb01da6,2026-07-30T15:35:01,test_wallet_collectibles_tab_first_open_loading_time[fresh_user],test_wallet_collectibles_tab_first_open_cpu_fresh,passed,40.719,40.719,40.719,1,40.719
6eedb01da6,2026-07-30T15:35:01,test_wallet_collectibles_tab_loading_time[fresh_user],test_wallet_collectibles_tab_cpu_fresh,passed,15.625,47.938,37.651,5,"47.938,15.625,44.794,39.062,40.837"
6eedb01da6,2026-07-30T15:35:01,test_wallet_activity_tab_first_open_loading_time[wallet_load_alex_user],test_wallet_activity_tab_first_open_cpu_wallet_load_alex,passed,53.266,53.266,53.266,1,53.266
6eedb01da6,2026-07-30T15:35:01,test_wallet_activity_tab_loading_time[wallet_load_alex_user],test_wallet_activity_tab_cpu_wallet_load_alex,passed,54.297,66.856,59.887,5,"66.856,57.378,59.322,54.297,61.581"
6eedb01da6,2026-07-30T15:35:01,test_wallet_add_account_first_open_loading_time[wallet_load_user],test_wallet_add_account_first_open_cpu_wallet_load,passed,52.156,52.156,52.156,1,52.156
6eedb01da6,2026-07-30T15:35:01,test_wallet_add_account_loading_time[wallet_load_user],test_wallet_add_account_cpu_wallet_load,passed,42.156,73.294,59.632,5,"70.397,73.294,42.156,57.756,54.559"
6eedb01da6,2026-07-30T15:35:01,test_wallet_add_account_first_open_loading_time[wallet_load_alex_user],test_wallet_add_account_first_open_cpu_wallet_load_alex,passed,56.647,56.647,56.647,1,56.647
6eedb01da6,2026-07-30T15:35:01,test_wallet_add_account_loading_time[wallet_load_alex_user],test_wallet_add_account_cpu_wallet_load_alex,passed,44.388,65.45,57.559,5,"44.388,65.45,58.075,57.466,62.419"
6eedb01da6,2026-07-30T15:35:01,test_wallet_activity_tab_first_open_loading_time[wallet_load_user],test_wallet_activity_tab_first_open_cpu_wallet_load,passed,43.731,43.731,43.731,1,43.731
6eedb01da6,2026-07-30T15:35:01,test_wallet_activity_tab_loading_time[wallet_load_user],test_wallet_activity_tab_cpu_wallet_load,passed,36.766,61.009,50.985,5,"51.206,36.766,54.513,61.009,51.431"
6eedb01da6,2026-07-30T15:35:01,test_wallet_swap_first_open_loading_time[wallet_load_alex_user],test_wallet_swap_first_open_cpu_wallet_load_alex,passed,28.025,28.025,28.025,1,28.025
6eedb01da6,2026-07-30T15:35:01,test_wallet_swap_loading_time[wallet_load_alex_user],test_wallet_swap_cpu_wallet_load_alex,passed,58.116,71.113,66.495,5,"58.116,69.372,64.231,71.113,69.644"
6eedb01da6,2026-07-30T15:35:01,test_wallet_receive_first_open_loading_time[wallet_load_user],test_wallet_receive_first_open_cpu_wallet_load,passed,65.074,65.074,65.074,1,65.074
6eedb01da6,2026-07-30T15:35:01,test_wallet_receive_loading_time[wallet_load_user],test_wallet_receive_cpu_wallet_load,passed,12.109,32.806,25.0,5,"30.825,12.109,23.475,25.784,32.806"
6eedb01da6,2026-07-30T15:35:01,test_wallet_repeat_open_loading_time[wallet_load_user],test_wallet_repeat_open_cpu_wallet_load,passed,29.781,58.1,45.334,5,"29.781,40.103,49.116,49.569,58.1"
6eedb01da6,2026-07-30T15:35:01,test_wallet_repeat_open_loading_time[fresh_user],test_wallet_repeat_open_cpu_fresh,passed,29.256,57.159,40.635,5,"29.256,41.259,45.031,30.469,57.159"
512bba730f,2026-07-31T04:49:19,test_wallet_receive_first_open_loading_time[wallet_load_user],test_wallet_receive_first_open_cpu_wallet_load,passed,41.478,41.478,41.478,1,41.478
512bba730f,2026-07-31T04:49:19,test_wallet_receive_loading_time[wallet_load_user],test_wallet_receive_cpu_wallet_load,passed,18.703,52.638,33.589,5,"27.078,49.372,18.703,20.156,52.638"
512bba730f,2026-07-31T04:49:19,test_wallet_repeat_open_loading_time[fresh_user],test_wallet_repeat_open_cpu_fresh,passed,31.709,54.769,44.457,5,"41.303,50.922,43.584,31.709,54.769"
512bba730f,2026-07-31T04:49:19,test_wallet_assets_tab_first_open_loading_time[wallet_load_user],test_wallet_assets_tab_first_open_cpu_wallet_load,passed,65.147,65.147,65.147,1,65.147
512bba730f,2026-07-31T04:49:19,test_wallet_assets_tab_loading_time[wallet_load_user],test_wallet_assets_tab_cpu_wallet_load,passed,31.35,42.825,35.893,5,"35.636,31.35,42.825,34.952,34.702"
512bba730f,2026-07-31T04:49:19,test_wallet_first_open_loading_time[wallet_load_alex_user],test_wallet_first_open_cpu_wallet_load_alex,passed,33.325,33.325,33.325,1,33.325
512bba730f,2026-07-31T04:49:19,test_status_community_first_open_loading_time[user_data0-user_account0],test_status_community_first_open_cpu_member,passed,24.9,24.9,24.9,1,24.9
512bba730f,2026-07-31T04:49:19,test_wallet_add_account_first_open_loading_time[fresh_user],test_wallet_add_account_first_open_cpu_fresh,passed,32.641,32.641,32.641,1,32.641
512bba730f,2026-07-31T04:49:19,test_wallet_add_account_loading_time[fresh_user],test_wallet_add_account_cpu_fresh,passed,52.331,66.544,58.036,5,"53.091,61.272,52.331,66.544,56.941"
512bba730f,2026-07-31T04:49:19,test_wallet_send_first_open_loading_time[wallet_load_user],test_wallet_send_first_open_cpu_wallet_load,passed,35.047,35.047,35.047,1,35.047
512bba730f,2026-07-31T04:49:19,test_wallet_send_loading_time[wallet_load_user],test_wallet_send_cpu_wallet_load,passed,52.828,68.798,63.347,5,"52.828,65.375,62.791,66.941,68.798"
512bba730f,2026-07-31T04:49:19,test_wallet_first_open_loading_time[fresh_user],test_wallet_first_open_cpu_fresh,passed,25.425,25.425,25.425,1,25.425
512bba730f,2026-07-31T04:49:19,test_status_community_second_open_loading_time[user_data0-user_account0],test_status_community_second_open_cpu_member,passed,5.0,47.96,27.54,5,"10.1,5.0,28.359,47.96,46.28"
512bba730f,2026-07-31T04:49:19,test_wallet_add_account_first_open_loading_time[wallet_load_user],test_wallet_add_account_first_open_cpu_wallet_load,passed,48.309,48.309,48.309,1,48.309
512bba730f,2026-07-31T04:49:19,test_wallet_add_account_loading_time[wallet_load_user],test_wallet_add_account_cpu_wallet_load,passed,65.216,73.934,70.472,5,"72.147,71.291,69.775,73.934,65.216"
512bba730f,2026-07-31T04:49:19,test_wallet_activity_tab_first_open_loading_time[wallet_load_alex_user],test_wallet_activity_tab_first_open_cpu_wallet_load_alex,passed,58.369,58.369,58.369,1,58.369
512bba730f,2026-07-31T04:49:19,test_wallet_activity_tab_loading_time[wallet_load_alex_user],test_wallet_activity_tab_cpu_wallet_load_alex,passed,57.197,64.544,60.584,5,"59.778,64.544,63.459,57.941,57.197"
512bba730f,2026-07-31T04:49:19,test_wallet_assets_tab_first_open_loading_time[fresh_user],test_wallet_assets_tab_first_open_cpu_fresh,passed,57.521,57.521,57.521,1,57.521
512bba730f,2026-07-31T04:49:19,test_wallet_assets_tab_loading_time[fresh_user],test_wallet_assets_tab_cpu_fresh,passed,26.697,44.172,33.018,5,"28.906,44.172,36.844,28.472,26.697"
512bba730f,2026-07-31T04:49:19,test_wallet_repeat_open_loading_time[wallet_load_user],test_wallet_repeat_open_cpu_wallet_load,passed,18.994,86.906,52.374,5,"48.953,18.994,45.928,86.906,61.088"
512bba730f,2026-07-31T04:49:19,test_wallet_activity_tab_first_open_loading_time[fresh_user],test_wallet_activity_tab_first_open_cpu_fresh,passed,37.288,37.288,37.288,1,37.288
512bba730f,2026-07-31T04:49:19,test_wallet_activity_tab_loading_time[fresh_user],test_wallet_activity_tab_cpu_fresh,passed,33.594,48.438,38.871,5,"36.4,48.438,33.594,37.4,38.525"
512bba730f,2026-07-31T04:49:19,test_wallet_repeat_open_loading_time[wallet_load_alex_user],test_wallet_repeat_open_cpu_wallet_load_alex,passed,36.956,49.122,44.656,5,"41.147,36.956,49.122,47.125,48.931"
512bba730f,2026-07-31T04:49:19,test_wallet_account_open_loading_time[fresh_user],test_wallet_account_first_open_cpu_fresh,passed,48.481,48.481,48.481,1,48.481
512bba730f,2026-07-31T04:49:19,test_wallet_collectibles_tab_first_open_loading_time[wallet_load_user],test_wallet_collectibles_tab_first_open_cpu_wallet_load,passed,44.561,44.561,44.561,1,44.561
512bba730f,2026-07-31T04:49:19,test_wallet_collectibles_tab_loading_time[wallet_load_user],test_wallet_collectibles_tab_cpu_wallet_load,passed,39.902,51.497,45.519,5,"40.192,39.902,51.497,45.465,50.541"
512bba730f,2026-07-31T04:49:19,test_wallet_receive_first_open_loading_time[fresh_user],test_wallet_receive_first_open_cpu_fresh,passed,35.772,35.772,35.772,1,35.772
512bba730f,2026-07-31T04:49:19,test_wallet_receive_loading_time[fresh_user],test_wallet_receive_cpu_fresh,passed,42.278,74.8,58.086,5,"74.8,42.278,49.219,61.719,62.416"
512bba730f,2026-07-31T04:49:19,test_wallet_send_first_open_loading_time[wallet_load_alex_user],test_wallet_send_first_open_cpu_wallet_load_alex,passed,23.606,23.606,23.606,1,23.606
512bba730f,2026-07-31T04:49:19,test_wallet_send_loading_time[wallet_load_alex_user],test_wallet_send_cpu_wallet_load_alex,passed,59.019,69.766,64.604,5,"66.156,69.766,61.684,66.394,59.019"
512bba730f,2026-07-31T04:49:19,test_wallet_collectibles_tab_first_open_loading_time[wallet_load_alex_user],test_wallet_collectibles_tab_first_open_cpu_wallet_load_alex,passed,48.015,48.015,48.015,1,48.015
512bba730f,2026-07-31T04:49:19,test_wallet_collectibles_tab_loading_time[wallet_load_alex_user],test_wallet_collectibles_tab_cpu_wallet_load_alex,passed,40.632,58.64,48.992,5,"58.64,42.029,54.76,48.899,40.632"
512bba730f,2026-07-31T04:49:19,test_wallet_swap_first_open_loading_time[fresh_user],test_wallet_swap_first_open_cpu_fresh,passed,40.46,40.46,40.46,1,40.46
512bba730f,2026-07-31T04:49:19,test_wallet_swap_loading_time[fresh_user],test_wallet_swap_cpu_fresh,passed,43.978,63.55,55.341,5,"43.978,53.134,57.163,58.878,63.55"
512bba730f,2026-07-31T04:49:19,test_wallet_account_open_loading_time[wallet_load_alex_user],test_wallet_account_first_open_cpu_wallet_load_alex,passed,38.331,38.331,38.331,1,38.331
512bba730f,2026-07-31T04:49:19,test_wallet_send_first_open_loading_time[fresh_user],test_wallet_send_first_open_cpu_fresh,passed,39.772,39.772,39.772,1,39.772
512bba730f,2026-07-31T04:49:19,test_wallet_send_loading_time[fresh_user],test_wallet_send_cpu_fresh,passed,53.297,65.028,59.3,5,"55.328,60.948,61.9,53.297,65.028"
512bba730f,2026-07-31T04:49:19,test_wallet_swap_first_open_loading_time[wallet_load_alex_user],test_wallet_swap_first_open_cpu_wallet_load_alex,passed,37.521,37.521,37.521,1,37.521
512bba730f,2026-07-31T04:49:19,test_wallet_swap_loading_time[wallet_load_alex_user],test_wallet_swap_cpu_wallet_load_alex,passed,57.2,74.684,68.386,5,"66.891,74.684,57.2,68.662,74.494"
512bba730f,2026-07-31T04:49:19,test_wallet_add_account_first_open_loading_time[wallet_load_alex_user],test_wallet_add_account_first_open_cpu_wallet_load_alex,passed,49.741,49.741,49.741,1,49.741
512bba730f,2026-07-31T04:49:19,test_wallet_add_account_loading_time[wallet_load_alex_user],test_wallet_add_account_cpu_wallet_load_alex,passed,21.216,75.494,56.539,5,"50.359,68.706,75.494,66.922,21.216"
512bba730f,2026-07-31T04:49:19,test_wallet_collectibles_tab_first_open_loading_time[fresh_user],test_wallet_collectibles_tab_first_open_cpu_fresh,passed,39.685,39.685,39.685,1,39.685
512bba730f,2026-07-31T04:49:19,test_wallet_collectibles_tab_loading_time[fresh_user],test_wallet_collectibles_tab_cpu_fresh,passed,25.981,44.388,34.159,5,"28.906,25.981,44.388,35.156,36.362"
512bba730f,2026-07-31T04:49:19,test_wallet_receive_first_open_loading_time[wallet_load_alex_user],test_wallet_receive_first_open_cpu_wallet_load_alex,passed,29.206,29.206,29.206,1,29.206
512bba730f,2026-07-31T04:49:19,test_wallet_receive_loading_time[wallet_load_alex_user],test_wallet_receive_cpu_wallet_load_alex,passed,52.237,75.431,63.54,5,"75.431,73.244,54.453,52.237,62.334"
512bba730f,2026-07-31T04:49:19,test_wallet_first_open_loading_time[wallet_load_user],test_wallet_first_open_cpu_wallet_load,passed,55.622,55.622,55.622,1,55.622
512bba730f,2026-07-31T04:49:19,test_wallet_swap_first_open_loading_time[wallet_load_user],test_wallet_swap_first_open_cpu_wallet_load,passed,14.603,14.603,14.603,1,14.603
512bba730f,2026-07-31T04:49:19,test_wallet_swap_loading_time[wallet_load_user],test_wallet_swap_cpu_wallet_load,passed,46.716,74.425,63.646,5,"46.716,68.806,57.384,70.9,74.425"
512bba730f,2026-07-31T04:49:19,test_wallet_account_open_loading_time[wallet_load_user],test_wallet_account_first_open_cpu_wallet_load,passed,44.672,44.672,44.672,1,44.672
512bba730f,2026-07-31T04:49:19,test_wallet_activity_tab_first_open_loading_time[wallet_load_user],test_wallet_activity_tab_first_open_cpu_wallet_load,passed,55.953,55.953,55.953,1,55.953
512bba730f,2026-07-31T04:49:19,test_wallet_activity_tab_loading_time[wallet_load_user],test_wallet_activity_tab_cpu_wallet_load,passed,49.634,57.769,53.629,5,"50.431,55.416,49.634,54.894,57.769"
512bba730f,2026-07-31T04:49:19,test_wallet_assets_tab_first_open_loading_time[wallet_load_alex_user],test_wallet_assets_tab_first_open_cpu_wallet_load_alex,passed,60.146,60.146,60.146,1,60.146
512bba730f,2026-07-31T04:49:19,test_wallet_assets_tab_loading_time[wallet_load_alex_user],test_wallet_assets_tab_cpu_wallet_load_alex,passed,48.656,62.45,56.52,5,"60.755,62.45,58.74,51.998,48.656"
4d5f214a13,2026-07-31T09:31:40,test_wallet_activity_tab_first_open_loading_time[fresh_user],test_wallet_activity_tab_first_open_cpu_fresh,passed,36.731,36.731,36.731,1,36.731
4d5f214a13,2026-07-31T09:31:40,test_wallet_activity_tab_loading_time[fresh_user],test_wallet_activity_tab_cpu_fresh,passed,31.25,60.025,41.961,5,"37.631,37.4,31.25,60.025,43.5"
4d5f214a13,2026-07-31T09:31:40,test_wallet_repeat_open_loading_time[wallet_load_alex_user],test_wallet_repeat_open_cpu_wallet_load_alex,passed,47.797,54.922,51.563,5,"51.172,49.369,47.797,54.556,54.922"
4d5f214a13,2026-07-31T09:31:40,test_wallet_add_account_first_open_loading_time[wallet_load_alex_user],test_wallet_add_account_first_open_cpu_wallet_load_alex,passed,45.034,45.034,45.034,1,45.034
4d5f214a13,2026-07-31T09:31:40,test_wallet_add_account_loading_time[wallet_load_alex_user],test_wallet_add_account_cpu_wallet_load_alex,passed,26.328,73.341,56.204,5,"61.191,62.431,57.728,73.341,26.328"
4d5f214a13,2026-07-31T09:31:40,test_wallet_account_open_loading_time[fresh_user],test_wallet_account_first_open_cpu_fresh,passed,35.325,35.325,35.325,1,35.325
4d5f214a13,2026-07-31T09:31:40,test_wallet_send_first_open_loading_time[wallet_load_alex_user],test_wallet_send_first_open_cpu_wallet_load_alex,passed,37.865,37.865,37.865,1,37.865
4d5f214a13,2026-07-31T09:31:40,test_wallet_send_loading_time[wallet_load_alex_user],test_wallet_send_cpu_wallet_load_alex,passed,16.212,69.522,45.846,5,"66.175,58.522,69.522,18.797,16.212"
4d5f214a13,2026-07-31T09:31:40,test_status_community_second_open_loading_time[user_data0-user_account0],test_status_community_second_open_cpu_member,passed,4.766,48.401,36.965,5,"4.766,39.275,48.401,44.67,47.715"
4d5f214a13,2026-07-31T09:31:40,test_wallet_collectibles_tab_first_open_loading_time[wallet_load_user],test_wallet_collectibles_tab_first_open_cpu_wallet_load,passed,44.085,44.085,44.085,1,44.085
4d5f214a13,2026-07-31T09:31:40,test_wallet_collectibles_tab_loading_time[wallet_load_user],test_wallet_collectibles_tab_cpu_wallet_load,passed,40.931,45.625,43.549,5,"45.625,41.65,44.65,44.887,40.931"
4d5f214a13,2026-07-31T09:31:40,test_wallet_receive_first_open_loading_time[fresh_user],test_wallet_receive_first_open_cpu_fresh,passed,31.366,31.366,31.366,1,31.366
4d5f214a13,2026-07-31T09:31:40,test_wallet_receive_loading_time[fresh_user],test_wallet_receive_cpu_fresh,passed,49.8,57.156,54.645,5,"54.847,57.156,49.8,57.031,54.391"
4d5f214a13,2026-07-31T09:31:40,test_wallet_add_account_first_open_loading_time[wallet_load_user],test_wallet_add_account_first_open_cpu_wallet_load,passed,53.666,53.666,53.666,1,53.666
4d5f214a13,2026-07-31T09:31:40,test_wallet_add_account_loading_time[wallet_load_user],test_wallet_add_account_cpu_wallet_load,passed,48.088,73.969,61.279,5,"48.088,73.969,64.253,50.072,70.013"
4d5f214a13,2026-07-31T09:31:40,test_status_community_first_open_loading_time[user_data0-user_account0],test_status_community_first_open_cpu_member,passed,35.45,35.45,35.45,1,35.45
4d5f214a13,2026-07-31T09:31:40,test_wallet_receive_first_open_loading_time[wallet_load_user],test_wallet_receive_first_open_cpu_wallet_load,passed,38.237,38.237,38.237,1,38.237
4d5f214a13,2026-07-31T09:31:40,test_wallet_receive_loading_time[wallet_load_user],test_wallet_receive_cpu_wallet_load,passed,22.084,76.172,39.796,5,"76.172,33.719,43.497,22.084,23.506"
4d5f214a13,2026-07-31T09:31:40,test_wallet_collectibles_tab_first_open_loading_time[wallet_load_alex_user],test_wallet_collectibles_tab_first_open_cpu_wallet_load_alex,passed,47.106,47.106,47.106,1,47.106
4d5f214a13,2026-07-31T09:31:40,test_wallet_collectibles_tab_loading_time[wallet_load_alex_user],test_wallet_collectibles_tab_cpu_wallet_load_alex,passed,42.262,59.535,49.012,5,"49.428,45.8,59.535,48.037,42.262"
4d5f214a13,2026-07-31T09:31:40,test_wallet_assets_tab_first_open_loading_time[wallet_load_user],test_wallet_assets_tab_first_open_cpu_wallet_load,passed,64.34,64.34,64.34,1,64.34
4d5f214a13,2026-07-31T09:31:40,test_wallet_assets_tab_loading_time[wallet_load_user],test_wallet_assets_tab_cpu_wallet_load,passed,33.646,42.669,36.289,5,"34.284,36.427,33.646,42.669,34.421"
4d5f214a13,2026-07-31T09:31:40,test_wallet_activity_tab_first_open_loading_time[wallet_load_alex_user],test_wallet_activity_tab_first_open_cpu_wallet_load_alex,passed,35.109,35.109,35.109,1,35.109
4d5f214a13,2026-07-31T09:31:40,test_wallet_activity_tab_loading_time[wallet_load_alex_user],test_wallet_activity_tab_cpu_wallet_load_alex,passed,51.641,71.078,62.933,5,"62.647,70.928,51.641,71.078,58.372"
4d5f214a13,2026-07-31T09:31:40,test_wallet_first_open_loading_time[wallet_load_user],test_wallet_first_open_cpu_wallet_load,passed,36.094,36.094,36.094,1,36.094
4d5f214a13,2026-07-31T09:31:40,test_wallet_repeat_open_loading_time[wallet_load_user],test_wallet_repeat_open_cpu_wallet_load,passed,34.9,65.519,53.335,5,"58.013,65.519,49.266,58.978,34.9"
4d5f214a13,2026-07-31T09:31:40,test_wallet_account_open_loading_time[wallet_load_user],test_wallet_account_first_open_cpu_wallet_load,passed,29.119,29.119,29.119,1,29.119
4d5f214a13,2026-07-31T09:31:40,test_wallet_repeat_open_loading_time[fresh_user],test_wallet_repeat_open_cpu_fresh,passed,28.387,59.375,46.964,5,"28.387,50.903,54.131,42.025,59.375"
4d5f214a13,2026-07-31T09:31:40,test_wallet_send_first_open_loading_time[fresh_user],test_wallet_send_first_open_cpu_fresh,passed,44.017,44.017,44.017,1,44.017
4d5f214a13,2026-07-31T09:31:40,test_wallet_send_loading_time[fresh_user],test_wallet_send_cpu_fresh,passed,57.053,81.334,67.478,5,"57.053,81.334,59.609,67.994,71.4"
4d5f214a13,2026-07-31T09:31:40,test_wallet_account_open_loading_time[wallet_load_alex_user],test_wallet_account_first_open_cpu_wallet_load_alex,passed,34.331,34.331,34.331,1,34.331
4d5f214a13,2026-07-31T09:31:40,test_wallet_send_first_open_loading_time[wallet_load_user],test_wallet_send_first_open_cpu_wallet_load,passed,38.054,38.054,38.054,1,38.054
4d5f214a13,2026-07-31T09:31:40,test_wallet_send_loading_time[wallet_load_user],test_wallet_send_cpu_wallet_load,passed,60.619,75.989,64.556,5,"62.678,60.619,62.091,75.989,61.404"
4d5f214a13,2026-07-31T09:31:40,test_wallet_first_open_loading_time[fresh_user],test_wallet_first_open_cpu_fresh,passed,26.794,26.794,26.794,1,26.794
4d5f214a13,2026-07-31T09:31:40,test_wallet_swap_first_open_loading_time[wallet_load_alex_user],test_wallet_swap_first_open_cpu_wallet_load_alex,passed,40.128,40.128,40.128,1,40.128
4d5f214a13,2026-07-31T09:31:40,test_wallet_swap_loading_time[wallet_load_alex_user],test_wallet_swap_cpu_wallet_load_alex,passed,59.388,83.647,67.946,5,"83.647,63.369,59.388,64.45,68.878"
4d5f214a13,2026-07-31T09:31:40,test_wallet_collectibles_tab_first_open_loading_time[fresh_user],test_wallet_collectibles_tab_first_open_cpu_fresh,passed,35.905,35.905,35.905,1,35.905
4d5f214a13,2026-07-31T09:31:40,test_wallet_collectibles_tab_loading_time[fresh_user],test_wallet_collectibles_tab_cpu_fresh,passed,34.044,99.731,52.791,5,"46.587,43.75,99.731,39.844,34.044"
4d5f214a13,2026-07-31T09:31:40,test_wallet_swap_first_open_loading_time[wallet_load_user],test_wallet_swap_first_open_cpu_wallet_load,passed,35.631,35.631,35.631,1,35.631
4d5f214a13,2026-07-31T09:31:40,test_wallet_swap_loading_time[wallet_load_user],test_wallet_swap_cpu_wallet_load,passed,54.691,65.769,61.497,5,"64.178,62.325,54.691,60.522,65.769"
4d5f214a13,2026-07-31T09:31:40,test_wallet_receive_first_open_loading_time[wallet_load_alex_user],test_wallet_receive_first_open_cpu_wallet_load_alex,passed,36.422,36.422,36.422,1,36.422
4d5f214a13,2026-07-31T09:31:40,test_wallet_receive_loading_time[wallet_load_alex_user],test_wallet_receive_cpu_wallet_load_alex,passed,8.137,75.294,41.352,5,"75.294,58.684,41.388,23.256,8.137"
4d5f214a13,2026-07-31T09:31:40,test_wallet_swap_first_open_loading_time[fresh_user],test_wallet_swap_first_open_cpu_fresh,passed,48.516,48.516,48.516,1,48.516
4d5f214a13,2026-07-31T09:31:40,test_wallet_swap_loading_time[fresh_user],test_wallet_swap_cpu_fresh,passed,52.191,68.653,58.897,5,"52.191,62.359,54.403,68.653,56.878"
4d5f214a13,2026-07-31T09:31:40,test_wallet_activity_tab_first_open_loading_time[wallet_load_user],test_wallet_activity_tab_first_open_cpu_wallet_load,passed,61.044,61.044,61.044,1,61.044
4d5f214a13,2026-07-31T09:31:40,test_wallet_activity_tab_loading_time[wallet_load_user],test_wallet_activity_tab_cpu_wallet_load,passed,52.712,63.95,59.159,5,"60.438,52.712,60.425,63.95,58.272"
4d5f214a13,2026-07-31T09:31:40,test_wallet_add_account_first_open_loading_time[fresh_user],test_wallet_add_account_first_open_cpu_fresh,passed,49.391,49.391,49.391,1,49.391
4d5f214a13,2026-07-31T09:31:40,test_wallet_add_account_loading_time[fresh_user],test_wallet_add_account_cpu_fresh,passed,41.209,61.638,52.943,5,"41.209,43.806,57.459,61.638,60.602"
4d5f214a13,2026-07-31T09:31:40,test_wallet_assets_tab_first_open_loading_time[fresh_user],test_wallet_assets_tab_first_open_cpu_fresh,passed,56.726,56.726,56.726,1,56.726
4d5f214a13,2026-07-31T09:31:40,test_wallet_assets_tab_loading_time[fresh_user],test_wallet_assets_tab_cpu_fresh,passed,18.938,45.775,29.777,5,"45.775,32.812,23.828,18.938,27.531"
4d5f214a13,2026-07-31T09:31:40,test_wallet_first_open_loading_time[wallet_load_alex_user],test_wallet_first_open_cpu_wallet_load_alex,passed,33.597,33.597,33.597,1,33.597
4d5f214a13,2026-07-31T09:31:40,test_wallet_assets_tab_first_open_loading_time[wallet_load_alex_user],test_wallet_assets_tab_first_open_cpu_wallet_load_alex,passed,54.959,54.959,54.959,1,54.959
4d5f214a13,2026-07-31T09:31:40,test_wallet_assets_tab_loading_time[wallet_load_alex_user],test_wallet_assets_tab_cpu_wallet_load_alex,passed,50.664,61.931,58.172,5,"60.206,60.288,61.931,50.664,57.773"
3959f84669,2026-07-31T12:14:46,test_wallet_activity_tab_first_open_loading_time[fresh_user],test_wallet_activity_tab_first_open_cpu_fresh,passed,65.106,65.106,65.106,1,65.106
3959f84669,2026-07-31T12:14:46,test_wallet_activity_tab_loading_time[fresh_user],test_wallet_activity_tab_cpu_fresh,passed,27.344,78.956,50.727,5,"78.956,39.95,27.344,61.294,46.094"
3959f84669,2026-07-31T12:14:46,test_wallet_swap_first_open_loading_time[fresh_user],test_wallet_swap_first_open_cpu_fresh,passed,54.124,54.124,54.124,1,54.124
3959f84669,2026-07-31T12:14:46,test_wallet_swap_loading_time[fresh_user],test_wallet_swap_cpu_fresh,passed,53.947,75.884,61.251,5,"57.831,63.969,54.622,75.884,53.947"
3959f84669,2026-07-31T12:14:46,test_wallet_assets_tab_first_open_loading_time[wallet_load_user],test_wallet_assets_tab_first_open_cpu_wallet_load,passed,62.952,62.952,62.952,1,62.952
3959f84669,2026-07-31T12:14:46,test_wallet_assets_tab_loading_time[wallet_load_user],test_wallet_assets_tab_cpu_wallet_load,passed,29.683,43.211,36.883,5,"43.211,32.069,29.683,41.308,38.144"
3959f84669,2026-07-31T12:14:46,test_wallet_add_account_first_open_loading_time[wallet_load_alex_user],test_wallet_add_account_first_open_cpu_wallet_load_alex,passed,52.431,52.431,52.431,1,52.431
3959f84669,2026-07-31T12:14:46,test_wallet_add_account_loading_time[wallet_load_alex_user],test_wallet_add_account_cpu_wallet_load_alex,passed,23.309,72.034,57.023,5,"68.775,64.906,56.087,72.034,23.309"
3959f84669,2026-07-31T12:14:46,test_wallet_first_open_loading_time[wallet_load_alex_user],test_wallet_first_open_cpu_wallet_load_alex,passed,43.006,43.006,43.006,1,43.006
3959f84669,2026-07-31T12:14:46,test_wallet_account_open_loading_time[wallet_load_alex_user],test_wallet_account_first_open_cpu_wallet_load_alex,passed,62.108,62.108,62.108,1,62.108
3959f84669,2026-07-31T12:14:46,test_wallet_first_open_loading_time[fresh_user],test_wallet_first_open_cpu_fresh,passed,15.363,15.363,15.363,1,15.363
3959f84669,2026-07-31T12:14:46,test_wallet_assets_tab_first_open_loading_time[fresh_user],test_wallet_assets_tab_first_open_cpu_fresh,passed,55.24,55.24,55.24,1,55.24
3959f84669,2026-07-31T12:14:46,test_wallet_assets_tab_loading_time[fresh_user],test_wallet_assets_tab_cpu_fresh,passed,19.0,43.744,28.987,5,"29.688,43.744,21.312,31.191,19.0"
3959f84669,2026-07-31T12:14:46,test_status_community_second_open_loading_time[user_data0-user_account0],test_status_community_second_open_cpu_member,passed,2.844,50.35,30.119,5,"11.315,2.844,50.35,47.899,38.186"
3959f84669,2026-07-31T12:14:46,test_status_community_first_open_loading_time[user_data0-user_account0],test_status_community_first_open_cpu_member,passed,22.295,22.295,22.295,1,22.295
3959f84669,2026-07-31T12:14:46,test_wallet_add_account_first_open_loading_time[fresh_user],test_wallet_add_account_first_open_cpu_fresh,passed,31.016,31.016,31.016,1,31.016
3959f84669,2026-07-31T12:14:46,test_wallet_add_account_loading_time[fresh_user],test_wallet_add_account_cpu_fresh,passed,46.131,71.172,57.581,5,"55.812,55.461,46.131,71.172,59.328"
3959f84669,2026-07-31T12:14:46,test_wallet_swap_first_open_loading_time[wallet_load_alex_user],test_wallet_swap_first_open_cpu_wallet_load_alex,passed,22.1,22.1,22.1,1,22.1
3959f84669,2026-07-31T12:14:46,test_wallet_swap_loading_time[wallet_load_alex_user],test_wallet_swap_cpu_wallet_load_alex,passed,59.544,72.944,65.359,5,"59.544,72.944,60.256,71.681,62.372"
3959f84669,2026-07-31T12:14:46,test_wallet_repeat_open_loading_time[wallet_load_user],test_wallet_repeat_open_cpu_wallet_load,passed,47.491,57.888,52.377,5,"49.569,56.234,47.491,57.888,50.706"
3959f84669,2026-07-31T12:14:46,test_wallet_collectibles_tab_first_open_loading_time[fresh_user],test_wallet_collectibles_tab_first_open_cpu_fresh,passed,41.411,41.411,41.411,1,41.411
3959f84669,2026-07-31T12:14:46,test_wallet_collectibles_tab_loading_time[fresh_user],test_wallet_collectibles_tab_cpu_fresh,passed,16.406,42.188,31.371,5,"16.406,23.438,42.188,39.95,34.875"
3959f84669,2026-07-31T12:14:46,test_wallet_receive_first_open_loading_time[wallet_load_alex_user],test_wallet_receive_first_open_cpu_wallet_load_alex,passed,37.925,37.925,37.925,1,37.925
3959f84669,2026-07-31T12:14:46,test_wallet_receive_loading_time[wallet_load_alex_user],test_wallet_receive_cpu_wallet_load_alex,passed,40.225,68.525,49.094,5,"46.056,68.525,49.616,41.05,40.225"
3959f84669,2026-07-31T12:14:46,test_wallet_collectibles_tab_first_open_loading_time[wallet_load_alex_user],test_wallet_collectibles_tab_first_open_cpu_wallet_load_alex,passed,47.746,47.746,47.746,1,47.746
3959f84669,2026-07-31T12:14:46,test_wallet_collectibles_tab_loading_time[wallet_load_alex_user],test_wallet_collectibles_tab_cpu_wallet_load_alex,passed,42.434,53.431,46.151,5,"44.541,47.191,53.431,43.161,42.434"
3959f84669,2026-07-31T12:14:46,test_wallet_swap_first_open_loading_time[wallet_load_user],test_wallet_swap_first_open_cpu_wallet_load,passed,55.807,55.807,55.807,1,55.807
3959f84669,2026-07-31T12:14:46,test_wallet_swap_loading_time[wallet_load_user],test_wallet_swap_cpu_wallet_load,passed,54.672,72.153,63.799,5,"54.672,68.547,72.153,59.725,63.9"
3959f84669,2026-07-31T12:14:46,test_wallet_add_account_first_open_loading_time[wallet_load_user],test_wallet_add_account_first_open_cpu_wallet_load,passed,49.297,49.297,49.297,1,49.297
3959f84669,2026-07-31T12:14:46,test_wallet_add_account_loading_time[wallet_load_user],test_wallet_add_account_cpu_wallet_load,passed,56.347,71.409,65.055,5,"63.303,64.091,56.347,70.125,71.409"
3959f84669,2026-07-31T12:14:46,test_wallet_receive_first_open_loading_time[wallet_load_user],test_wallet_receive_first_open_cpu_wallet_load,passed,30.119,30.119,30.119,1,30.119
3959f84669,2026-07-31T12:14:46,test_wallet_receive_loading_time[wallet_load_user],test_wallet_receive_cpu_wallet_load,passed,25.028,64.844,40.284,5,"25.028,46.85,64.844,30.209,34.487"
3959f84669,2026-07-31T12:14:46,test_wallet_activity_tab_first_open_loading_time[wallet_load_user],test_wallet_activity_tab_first_open_cpu_wallet_load,passed,42.522,42.522,42.522,1,42.522
3959f84669,2026-07-31T12:14:46,test_wallet_activity_tab_loading_time[wallet_load_user],test_wallet_activity_tab_cpu_wallet_load,passed,35.812,65.831,55.214,5,"51.247,35.812,65.831,59.809,63.369"
3959f84669,2026-07-31T12:14:46,test_wallet_repeat_open_loading_time[wallet_load_alex_user],test_wallet_repeat_open_cpu_wallet_load_alex,passed,34.906,58.609,46.648,5,"37.925,58.609,51.45,50.35,34.906"
3959f84669,2026-07-31T12:14:46,test_wallet_receive_first_open_loading_time[fresh_user],test_wallet_receive_first_open_cpu_fresh,passed,36.787,36.787,36.787,1,36.787
3959f84669,2026-07-31T12:14:46,test_wallet_receive_loading_time[fresh_user],test_wallet_receive_cpu_fresh,passed,48.828,57.541,53.541,5,"57.541,54.944,56.391,50.0,48.828"
3959f84669,2026-07-31T12:14:46,test_wallet_collectibles_tab_first_open_loading_time[wallet_load_user],test_wallet_collectibles_tab_first_open_cpu_wallet_load,passed,46.747,46.747,46.747,1,46.747
3959f84669,2026-07-31T12:14:46,test_wallet_collectibles_tab_loading_time[wallet_load_user],test_wallet_collectibles_tab_cpu_wallet_load,passed,31.802,49.266,38.011,5,"37.471,34.065,31.802,37.45,49.266"
3959f84669,2026-07-31T12:14:46,test_wallet_activity_tab_first_open_loading_time[wallet_load_alex_user],test_wallet_activity_tab_first_open_cpu_wallet_load_alex,passed,41.919,41.919,41.919,1,41.919
3959f84669,2026-07-31T12:14:46,test_wallet_activity_tab_loading_time[wallet_load_alex_user],test_wallet_activity_tab_cpu_wallet_load_alex,passed,56.753,68.575,61.361,5,"56.753,68.575,58.712,59.838,62.928"
3959f84669,2026-07-31T12:14:46,test_wallet_account_open_loading_time[wallet_load_user],test_wallet_account_first_open_cpu_wallet_load,passed,26.188,26.188,26.188,1,26.188
3959f84669,2026-07-31T12:14:46,test_wallet_send_first_open_loading_time[fresh_user],test_wallet_send_first_open_cpu_fresh,passed,47.79,47.79,47.79,1,47.79
3959f84669,2026-07-31T12:14:46,test_wallet_send_loading_time[fresh_user],test_wallet_send_cpu_fresh,passed,45.706,67.994,55.654,5,"52.425,45.706,64.037,48.109,67.994"
3959f84669,2026-07-31T12:14:46,test_wallet_send_first_open_loading_time[wallet_load_alex_user],test_wallet_send_first_open_cpu_wallet_load_alex,passed,17.85,17.85,17.85,1,17.85
3959f84669,2026-07-31T12:14:46,test_wallet_send_loading_time[wallet_load_alex_user],test_wallet_send_cpu_wallet_load_alex,passed,63.856,76.737,68.708,5,"63.856,65.088,76.737,68.531,69.325"
3959f84669,2026-07-31T12:14:46,test_wallet_account_open_loading_time[fresh_user],test_wallet_account_first_open_cpu_fresh,passed,45.075,45.075,45.075,1,45.075
3959f84669,2026-07-31T12:14:46,test_wallet_assets_tab_first_open_loading_time[wallet_load_alex_user],test_wallet_assets_tab_first_open_cpu_wallet_load_alex,passed,40.235,40.235,40.235,1,40.235
3959f84669,2026-07-31T12:14:46,test_wallet_assets_tab_loading_time[wallet_load_alex_user],test_wallet_assets_tab_cpu_wallet_load_alex,passed,54.306,59.684,56.336,5,"54.306,54.402,57.771,59.684,55.519"
3959f84669,2026-07-31T12:14:46,test_wallet_send_first_open_loading_time[wallet_load_user],test_wallet_send_first_open_cpu_wallet_load,passed,42.611,42.611,42.611,1,42.611
3959f84669,2026-07-31T12:14:46,test_wallet_send_loading_time[wallet_load_user],test_wallet_send_cpu_wallet_load,passed,49.203,69.647,61.915,5,"69.647,60.131,49.203,62.778,67.816"
3959f84669,2026-07-31T12:14:46,test_wallet_first_open_loading_time[wallet_load_user],test_wallet_first_open_cpu_wallet_load,passed,78.919,78.919,78.919,1,78.919
3959f84669,2026-07-31T12:14:46,test_wallet_repeat_open_loading_time[fresh_user],test_wallet_repeat_open_cpu_fresh,passed,32.619,56.728,45.998,5,"56.728,36.2,32.619,56.128,48.312"
ad6f081d3d,2026-07-31T15:04:42,test_wallet_send_first_open_loading_time[wallet_load_alex_user],test_wallet_send_first_open_cpu_wallet_load_alex,passed,20.647,20.647,20.647,1,20.647
ad6f081d3d,2026-07-31T15:04:42,test_wallet_send_loading_time[wallet_load_alex_user],test_wallet_send_cpu_wallet_load_alex,passed,23.194,68.744,55.644,5,"59.112,63.059,64.112,68.744,23.194"
ad6f081d3d,2026-07-31T15:04:42,test_wallet_account_open_loading_time[wallet_load_alex_user],test_wallet_account_first_open_cpu_wallet_load_alex,passed,39.26,39.26,39.26,1,39.26
ad6f081d3d,2026-07-31T15:04:42,test_wallet_receive_first_open_loading_time[fresh_user],test_wallet_receive_first_open_cpu_fresh,passed,36.931,36.931,36.931,1,36.931
ad6f081d3d,2026-07-31T15:04:42,test_wallet_receive_loading_time[fresh_user],test_wallet_receive_cpu_fresh,passed,38.888,68.847,55.413,5,"68.847,38.888,57.812,65.797,45.722"
ad6f081d3d,2026-07-31T15:04:42,test_wallet_receive_first_open_loading_time[wallet_load_alex_user],test_wallet_receive_first_open_cpu_wallet_load_alex,passed,40.375,40.375,40.375,1,40.375
ad6f081d3d,2026-07-31T15:04:42,test_wallet_receive_loading_time[wallet_load_alex_user],test_wallet_receive_cpu_wallet_load_alex,passed,45.466,81.328,59.705,5,"49.522,47.45,45.466,74.759,81.328"
ad6f081d3d,2026-07-31T15:04:42,test_wallet_first_open_loading_time[wallet_load_user],test_wallet_first_open_cpu_wallet_load,passed,31.25,31.25,31.25,1,31.25
ad6f081d3d,2026-07-31T15:04:42,test_wallet_activity_tab_first_open_loading_time[wallet_load_alex_user],test_wallet_activity_tab_first_open_cpu_wallet_load_alex,passed,53.006,53.006,53.006,1,53.006
ad6f081d3d,2026-07-31T15:04:42,test_wallet_activity_tab_loading_time[wallet_load_alex_user],test_wallet_activity_tab_cpu_wallet_load_alex,passed,43.678,69.4,58.594,5,"50.681,43.678,69.4,68.422,60.791"
ad6f081d3d,2026-07-31T15:04:42,test_wallet_add_account_first_open_loading_time[wallet_load_user],test_wallet_add_account_first_open_cpu_wallet_load,passed,55.381,55.381,55.381,1,55.381
ad6f081d3d,2026-07-31T15:04:42,test_wallet_add_account_loading_time[wallet_load_user],test_wallet_add_account_cpu_wallet_load,passed,44.95,67.528,58.464,5,"65.091,54.281,44.95,60.469,67.528"
ad6f081d3d,2026-07-31T15:04:42,test_wallet_first_open_loading_time[wallet_load_alex_user],test_wallet_first_open_cpu_wallet_load_alex,passed,21.094,21.094,21.094,1,21.094
ad6f081d3d,2026-07-31T15:04:42,test_wallet_activity_tab_first_open_loading_time[fresh_user],test_wallet_activity_tab_first_open_cpu_fresh,passed,34.625,34.625,34.625,1,34.625
ad6f081d3d,2026-07-31T15:04:42,test_wallet_activity_tab_loading_time[fresh_user],test_wallet_activity_tab_cpu_fresh,passed,33.15,56.25,40.16,5,"38.281,56.25,36.4,36.719,33.15"
ad6f081d3d,2026-07-31T15:04:42,test_wallet_assets_tab_first_open_loading_time[wallet_load_user],test_wallet_assets_tab_first_open_cpu_wallet_load,passed,63.938,63.938,63.938,1,63.938
ad6f081d3d,2026-07-31T15:04:42,test_wallet_assets_tab_loading_time[wallet_load_user],test_wallet_assets_tab_cpu_wallet_load,passed,30.51,38.438,33.047,5,"30.51,31.773,33.229,38.438,31.287"
ad6f081d3d,2026-07-31T15:04:42,test_wallet_swap_first_open_loading_time[wallet_load_alex_user],test_wallet_swap_first_open_cpu_wallet_load_alex,passed,44.961,44.961,44.961,1,44.961
ad6f081d3d,2026-07-31T15:04:42,test_wallet_swap_loading_time[wallet_load_alex_user],test_wallet_swap_cpu_wallet_load_alex,passed,59.634,70.556,66.186,5,"70.213,59.634,65.528,70.556,65.0"
ad6f081d3d,2026-07-31T15:04:42,test_wallet_assets_tab_first_open_loading_time[fresh_user],test_wallet_assets_tab_first_open_cpu_fresh,passed,56.916,56.916,56.916,1,56.916
ad6f081d3d,2026-07-31T15:04:42,test_wallet_assets_tab_loading_time[fresh_user],test_wallet_assets_tab_cpu_fresh,passed,21.819,37.891,30.962,5,"35.922,37.891,34.766,24.413,21.819"
ad6f081d3d,2026-07-31T15:04:42,test_wallet_repeat_open_loading_time[wallet_load_alex_user],test_wallet_repeat_open_cpu_wallet_load_alex,passed,40.344,58.519,50.747,5,"58.519,40.344,55.806,55.959,43.106"
ad6f081d3d,2026-07-31T15:04:42,test_wallet_send_first_open_loading_time[wallet_load_user],test_wallet_send_first_open_cpu_wallet_load,passed,35.806,35.806,35.806,1,35.806
ad6f081d3d,2026-07-31T15:04:42,test_wallet_send_loading_time[wallet_load_user],test_wallet_send_cpu_wallet_load,passed,54.288,75.378,65.506,5,"67.55,66.928,54.288,75.378,63.384"
ad6f081d3d,2026-07-31T15:04:42,test_wallet_account_open_loading_time[wallet_load_user],test_wallet_account_first_open_cpu_wallet_load,passed,28.969,28.969,28.969,1,28.969
ad6f081d3d,2026-07-31T15:04:42,test_status_community_first_open_loading_time[user_data0-user_account0],test_status_community_first_open_cpu_member,passed,18.654,18.654,18.654,1,18.654
ad6f081d3d,2026-07-31T15:04:42,test_wallet_collectibles_tab_first_open_loading_time[fresh_user],test_wallet_collectibles_tab_first_open_cpu_fresh,passed,38.527,38.527,38.527,1,38.527
ad6f081d3d,2026-07-31T15:04:42,test_wallet_collectibles_tab_loading_time[fresh_user],test_wallet_collectibles_tab_cpu_fresh,passed,7.169,73.688,42.671,5,"7.169,73.688,56.819,35.513,40.169"
ad6f081d3d,2026-07-31T15:04:42,test_wallet_add_account_first_open_loading_time[wallet_load_alex_user],test_wallet_add_account_first_open_cpu_wallet_load_alex,passed,55.984,55.984,55.984,1,55.984
ad6f081d3d,2026-07-31T15:04:42,test_wallet_add_account_loading_time[wallet_load_alex_user],test_wallet_add_account_cpu_wallet_load_alex,passed,14.028,77.166,44.837,5,"77.166,69.141,44.141,14.028,19.709"
ad6f081d3d,2026-07-31T15:04:42,test_wallet_first_open_loading_time[fresh_user],test_wallet_first_open_cpu_fresh,passed,15.731,15.731,15.731,1,15.731
ad6f081d3d,2026-07-31T15:04:42,test_wallet_collectibles_tab_first_open_loading_time[wallet_load_user],test_wallet_collectibles_tab_first_open_cpu_wallet_load,passed,45.153,45.153,45.153,1,45.153
ad6f081d3d,2026-07-31T15:04:42,test_wallet_collectibles_tab_loading_time[wallet_load_user],test_wallet_collectibles_tab_cpu_wallet_load,passed,31.842,44.177,39.989,5,"39.727,31.842,43.85,40.35,44.177"
ad6f081d3d,2026-07-31T15:04:42,test_wallet_repeat_open_loading_time[wallet_load_user],test_wallet_repeat_open_cpu_wallet_load,passed,35.112,55.994,47.066,5,"53.869,35.112,52.725,55.994,37.628"
ad6f081d3d,2026-07-31T15:04:42,test_wallet_account_open_loading_time[fresh_user],test_wallet_account_first_open_cpu_fresh,passed,38.281,38.281,38.281,1,38.281
ad6f081d3d,2026-07-31T15:04:42,test_wallet_swap_first_open_loading_time[fresh_user],test_wallet_swap_first_open_cpu_fresh,passed,49.324,49.324,49.324,1,49.324
ad6f081d3d,2026-07-31T15:04:42,test_wallet_swap_loading_time[fresh_user],test_wallet_swap_cpu_fresh,passed,56.269,78.05,65.844,5,"64.85,56.269,70.584,78.05,59.469"
ad6f081d3d,2026-07-31T15:04:42,test_wallet_send_first_open_loading_time[fresh_user],test_wallet_send_first_open_cpu_fresh,passed,44.89,44.89,44.89,1,44.89
ad6f081d3d,2026-07-31T15:04:42,test_wallet_send_loading_time[fresh_user],test_wallet_send_cpu_fresh,passed,48.828,65.69,56.835,5,"51.188,55.831,65.69,62.638,48.828"
ad6f081d3d,2026-07-31T15:04:42,test_wallet_add_account_first_open_loading_time[fresh_user],test_wallet_add_account_first_open_cpu_fresh,passed,35.578,35.578,35.578,1,35.578
ad6f081d3d,2026-07-31T15:04:42,test_wallet_add_account_loading_time[fresh_user],test_wallet_add_account_cpu_fresh,passed,37.316,60.722,50.968,5,"60.722,37.316,47.788,50.253,58.759"
ad6f081d3d,2026-07-31T15:04:42,test_wallet_swap_first_open_loading_time[wallet_load_user],test_wallet_swap_first_open_cpu_wallet_load,passed,24.178,24.178,24.178,1,24.178
ad6f081d3d,2026-07-31T15:04:42,test_wallet_swap_loading_time[wallet_load_user],test_wallet_swap_cpu_wallet_load,passed,57.594,69.862,61.469,5,"57.919,57.594,61.837,69.862,60.134"
ad6f081d3d,2026-07-31T15:04:42,test_wallet_collectibles_tab_first_open_loading_time[wallet_load_alex_user],test_wallet_collectibles_tab_first_open_cpu_wallet_load_alex,passed,47.326,47.326,47.326,1,47.326
ad6f081d3d,2026-07-31T15:04:42,test_wallet_collectibles_tab_loading_time[wallet_load_alex_user],test_wallet_collectibles_tab_cpu_wallet_load_alex,passed,50.155,61.358,53.197,5,"50.212,52.458,51.802,50.155,61.358"
ad6f081d3d,2026-07-31T15:04:42,test_status_community_second_open_loading_time[user_data0-user_account0],test_status_community_second_open_cpu_member,passed,47.07,61.047,53.974,5,"54.49,51.619,55.643,61.047,47.07"
ad6f081d3d,2026-07-31T15:04:42,test_wallet_repeat_open_loading_time[fresh_user],test_wallet_repeat_open_cpu_fresh,passed,25.55,53.031,40.544,5,"31.6,53.031,52.378,25.55,40.159"
ad6f081d3d,2026-07-31T15:04:42,test_wallet_receive_first_open_loading_time[wallet_load_user],test_wallet_receive_first_open_cpu_wallet_load,passed,29.885,29.885,29.885,1,29.885
ad6f081d3d,2026-07-31T15:04:42,test_wallet_receive_loading_time[wallet_load_user],test_wallet_receive_cpu_wallet_load,passed,23.019,47.178,33.511,5,"47.178,35.175,26.987,35.197,23.019"
ad6f081d3d,2026-07-31T15:04:42,test_wallet_activity_tab_first_open_loading_time[wallet_load_user],test_wallet_activity_tab_first_open_cpu_wallet_load,passed,40.506,40.506,40.506,1,40.506
ad6f081d3d,2026-07-31T15:04:42,test_wallet_activity_tab_loading_time[wallet_load_user],test_wallet_activity_tab_cpu_wallet_load,passed,46.344,69.853,59.817,5,"69.853,46.344,55.834,60.106,66.95"
ad6f081d3d,2026-07-31T15:04:42,test_wallet_assets_tab_first_open_loading_time[wallet_load_alex_user],test_wallet_assets_tab_first_open_cpu_wallet_load_alex,passed,62.48,62.48,62.48,1,62.48
ad6f081d3d,2026-07-31T15:04:42,test_wallet_assets_tab_loading_time[wallet_load_alex_user],test_wallet_assets_tab_cpu_wallet_load_alex,passed,53.089,67.573,58.184,5,"53.559,56.067,67.573,60.633,53.089"
bcb30b734c,2026-08-01T04:46:45,test_wallet_send_first_open_loading_time[fresh_user],test_wallet_send_first_open_cpu_fresh,passed,48.721,48.721,48.721,1,48.721
bcb30b734c,2026-08-01T04:46:45,test_wallet_send_loading_time[fresh_user],test_wallet_send_cpu_fresh,passed,51.919,67.919,63.351,5,"51.919,66.688,63.894,66.334,67.919"
bcb30b734c,2026-08-01T04:46:45,test_wallet_collectibles_tab_first_open_loading_time[wallet_load_user],test_wallet_collectibles_tab_first_open_cpu_wallet_load,passed,45.04,45.04,45.04,1,45.04
bcb30b734c,2026-08-01T04:46:45,test_wallet_collectibles_tab_loading_time[wallet_load_user],test_wallet_collectibles_tab_cpu_wallet_load,passed,33.694,53.992,45.438,5,"33.694,50.039,46.631,42.834,53.992"
bcb30b734c,2026-08-01T04:46:45,test_wallet_swap_first_open_loading_time[wallet_load_user],test_wallet_swap_first_open_cpu_wallet_load,passed,41.684,41.684,41.684,1,41.684
bcb30b734c,2026-08-01T04:46:45,test_wallet_swap_loading_time[wallet_load_user],test_wallet_swap_cpu_wallet_load,passed,52.969,68.728,62.25,5,"52.969,67.831,64.816,68.728,56.906"
bcb30b734c,2026-08-01T04:46:45,test_wallet_receive_first_open_loading_time[wallet_load_user],test_wallet_receive_first_open_cpu_wallet_load,passed,34.269,34.269,34.269,1,34.269
bcb30b734c,2026-08-01T04:46:45,test_wallet_receive_loading_time[wallet_load_user],test_wallet_receive_cpu_wallet_load,passed,7.513,50.763,31.559,5,"50.763,39.844,28.516,7.513,31.163"
bcb30b734c,2026-08-01T04:46:45,test_wallet_send_first_open_loading_time[wallet_load_user],test_wallet_send_first_open_cpu_wallet_load,passed,48.494,48.494,48.494,1,48.494
bcb30b734c,2026-08-01T04:46:45,test_wallet_send_loading_time[wallet_load_user],test_wallet_send_cpu_wallet_load,passed,53.275,76.034,66.041,5,"53.275,61.828,76.034,73.206,65.862"
bcb30b734c,2026-08-01T04:46:45,test_wallet_account_open_loading_time[wallet_load_user],test_wallet_account_first_open_cpu_wallet_load,passed,30.733,30.733,30.733,1,30.733
bcb30b734c,2026-08-01T04:46:45,test_wallet_swap_first_open_loading_time[wallet_load_alex_user],test_wallet_swap_first_open_cpu_wallet_load_alex,passed,32.181,32.181,32.181,1,32.181
bcb30b734c,2026-08-01T04:46:45,test_wallet_swap_loading_time[wallet_load_alex_user],test_wallet_swap_cpu_wallet_load_alex,passed,57.522,75.781,66.428,5,"57.522,59.478,75.781,64.381,74.978"
bcb30b734c,2026-08-01T04:46:45,test_wallet_collectibles_tab_first_open_loading_time[fresh_user],test_wallet_collectibles_tab_first_open_cpu_fresh,passed,44.142,44.142,44.142,1,44.142
bcb30b734c,2026-08-01T04:46:45,test_wallet_collectibles_tab_loading_time[fresh_user],test_wallet_collectibles_tab_cpu_fresh,passed,33.594,42.569,38.194,5,"33.594,36.719,42.569,37.4,40.688"
bcb30b734c,2026-08-01T04:46:45,test_status_community_first_open_loading_time[user_data0-user_account0],test_status_community_first_open_cpu_member,passed,22.4,22.4,22.4,1,22.4
bcb30b734c,2026-08-01T04:46:45,test_wallet_assets_tab_first_open_loading_time[wallet_load_alex_user],test_wallet_assets_tab_first_open_cpu_wallet_load_alex,passed,68.11,68.11,68.11,1,68.11
bcb30b734c,2026-08-01T04:46:45,test_wallet_assets_tab_loading_time[wallet_load_alex_user],test_wallet_assets_tab_cpu_wallet_load_alex,passed,50.28,62.533,54.816,5,"52.664,62.533,52.435,56.169,50.28"
bcb30b734c,2026-08-01T04:46:45,test_wallet_repeat_open_loading_time[wallet_load_user],test_wallet_repeat_open_cpu_wallet_load,passed,30.35,56.744,46.582,5,"56.744,46.697,46.85,52.269,30.35"
bcb30b734c,2026-08-01T04:46:45,test_wallet_repeat_open_loading_time[wallet_load_alex_user],test_wallet_repeat_open_cpu_wallet_load_alex,passed,50.156,60.344,55.003,5,"56.594,54.703,60.344,53.219,50.156"
bcb30b734c,2026-08-01T04:46:45,test_wallet_activity_tab_first_open_loading_time[fresh_user],test_wallet_activity_tab_first_open_cpu_fresh,passed,45.312,45.312,45.312,1,45.312
bcb30b734c,2026-08-01T04:46:45,test_wallet_activity_tab_loading_time[fresh_user],test_wallet_activity_tab_cpu_fresh,passed,32.85,49.275,38.823,5,"39.419,35.837,32.85,49.275,36.731"
bcb30b734c,2026-08-01T04:46:45,test_wallet_activity_tab_first_open_loading_time[wallet_load_user],test_wallet_activity_tab_first_open_cpu_wallet_load,passed,43.462,43.462,43.462,1,43.462
bcb30b734c,2026-08-01T04:46:45,test_wallet_activity_tab_loading_time[wallet_load_user],test_wallet_activity_tab_cpu_wallet_load,passed,48.922,64.441,58.169,5,"64.441,53.234,48.922,64.097,60.153"
bcb30b734c,2026-08-01T04:46:45,test_wallet_receive_first_open_loading_time[wallet_load_alex_user],test_wallet_receive_first_open_cpu_wallet_load_alex,passed,40.331,40.331,40.331,1,40.331
bcb30b734c,2026-08-01T04:46:45,test_wallet_receive_loading_time[wallet_load_alex_user],test_wallet_receive_cpu_wallet_load_alex,passed,27.938,70.941,53.945,5,"69.603,62.184,70.941,27.938,39.059"
bcb30b734c,2026-08-01T04:46:45,test_wallet_activity_tab_first_open_loading_time[wallet_load_alex_user],test_wallet_activity_tab_first_open_cpu_wallet_load_alex,passed,61.166,61.166,61.166,1,61.166
bcb30b734c,2026-08-01T04:46:45,test_wallet_activity_tab_loading_time[wallet_load_alex_user],test_wallet_activity_tab_cpu_wallet_load_alex,passed,48.381,74.766,59.021,5,"74.766,56.387,48.381,60.291,55.278"
bcb30b734c,2026-08-01T04:46:45,test_wallet_account_open_loading_time[wallet_load_alex_user],test_wallet_account_first_open_cpu_wallet_load_alex,passed,41.969,41.969,41.969,1,41.969
bcb30b734c,2026-08-01T04:46:45,test_wallet_assets_tab_first_open_loading_time[wallet_load_user],test_wallet_assets_tab_first_open_cpu_wallet_load,passed,67.241,67.241,67.241,1,67.241
bcb30b734c,2026-08-01T04:46:45,test_wallet_assets_tab_loading_time[wallet_load_user],test_wallet_assets_tab_cpu_wallet_load,passed,27.867,38.805,32.825,5,"28.3,35.333,27.867,38.805,33.819"
bcb30b734c,2026-08-01T04:46:45,test_wallet_add_account_first_open_loading_time[fresh_user],test_wallet_add_account_first_open_cpu_fresh,passed,32.097,32.097,32.097,1,32.097
bcb30b734c,2026-08-01T04:46:45,test_wallet_add_account_loading_time[fresh_user],test_wallet_add_account_cpu_fresh,passed,47.588,61.866,55.796,5,"47.588,61.866,58.837,49.284,61.403"
bcb30b734c,2026-08-01T04:46:45,test_wallet_repeat_open_loading_time[fresh_user],test_wallet_repeat_open_cpu_fresh,passed,33.447,57.478,49.219,5,"33.447,57.478,56.769,53.45,44.953"
bcb30b734c,2026-08-01T04:46:45,test_wallet_account_open_loading_time[fresh_user],test_wallet_account_first_open_cpu_fresh,passed,46.669,46.669,46.669,1,46.669
bcb30b734c,2026-08-01T04:46:45,test_wallet_receive_first_open_loading_time[fresh_user],test_wallet_receive_first_open_cpu_fresh,passed,40.297,40.297,40.297,1,40.297
bcb30b734c,2026-08-01T04:46:45,test_wallet_receive_loading_time[fresh_user],test_wallet_receive_cpu_fresh,passed,60.209,67.184,64.584,5,"60.209,65.763,67.184,65.625,64.141"
bcb30b734c,2026-08-01T04:46:45,test_status_community_second_open_loading_time[user_data0-user_account0],test_status_community_second_open_cpu_member,passed,4.745,52.857,32.843,5,"13.285,4.745,46.776,52.857,46.549"
bcb30b734c,2026-08-01T04:46:45,test_wallet_collectibles_tab_first_open_loading_time[wallet_load_alex_user],test_wallet_collectibles_tab_first_open_cpu_wallet_load_alex,passed,47.897,47.897,47.897,1,47.897
bcb30b734c,2026-08-01T04:46:45,test_wallet_collectibles_tab_loading_time[wallet_load_alex_user],test_wallet_collectibles_tab_cpu_wallet_load_alex,passed,35.272,58.427,46.235,5,"47.486,42.416,35.272,47.576,58.427"
bcb30b734c,2026-08-01T04:46:45,test_wallet_first_open_loading_time[wallet_load_user],test_wallet_first_open_cpu_wallet_load,passed,37.531,37.531,37.531,1,37.531
bcb30b734c,2026-08-01T04:46:45,test_wallet_send_first_open_loading_time[wallet_load_alex_user],test_wallet_send_first_open_cpu_wallet_load_alex,passed,44.646,44.646,44.646,1,44.646
bcb30b734c,2026-08-01T04:46:45,test_wallet_send_loading_time[wallet_load_alex_user],test_wallet_send_cpu_wallet_load_alex,passed,59.994,77.25,66.863,5,"68.331,59.994,77.25,64.372,64.369"
bcb30b734c,2026-08-01T04:46:45,test_wallet_swap_first_open_loading_time[fresh_user],test_wallet_swap_first_open_cpu_fresh,passed,49.499,49.499,49.499,1,49.499
bcb30b734c,2026-08-01T04:46:45,test_wallet_swap_loading_time[fresh_user],test_wallet_swap_cpu_fresh,passed,55.106,68.016,59.361,5,"55.881,56.625,68.016,61.178,55.106"
bcb30b734c,2026-08-01T04:46:45,test_wallet_add_account_first_open_loading_time[wallet_load_alex_user],test_wallet_add_account_first_open_cpu_wallet_load_alex,passed,50.078,50.078,50.078,1,50.078
bcb30b734c,2026-08-01T04:46:45,test_wallet_add_account_loading_time[wallet_load_alex_user],test_wallet_add_account_cpu_wallet_load_alex,passed,51.562,73.634,67.168,5,"70.006,68.741,73.634,51.562,71.897"
bcb30b734c,2026-08-01T04:46:45,test_wallet_first_open_loading_time[fresh_user],test_wallet_first_open_cpu_fresh,passed,16.669,16.669,16.669,1,16.669
bcb30b734c,2026-08-01T04:46:45,test_wallet_first_open_loading_time[wallet_load_alex_user],test_wallet_first_open_cpu_wallet_load_alex,passed,42.944,42.944,42.944,1,42.944
bcb30b734c,2026-08-01T04:46:45,test_wallet_add_account_first_open_loading_time[wallet_load_user],test_wallet_add_account_first_open_cpu_wallet_load,passed,55.869,55.869,55.869,1,55.869
bcb30b734c,2026-08-01T04:46:45,test_wallet_add_account_loading_time[wallet_load_user],test_wallet_add_account_cpu_wallet_load,passed,57.991,66.075,62.012,5,"66.075,65.909,59.416,57.991,60.669"
bcb30b734c,2026-08-01T04:46:45,test_wallet_assets_tab_first_open_loading_time[fresh_user],test_wallet_assets_tab_first_open_cpu_fresh,passed,55.091,55.091,55.091,1,55.091
bcb30b734c,2026-08-01T04:46:45,test_wallet_assets_tab_loading_time[fresh_user],test_wallet_assets_tab_cpu_fresh,passed,20.859,45.841,32.796,5,"45.841,39.175,23.128,20.859,34.975"
bcb30b734c,2026-08-02T04:46:10,test_wallet_repeat_open_loading_time[wallet_load_user],test_wallet_repeat_open_cpu_wallet_load,passed,19.725,57.775,44.254,5,"57.775,19.725,41.138,51.581,51.053"
bcb30b734c,2026-08-02T04:46:10,test_wallet_collectibles_tab_first_open_loading_time[fresh_user],test_wallet_collectibles_tab_first_open_cpu_fresh,passed,38.721,38.721,38.721,1,38.721
bcb30b734c,2026-08-02T04:46:10,test_wallet_collectibles_tab_loading_time[fresh_user],test_wallet_collectibles_tab_cpu_fresh,passed,18.812,64.844,36.957,5,"20.606,39.9,18.812,40.625,64.844"
bcb30b734c,2026-08-02T04:46:10,test_wallet_repeat_open_loading_time[fresh_user],test_wallet_repeat_open_cpu_fresh,passed,27.344,60.119,48.134,5,"37.756,59.581,60.119,27.344,55.869"
bcb30b734c,2026-08-02T04:46:10,test_wallet_activity_tab_first_open_loading_time[wallet_load_user],test_wallet_activity_tab_first_open_cpu_wallet_load,passed,35.671,35.671,35.671,1,35.671
bcb30b734c,2026-08-02T04:46:10,test_wallet_activity_tab_loading_time[wallet_load_user],test_wallet_activity_tab_cpu_wallet_load,passed,54.953,61.362,56.643,5,"55.575,55.144,56.181,54.953,61.362"
bcb30b734c,2026-08-02T04:46:10,test_wallet_add_account_first_open_loading_time[wallet_load_user],test_wallet_add_account_first_open_cpu_wallet_load,passed,63.566,63.566,63.566,1,63.566
bcb30b734c,2026-08-02T04:46:10,test_wallet_add_account_loading_time[wallet_load_user],test_wallet_add_account_cpu_wallet_load,passed,58.631,72.147,65.809,5,"72.147,64.303,58.631,64.728,69.237"
bcb30b734c,2026-08-02T04:46:10,test_wallet_collectibles_tab_first_open_loading_time[wallet_load_user],test_wallet_collectibles_tab_first_open_cpu_wallet_load,passed,46.426,46.426,46.426,1,46.426
bcb30b734c,2026-08-02T04:46:10,test_wallet_collectibles_tab_loading_time[wallet_load_user],test_wallet_collectibles_tab_cpu_wallet_load,passed,35.934,44.99,41.078,5,"37.872,41.898,35.934,44.698,44.99"
bcb30b734c,2026-08-02T04:46:10,test_wallet_swap_first_open_loading_time[wallet_load_alex_user],test_wallet_swap_first_open_cpu_wallet_load_alex,passed,28.266,28.266,28.266,1,28.266
bcb30b734c,2026-08-02T04:46:10,test_wallet_swap_loading_time[wallet_load_alex_user],test_wallet_swap_cpu_wallet_load_alex,passed,28.909,67.022,56.699,5,"67.022,63.909,64.253,59.4,28.909"
bcb30b734c,2026-08-02T04:46:10,test_wallet_receive_first_open_loading_time[wallet_load_alex_user],test_wallet_receive_first_open_cpu_wallet_load_alex,passed,27.178,27.178,27.178,1,27.178
bcb30b734c,2026-08-02T04:46:10,test_wallet_receive_loading_time[wallet_load_alex_user],test_wallet_receive_cpu_wallet_load_alex,passed,25.353,82.072,41.206,5,"82.072,45.609,26.125,25.353,26.872"
bcb30b734c,2026-08-02T04:46:10,test_wallet_swap_first_open_loading_time[wallet_load_user],test_wallet_swap_first_open_cpu_wallet_load,passed,55.288,55.288,55.288,1,55.288
bcb30b734c,2026-08-02T04:46:10,test_wallet_swap_loading_time[wallet_load_user],test_wallet_swap_cpu_wallet_load,passed,58.459,69.797,65.071,5,"58.459,65.456,69.797,65.05,66.594"
bcb30b734c,2026-08-02T04:46:10,test_wallet_first_open_loading_time[wallet_load_alex_user],test_wallet_first_open_cpu_wallet_load_alex,passed,62.331,62.331,62.331,1,62.331
bcb30b734c,2026-08-02T04:46:10,test_wallet_activity_tab_first_open_loading_time[wallet_load_alex_user],test_wallet_activity_tab_first_open_cpu_wallet_load_alex,passed,37.947,37.947,37.947,1,37.947
bcb30b734c,2026-08-02T04:46:10,test_wallet_activity_tab_loading_time[wallet_load_alex_user],test_wallet_activity_tab_cpu_wallet_load_alex,passed,55.506,80.2,64.396,5,"80.2,55.506,63.294,59.125,63.856"
bcb30b734c,2026-08-02T04:46:10,test_status_community_first_open_loading_time[user_data0-user_account0],test_status_community_first_open_cpu_member,passed,29.498,29.498,29.498,1,29.498
bcb30b734c,2026-08-02T04:46:10,test_wallet_account_open_loading_time[wallet_load_user],test_wallet_account_first_open_cpu_wallet_load,passed,29.322,29.322,29.322,1,29.322
bcb30b734c,2026-08-02T04:46:10,test_wallet_first_open_loading_time[fresh_user],test_wallet_first_open_cpu_fresh,passed,32.144,32.144,32.144,1,32.144
bcb30b734c,2026-08-02T04:46:10,test_wallet_assets_tab_first_open_loading_time[wallet_load_alex_user],test_wallet_assets_tab_first_open_cpu_wallet_load_alex,passed,53.197,53.197,53.197,1,53.197
bcb30b734c,2026-08-02T04:46:10,test_wallet_assets_tab_loading_time[wallet_load_alex_user],test_wallet_assets_tab_cpu_wallet_load_alex,passed,45.925,62.087,55.835,5,"53.903,61.51,62.087,55.748,45.925"
bcb30b734c,2026-08-02T04:46:10,test_wallet_activity_tab_first_open_loading_time[fresh_user],test_wallet_activity_tab_first_open_cpu_fresh,passed,33.15,33.15,33.15,1,33.15
bcb30b734c,2026-08-02T04:46:10,test_wallet_activity_tab_loading_time[fresh_user],test_wallet_activity_tab_cpu_fresh,passed,36.4,69.531,46.266,5,"36.731,48.825,39.844,36.4,69.531"
bcb30b734c,2026-08-02T04:46:10,test_wallet_send_first_open_loading_time[wallet_load_user],test_wallet_send_first_open_cpu_wallet_load,passed,39.117,39.117,39.117,1,39.117
bcb30b734c,2026-08-02T04:46:10,test_wallet_send_loading_time[wallet_load_user],test_wallet_send_cpu_wallet_load,passed,55.397,67.394,62.101,5,"58.647,64.519,55.397,64.547,67.394"
bcb30b734c,2026-08-02T04:46:10,test_status_community_second_open_loading_time[user_data0-user_account0],test_status_community_second_open_cpu_member,passed,5.465,50.18,27.746,5,"11.303,5.465,22.77,49.014,50.18"
bcb30b734c,2026-08-02T04:46:10,test_wallet_collectibles_tab_first_open_loading_time[wallet_load_alex_user],test_wallet_collectibles_tab_first_open_cpu_wallet_load_alex,passed,46.095,46.095,46.095,1,46.095
bcb30b734c,2026-08-02T04:46:10,test_wallet_collectibles_tab_loading_time[wallet_load_alex_user],test_wallet_collectibles_tab_cpu_wallet_load_alex,passed,35.156,58.844,41.49,5,"39.062,58.844,36.719,37.669,35.156"
bcb30b734c,2026-08-02T04:46:10,test_wallet_assets_tab_first_open_loading_time[wallet_load_user],test_wallet_assets_tab_first_open_cpu_wallet_load,passed,63.525,63.525,63.525,1,63.525
bcb30b734c,2026-08-02T04:46:10,test_wallet_assets_tab_loading_time[wallet_load_user],test_wallet_assets_tab_cpu_wallet_load,passed,31.954,36.933,34.35,5,"36.933,35.467,34.54,32.856,31.954"
bcb30b734c,2026-08-02T04:46:10,test_wallet_swap_first_open_loading_time[fresh_user],test_wallet_swap_first_open_cpu_fresh,passed,61.421,61.421,61.421,1,61.421
bcb30b734c,2026-08-02T04:46:10,test_wallet_swap_loading_time[fresh_user],test_wallet_swap_cpu_fresh,passed,49.622,69.225,62.064,5,"60.184,69.225,49.622,68.225,63.066"
bcb30b734c,2026-08-02T04:46:10,test_wallet_account_open_loading_time[fresh_user],test_wallet_account_first_open_cpu_fresh,passed,42.25,42.25,42.25,1,42.25
bcb30b734c,2026-08-02T04:46:10,test_wallet_repeat_open_loading_time[wallet_load_alex_user],test_wallet_repeat_open_cpu_wallet_load_alex,passed,33.625,60.263,50.026,5,"46.059,50.562,60.263,33.625,59.622"
bcb30b734c,2026-08-02T04:46:10,test_wallet_receive_first_open_loading_time[wallet_load_user],test_wallet_receive_first_open_cpu_wallet_load,passed,39.603,39.603,39.603,1,39.603
bcb30b734c,2026-08-02T04:46:10,test_wallet_receive_loading_time[wallet_load_user],test_wallet_receive_cpu_wallet_load,passed,12.531,64.525,39.229,5,"64.525,42.45,49.781,26.859,12.531"
bcb30b734c,2026-08-02T04:46:10,test_wallet_send_first_open_loading_time[fresh_user],test_wallet_send_first_open_cpu_fresh,passed,53.706,53.706,53.706,1,53.706
bcb30b734c,2026-08-02T04:46:10,test_wallet_send_loading_time[fresh_user],test_wallet_send_cpu_fresh,passed,60.156,65.213,62.008,5,"60.978,60.156,62.772,65.213,60.919"
bcb30b734c,2026-08-02T04:46:10,test_wallet_send_first_open_loading_time[wallet_load_alex_user],test_wallet_send_first_open_cpu_wallet_load_alex,passed,35.644,35.644,35.644,1,35.644
bcb30b734c,2026-08-02T04:46:10,test_wallet_send_loading_time[wallet_load_alex_user],test_wallet_send_cpu_wallet_load_alex,passed,13.625,57.575,25.434,5,"57.575,13.625,15.025,22.337,18.606"
bcb30b734c,2026-08-02T04:46:10,test_wallet_account_open_loading_time[wallet_load_alex_user],test_wallet_account_first_open_cpu_wallet_load_alex,passed,41.425,41.425,41.425,1,41.425
bcb30b734c,2026-08-02T04:46:10,test_wallet_first_open_loading_time[wallet_load_user],test_wallet_first_open_cpu_wallet_load,passed,49.869,49.869,49.869,1,49.869
bcb30b734c,2026-08-02T04:46:10,test_wallet_receive_first_open_loading_time[fresh_user],test_wallet_receive_first_open_cpu_fresh,passed,42.0,42.0,42.0,1,42.0
bcb30b734c,2026-08-02T04:46:10,test_wallet_receive_loading_time[fresh_user],test_wallet_receive_cpu_fresh,passed,36.475,67.112,49.997,5,"36.475,42.297,46.962,57.138,67.112"
bcb30b734c,2026-08-02T04:46:10,test_wallet_assets_tab_first_open_loading_time[fresh_user],test_wallet_assets_tab_first_open_cpu_fresh,passed,57.849,57.849,57.849,1,57.849
bcb30b734c,2026-08-02T04:46:10,test_wallet_assets_tab_loading_time[fresh_user],test_wallet_assets_tab_cpu_fresh,passed,28.029,44.922,38.966,5,"43.559,38.391,39.928,44.922,28.029"
bcb30b734c,2026-08-02T04:46:10,test_wallet_add_account_first_open_loading_time[wallet_load_alex_user],test_wallet_add_account_first_open_cpu_wallet_load_alex,passed,73.856,73.856,73.856,1,73.856
bcb30b734c,2026-08-02T04:46:10,test_wallet_add_account_loading_time[wallet_load_alex_user],test_wallet_add_account_cpu_wallet_load_alex,passed,20.241,74.8,52.619,5,"51.706,52.056,64.294,74.8,20.241"
bcb30b734c,2026-08-02T04:46:10,test_wallet_add_account_first_open_loading_time[fresh_user],test_wallet_add_account_first_open_cpu_fresh,passed,37.794,37.794,37.794,1,37.794
bcb30b734c,2026-08-02T04:46:10,test_wallet_add_account_loading_time[fresh_user],test_wallet_add_account_cpu_fresh,passed,49.325,62.372,54.875,5,"55.484,49.325,62.372,51.134,56.059"
bcb30b734c,2026-08-03T05:34:02,test_wallet_swap_first_open_loading_time[wallet_load_user],test_wallet_swap_first_open_cpu_wallet_load,passed,41.137,41.137,41.137,1,41.137
bcb30b734c,2026-08-03T05:34:02,test_wallet_swap_loading_time[wallet_load_user],test_wallet_swap_cpu_wallet_load,passed,60.641,70.731,64.264,5,"62.306,60.641,64.378,63.266,70.731"
bcb30b734c,2026-08-03T05:34:02,test_wallet_add_account_first_open_loading_time[fresh_user],test_wallet_add_account_first_open_cpu_fresh,passed,28.678,28.678,28.678,1,28.678
bcb30b734c,2026-08-03T05:34:02,test_wallet_add_account_loading_time[fresh_user],test_wallet_add_account_cpu_fresh,passed,40.003,66.428,56.744,5,"57.366,58.884,40.003,66.428,61.041"
bcb30b734c,2026-08-03T05:34:02,test_wallet_add_account_first_open_loading_time[wallet_load_alex_user],test_wallet_add_account_first_open_cpu_wallet_load_alex,passed,35.716,35.716,35.716,1,35.716
bcb30b734c,2026-08-03T05:34:02,test_wallet_add_account_loading_time[wallet_load_alex_user],test_wallet_add_account_cpu_wallet_load_alex,passed,50.116,73.244,66.101,5,"50.116,68.234,73.244,66.919,71.994"
bcb30b734c,2026-08-03T05:34:02,test_wallet_receive_first_open_loading_time[wallet_load_alex_user],test_wallet_receive_first_open_cpu_wallet_load_alex,passed,44.422,44.422,44.422,1,44.422
bcb30b734c,2026-08-03T05:34:02,test_wallet_receive_loading_time[wallet_load_alex_user],test_wallet_receive_cpu_wallet_load_alex,passed,33.138,86.3,67.21,5,"76.381,65.569,86.3,74.662,33.138"
bcb30b734c,2026-08-03T05:34:02,test_wallet_activity_tab_first_open_loading_time[fresh_user],test_wallet_activity_tab_first_open_cpu_fresh,passed,31.075,31.075,31.075,1,31.075
bcb30b734c,2026-08-03T05:34:02,test_wallet_activity_tab_loading_time[fresh_user],test_wallet_activity_tab_cpu_fresh,passed,29.688,42.612,36.029,5,"29.688,32.256,34.375,42.612,41.212"
bcb30b734c,2026-08-03T05:34:02,test_wallet_collectibles_tab_first_open_loading_time[fresh_user],test_wallet_collectibles_tab_first_open_cpu_fresh,passed,38.149,38.149,38.149,1,38.149
bcb30b734c,2026-08-03T05:34:02,test_wallet_collectibles_tab_loading_time[fresh_user],test_wallet_collectibles_tab_cpu_fresh,passed,17.025,53.906,35.664,5,"17.025,35.513,53.906,32.031,39.844"
bcb30b734c,2026-08-03T05:34:02,test_wallet_repeat_open_loading_time[wallet_load_user],test_wallet_repeat_open_cpu_wallet_load,passed,40.556,59.659,50.982,5,"56.9,49.069,59.659,40.556,48.725"
bcb30b734c,2026-08-03T05:34:02,test_wallet_activity_tab_first_open_loading_time[wallet_load_user],test_wallet_activity_tab_first_open_cpu_wallet_load,passed,25.388,25.388,25.388,1,25.388
bcb30b734c,2026-08-03T05:34:02,test_wallet_activity_tab_loading_time[wallet_load_user],test_wallet_activity_tab_cpu_wallet_load,passed,51.547,97.838,65.058,5,"97.838,51.547,55.016,60.522,60.366"
bcb30b734c,2026-08-03T05:34:02,test_wallet_swap_first_open_loading_time[wallet_load_alex_user],test_wallet_swap_first_open_cpu_wallet_load_alex,passed,29.775,29.775,29.775,1,29.775
bcb30b734c,2026-08-03T05:34:02,test_wallet_swap_loading_time[wallet_load_alex_user],test_wallet_swap_cpu_wallet_load_alex,passed,22.812,78.609,49.863,5,"58.531,78.609,64.472,24.891,22.812"
bcb30b734c,2026-08-03T05:34:02,test_wallet_repeat_open_loading_time[wallet_load_alex_user],test_wallet_repeat_open_cpu_wallet_load_alex,passed,45.544,60.213,54.412,5,"48.366,59.222,45.544,60.213,58.716"
bcb30b734c,2026-08-03T05:34:02,test_wallet_assets_tab_first_open_loading_time[fresh_user],test_wallet_assets_tab_first_open_cpu_fresh,passed,56.093,56.093,56.093,1,56.093
bcb30b734c,2026-08-03T05:34:02,test_wallet_assets_tab_loading_time[fresh_user],test_wallet_assets_tab_cpu_fresh,passed,29.394,40.425,32.445,5,"30.028,40.425,29.609,29.394,32.769"
bcb30b734c,2026-08-03T05:34:02,test_wallet_receive_first_open_loading_time[wallet_load_user],test_wallet_receive_first_open_cpu_wallet_load,passed,56.411,56.411,56.411,1,56.411
bcb30b734c,2026-08-03T05:34:02,test_wallet_receive_loading_time[wallet_load_user],test_wallet_receive_cpu_wallet_load,passed,26.519,41.403,31.004,5,"27.641,41.403,30.363,26.519,29.097"
bcb30b734c,2026-08-03T05:34:02,test_wallet_send_first_open_loading_time[fresh_user],test_wallet_send_first_open_cpu_fresh,passed,39.282,39.282,39.282,1,39.282
bcb30b734c,2026-08-03T05:34:02,test_wallet_send_loading_time[fresh_user],test_wallet_send_cpu_fresh,passed,45.728,61.269,55.205,5,"59.669,45.728,60.472,61.269,48.888"
bcb30b734c,2026-08-03T05:34:02,test_wallet_send_first_open_loading_time[wallet_load_alex_user],test_wallet_send_first_open_cpu_wallet_load_alex,passed,63.559,63.559,63.559,1,63.559
bcb30b734c,2026-08-03T05:34:02,test_wallet_send_loading_time[wallet_load_alex_user],test_wallet_send_cpu_wallet_load_alex,passed,16.963,73.097,30.991,5,"73.097,16.963,24.413,17.05,23.434"
bcb30b734c,2026-08-03T05:34:02,test_status_community_first_open_loading_time[user_data0-user_account0],test_status_community_first_open_cpu_member,passed,22.672,22.672,22.672,1,22.672
bcb30b734c,2026-08-03T05:34:02,test_wallet_first_open_loading_time[wallet_load_alex_user],test_wallet_first_open_cpu_wallet_load_alex,passed,17.756,17.756,17.756,1,17.756
bcb30b734c,2026-08-03T05:34:02,test_wallet_repeat_open_loading_time[fresh_user],test_wallet_repeat_open_cpu_fresh,passed,12.912,59.856,41.701,5,"49.106,54.337,32.294,59.856,12.912"
bcb30b734c,2026-08-03T05:34:02,test_wallet_activity_tab_first_open_loading_time[wallet_load_alex_user],test_wallet_activity_tab_first_open_cpu_wallet_load_alex,passed,31.328,31.328,31.328,1,31.328
bcb30b734c,2026-08-03T05:34:02,test_wallet_activity_tab_loading_time[wallet_load_alex_user],test_wallet_activity_tab_cpu_wallet_load_alex,passed,35.747,69.503,53.226,5,"35.747,55.747,51.822,53.312,69.503"
bcb30b734c,2026-08-03T05:34:02,test_wallet_first_open_loading_time[wallet_load_user],test_wallet_first_open_cpu_wallet_load,passed,73.244,73.244,73.244,1,73.244
bcb30b734c,2026-08-03T05:34:02,test_wallet_first_open_loading_time[fresh_user],test_wallet_first_open_cpu_fresh,passed,27.606,27.606,27.606,1,27.606
bcb30b734c,2026-08-03T05:34:02,test_wallet_send_first_open_loading_time[wallet_load_user],test_wallet_send_first_open_cpu_wallet_load,passed,34.506,34.506,34.506,1,34.506
bcb30b734c,2026-08-03T05:34:02,test_wallet_send_loading_time[wallet_load_user],test_wallet_send_cpu_wallet_load,passed,52.597,89.984,65.537,5,"59.803,52.597,62.744,62.556,89.984"
bcb30b734c,2026-08-03T05:34:02,test_wallet_collectibles_tab_first_open_loading_time[wallet_load_alex_user],test_wallet_collectibles_tab_first_open_cpu_wallet_load_alex,passed,47.822,47.822,47.822,1,47.822
bcb30b734c,2026-08-03T05:34:02,test_wallet_collectibles_tab_loading_time[wallet_load_alex_user],test_wallet_collectibles_tab_cpu_wallet_load_alex,passed,40.395,47.854,45.121,5,"47.854,43.494,46.494,47.371,40.395"
bcb30b734c,2026-08-03T05:34:02,test_wallet_assets_tab_first_open_loading_time[wallet_load_user],test_wallet_assets_tab_first_open_cpu_wallet_load,passed,63.767,63.767,63.767,1,63.767
bcb30b734c,2026-08-03T05:34:02,test_wallet_assets_tab_loading_time[wallet_load_user],test_wallet_assets_tab_cpu_wallet_load,passed,34.819,47.475,39.386,5,"42.458,47.475,34.819,36.6,35.577"
bcb30b734c,2026-08-03T05:34:02,test_wallet_account_open_loading_time[wallet_load_user],test_wallet_account_first_open_cpu_wallet_load,passed,37.222,37.222,37.222,1,37.222
bcb30b734c,2026-08-03T05:34:02,test_wallet_assets_tab_first_open_loading_time[wallet_load_alex_user],test_wallet_assets_tab_first_open_cpu_wallet_load_alex,passed,62.321,62.321,62.321,1,62.321
bcb30b734c,2026-08-03T05:34:02,test_wallet_assets_tab_loading_time[wallet_load_alex_user],test_wallet_assets_tab_cpu_wallet_load_alex,passed,50.172,61.771,56.691,5,"50.172,61.236,53.279,61.771,56.996"
bcb30b734c,2026-08-03T05:34:02,test_wallet_add_account_first_open_loading_time[wallet_load_user],test_wallet_add_account_first_open_cpu_wallet_load,passed,47.275,47.275,47.275,1,47.275
bcb30b734c,2026-08-03T05:34:02,test_wallet_add_account_loading_time[wallet_load_user],test_wallet_add_account_cpu_wallet_load,passed,53.594,66.622,58.683,5,"55.941,66.622,53.594,55.866,61.394"
bcb30b734c,2026-08-03T05:34:02,test_wallet_receive_first_open_loading_time[fresh_user],test_wallet_receive_first_open_cpu_fresh,passed,40.062,40.062,40.062,1,40.062
bcb30b734c,2026-08-03T05:34:02,test_wallet_receive_loading_time[fresh_user],test_wallet_receive_cpu_fresh,passed,54.688,78.919,68.039,5,"66.406,78.919,54.688,67.578,72.606"
bcb30b734c,2026-08-03T05:34:02,test_wallet_account_open_loading_time[wallet_load_alex_user],test_wallet_account_first_open_cpu_wallet_load_alex,passed,42.398,42.398,42.398,1,42.398
bcb30b734c,2026-08-03T05:34:02,test_wallet_account_open_loading_time[fresh_user],test_wallet_account_first_open_cpu_fresh,passed,34.181,34.181,34.181,1,34.181
bcb30b734c,2026-08-03T05:34:02,test_wallet_collectibles_tab_first_open_loading_time[wallet_load_user],test_wallet_collectibles_tab_first_open_cpu_wallet_load,passed,46.455,46.455,46.455,1,46.455
bcb30b734c,2026-08-03T05:34:02,test_wallet_collectibles_tab_loading_time[wallet_load_user],test_wallet_collectibles_tab_cpu_wallet_load,passed,32.519,49.515,41.444,5,"49.515,40.548,37.258,32.519,47.381"
bcb30b734c,2026-08-03T05:34:02,test_status_community_second_open_loading_time[user_data0-user_account0],test_status_community_second_open_cpu_member,passed,5.585,52.936,27.614,5,"52.936,17.941,5.585,15.513,46.095"
bcb30b734c,2026-08-03T05:34:02,test_wallet_swap_first_open_loading_time[fresh_user],test_wallet_swap_first_open_cpu_fresh,passed,39.796,39.796,39.796,1,39.796
bcb30b734c,2026-08-03T05:34:02,test_wallet_swap_loading_time[fresh_user],test_wallet_swap_cpu_fresh,passed,51.034,76.453,63.448,5,"51.034,60.428,64.763,64.562,76.453"
dcaece26da,2026-08-03T10:58:29,test_wallet_swap_first_open_loading_time[fresh_user],test_wallet_swap_first_open_cpu_fresh,passed,51.786,51.786,51.786,1,51.786
dcaece26da,2026-08-03T10:58:29,test_wallet_swap_loading_time[fresh_user],test_wallet_swap_cpu_fresh,passed,52.003,65.019,59.895,5,"52.003,65.019,64.931,59.734,57.787"
dcaece26da,2026-08-03T10:58:29,test_wallet_account_open_loading_time[fresh_user],test_wallet_account_first_open_cpu_fresh,passed,56.1,56.1,56.1,1,56.1
dcaece26da,2026-08-03T10:58:29,test_wallet_receive_first_open_loading_time[fresh_user],test_wallet_receive_first_open_cpu_fresh,passed,30.491,30.491,30.491,1,30.491
dcaece26da,2026-08-03T10:58:29,test_wallet_receive_loading_time[fresh_user],test_wallet_receive_cpu_fresh,passed,48.659,67.447,59.858,5,"63.719,67.447,48.659,53.837,65.625"
dcaece26da,2026-08-03T10:58:29,test_wallet_repeat_open_loading_time[wallet_load_alex_user],test_wallet_repeat_open_cpu_wallet_load_alex,passed,31.206,58.191,47.404,5,"41.591,31.206,58.191,52.659,53.372"
dcaece26da,2026-08-03T10:58:29,test_wallet_swap_first_open_loading_time[wallet_load_alex_user],test_wallet_swap_first_open_cpu_wallet_load_alex,passed,36.447,36.447,36.447,1,36.447
dcaece26da,2026-08-03T10:58:29,test_wallet_swap_loading_time[wallet_load_alex_user],test_wallet_swap_cpu_wallet_load_alex,passed,15.669,73.906,40.326,5,"73.906,59.35,25.769,26.934,15.669"
dcaece26da,2026-08-03T10:58:29,test_wallet_first_open_loading_time[wallet_load_user],test_wallet_first_open_cpu_wallet_load,passed,33.594,33.594,33.594,1,33.594
dcaece26da,2026-08-03T10:58:29,test_wallet_collectibles_tab_first_open_loading_time[wallet_load_alex_user],test_wallet_collectibles_tab_first_open_cpu_wallet_load_alex,passed,48.649,48.649,48.649,1,48.649
dcaece26da,2026-08-03T10:58:29,test_wallet_collectibles_tab_loading_time[wallet_load_alex_user],test_wallet_collectibles_tab_cpu_wallet_load_alex,passed,43.356,70.237,53.92,5,"43.356,64.26,44.038,70.237,47.706"
dcaece26da,2026-08-03T10:58:29,test_status_community_second_open_loading_time[user_data0-user_account0],test_status_community_second_open_cpu_member,passed,8.704,57.12,34.492,5,"12.56,8.704,45.29,48.789,57.12"
dcaece26da,2026-08-03T10:58:29,test_wallet_first_open_loading_time[fresh_user],test_wallet_first_open_cpu_fresh,passed,31.734,31.734,31.734,1,31.734
dcaece26da,2026-08-03T10:58:29,test_wallet_assets_tab_first_open_loading_time[wallet_load_user],test_wallet_assets_tab_first_open_cpu_wallet_load,passed,64.696,64.696,64.696,1,64.696
dcaece26da,2026-08-03T10:58:29,test_wallet_assets_tab_loading_time[wallet_load_user],test_wallet_assets_tab_cpu_wallet_load,passed,29.075,39.644,35.357,5,"39.594,34.138,34.333,29.075,39.644"
dcaece26da,2026-08-03T10:58:29,test_wallet_account_open_loading_time[wallet_load_alex_user],test_wallet_account_first_open_cpu_wallet_load_alex,passed,34.034,34.034,34.034,1,34.034
dcaece26da,2026-08-03T10:58:29,test_wallet_account_open_loading_time[wallet_load_user],test_wallet_account_first_open_cpu_wallet_load,passed,34.056,34.056,34.056,1,34.056
dcaece26da,2026-08-03T10:58:29,test_wallet_activity_tab_first_open_loading_time[wallet_load_alex_user],test_wallet_activity_tab_first_open_cpu_wallet_load_alex,passed,23.372,23.372,23.372,1,23.372
dcaece26da,2026-08-03T10:58:29,test_wallet_activity_tab_loading_time[wallet_load_alex_user],test_wallet_activity_tab_cpu_wallet_load_alex,passed,55.431,73.428,60.877,5,"55.431,59.591,73.428,55.525,60.413"
dcaece26da,2026-08-03T10:58:29,test_wallet_send_first_open_loading_time[fresh_user],test_wallet_send_first_open_cpu_fresh,passed,51.363,51.363,51.363,1,51.363
dcaece26da,2026-08-03T10:58:29,test_wallet_send_loading_time[fresh_user],test_wallet_send_cpu_fresh,passed,45.856,66.447,53.35,5,"45.856,51.853,66.447,49.138,53.456"
dcaece26da,2026-08-03T10:58:29,test_wallet_activity_tab_first_open_loading_time[fresh_user],test_wallet_activity_tab_first_open_cpu_fresh,passed,42.612,42.612,42.612,1,42.612
dcaece26da,2026-08-03T10:58:29,test_wallet_activity_tab_loading_time[fresh_user],test_wallet_activity_tab_cpu_fresh,passed,29.569,50.0,34.886,5,"31.25,29.569,29.569,50.0,34.044"
dcaece26da,2026-08-03T10:58:29,test_wallet_assets_tab_first_open_loading_time[fresh_user],test_wallet_assets_tab_first_open_cpu_fresh,passed,55.318,55.318,55.318,1,55.318
dcaece26da,2026-08-03T10:58:29,test_wallet_assets_tab_loading_time[fresh_user],test_wallet_assets_tab_cpu_fresh,passed,22.975,46.822,36.531,5,"42.547,30.469,39.844,46.822,22.975"
dcaece26da,2026-08-03T10:58:29,test_wallet_receive_first_open_loading_time[wallet_load_alex_user],test_wallet_receive_first_open_cpu_wallet_load_alex,passed,42.748,42.748,42.748,1,42.748
dcaece26da,2026-08-03T10:58:29,test_wallet_receive_loading_time[wallet_load_alex_user],test_wallet_receive_cpu_wallet_load_alex,passed,54.156,81.378,73.849,5,"75.816,54.156,79.781,81.378,78.116"
dcaece26da,2026-08-03T10:58:29,test_wallet_collectibles_tab_first_open_loading_time[fresh_user],test_wallet_collectibles_tab_first_open_cpu_fresh,passed,43.587,43.587,43.587,1,43.587
dcaece26da,2026-08-03T10:58:29,test_wallet_collectibles_tab_loading_time[fresh_user],test_wallet_collectibles_tab_cpu_fresh,passed,5.375,43.75,20.018,5,"5.375,5.469,19.712,25.781,43.75"
dcaece26da,2026-08-03T10:58:29,test_wallet_add_account_first_open_loading_time[wallet_load_alex_user],test_wallet_add_account_first_open_cpu_wallet_load_alex,passed,58.787,58.787,58.787,1,58.787
dcaece26da,2026-08-03T10:58:29,test_wallet_add_account_loading_time[wallet_load_alex_user],test_wallet_add_account_cpu_wallet_load_alex,passed,20.8,79.072,57.636,5,"61.353,75.147,51.809,79.072,20.8"
dcaece26da,2026-08-03T10:58:29,test_wallet_receive_first_open_loading_time[wallet_load_user],test_wallet_receive_first_open_cpu_wallet_load,passed,33.941,33.941,33.941,1,33.941
dcaece26da,2026-08-03T10:58:29,test_wallet_receive_loading_time[wallet_load_user],test_wallet_receive_cpu_wallet_load,passed,7.619,62.772,40.587,5,"46.206,62.772,46.094,7.619,40.247"
dcaece26da,2026-08-03T10:58:29,test_wallet_repeat_open_loading_time[fresh_user],test_wallet_repeat_open_cpu_fresh,passed,24.5,60.238,37.885,5,"24.5,48.928,60.238,25.391,30.369"
dcaece26da,2026-08-03T10:58:29,test_status_community_first_open_loading_time[user_data0-user_account0],test_status_community_first_open_cpu_member,passed,34.676,34.676,34.676,1,34.676
dcaece26da,2026-08-03T10:58:29,test_wallet_add_account_first_open_loading_time[wallet_load_user],test_wallet_add_account_first_open_cpu_wallet_load,passed,57.184,57.184,57.184,1,57.184
dcaece26da,2026-08-03T10:58:29,test_wallet_add_account_loading_time[wallet_load_user],test_wallet_add_account_cpu_wallet_load,passed,56.163,71.181,62.397,5,"60.753,64.078,71.181,59.809,56.163"
dcaece26da,2026-08-03T10:58:29,test_wallet_first_open_loading_time[wallet_load_alex_user],test_wallet_first_open_cpu_wallet_load_alex,passed,31.225,31.225,31.225,1,31.225
dcaece26da,2026-08-03T10:58:29,test_wallet_collectibles_tab_first_open_loading_time[wallet_load_user],test_wallet_collectibles_tab_first_open_cpu_wallet_load,passed,46.978,46.978,46.978,1,46.978
dcaece26da,2026-08-03T10:58:29,test_wallet_collectibles_tab_loading_time[wallet_load_user],test_wallet_collectibles_tab_cpu_wallet_load,passed,36.467,51.181,46.695,5,"49.66,51.181,50.062,46.103,36.467"
dcaece26da,2026-08-03T10:58:29,test_wallet_send_first_open_loading_time[wallet_load_alex_user],test_wallet_send_first_open_cpu_wallet_load_alex,passed,43.77,43.77,43.77,1,43.77
dcaece26da,2026-08-03T10:58:29,test_wallet_send_loading_time[wallet_load_alex_user],test_wallet_send_cpu_wallet_load_alex,passed,50.041,69.787,61.543,5,"69.787,50.041,58.066,65.359,64.463"
dcaece26da,2026-08-03T10:58:29,test_wallet_repeat_open_loading_time[wallet_load_user],test_wallet_repeat_open_cpu_wallet_load,passed,40.131,58.725,45.806,5,"41.803,40.131,58.725,44.584,43.784"
dcaece26da,2026-08-03T10:58:29,test_wallet_send_first_open_loading_time[wallet_load_user],test_wallet_send_first_open_cpu_wallet_load,passed,21.353,21.353,21.353,1,21.353
dcaece26da,2026-08-03T10:58:29,test_wallet_send_loading_time[wallet_load_user],test_wallet_send_cpu_wallet_load,passed,58.691,68.453,62.021,5,"58.691,59.778,63.353,68.453,59.831"
dcaece26da,2026-08-03T10:58:29,test_wallet_swap_first_open_loading_time[wallet_load_user],test_wallet_swap_first_open_cpu_wallet_load,passed,50.406,50.406,50.406,1,50.406
dcaece26da,2026-08-03T10:58:29,test_wallet_swap_loading_time[wallet_load_user],test_wallet_swap_cpu_wallet_load,passed,64.981,78.359,71.13,5,"70.2,66.669,78.359,64.981,75.441"
dcaece26da,2026-08-03T10:58:29,test_wallet_assets_tab_first_open_loading_time[wallet_load_alex_user],test_wallet_assets_tab_first_open_cpu_wallet_load_alex,passed,43.494,43.494,43.494,1,43.494
dcaece26da,2026-08-03T10:58:29,test_wallet_assets_tab_loading_time[wallet_load_alex_user],test_wallet_assets_tab_cpu_wallet_load_alex,passed,52.328,72.244,58.655,5,"54.391,56.013,72.244,58.302,52.328"
dcaece26da,2026-08-03T10:58:29,test_wallet_add_account_first_open_loading_time[fresh_user],test_wallet_add_account_first_open_cpu_fresh,passed,29.975,29.975,29.975,1,29.975
dcaece26da,2026-08-03T10:58:29,test_wallet_add_account_loading_time[fresh_user],test_wallet_add_account_cpu_fresh,passed,47.503,67.997,59.874,5,"60.356,47.503,61.091,67.997,62.425"
dcaece26da,2026-08-03T10:58:29,test_wallet_activity_tab_first_open_loading_time[wallet_load_user],test_wallet_activity_tab_first_open_cpu_wallet_load,passed,43.45,43.45,43.45,1,43.45
dcaece26da,2026-08-03T10:58:29,test_wallet_activity_tab_loading_time[wallet_load_user],test_wallet_activity_tab_cpu_wallet_load,passed,52.538,66.072,57.834,5,"66.072,53.744,52.538,56.122,60.694"
1efa7ea300,2026-08-03T15:34:11,test_wallet_repeat_open_loading_time[wallet_load_alex_user],test_wallet_repeat_open_cpu_wallet_load_alex,passed,36.781,53.372,47.991,5,"48.138,48.869,53.372,36.781,52.797"
1efa7ea300,2026-08-03T15:34:11,test_status_community_second_open_loading_time[user_data0-user_account0],test_status_community_second_open_cpu_member,passed,4.336,59.651,35.108,5,"13.688,4.336,43.215,54.65,59.651"
1efa7ea300,2026-08-03T15:34:11,test_wallet_collectibles_tab_first_open_loading_time[fresh_user],test_wallet_collectibles_tab_first_open_cpu_fresh,passed,38.737,38.737,38.737,1,38.737
1efa7ea300,2026-08-03T15:34:11,test_wallet_collectibles_tab_loading_time[fresh_user],test_wallet_collectibles_tab_cpu_fresh,passed,5.375,44.388,32.367,5,"41.725,38.094,5.375,44.388,32.256"
1efa7ea300,2026-08-03T15:34:11,test_wallet_activity_tab_first_open_loading_time[wallet_load_user],test_wallet_activity_tab_first_open_cpu_wallet_load,passed,48.894,48.894,48.894,1,48.894
1efa7ea300,2026-08-03T15:34:11,test_wallet_activity_tab_loading_time[wallet_load_user],test_wallet_activity_tab_cpu_wallet_load,passed,52.978,65.466,56.585,5,"56.459,53.072,52.978,65.466,54.95"
1efa7ea300,2026-08-03T15:34:11,test_wallet_receive_first_open_loading_time[wallet_load_user],test_wallet_receive_first_open_cpu_wallet_load,passed,39.403,39.403,39.403,1,39.403
1efa7ea300,2026-08-03T15:34:11,test_wallet_receive_loading_time[wallet_load_user],test_wallet_receive_cpu_wallet_load,passed,9.069,60.353,35.334,5,"42.188,40.072,60.353,9.069,24.987"
1efa7ea300,2026-08-03T15:34:11,test_wallet_collectibles_tab_first_open_loading_time[wallet_load_alex_user],test_wallet_collectibles_tab_first_open_cpu_wallet_load_alex,passed,46.885,46.885,46.885,1,46.885
1efa7ea300,2026-08-03T15:34:11,test_wallet_collectibles_tab_loading_time[wallet_load_alex_user],test_wallet_collectibles_tab_cpu_wallet_load_alex,passed,42.544,72.438,50.805,5,"42.544,44.494,72.438,43.642,50.91"
1efa7ea300,2026-08-03T15:34:11,test_wallet_assets_tab_first_open_loading_time[wallet_load_user],test_wallet_assets_tab_first_open_cpu_wallet_load,passed,61.199,61.199,61.199,1,61.199
1efa7ea300,2026-08-03T15:34:11,test_wallet_assets_tab_loading_time[wallet_load_user],test_wallet_assets_tab_cpu_wallet_load,passed,31.571,48.897,39.813,5,"48.897,31.571,38.215,41.116,39.269"
1efa7ea300,2026-08-03T15:34:11,test_wallet_receive_first_open_loading_time[fresh_user],test_wallet_receive_first_open_cpu_fresh,passed,30.65,30.65,30.65,1,30.65
1efa7ea300,2026-08-03T15:34:11,test_wallet_receive_loading_time[fresh_user],test_wallet_receive_cpu_fresh,passed,50.0,74.287,56.555,5,"50.384,74.287,56.447,51.656,50.0"
1efa7ea300,2026-08-03T15:34:11,test_wallet_assets_tab_first_open_loading_time[fresh_user],test_wallet_assets_tab_first_open_cpu_fresh,passed,56.957,56.957,56.957,1,56.957
1efa7ea300,2026-08-03T15:34:11,test_wallet_assets_tab_loading_time[fresh_user],test_wallet_assets_tab_cpu_fresh,passed,18.102,48.569,31.984,5,"48.569,30.637,41.472,18.102,21.137"
1efa7ea300,2026-08-03T15:34:11,test_wallet_swap_first_open_loading_time[wallet_load_alex_user],test_wallet_swap_first_open_cpu_wallet_load_alex,passed,44.203,44.203,44.203,1,44.203
1efa7ea300,2026-08-03T15:34:11,test_wallet_swap_loading_time[wallet_load_alex_user],test_wallet_swap_cpu_wallet_load_alex,passed,25.653,73.594,54.731,5,"58.547,61.256,54.606,73.594,25.653"
1efa7ea300,2026-08-03T15:34:11,test_wallet_account_open_loading_time[wallet_load_user],test_wallet_account_first_open_cpu_wallet_load,passed,33.225,33.225,33.225,1,33.225
1efa7ea300,2026-08-03T15:34:11,test_wallet_first_open_loading_time[wallet_load_user],test_wallet_first_open_cpu_wallet_load,passed,39.475,39.475,39.475,1,39.475
1efa7ea300,2026-08-03T15:34:11,test_wallet_repeat_open_loading_time[wallet_load_user],test_wallet_repeat_open_cpu_wallet_load,passed,31.781,55.987,47.521,5,"55.831,31.781,55.987,44.812,49.194"
1efa7ea300,2026-08-03T15:34:11,test_wallet_first_open_loading_time[wallet_load_alex_user],test_wallet_first_open_cpu_wallet_load_alex,passed,23.438,23.438,23.438,1,23.438
1efa7ea300,2026-08-03T15:34:11,test_wallet_add_account_first_open_loading_time[wallet_load_alex_user],test_wallet_add_account_first_open_cpu_wallet_load_alex,passed,55.434,55.434,55.434,1,55.434
1efa7ea300,2026-08-03T15:34:11,test_wallet_add_account_loading_time[wallet_load_alex_user],test_wallet_add_account_cpu_wallet_load_alex,passed,4.306,73.091,41.215,5,"71.753,73.091,4.306,12.909,44.016"
1efa7ea300,2026-08-03T15:34:11,test_wallet_assets_tab_first_open_loading_time[wallet_load_alex_user],test_wallet_assets_tab_first_open_cpu_wallet_load_alex,passed,73.431,73.431,73.431,1,73.431
1efa7ea300,2026-08-03T15:34:11,test_wallet_assets_tab_loading_time[wallet_load_alex_user],test_wallet_assets_tab_cpu_wallet_load_alex,passed,44.162,57.939,53.768,5,"54.337,57.836,57.939,44.162,54.566"
1efa7ea300,2026-08-03T15:34:11,test_wallet_activity_tab_first_open_loading_time[wallet_load_alex_user],test_wallet_activity_tab_first_open_cpu_wallet_load_alex,passed,46.019,46.019,46.019,1,46.019
1efa7ea300,2026-08-03T15:34:11,test_wallet_activity_tab_loading_time[wallet_load_alex_user],test_wallet_activity_tab_cpu_wallet_load_alex,passed,54.487,69.356,59.879,5,"57.869,60.725,54.487,56.956,69.356"
1efa7ea300,2026-08-03T15:34:11,test_wallet_account_open_loading_time[fresh_user],test_wallet_account_first_open_cpu_fresh,passed,47.788,47.788,47.788,1,47.788
1efa7ea300,2026-08-03T15:34:11,test_status_community_first_open_loading_time[user_data0-user_account0],test_status_community_first_open_cpu_member,passed,14.368,14.368,14.368,1,14.368
1efa7ea300,2026-08-03T15:34:11,test_wallet_send_first_open_loading_time[wallet_load_user],test_wallet_send_first_open_cpu_wallet_load,passed,48.306,48.306,48.306,1,48.306
1efa7ea300,2026-08-03T15:34:11,test_wallet_send_loading_time[wallet_load_user],test_wallet_send_cpu_wallet_load,passed,58.688,72.431,64.929,5,"58.688,66.378,62.059,65.088,72.431"
1efa7ea300,2026-08-03T15:34:11,test_wallet_swap_first_open_loading_time[wallet_load_user],test_wallet_swap_first_open_cpu_wallet_load,passed,56.795,56.795,56.795,1,56.795
1efa7ea300,2026-08-03T15:34:11,test_wallet_swap_loading_time[wallet_load_user],test_wallet_swap_cpu_wallet_load,passed,61.491,70.2,67.237,5,"70.2,68.213,61.491,66.091,70.191"
1efa7ea300,2026-08-03T15:34:11,test_wallet_receive_first_open_loading_time[wallet_load_alex_user],test_wallet_receive_first_open_cpu_wallet_load_alex,passed,39.837,39.837,39.837,1,39.837
1efa7ea300,2026-08-03T15:34:11,test_wallet_receive_loading_time[wallet_load_alex_user],test_wallet_receive_cpu_wallet_load_alex,passed,59.428,80.906,73.914,5,"59.428,71.669,80.906,80.688,76.878"
1efa7ea300,2026-08-03T15:34:11,test_wallet_account_open_loading_time[wallet_load_alex_user],test_wallet_account_first_open_cpu_wallet_load_alex,passed,45.221,45.221,45.221,1,45.221
1efa7ea300,2026-08-03T15:34:11,test_wallet_add_account_first_open_loading_time[fresh_user],test_wallet_add_account_first_open_cpu_fresh,passed,38.219,38.219,38.219,1,38.219
1efa7ea300,2026-08-03T15:34:11,test_wallet_add_account_loading_time[fresh_user],test_wallet_add_account_cpu_fresh,passed,46.891,68.572,56.167,5,"47.741,46.891,56.588,61.047,68.572"
1efa7ea300,2026-08-03T15:34:11,test_wallet_repeat_open_loading_time[fresh_user],test_wallet_repeat_open_cpu_fresh,passed,39.862,58.659,52.97,5,"57.306,52.334,39.862,58.659,56.688"
1efa7ea300,2026-08-03T15:34:11,test_wallet_collectibles_tab_first_open_loading_time[wallet_load_user],test_wallet_collectibles_tab_first_open_cpu_wallet_load,passed,45.988,45.988,45.988,1,45.988
1efa7ea300,2026-08-03T15:34:11,test_wallet_collectibles_tab_loading_time[wallet_load_user],test_wallet_collectibles_tab_cpu_wallet_load,passed,41.34,52.648,46.549,5,"44.04,41.34,49.716,52.648,45.003"
1efa7ea300,2026-08-03T15:34:11,test_wallet_swap_first_open_loading_time[fresh_user],test_wallet_swap_first_open_cpu_fresh,passed,45.008,45.008,45.008,1,45.008
1efa7ea300,2026-08-03T15:34:11,test_wallet_swap_loading_time[fresh_user],test_wallet_swap_cpu_fresh,passed,57.484,70.928,63.266,5,"59.597,57.484,62.281,70.928,66.04"
1efa7ea300,2026-08-03T15:34:11,test_wallet_first_open_loading_time[fresh_user],test_wallet_first_open_cpu_fresh,passed,29.95,29.95,29.95,1,29.95
1efa7ea300,2026-08-03T15:34:11,test_wallet_send_first_open_loading_time[wallet_load_alex_user],test_wallet_send_first_open_cpu_wallet_load_alex,passed,42.009,42.009,42.009,1,42.009
1efa7ea300,2026-08-03T15:34:11,test_wallet_send_loading_time[wallet_load_alex_user],test_wallet_send_cpu_wallet_load_alex,passed,39.391,67.634,59.259,5,"64.366,61.072,63.834,67.634,39.391"
1efa7ea300,2026-08-03T15:34:11,test_wallet_activity_tab_first_open_loading_time[fresh_user],test_wallet_activity_tab_first_open_cpu_fresh,passed,28.906,28.906,28.906,1,28.906
1efa7ea300,2026-08-03T15:34:11,test_wallet_activity_tab_loading_time[fresh_user],test_wallet_activity_tab_cpu_fresh,passed,29.688,49.719,38.569,5,"37.288,34.044,49.719,42.106,29.688"
1efa7ea300,2026-08-03T15:34:11,test_wallet_send_first_open_loading_time[fresh_user],test_wallet_send_first_open_cpu_fresh,passed,51.131,51.131,51.131,1,51.131
1efa7ea300,2026-08-03T15:34:11,test_wallet_send_loading_time[fresh_user],test_wallet_send_cpu_fresh,passed,49.066,62.819,57.932,5,"49.066,56.447,62.819,60.328,61.0"
1efa7ea300,2026-08-03T15:34:11,test_wallet_add_account_first_open_loading_time[wallet_load_user],test_wallet_add_account_first_open_cpu_wallet_load,passed,57.522,57.522,57.522,1,57.522
1efa7ea300,2026-08-03T15:34:11,test_wallet_add_account_loading_time[wallet_load_user],test_wallet_add_account_cpu_wallet_load,passed,48.691,71.631,58.612,5,"50.456,48.691,68.316,53.969,71.631"
9f232d5fcb,2026-08-03T18:30:14,test_wallet_receive_first_open_loading_time[wallet_load_user],test_wallet_receive_first_open_cpu_wallet_load,passed,50.591,50.591,50.591,1,50.591
9f232d5fcb,2026-08-03T18:30:14,test_wallet_receive_loading_time[wallet_load_user],test_wallet_receive_cpu_wallet_load,passed,18.869,53.772,36.965,5,"46.875,35.547,18.869,53.772,29.762"
9f232d5fcb,2026-08-03T18:30:14,test_wallet_swap_first_open_loading_time[fresh_user],test_wallet_swap_first_open_cpu_fresh,passed,52.475,52.475,52.475,1,52.475
9f232d5fcb,2026-08-03T18:30:14,test_wallet_swap_loading_time[fresh_user],test_wallet_swap_cpu_fresh,passed,56.716,65.728,60.242,5,"65.728,56.716,57.941,62.562,58.266"
9f232d5fcb,2026-08-03T18:30:14,test_wallet_account_open_loading_time[wallet_load_alex_user],test_wallet_account_first_open_cpu_wallet_load_alex,passed,32.003,32.003,32.003,1,32.003
9f232d5fcb,2026-08-03T18:30:14,test_wallet_first_open_loading_time[wallet_load_user],test_wallet_first_open_cpu_wallet_load,passed,33.481,33.481,33.481,1,33.481
9f232d5fcb,2026-08-03T18:30:14,test_wallet_first_open_loading_time[wallet_load_alex_user],test_wallet_first_open_cpu_wallet_load_alex,passed,56.1,56.1,56.1,1,56.1
9f232d5fcb,2026-08-03T18:30:14,test_status_community_first_open_loading_time[user_data0-user_account0],test_status_community_first_open_cpu_member,passed,27.587,27.587,27.587,1,27.587
9f232d5fcb,2026-08-03T18:30:14,test_wallet_collectibles_tab_first_open_loading_time[wallet_load_alex_user],test_wallet_collectibles_tab_first_open_cpu_wallet_load_alex,passed,47.823,47.823,47.823,1,47.823
9f232d5fcb,2026-08-03T18:30:14,test_wallet_collectibles_tab_loading_time[wallet_load_alex_user],test_wallet_collectibles_tab_cpu_wallet_load_alex,passed,40.962,59.948,48.864,5,"40.962,43.675,59.948,44.177,55.558"
9f232d5fcb,2026-08-03T18:30:14,test_wallet_assets_tab_first_open_loading_time[wallet_load_user],test_wallet_assets_tab_first_open_cpu_wallet_load,passed,61.664,61.664,61.664,1,61.664
9f232d5fcb,2026-08-03T18:30:14,test_wallet_assets_tab_loading_time[wallet_load_user],test_wallet_assets_tab_cpu_wallet_load,passed,32.325,40.823,36.268,5,"32.325,37.028,35.845,35.317,40.823"
9f232d5fcb,2026-08-03T18:30:14,test_wallet_first_open_loading_time[fresh_user],test_wallet_first_open_cpu_fresh,passed,17.413,17.413,17.413,1,17.413
9f232d5fcb,2026-08-03T18:30:14,test_wallet_receive_first_open_loading_time[wallet_load_alex_user],test_wallet_receive_first_open_cpu_wallet_load_alex,passed,18.931,18.931,18.931,1,18.931
9f232d5fcb,2026-08-03T18:30:14,test_wallet_receive_loading_time[wallet_load_alex_user],test_wallet_receive_cpu_wallet_load_alex,passed,47.444,86.706,66.381,5,"69.847,47.444,86.706,67.922,59.988"
9f232d5fcb,2026-08-03T18:30:14,test_wallet_receive_first_open_loading_time[fresh_user],test_wallet_receive_first_open_cpu_fresh,passed,38.381,38.381,38.381,1,38.381
9f232d5fcb,2026-08-03T18:30:14,test_wallet_receive_loading_time[fresh_user],test_wallet_receive_cpu_fresh,passed,47.553,70.216,56.106,5,"47.553,48.134,55.934,58.691,70.216"
9f232d5fcb,2026-08-03T18:30:14,test_wallet_assets_tab_first_open_loading_time[fresh_user],test_wallet_assets_tab_first_open_cpu_fresh,passed,58.945,58.945,58.945,1,58.945
9f232d5fcb,2026-08-03T18:30:14,test_wallet_assets_tab_loading_time[fresh_user],test_wallet_assets_tab_cpu_fresh,passed,15.025,40.378,32.231,5,"37.0,34.766,33.984,40.378,15.025"
9f232d5fcb,2026-08-03T18:30:14,test_wallet_activity_tab_first_open_loading_time[fresh_user],test_wallet_activity_tab_first_open_cpu_fresh,passed,47.05,47.05,47.05,1,47.05
9f232d5fcb,2026-08-03T18:30:14,test_wallet_activity_tab_loading_time[fresh_user],test_wallet_activity_tab_cpu_fresh,passed,25.981,55.469,36.43,5,"32.85,25.981,38.281,29.569,55.469"
9f232d5fcb,2026-08-03T18:30:14,test_wallet_account_open_loading_time[fresh_user],test_wallet_account_first_open_cpu_fresh,passed,34.875,34.875,34.875,1,34.875
9f232d5fcb,2026-08-03T18:30:14,test_wallet_send_first_open_loading_time[wallet_load_alex_user],test_wallet_send_first_open_cpu_wallet_load_alex,passed,37.353,37.353,37.353,1,37.353
9f232d5fcb,2026-08-03T18:30:14,test_wallet_send_loading_time[wallet_load_alex_user],test_wallet_send_cpu_wallet_load_alex,passed,18.788,70.794,45.48,5,"70.794,59.413,35.681,42.725,18.788"
9f232d5fcb,2026-08-03T18:30:14,test_wallet_send_first_open_loading_time[wallet_load_user],test_wallet_send_first_open_cpu_wallet_load,passed,48.535,48.535,48.535,1,48.535
9f232d5fcb,2026-08-03T18:30:14,test_wallet_send_loading_time[wallet_load_user],test_wallet_send_cpu_wallet_load,passed,61.559,73.923,68.5,5,"69.791,61.559,70.404,66.822,73.923"
9f232d5fcb,2026-08-03T18:30:14,test_wallet_repeat_open_loading_time[fresh_user],test_wallet_repeat_open_cpu_fresh,passed,12.956,55.084,34.03,5,"12.956,38.819,55.084,35.419,27.872"
9f232d5fcb,2026-08-03T18:30:14,test_wallet_assets_tab_first_open_loading_time[wallet_load_alex_user],test_wallet_assets_tab_first_open_cpu_wallet_load_alex,passed,51.762,51.762,51.762,1,51.762
9f232d5fcb,2026-08-03T18:30:14,test_wallet_assets_tab_loading_time[wallet_load_alex_user],test_wallet_assets_tab_cpu_wallet_load_alex,passed,52.048,63.797,56.06,5,"52.048,56.722,63.797,55.339,52.396"
9f232d5fcb,2026-08-03T18:30:14,test_wallet_add_account_first_open_loading_time[wallet_load_alex_user],test_wallet_add_account_first_open_cpu_wallet_load_alex,passed,53.391,53.391,53.391,1,53.391
9f232d5fcb,2026-08-03T18:30:14,test_wallet_add_account_loading_time[wallet_load_alex_user],test_wallet_add_account_cpu_wallet_load_alex,passed,55.369,77.391,65.381,5,"57.578,64.766,71.8,55.369,77.391"
9f232d5fcb,2026-08-03T18:30:14,test_wallet_account_open_loading_time[wallet_load_user],test_wallet_account_first_open_cpu_wallet_load,passed,32.709,32.709,32.709,1,32.709
9f232d5fcb,2026-08-03T18:30:14,test_wallet_repeat_open_loading_time[wallet_load_user],test_wallet_repeat_open_cpu_wallet_load,passed,47.825,60.616,52.264,5,"49.312,47.825,51.466,60.616,52.103"
9f232d5fcb,2026-08-03T18:30:14,test_wallet_add_account_first_open_loading_time[wallet_load_user],test_wallet_add_account_first_open_cpu_wallet_load,passed,45.128,45.128,45.128,1,45.128
9f232d5fcb,2026-08-03T18:30:14,test_wallet_add_account_loading_time[wallet_load_user],test_wallet_add_account_cpu_wallet_load,passed,57.947,75.844,67.117,5,"57.947,75.844,62.609,64.403,74.781"
9f232d5fcb,2026-08-03T18:30:14,test_wallet_send_first_open_loading_time[fresh_user],test_wallet_send_first_open_cpu_fresh,passed,51.145,51.145,51.145,1,51.145
9f232d5fcb,2026-08-03T18:30:14,test_wallet_send_loading_time[fresh_user],test_wallet_send_cpu_fresh,passed,56.272,69.175,62.211,5,"64.078,58.712,56.272,69.175,62.819"
9f232d5fcb,2026-08-03T18:30:14,test_wallet_activity_tab_first_open_loading_time[wallet_load_alex_user],test_wallet_activity_tab_first_open_cpu_wallet_load_alex,passed,45.741,45.741,45.741,1,45.741
9f232d5fcb,2026-08-03T18:30:14,test_wallet_activity_tab_loading_time[wallet_load_alex_user],test_wallet_activity_tab_cpu_wallet_load_alex,passed,53.319,65.784,58.194,5,"55.194,65.784,55.884,60.787,53.319"
9f232d5fcb,2026-08-03T18:30:14,test_wallet_collectibles_tab_first_open_loading_time[wallet_load_user],test_wallet_collectibles_tab_first_open_cpu_wallet_load,passed,45.168,45.168,45.168,1,45.168
9f232d5fcb,2026-08-03T18:30:14,test_wallet_collectibles_tab_loading_time[wallet_load_user],test_wallet_collectibles_tab_cpu_wallet_load,passed,30.712,51.565,41.244,5,"30.712,51.565,31.003,43.425,49.513"
9f232d5fcb,2026-08-03T18:30:14,test_status_community_second_open_loading_time[user_data0-user_account0],test_status_community_second_open_cpu_member,passed,4.362,77.668,33.166,5,"14.673,4.362,14.903,54.225,77.668"
9f232d5fcb,2026-08-03T18:30:14,test_wallet_activity_tab_first_open_loading_time[wallet_load_user],test_wallet_activity_tab_first_open_cpu_wallet_load,passed,59.575,59.575,59.575,1,59.575
9f232d5fcb,2026-08-03T18:30:14,test_wallet_activity_tab_loading_time[wallet_load_user],test_wallet_activity_tab_cpu_wallet_load,passed,54.125,62.719,58.351,5,"57.263,62.719,59.359,54.125,58.291"
9f232d5fcb,2026-08-03T18:30:14,test_wallet_repeat_open_loading_time[wallet_load_alex_user],test_wallet_repeat_open_cpu_wallet_load_alex,passed,43.5,57.181,52.879,5,"56.528,57.181,55.516,43.5,51.672"
9f232d5fcb,2026-08-03T18:30:14,test_wallet_swap_first_open_loading_time[wallet_load_alex_user],test_wallet_swap_first_open_cpu_wallet_load_alex,passed,21.794,21.794,21.794,1,21.794
9f232d5fcb,2026-08-03T18:30:14,test_wallet_swap_loading_time[wallet_load_alex_user],test_wallet_swap_cpu_wallet_load_alex,passed,53.806,63.85,61.785,5,"63.831,63.619,53.806,63.85,63.819"
9f232d5fcb,2026-08-03T18:30:14,test_wallet_add_account_first_open_loading_time[fresh_user],test_wallet_add_account_first_open_cpu_fresh,passed,37.831,37.831,37.831,1,37.831
9f232d5fcb,2026-08-03T18:30:14,test_wallet_add_account_loading_time[fresh_user],test_wallet_add_account_cpu_fresh,passed,45.331,69.719,57.745,5,"61.128,69.719,55.859,56.688,45.331"
9f232d5fcb,2026-08-03T18:30:14,test_wallet_collectibles_tab_first_open_loading_time[fresh_user],test_wallet_collectibles_tab_first_open_cpu_fresh,passed,38.793,38.793,38.793,1,38.793
9f232d5fcb,2026-08-03T18:30:14,test_wallet_collectibles_tab_loading_time[fresh_user],test_wallet_collectibles_tab_cpu_fresh,passed,10.156,72.8,39.555,5,"34.044,72.8,10.156,23.438,57.337"
9f232d5fcb,2026-08-03T18:30:14,test_wallet_swap_first_open_loading_time[wallet_load_user],test_wallet_swap_first_open_cpu_wallet_load,passed,29.631,29.631,29.631,1,29.631
9f232d5fcb,2026-08-03T18:30:14,test_wallet_swap_loading_time[wallet_load_user],test_wallet_swap_cpu_wallet_load,passed,52.975,70.55,60.239,5,"52.975,53.056,56.944,67.669,70.55"
b53180ff9e,2026-08-04T13:38:28,test_wallet_account_open_loading_time[wallet_load_user],test_wallet_account_first_open_cpu_wallet_load,passed,35.773,35.773,35.773,1,35.773
b53180ff9e,2026-08-04T13:38:28,test_wallet_repeat_open_loading_time[fresh_user],test_wallet_repeat_open_cpu_fresh,passed,24.375,60.278,36.707,5,"30.469,31.556,60.278,36.856,24.375"
b53180ff9e,2026-08-04T13:38:28,test_wallet_send_first_open_loading_time[wallet_load_user],test_wallet_send_first_open_cpu_wallet_load,passed,29.938,29.938,29.938,1,29.938
b53180ff9e,2026-08-04T13:38:28,test_wallet_send_loading_time[wallet_load_user],test_wallet_send_cpu_wallet_load,passed,18.603,61.195,30.017,5,"61.195,27.788,22.766,18.603,19.734"
b53180ff9e,2026-08-04T13:38:28,test_wallet_activity_tab_first_open_loading_time[wallet_load_alex_user],test_wallet_activity_tab_first_open_cpu_wallet_load_alex,passed,59.272,59.272,59.272,1,59.272
b53180ff9e,2026-08-04T13:38:28,test_wallet_activity_tab_loading_time[wallet_load_alex_user],test_wallet_activity_tab_cpu_wallet_load_alex,passed,54.46,68.794,61.955,5,"68.794,54.46,68.497,60.0,58.022"
b53180ff9e,2026-08-04T13:38:28,test_wallet_add_account_first_open_loading_time[wallet_load_user],test_wallet_add_account_first_open_cpu_wallet_load,passed,63.719,63.719,63.719,1,63.719
b53180ff9e,2026-08-04T13:38:28,test_wallet_add_account_loading_time[wallet_load_user],test_wallet_add_account_cpu_wallet_load,passed,17.416,70.844,32.237,5,"70.844,21.128,25.381,26.416,17.416"
b53180ff9e,2026-08-04T13:38:28,test_wallet_swap_first_open_loading_time[fresh_user],test_wallet_swap_first_open_cpu_fresh,passed,59.772,59.772,59.772,1,59.772
b53180ff9e,2026-08-04T13:38:28,test_wallet_swap_loading_time[fresh_user],test_wallet_swap_cpu_fresh,passed,3.112,59.772,30.474,5,"59.772,38.634,3.112,25.625,25.228"
b53180ff9e,2026-08-04T13:38:28,test_wallet_swap_first_open_loading_time[wallet_load_alex_user],test_wallet_swap_first_open_cpu_wallet_load_alex,passed,43.525,43.525,43.525,1,43.525
b53180ff9e,2026-08-04T13:38:28,test_wallet_swap_loading_time[wallet_load_alex_user],test_wallet_swap_cpu_wallet_load_alex,passed,66.053,74.425,70.684,5,"73.856,71.675,67.409,66.053,74.425"
b53180ff9e,2026-08-04T13:38:28,test_wallet_receive_first_open_loading_time[wallet_load_alex_user],test_wallet_receive_first_open_cpu_wallet_load_alex,passed,32.728,32.728,32.728,1,32.728
b53180ff9e,2026-08-04T13:38:28,test_wallet_receive_loading_time[wallet_load_alex_user],test_wallet_receive_cpu_wallet_load_alex,passed,28.159,73.941,58.566,5,"63.719,66.766,60.244,73.941,28.159"
b53180ff9e,2026-08-04T13:38:28,test_wallet_activity_tab_first_open_loading_time[wallet_load_user],test_wallet_activity_tab_first_open_cpu_wallet_load,passed,61.297,61.297,61.297,1,61.297
b53180ff9e,2026-08-04T13:38:28,test_wallet_activity_tab_loading_time[wallet_load_user],test_wallet_activity_tab_cpu_wallet_load,passed,19.938,65.231,39.043,5,"65.231,58.378,30.016,19.938,21.653"
b53180ff9e,2026-08-04T13:38:28,test_wallet_repeat_open_loading_time[wallet_load_user],test_wallet_repeat_open_cpu_wallet_load,passed,37.941,60.941,51.961,5,"58.309,60.941,52.459,37.941,50.153"
b53180ff9e,2026-08-04T13:38:28,test_wallet_add_account_first_open_loading_time[fresh_user],test_wallet_add_account_first_open_cpu_fresh,passed,12.05,12.05,12.05,1,12.05
b53180ff9e,2026-08-04T13:38:28,test_wallet_add_account_loading_time[fresh_user],test_wallet_add_account_cpu_fresh,passed,3.85,36.562,16.203,5,"3.85,36.562,16.162,20.109,4.331"
b53180ff9e,2026-08-04T13:38:28,test_wallet_collectibles_tab_first_open_loading_time[fresh_user],test_wallet_collectibles_tab_first_open_cpu_fresh,passed,39.517,39.517,39.517,1,39.517
b53180ff9e,2026-08-04T13:38:28,test_wallet_collectibles_tab_loading_time[fresh_user],test_wallet_collectibles_tab_cpu_fresh,passed,25.625,45.694,34.264,5,"33.594,45.694,25.625,39.062,27.344"
b53180ff9e,2026-08-04T13:38:28,test_status_community_second_open_loading_time[user_data0-user_account0],test_status_community_second_open_cpu_member,passed,3.694,50.567,29.758,5,"3.694,8.527,49.481,50.567,36.523"
b53180ff9e,2026-08-04T13:38:28,test_wallet_send_first_open_loading_time[wallet_load_alex_user],test_wallet_send_first_open_cpu_wallet_load_alex,passed,39.878,39.878,39.878,1,39.878
b53180ff9e,2026-08-04T13:38:28,test_wallet_send_loading_time[wallet_load_alex_user],test_wallet_send_cpu_wallet_load_alex,passed,19.616,74.031,59.878,5,"69.241,69.506,66.994,74.031,19.616"
b53180ff9e,2026-08-04T13:38:28,test_wallet_account_open_loading_time[fresh_user],test_wallet_account_first_open_cpu_fresh,passed,30.475,30.475,30.475,1,30.475
b53180ff9e,2026-08-04T13:38:28,test_wallet_receive_first_open_loading_time[wallet_load_user],test_wallet_receive_first_open_cpu_wallet_load,passed,40.883,40.883,40.883,1,40.883
b53180ff9e,2026-08-04T13:38:28,test_wallet_receive_loading_time[wallet_load_user],test_wallet_receive_cpu_wallet_load,passed,26.678,70.112,42.902,5,"43.366,70.112,28.197,46.159,26.678"
b53180ff9e,2026-08-04T13:38:28,test_wallet_add_account_first_open_loading_time[wallet_load_alex_user],test_wallet_add_account_first_open_cpu_wallet_load_alex,passed,51.594,51.594,51.594,1,51.594
b53180ff9e,2026-08-04T13:38:28,test_wallet_add_account_loading_time[wallet_load_alex_user],test_wallet_add_account_cpu_wallet_load_alex,passed,23.919,72.463,58.947,5,"70.156,59.456,72.463,68.741,23.919"
b53180ff9e,2026-08-04T13:38:28,test_status_community_first_open_loading_time[user_data0-user_account0],test_status_community_first_open_cpu_member,passed,35.825,35.825,35.825,1,35.825
b53180ff9e,2026-08-04T13:38:28,test_wallet_first_open_loading_time[wallet_load_alex_user],test_wallet_first_open_cpu_wallet_load_alex,passed,46.094,46.094,46.094,1,46.094
b53180ff9e,2026-08-04T13:38:28,test_wallet_activity_tab_first_open_loading_time[fresh_user],test_wallet_activity_tab_first_open_cpu_fresh,passed,57.031,57.031,57.031,1,57.031
b53180ff9e,2026-08-04T13:38:28,test_wallet_activity_tab_loading_time[fresh_user],test_wallet_activity_tab_cpu_fresh,passed,26.481,44.388,34.348,5,"37.631,36.362,26.875,44.388,26.481"
b53180ff9e,2026-08-04T13:38:28,test_wallet_assets_tab_first_open_loading_time[wallet_load_user],test_wallet_assets_tab_first_open_cpu_wallet_load,passed,60.875,60.875,60.875,1,60.875
b53180ff9e,2026-08-04T13:38:28,test_wallet_assets_tab_loading_time[wallet_load_user],test_wallet_assets_tab_cpu_wallet_load,passed,32.525,56.755,43.241,5,"56.755,47.456,36.498,32.525,42.969"
b53180ff9e,2026-08-04T13:38:28,test_wallet_first_open_loading_time[wallet_load_user],test_wallet_first_open_cpu_wallet_load,passed,19.0,19.0,19.0,1,19.0
b53180ff9e,2026-08-04T13:38:28,test_wallet_repeat_open_loading_time[wallet_load_alex_user],test_wallet_repeat_open_cpu_wallet_load_alex,passed,29.8,44.706,36.453,5,"44.706,29.8,30.581,36.231,40.947"
b53180ff9e,2026-08-04T13:38:28,test_wallet_swap_first_open_loading_time[wallet_load_user],test_wallet_swap_first_open_cpu_wallet_load,passed,27.925,27.925,27.925,1,27.925
b53180ff9e,2026-08-04T13:38:28,test_wallet_swap_loading_time[wallet_load_user],test_wallet_swap_cpu_wallet_load,passed,23.219,49.85,30.497,5,"23.925,49.85,26.406,29.087,23.219"
b53180ff9e,2026-08-04T13:38:28,test_wallet_collectibles_tab_first_open_loading_time[wallet_load_alex_user],test_wallet_collectibles_tab_first_open_cpu_wallet_load_alex,passed,47.794,47.794,47.794,1,47.794
b53180ff9e,2026-08-04T13:38:28,test_wallet_collectibles_tab_loading_time[wallet_load_alex_user],test_wallet_collectibles_tab_cpu_wallet_load_alex,passed,43.087,59.421,47.154,5,"44.346,44.396,59.421,43.087,44.517"
b53180ff9e,2026-08-04T13:38:28,test_wallet_receive_first_open_loading_time[fresh_user],test_wallet_receive_first_open_cpu_fresh,passed,38.194,38.194,38.194,1,38.194
b53180ff9e,2026-08-04T13:38:28,test_wallet_receive_loading_time[fresh_user],test_wallet_receive_cpu_fresh,passed,25.466,37.303,31.922,5,"32.663,30.416,33.766,37.303,25.466"
b53180ff9e,2026-08-04T13:38:28,test_wallet_collectibles_tab_first_open_loading_time[wallet_load_user],test_wallet_collectibles_tab_first_open_cpu_wallet_load,passed,44.768,44.768,44.768,1,44.768
b53180ff9e,2026-08-04T13:38:28,test_wallet_collectibles_tab_loading_time[wallet_load_user],test_wallet_collectibles_tab_cpu_wallet_load,passed,36.215,52.394,42.063,5,"36.638,37.742,52.394,36.215,47.328"
b53180ff9e,2026-08-04T13:38:28,test_wallet_account_open_loading_time[wallet_load_alex_user],test_wallet_account_first_open_cpu_wallet_load_alex,passed,44.984,44.984,44.984,1,44.984
b53180ff9e,2026-08-04T13:38:28,test_wallet_send_first_open_loading_time[fresh_user],test_wallet_send_first_open_cpu_fresh,passed,37.016,37.016,37.016,1,37.016
b53180ff9e,2026-08-04T13:38:28,test_wallet_send_loading_time[fresh_user],test_wallet_send_cpu_fresh,passed,19.691,76.706,48.374,5,"59.834,64.778,76.706,19.691,20.859"
b53180ff9e,2026-08-04T13:38:28,test_wallet_assets_tab_first_open_loading_time[fresh_user],test_wallet_assets_tab_first_open_cpu_fresh,passed,45.397,45.397,45.397,1,45.397
b53180ff9e,2026-08-04T13:38:28,test_wallet_assets_tab_loading_time[fresh_user],test_wallet_assets_tab_cpu_fresh,passed,32.031,54.228,42.054,5,"54.228,44.856,32.031,38.922,40.234"
b53180ff9e,2026-08-04T13:38:28,test_wallet_assets_tab_first_open_loading_time[wallet_load_alex_user],test_wallet_assets_tab_first_open_cpu_wallet_load_alex,passed,24.51,24.51,24.51,1,24.51
b53180ff9e,2026-08-04T13:38:28,test_wallet_assets_tab_loading_time[wallet_load_alex_user],test_wallet_assets_tab_cpu_wallet_load_alex,passed,46.904,60.667,54.791,5,"60.667,56.744,55.677,53.96,46.904"
b53180ff9e,2026-08-04T13:38:28,test_wallet_first_open_loading_time[fresh_user],test_wallet_first_open_cpu_fresh,passed,24.738,24.738,24.738,1,24.738
549dc1ab51,2026-08-05T05:38:00,test_wallet_swap_first_open_loading_time[fresh_user],test_wallet_swap_first_open_cpu_fresh,passed,38.242,38.242,38.242,1,38.242
549dc1ab51,2026-08-05T05:38:00,test_wallet_swap_loading_time[fresh_user],test_wallet_swap_cpu_fresh,passed,4.381,28.888,21.114,5,"28.888,21.625,4.381,28.169,22.509"
549dc1ab51,2026-08-05T05:38:00,test_wallet_activity_tab_first_open_loading_time[fresh_user],test_wallet_activity_tab_first_open_cpu_fresh,passed,54.65,54.65,54.65,1,54.65
549dc1ab51,2026-08-05T05:38:00,test_wallet_activity_tab_loading_time[fresh_user],test_wallet_activity_tab_cpu_fresh,passed,33.737,59.481,48.807,5,"58.594,52.381,33.737,39.844,59.481"
549dc1ab51,2026-08-05T05:38:00,test_wallet_add_account_first_open_loading_time[wallet_load_alex_user],test_wallet_add_account_first_open_cpu_wallet_load_alex,passed,65.478,65.478,65.478,1,65.478
549dc1ab51,2026-08-05T05:38:00,test_wallet_add_account_loading_time[wallet_load_alex_user],test_wallet_add_account_cpu_wallet_load_alex,passed,52.544,77.688,69.03,5,"74.588,52.544,70.578,77.688,69.753"
549dc1ab51,2026-08-05T05:38:00,test_wallet_swap_first_open_loading_time[wallet_load_user],test_wallet_swap_first_open_cpu_wallet_load,passed,21.909,21.909,21.909,1,21.909
549dc1ab51,2026-08-05T05:38:00,test_wallet_swap_loading_time[wallet_load_user],test_wallet_swap_cpu_wallet_load,passed,18.575,61.659,33.668,5,"61.659,18.575,41.322,25.309,21.475"
549dc1ab51,2026-08-05T05:38:00,test_wallet_assets_tab_first_open_loading_time[fresh_user],test_wallet_assets_tab_first_open_cpu_fresh,passed,41.975,41.975,41.975,1,41.975
549dc1ab51,2026-08-05T05:38:00,test_wallet_assets_tab_loading_time[fresh_user],test_wallet_assets_tab_cpu_fresh,passed,27.959,39.506,34.719,5,"37.253,27.959,36.331,32.544,39.506"
549dc1ab51,2026-08-05T05:38:00,test_wallet_account_open_loading_time[wallet_load_user],test_wallet_account_first_open_cpu_wallet_load,passed,31.381,31.381,31.381,1,31.381
549dc1ab51,2026-08-05T05:38:00,test_wallet_repeat_open_loading_time[wallet_load_alex_user],test_wallet_repeat_open_cpu_wallet_load_alex,passed,13.541,58.078,40.398,5,"55.913,24.456,58.078,50.0,13.541"
549dc1ab51,2026-08-05T05:38:00,test_wallet_assets_tab_first_open_loading_time[wallet_load_user],test_wallet_assets_tab_first_open_cpu_wallet_load,passed,58.812,58.812,58.812,1,58.812
549dc1ab51,2026-08-05T05:38:00,test_wallet_assets_tab_loading_time[wallet_load_user],test_wallet_assets_tab_cpu_wallet_load,passed,35.627,55.062,41.707,5,"42.291,55.062,38.752,35.627,36.802"
549dc1ab51,2026-08-05T05:38:00,test_wallet_activity_tab_first_open_loading_time[wallet_load_user],test_wallet_activity_tab_first_open_cpu_wallet_load,passed,54.216,54.216,54.216,1,54.216
549dc1ab51,2026-08-05T05:38:00,test_wallet_activity_tab_loading_time[wallet_load_user],test_wallet_activity_tab_cpu_wallet_load,passed,21.519,71.838,35.156,5,"71.838,21.519,24.872,33.166,24.387"
549dc1ab51,2026-08-05T05:38:00,test_wallet_receive_first_open_loading_time[wallet_load_user],test_wallet_receive_first_open_cpu_wallet_load,passed,25.616,25.616,25.616,1,25.616
549dc1ab51,2026-08-05T05:38:00,test_wallet_receive_loading_time[wallet_load_user],test_wallet_receive_cpu_wallet_load,passed,28.763,71.906,44.823,5,"71.906,29.534,59.025,34.884,28.763"
549dc1ab51,2026-08-05T05:38:00,test_wallet_add_account_first_open_loading_time[wallet_load_user],test_wallet_add_account_first_open_cpu_wallet_load,passed,37.288,37.288,37.288,1,37.288
549dc1ab51,2026-08-05T05:38:00,test_wallet_add_account_loading_time[wallet_load_user],test_wallet_add_account_cpu_wallet_load,passed,20.131,55.016,31.777,5,"55.016,28.925,28.334,26.478,20.131"
549dc1ab51,2026-08-05T05:38:00,test_wallet_first_open_loading_time[wallet_load_user],test_wallet_first_open_cpu_wallet_load,passed,25.0,25.0,25.0,1,25.0
549dc1ab51,2026-08-05T05:38:00,test_wallet_send_first_open_loading_time[wallet_load_alex_user],test_wallet_send_first_open_cpu_wallet_load_alex,passed,65.622,65.622,65.622,1,65.622
549dc1ab51,2026-08-05T05:38:00,test_wallet_send_loading_time[wallet_load_alex_user],test_wallet_send_cpu_wallet_load_alex,passed,19.219,69.86,48.661,5,"69.86,60.378,62.819,31.028,19.219"
549dc1ab51,2026-08-05T05:38:00,test_wallet_collectibles_tab_first_open_loading_time[wallet_load_alex_user],test_wallet_collectibles_tab_first_open_cpu_wallet_load_alex,passed,49.849,49.849,49.849,1,49.849
549dc1ab51,2026-08-05T05:38:00,test_wallet_collectibles_tab_loading_time[wallet_load_alex_user],test_wallet_collectibles_tab_cpu_wallet_load_alex,passed,35.156,46.792,41.151,5,"46.792,41.556,35.156,37.631,44.621"
549dc1ab51,2026-08-05T05:38:00,test_wallet_repeat_open_loading_time[wallet_load_user],test_wallet_repeat_open_cpu_wallet_load,passed,28.25,58.447,42.591,5,"58.447,31.881,38.388,55.988,28.25"
549dc1ab51,2026-08-05T05:38:00,test_status_community_first_open_loading_time[user_data0-user_account0],test_status_community_first_open_cpu_member,passed,37.177,37.177,37.177,1,37.177
549dc1ab51,2026-08-05T05:38:00,test_wallet_add_account_first_open_loading_time[fresh_user],test_wallet_add_account_first_open_cpu_fresh,passed,40.862,40.862,40.862,1,40.862
549dc1ab51,2026-08-05T05:38:00,test_wallet_add_account_loading_time[fresh_user],test_wallet_add_account_cpu_fresh,passed,12.531,27.928,20.321,5,"17.316,12.531,22.806,21.022,27.928"
549dc1ab51,2026-08-05T05:38:00,test_wallet_activity_tab_first_open_loading_time[wallet_load_alex_user],test_wallet_activity_tab_first_open_cpu_wallet_load_alex,passed,49.875,49.875,49.875,1,49.875
549dc1ab51,2026-08-05T05:38:00,test_wallet_activity_tab_loading_time[wallet_load_alex_user],test_wallet_activity_tab_cpu_wallet_load_alex,passed,43.337,62.609,56.021,5,"60.534,56.163,57.463,43.337,62.609"
549dc1ab51,2026-08-05T05:38:00,test_wallet_account_open_loading_time[wallet_load_alex_user],test_wallet_account_first_open_cpu_wallet_load_alex,passed,44.7,44.7,44.7,1,44.7
549dc1ab51,2026-08-05T05:38:00,test_wallet_send_first_open_loading_time[wallet_load_user],test_wallet_send_first_open_cpu_wallet_load,passed,31.572,31.572,31.572,1,31.572
549dc1ab51,2026-08-05T05:38:00,test_wallet_send_loading_time[wallet_load_user],test_wallet_send_cpu_wallet_load,passed,17.356,27.309,20.629,5,"27.309,17.847,18.244,22.387,17.356"
549dc1ab51,2026-08-05T05:38:00,test_wallet_assets_tab_first_open_loading_time[wallet_load_alex_user],test_wallet_assets_tab_first_open_cpu_wallet_load_alex,passed,55.369,55.369,55.369,1,55.369
549dc1ab51,2026-08-05T05:38:00,test_wallet_assets_tab_loading_time[wallet_load_alex_user],test_wallet_assets_tab_cpu_wallet_load_alex,passed,54.83,60.285,57.914,5,"56.766,60.285,58.781,54.83,58.91"
549dc1ab51,2026-08-05T05:38:00,test_wallet_send_first_open_loading_time[fresh_user],test_wallet_send_first_open_cpu_fresh,passed,32.55,32.55,32.55,1,32.55
549dc1ab51,2026-08-05T05:38:00,test_wallet_send_loading_time[fresh_user],test_wallet_send_cpu_fresh,passed,15.484,48.478,25.227,5,"15.484,17.041,16.028,48.478,29.103"
549dc1ab51,2026-08-05T05:38:00,test_status_community_second_open_loading_time[user_data0-user_account0],test_status_community_second_open_cpu_member,passed,4.972,48.231,29.661,5,"10.413,4.972,38.395,48.231,46.296"
549dc1ab51,2026-08-05T05:38:00,test_wallet_repeat_open_loading_time[fresh_user],test_wallet_repeat_open_cpu_fresh,passed,56.25,60.462,57.836,5,"60.462,56.625,56.25,57.147,58.697"
549dc1ab51,2026-08-05T05:38:00,test_wallet_receive_first_open_loading_time[fresh_user],test_wallet_receive_first_open_cpu_fresh,passed,39.547,39.547,39.547,1,39.547
549dc1ab51,2026-08-05T05:38:00,test_wallet_receive_loading_time[fresh_user],test_wallet_receive_cpu_fresh,passed,24.641,69.922,39.589,5,"29.309,41.478,69.922,32.597,24.641"
549dc1ab51,2026-08-05T05:38:00,test_wallet_swap_first_open_loading_time[wallet_load_alex_user],test_wallet_swap_first_open_cpu_wallet_load_alex,passed,30.153,30.153,30.153,1,30.153
549dc1ab51,2026-08-05T05:38:00,test_wallet_swap_loading_time[wallet_load_alex_user],test_wallet_swap_cpu_wallet_load_alex,passed,23.909,77.425,59.094,5,"64.206,77.425,66.488,63.441,23.909"
549dc1ab51,2026-08-05T05:38:00,test_wallet_receive_first_open_loading_time[wallet_load_alex_user],test_wallet_receive_first_open_cpu_wallet_load_alex,passed,45.55,45.55,45.55,1,45.55
549dc1ab51,2026-08-05T05:38:00,test_wallet_receive_loading_time[wallet_load_alex_user],test_wallet_receive_cpu_wallet_load_alex,passed,60.684,83.491,72.258,5,"60.684,66.619,69.112,81.381,83.491"
549dc1ab51,2026-08-05T05:38:00,test_wallet_account_open_loading_time[fresh_user],test_wallet_account_first_open_cpu_fresh,passed,51.669,51.669,51.669,1,51.669
549dc1ab51,2026-08-05T05:38:00,test_wallet_first_open_loading_time[fresh_user],test_wallet_first_open_cpu_fresh,passed,25.519,25.519,25.519,1,25.519
549dc1ab51,2026-08-05T05:38:00,test_wallet_collectibles_tab_first_open_loading_time[wallet_load_user],test_wallet_collectibles_tab_first_open_cpu_wallet_load,passed,45.641,45.641,45.641,1,45.641
549dc1ab51,2026-08-05T05:38:00,test_wallet_collectibles_tab_loading_time[wallet_load_user],test_wallet_collectibles_tab_cpu_wallet_load,passed,28.175,52.525,43.549,5,"39.265,52.525,52.119,28.175,45.661"
549dc1ab51,2026-08-05T05:38:00,test_wallet_first_open_loading_time[wallet_load_alex_user],test_wallet_first_open_cpu_wallet_load_alex,passed,57.337,57.337,57.337,1,57.337
549dc1ab51,2026-08-05T05:38:00,test_wallet_collectibles_tab_first_open_loading_time[fresh_user],test_wallet_collectibles_tab_first_open_cpu_fresh,passed,38.171,38.171,38.171,1,38.171
549dc1ab51,2026-08-05T05:38:00,test_wallet_collectibles_tab_loading_time[fresh_user],test_wallet_collectibles_tab_cpu_fresh,passed,24.219,41.725,34.01,5,"39.475,24.219,34.944,29.688,41.725"
629daae710,2026-08-05T09:58:58,test_wallet_account_open_loading_time[wallet_load_alex_user],test_wallet_account_first_open_cpu_wallet_load_alex,passed,46.3,46.3,46.3,1,46.3
629daae710,2026-08-05T09:58:58,test_wallet_repeat_open_loading_time[wallet_load_user],test_wallet_repeat_open_cpu_wallet_load,passed,23.812,51.056,39.168,5,"47.375,43.547,51.056,23.812,30.05"
629daae710,2026-08-05T09:58:58,test_wallet_collectibles_tab_first_open_loading_time[wallet_load_user],test_wallet_collectibles_tab_first_open_cpu_wallet_load,passed,46.504,46.504,46.504,1,46.504
629daae710,2026-08-05T09:58:58,test_wallet_collectibles_tab_loading_time[wallet_load_user],test_wallet_collectibles_tab_cpu_wallet_load,passed,31.934,52.477,43.216,5,"52.477,31.934,45.548,40.229,45.891"
629daae710,2026-08-05T09:58:58,test_status_community_second_open_loading_time[user_data0-user_account0],test_status_community_second_open_cpu_member,passed,9.221,63.107,36.541,5,"10.815,9.221,63.107,50.738,48.825"
629daae710,2026-08-05T09:58:58,test_wallet_add_account_first_open_loading_time[wallet_load_user],test_wallet_add_account_first_open_cpu_wallet_load,passed,61.562,61.562,61.562,1,61.562
629daae710,2026-08-05T09:58:58,test_wallet_add_account_loading_time[wallet_load_user],test_wallet_add_account_cpu_wallet_load,passed,26.497,62.919,37.611,5,"34.75,62.919,35.966,27.925,26.497"
629daae710,2026-08-05T09:58:58,test_wallet_send_first_open_loading_time[wallet_load_user],test_wallet_send_first_open_cpu_wallet_load,passed,48.984,48.984,48.984,1,48.984
629daae710,2026-08-05T09:58:58,test_wallet_send_loading_time[wallet_load_user],test_wallet_send_cpu_wallet_load,passed,17.538,23.084,21.019,5,"22.584,20.087,23.084,17.538,21.8"
629daae710,2026-08-05T09:58:58,test_wallet_assets_tab_first_open_loading_time[wallet_load_alex_user],test_wallet_assets_tab_first_open_cpu_wallet_load_alex,passed,54.64,54.64,54.64,1,54.64
629daae710,2026-08-05T09:58:58,test_wallet_assets_tab_loading_time[wallet_load_alex_user],test_wallet_assets_tab_cpu_wallet_load_alex,passed,46.152,64.519,53.477,5,"57.789,64.519,48.048,50.88,46.152"
629daae710,2026-08-05T09:58:58,test_wallet_activity_tab_first_open_loading_time[wallet_load_alex_user],test_wallet_activity_tab_first_open_cpu_wallet_load_alex,passed,47.837,47.837,47.837,1,47.837
629daae710,2026-08-05T09:58:58,test_wallet_activity_tab_loading_time[wallet_load_alex_user],test_wallet_activity_tab_cpu_wallet_load_alex,passed,47.963,63.947,57.425,5,"57.169,47.963,56.972,61.075,63.947"
629daae710,2026-08-05T09:58:58,test_wallet_activity_tab_first_open_loading_time[wallet_load_user],test_wallet_activity_tab_first_open_cpu_wallet_load,passed,42.853,42.853,42.853,1,42.853
629daae710,2026-08-05T09:58:58,test_wallet_activity_tab_loading_time[wallet_load_user],test_wallet_activity_tab_cpu_wallet_load,passed,22.878,58.763,36.454,5,"58.763,31.263,27.703,22.878,41.663"
629daae710,2026-08-05T09:58:58,test_wallet_assets_tab_first_open_loading_time[fresh_user],test_wallet_assets_tab_first_open_cpu_fresh,passed,63.104,63.104,63.104,1,63.104
629daae710,2026-08-05T09:58:58,test_wallet_assets_tab_loading_time[fresh_user],test_wallet_assets_tab_cpu_fresh,passed,30.025,46.094,37.703,5,"30.025,45.312,36.753,30.328,46.094"
629daae710,2026-08-05T09:58:58,test_wallet_swap_first_open_loading_time[wallet_load_alex_user],test_wallet_swap_first_open_cpu_wallet_load_alex,passed,39.894,39.894,39.894,1,39.894
629daae710,2026-08-05T09:58:58,test_wallet_swap_loading_time[wallet_load_alex_user],test_wallet_swap_cpu_wallet_load_alex,passed,60.375,75.172,71.044,5,"60.375,73.803,71.066,75.172,74.803"
629daae710,2026-08-05T09:58:58,test_wallet_account_open_loading_time[wallet_load_user],test_wallet_account_first_open_cpu_wallet_load,passed,41.444,41.444,41.444,1,41.444
629daae710,2026-08-05T09:58:58,test_wallet_assets_tab_first_open_loading_time[wallet_load_user],test_wallet_assets_tab_first_open_cpu_wallet_load,passed,63.994,63.994,63.994,1,63.994
629daae710,2026-08-05T09:58:58,test_wallet_assets_tab_loading_time[wallet_load_user],test_wallet_assets_tab_cpu_wallet_load,passed,38.827,56.246,43.483,5,"56.246,40.809,41.72,39.81,38.827"
629daae710,2026-08-05T09:58:58,test_wallet_add_account_first_open_loading_time[fresh_user],test_wallet_add_account_first_open_cpu_fresh,passed,38.263,38.263,38.263,1,38.263
629daae710,2026-08-05T09:58:58,test_wallet_add_account_loading_time[fresh_user],test_wallet_add_account_cpu_fresh,passed,5.713,66.916,32.931,5,"66.916,55.128,15.425,21.472,5.713"
629daae710,2026-08-05T09:58:58,test_wallet_send_first_open_loading_time[wallet_load_alex_user],test_wallet_send_first_open_cpu_wallet_load_alex,passed,32.916,32.916,32.916,1,32.916
629daae710,2026-08-05T09:58:58,test_wallet_send_loading_time[wallet_load_alex_user],test_wallet_send_cpu_wallet_load_alex,passed,24.691,71.381,57.109,5,"61.256,64.706,63.509,71.381,24.691"
629daae710,2026-08-05T09:58:58,test_wallet_receive_first_open_loading_time[wallet_load_alex_user],test_wallet_receive_first_open_cpu_wallet_load_alex,passed,40.103,40.103,40.103,1,40.103
629daae710,2026-08-05T09:58:58,test_wallet_receive_loading_time[wallet_load_alex_user],test_wallet_receive_cpu_wallet_load_alex,passed,36.156,73.759,60.287,5,"62.884,65.731,62.903,73.759,36.156"
629daae710,2026-08-05T09:58:58,test_wallet_collectibles_tab_first_open_loading_time[fresh_user],test_wallet_collectibles_tab_first_open_cpu_fresh,passed,40.882,40.882,40.882,1,40.882
629daae710,2026-08-05T09:58:58,test_wallet_collectibles_tab_loading_time[fresh_user],test_wallet_collectibles_tab_cpu_fresh,passed,25.781,44.531,32.14,5,"28.906,32.812,28.669,44.531,25.781"
629daae710,2026-08-05T09:58:58,test_status_community_first_open_loading_time[user_data0-user_account0],test_status_community_first_open_cpu_member,passed,27.186,27.186,27.186,1,27.186
629daae710,2026-08-05T09:58:58,test_wallet_receive_first_open_loading_time[fresh_user],test_wallet_receive_first_open_cpu_fresh,passed,20.17,20.17,20.17,1,20.17
629daae710,2026-08-05T09:58:58,test_wallet_receive_loading_time[fresh_user],test_wallet_receive_cpu_fresh,passed,21.222,40.934,35.321,5,"39.666,36.256,40.934,38.525,21.222"
629daae710,2026-08-05T09:58:58,test_wallet_repeat_open_loading_time[wallet_load_alex_user],test_wallet_repeat_open_cpu_wallet_load_alex,passed,47.697,57.888,54.759,5,"56.347,54.781,47.697,57.888,57.081"
629daae710,2026-08-05T09:58:58,test_wallet_swap_first_open_loading_time[fresh_user],test_wallet_swap_first_open_cpu_fresh,passed,37.495,37.495,37.495,1,37.495
629daae710,2026-08-05T09:58:58,test_wallet_swap_loading_time[fresh_user],test_wallet_swap_cpu_fresh,passed,23.719,32.969,27.999,5,"32.969,25.769,30.822,26.719,23.719"
629daae710,2026-08-05T09:58:58,test_wallet_receive_first_open_loading_time[wallet_load_user],test_wallet_receive_first_open_cpu_wallet_load,passed,36.663,36.663,36.663,1,36.663
629daae710,2026-08-05T09:58:58,test_wallet_receive_loading_time[wallet_load_user],test_wallet_receive_cpu_wallet_load,passed,34.456,54.688,49.176,5,"50.097,52.019,54.688,34.456,54.622"
629daae710,2026-08-05T09:58:58,test_wallet_activity_tab_first_open_loading_time[fresh_user],test_wallet_activity_tab_first_open_cpu_fresh,passed,36.731,36.731,36.731,1,36.731
629daae710,2026-08-05T09:58:58,test_wallet_activity_tab_loading_time[fresh_user],test_wallet_activity_tab_cpu_fresh,passed,27.853,39.062,33.101,5,"38.281,32.256,39.062,28.05,27.853"
629daae710,2026-08-05T09:58:58,test_wallet_swap_first_open_loading_time[wallet_load_user],test_wallet_swap_first_open_cpu_wallet_load,passed,38.456,38.456,38.456,1,38.456
629daae710,2026-08-05T09:58:58,test_wallet_swap_loading_time[wallet_load_user],test_wallet_swap_cpu_wallet_load,passed,26.191,48.369,35.517,5,"27.131,26.191,34.816,48.369,41.078"
629daae710,2026-08-05T09:58:58,test_wallet_collectibles_tab_first_open_loading_time[wallet_load_alex_user],test_wallet_collectibles_tab_first_open_cpu_wallet_load_alex,passed,49.093,49.093,49.093,1,49.093
629daae710,2026-08-05T09:58:58,test_wallet_collectibles_tab_loading_time[wallet_load_alex_user],test_wallet_collectibles_tab_cpu_wallet_load_alex,passed,40.318,47.771,44.811,5,"47.076,40.318,47.771,44.721,44.168"
629daae710,2026-08-05T09:58:58,test_wallet_account_open_loading_time[fresh_user],test_wallet_account_first_open_cpu_fresh,passed,57.2,57.2,57.2,1,57.2
629daae710,2026-08-05T09:58:58,test_wallet_send_first_open_loading_time[fresh_user],test_wallet_send_first_open_cpu_fresh,passed,50.487,50.487,50.487,1,50.487
629daae710,2026-08-05T09:58:58,test_wallet_send_loading_time[fresh_user],test_wallet_send_cpu_fresh,passed,8.312,72.181,35.102,5,"72.181,25.15,44.675,25.191,8.312"
629daae710,2026-08-05T09:58:58,test_wallet_repeat_open_loading_time[fresh_user],test_wallet_repeat_open_cpu_fresh,passed,29.806,60.253,49.908,5,"45.163,57.619,56.7,60.253,29.806"
629daae710,2026-08-05T09:58:58,test_wallet_first_open_loading_time[wallet_load_user],test_wallet_first_open_cpu_wallet_load,passed,32.181,32.181,32.181,1,32.181
629daae710,2026-08-05T09:58:58,test_wallet_first_open_loading_time[fresh_user],test_wallet_first_open_cpu_fresh,passed,29.756,29.756,29.756,1,29.756
629daae710,2026-08-05T09:58:58,test_wallet_first_open_loading_time[wallet_load_alex_user],test_wallet_first_open_cpu_wallet_load_alex,passed,57.812,57.812,57.812,1,57.812
629daae710,2026-08-05T09:58:58,test_wallet_add_account_first_open_loading_time[wallet_load_alex_user],test_wallet_add_account_first_open_cpu_wallet_load_alex,passed,64.669,64.669,64.669,1,64.669
629daae710,2026-08-05T09:58:58,test_wallet_add_account_loading_time[wallet_load_alex_user],test_wallet_add_account_cpu_wallet_load_alex,passed,24.022,68.244,47.737,5,"68.244,64.3,54.881,27.241,24.022"
403e647e7e,2026-08-06T05:29:01,test_wallet_assets_tab_first_open_loading_time[wallet_load_alex_user],test_wallet_assets_tab_first_open_cpu_wallet_load_alex,passed,45.119,45.119,45.119,1,45.119
403e647e7e,2026-08-06T05:29:01,test_wallet_assets_tab_loading_time[wallet_load_alex_user],test_wallet_assets_tab_cpu_wallet_load_alex,passed,44.88,54.865,50.736,5,"50.734,54.865,54.281,44.88,48.919"
403e647e7e,2026-08-06T05:29:01,test_wallet_repeat_open_loading_time[wallet_load_alex_user],test_wallet_repeat_open_cpu_wallet_load_alex,passed,26.106,56.263,41.627,5,"56.263,31.637,49.534,44.594,26.106"
403e647e7e,2026-08-06T05:29:01,test_status_community_first_open_loading_time[user_data0-user_account0],test_status_community_first_open_cpu_member,passed,26.483,26.483,26.483,1,26.483
403e647e7e,2026-08-06T05:29:01,test_wallet_swap_first_open_loading_time[wallet_load_alex_user],test_wallet_swap_first_open_cpu_wallet_load_alex,passed,35.431,35.431,35.431,1,35.431
403e647e7e,2026-08-06T05:29:01,test_wallet_swap_loading_time[wallet_load_alex_user],test_wallet_swap_cpu_wallet_load_alex,passed,28.1,82.694,61.353,5,"82.694,66.375,61.762,67.831,28.1"
403e647e7e,2026-08-06T05:29:01,test_wallet_swap_first_open_loading_time[fresh_user],test_wallet_swap_first_open_cpu_fresh,passed,34.79,34.79,34.79,1,34.79
403e647e7e,2026-08-06T05:29:01,test_wallet_swap_loading_time[fresh_user],test_wallet_swap_cpu_fresh,passed,23.519,48.131,33.319,5,"48.131,23.519,29.613,36.719,28.616"
403e647e7e,2026-08-06T05:29:01,test_wallet_add_account_first_open_loading_time[fresh_user],test_wallet_add_account_first_open_cpu_fresh,passed,40.719,40.719,40.719,1,40.719
403e647e7e,2026-08-06T05:29:01,test_wallet_add_account_loading_time[fresh_user],test_wallet_add_account_cpu_fresh,passed,51.759,76.125,65.277,5,"76.125,68.231,60.1,70.169,51.759"
403e647e7e,2026-08-06T05:29:01,test_wallet_activity_tab_first_open_loading_time[wallet_load_user],test_wallet_activity_tab_first_open_cpu_wallet_load,passed,49.65,49.65,49.65,1,49.65
403e647e7e,2026-08-06T05:29:01,test_wallet_activity_tab_loading_time[wallet_load_user],test_wallet_activity_tab_cpu_wallet_load,passed,22.897,60.541,41.199,5,"53.675,60.541,27.587,41.294,22.897"
403e647e7e,2026-08-06T05:29:01,test_wallet_account_open_loading_time[fresh_user],test_wallet_account_first_open_cpu_fresh,passed,57.812,57.812,57.812,1,57.812
403e647e7e,2026-08-06T05:29:01,test_wallet_repeat_open_loading_time[wallet_load_user],test_wallet_repeat_open_cpu_wallet_load,passed,27.819,60.881,43.064,5,"60.881,55.55,30.922,40.147,27.819"
403e647e7e,2026-08-06T05:29:01,test_wallet_add_account_first_open_loading_time[wallet_load_user],test_wallet_add_account_first_open_cpu_wallet_load,passed,60.659,60.659,60.659,1,60.659
403e647e7e,2026-08-06T05:29:01,test_wallet_add_account_loading_time[wallet_load_user],test_wallet_add_account_cpu_wallet_load,passed,25.537,56.131,38.179,5,"55.487,56.131,25.906,27.831,25.537"
403e647e7e,2026-08-06T05:29:01,test_wallet_receive_first_open_loading_time[wallet_load_alex_user],test_wallet_receive_first_open_cpu_wallet_load_alex,passed,42.322,42.322,42.322,1,42.322
403e647e7e,2026-08-06T05:29:01,test_wallet_receive_loading_time[wallet_load_alex_user],test_wallet_receive_cpu_wallet_load_alex,passed,44.447,67.606,58.707,5,"44.447,67.606,58.1,65.138,58.244"
403e647e7e,2026-08-06T05:29:01,test_wallet_activity_tab_first_open_loading_time[fresh_user],test_wallet_activity_tab_first_open_cpu_fresh,passed,42.612,42.612,42.612,1,42.612
403e647e7e,2026-08-06T05:29:01,test_wallet_activity_tab_loading_time[fresh_user],test_wallet_activity_tab_cpu_fresh,passed,23.969,50.391,34.181,5,"34.044,50.391,30.469,32.031,23.969"
403e647e7e,2026-08-06T05:29:01,test_wallet_assets_tab_first_open_loading_time[fresh_user],test_wallet_assets_tab_first_open_cpu_fresh,passed,16.744,16.744,16.744,1,16.744
403e647e7e,2026-08-06T05:29:01,test_wallet_assets_tab_loading_time[fresh_user],test_wallet_assets_tab_cpu_fresh,passed,26.953,38.472,34.396,5,"38.091,38.472,35.547,32.919,26.953"
403e647e7e,2026-08-06T05:29:01,test_wallet_receive_first_open_loading_time[wallet_load_user],test_wallet_receive_first_open_cpu_wallet_load,passed,31.397,31.397,31.397,1,31.397
403e647e7e,2026-08-06T05:29:01,test_wallet_receive_loading_time[wallet_load_user],test_wallet_receive_cpu_wallet_load,passed,28.184,63.025,50.261,5,"59.206,45.031,55.859,28.184,63.025"
403e647e7e,2026-08-06T05:29:01,test_wallet_first_open_loading_time[wallet_load_user],test_wallet_first_open_cpu_wallet_load,passed,48.525,48.525,48.525,1,48.525
403e647e7e,2026-08-06T05:29:01,test_status_community_second_open_loading_time[user_data0-user_account0],test_status_community_second_open_cpu_member,passed,7.498,47.813,28.873,5,"26.996,15.836,7.498,46.22,47.813"
403e647e7e,2026-08-06T05:29:01,test_wallet_send_first_open_loading_time[wallet_load_alex_user],test_wallet_send_first_open_cpu_wallet_load_alex,passed,33.469,33.469,33.469,1,33.469
403e647e7e,2026-08-06T05:29:01,test_wallet_send_loading_time[wallet_load_alex_user],test_wallet_send_cpu_wallet_load_alex,passed,24.781,73.847,54.137,5,"73.847,72.41,69.21,30.434,24.781"
403e647e7e,2026-08-06T05:29:01,test_wallet_add_account_first_open_loading_time[wallet_load_alex_user],test_wallet_add_account_first_open_cpu_wallet_load_alex,passed,59.797,59.797,59.797,1,59.797
403e647e7e,2026-08-06T05:29:01,test_wallet_add_account_loading_time[wallet_load_alex_user],test_wallet_add_account_cpu_wallet_load_alex,passed,29.975,79.856,64.871,5,"69.912,79.856,77.141,67.472,29.975"
403e647e7e,2026-08-06T05:29:01,test_wallet_repeat_open_loading_time[fresh_user],test_wallet_repeat_open_cpu_fresh,passed,22.419,29.853,25.814,5,"22.419,26.562,23.938,29.853,26.3"
403e647e7e,2026-08-06T05:29:01,test_wallet_first_open_loading_time[wallet_load_alex_user],test_wallet_first_open_cpu_wallet_load_alex,passed,36.416,36.416,36.416,1,36.416
403e647e7e,2026-08-06T05:29:01,test_wallet_receive_first_open_loading_time[fresh_user],test_wallet_receive_first_open_cpu_fresh,passed,26.553,26.553,26.553,1,26.553
403e647e7e,2026-08-06T05:29:01,test_wallet_receive_loading_time[fresh_user],test_wallet_receive_cpu_fresh,passed,17.881,48.756,33.55,5,"37.234,35.972,27.906,48.756,17.881"
403e647e7e,2026-08-06T05:29:01,test_wallet_send_first_open_loading_time[wallet_load_user],test_wallet_send_first_open_cpu_wallet_load,passed,41.246,41.246,41.246,1,41.246
403e647e7e,2026-08-06T05:29:01,test_wallet_send_loading_time[wallet_load_user],test_wallet_send_cpu_wallet_load,passed,18.172,35.78,24.319,5,"35.78,18.172,19.897,25.747,21.997"
403e647e7e,2026-08-06T05:29:01,test_wallet_account_open_loading_time[wallet_load_alex_user],test_wallet_account_first_open_cpu_wallet_load_alex,passed,39.244,39.244,39.244,1,39.244
403e647e7e,2026-08-06T05:29:01,test_wallet_account_open_loading_time[wallet_load_user],test_wallet_account_first_open_cpu_wallet_load,passed,40.666,40.666,40.666,1,40.666
403e647e7e,2026-08-06T05:29:01,test_wallet_assets_tab_first_open_loading_time[wallet_load_user],test_wallet_assets_tab_first_open_cpu_wallet_load,passed,61.048,61.048,61.048,1,61.048
403e647e7e,2026-08-06T05:29:01,test_wallet_assets_tab_loading_time[wallet_load_user],test_wallet_assets_tab_cpu_wallet_load,passed,39.309,52.169,46.024,5,"52.169,49.288,47.652,41.702,39.309"
403e647e7e,2026-08-06T05:29:01,test_wallet_collectibles_tab_first_open_loading_time[fresh_user],test_wallet_collectibles_tab_first_open_cpu_fresh,passed,36.058,36.058,36.058,1,36.058
403e647e7e,2026-08-06T05:29:01,test_wallet_collectibles_tab_loading_time[fresh_user],test_wallet_collectibles_tab_cpu_fresh,passed,19.531,40.456,31.685,5,"32.812,19.531,40.456,39.062,26.562"
403e647e7e,2026-08-06T05:29:01,test_wallet_activity_tab_first_open_loading_time[wallet_load_alex_user],test_wallet_activity_tab_first_open_cpu_wallet_load_alex,passed,36.663,36.663,36.663,1,36.663
403e647e7e,2026-08-06T05:29:01,test_wallet_activity_tab_loading_time[wallet_load_alex_user],test_wallet_activity_tab_cpu_wallet_load_alex,passed,39.316,67.112,51.594,5,"39.316,67.112,49.553,46.406,55.581"
403e647e7e,2026-08-06T05:29:01,test_wallet_swap_first_open_loading_time[wallet_load_user],test_wallet_swap_first_open_cpu_wallet_load,passed,48.734,48.734,48.734,1,48.734
403e647e7e,2026-08-06T05:29:01,test_wallet_swap_loading_time[wallet_load_user],test_wallet_swap_cpu_wallet_load,passed,20.944,54.869,36.987,5,"53.225,54.869,24.409,31.487,20.944"
403e647e7e,2026-08-06T05:29:01,test_wallet_collectibles_tab_first_open_loading_time[wallet_load_user],test_wallet_collectibles_tab_first_open_cpu_wallet_load,passed,51.604,51.604,51.604,1,51.604
403e647e7e,2026-08-06T05:29:01,test_wallet_collectibles_tab_loading_time[wallet_load_user],test_wallet_collectibles_tab_cpu_wallet_load,passed,36.723,47.485,41.643,5,"44.153,37.167,42.688,47.485,36.723"
403e647e7e,2026-08-06T05:29:01,test_wallet_send_first_open_loading_time[fresh_user],test_wallet_send_first_open_cpu_fresh,passed,25.57,25.57,25.57,1,25.57
403e647e7e,2026-08-06T05:29:01,test_wallet_send_loading_time[fresh_user],test_wallet_send_cpu_fresh,passed,15.053,27.231,22.338,5,"15.053,22.447,26.541,20.419,27.231"
403e647e7e,2026-08-06T05:29:01,test_wallet_collectibles_tab_first_open_loading_time[wallet_load_alex_user],test_wallet_collectibles_tab_first_open_cpu_wallet_load_alex,passed,56.767,56.767,56.767,1,56.767
403e647e7e,2026-08-06T05:29:01,test_wallet_collectibles_tab_loading_time[wallet_load_alex_user],test_wallet_collectibles_tab_cpu_wallet_load_alex,passed,42.388,56.565,49.572,5,"45.124,56.565,54.367,42.388,49.417"
403e647e7e,2026-08-06T05:29:01,test_wallet_first_open_loading_time[fresh_user],test_wallet_first_open_cpu_fresh,passed,33.075,33.075,33.075,1,33.075
fd90ae1f5f,2026-08-06T08:58:58,test_wallet_collectibles_tab_first_open_loading_time[wallet_load_alex_user],test_wallet_collectibles_tab_first_open_cpu_wallet_load_alex,passed,48.92,48.92,48.92,1,48.92
fd90ae1f5f,2026-08-06T08:58:58,test_wallet_collectibles_tab_loading_time[wallet_load_alex_user],test_wallet_collectibles_tab_cpu_wallet_load_alex,passed,28.906,53.125,40.395,5,"42.602,28.906,32.812,53.125,44.531"
fd90ae1f5f,2026-08-06T08:58:58,test_wallet_activity_tab_first_open_loading_time[fresh_user],test_wallet_activity_tab_first_open_cpu_fresh,passed,40.569,40.569,40.569,1,40.569
fd90ae1f5f,2026-08-06T08:58:58,test_wallet_activity_tab_loading_time[fresh_user],test_wallet_activity_tab_cpu_fresh,passed,29.688,38.85,33.043,5,"34.175,29.688,38.85,31.25,31.25"
fd90ae1f5f,2026-08-06T08:58:58,test_wallet_repeat_open_loading_time[wallet_load_alex_user],test_wallet_repeat_open_cpu_wallet_load_alex,passed,29.494,56.062,47.902,5,"44.447,53.941,29.494,55.566,56.062"
fd90ae1f5f,2026-08-06T08:58:58,test_wallet_swap_first_open_loading_time[wallet_load_alex_user],test_wallet_swap_first_open_cpu_wallet_load_alex,passed,41.153,41.153,41.153,1,41.153
fd90ae1f5f,2026-08-06T08:58:58,test_wallet_swap_loading_time[wallet_load_alex_user],test_wallet_swap_cpu_wallet_load_alex,passed,68.591,79.975,72.659,5,"73.194,72.547,68.591,68.991,79.975"
fd90ae1f5f,2026-08-06T08:58:58,test_wallet_add_account_first_open_loading_time[wallet_load_user],test_wallet_add_account_first_open_cpu_wallet_load,passed,63.275,63.275,63.275,1,63.275
fd90ae1f5f,2026-08-06T08:58:58,test_wallet_add_account_loading_time[wallet_load_user],test_wallet_add_account_cpu_wallet_load,passed,18.762,42.297,30.444,5,"27.922,18.762,34.138,29.103,42.297"
fd90ae1f5f,2026-08-06T08:58:58,test_wallet_assets_tab_first_open_loading_time[wallet_load_user],test_wallet_assets_tab_first_open_cpu_wallet_load,passed,57.218,57.218,57.218,1,57.218
fd90ae1f5f,2026-08-06T08:58:58,test_wallet_assets_tab_loading_time[wallet_load_user],test_wallet_assets_tab_cpu_wallet_load,passed,34.192,62.438,47.952,5,"62.438,40.633,48.252,34.192,54.245"
fd90ae1f5f,2026-08-06T08:58:58,test_wallet_receive_first_open_loading_time[wallet_load_user],test_wallet_receive_first_open_cpu_wallet_load,passed,64.156,64.156,64.156,1,64.156
fd90ae1f5f,2026-08-06T08:58:58,test_wallet_receive_loading_time[wallet_load_user],test_wallet_receive_cpu_wallet_load,passed,24.056,35.156,29.608,5,"35.156,30.597,31.831,26.4,24.056"
fd90ae1f5f,2026-08-06T08:58:58,test_wallet_swap_first_open_loading_time[fresh_user],test_wallet_swap_first_open_cpu_fresh,passed,48.633,48.633,48.633,1,48.633
fd90ae1f5f,2026-08-06T08:58:58,test_wallet_swap_loading_time[fresh_user],test_wallet_swap_cpu_fresh,passed,13.512,40.638,28.269,5,"19.897,40.638,36.622,13.512,30.675"
fd90ae1f5f,2026-08-06T08:58:58,test_wallet_account_open_loading_time[wallet_load_alex_user],test_wallet_account_first_open_cpu_wallet_load_alex,passed,53.275,53.275,53.275,1,53.275
fd90ae1f5f,2026-08-06T08:58:58,test_status_community_first_open_loading_time[user_data0-user_account0],test_status_community_first_open_cpu_member,passed,30.529,30.529,30.529,1,30.529
fd90ae1f5f,2026-08-06T08:58:58,test_wallet_add_account_first_open_loading_time[fresh_user],test_wallet_add_account_first_open_cpu_fresh,passed,20.925,20.925,20.925,1,20.925
fd90ae1f5f,2026-08-06T08:58:58,test_wallet_add_account_loading_time[fresh_user],test_wallet_add_account_cpu_fresh,passed,16.106,39.191,24.576,5,"22.744,39.191,22.453,16.106,22.384"
fd90ae1f5f,2026-08-06T08:58:58,test_wallet_receive_first_open_loading_time[wallet_load_alex_user],test_wallet_receive_first_open_cpu_wallet_load_alex,passed,56.755,56.755,56.755,1,56.755
fd90ae1f5f,2026-08-06T08:58:58,test_wallet_receive_loading_time[wallet_load_alex_user],test_wallet_receive_cpu_wallet_load_alex,passed,62.737,74.031,68.424,5,"74.031,70.55,64.066,70.738,62.737"
fd90ae1f5f,2026-08-06T08:58:58,test_wallet_account_open_loading_time[wallet_load_user],test_wallet_account_first_open_cpu_wallet_load,passed,48.673,48.673,48.673,1,48.673
fd90ae1f5f,2026-08-06T08:58:58,test_wallet_assets_tab_first_open_loading_time[wallet_load_alex_user],test_wallet_assets_tab_first_open_cpu_wallet_load_alex,passed,67.103,67.103,67.103,1,67.103
fd90ae1f5f,2026-08-06T08:58:58,test_wallet_assets_tab_loading_time[wallet_load_alex_user],test_wallet_assets_tab_cpu_wallet_load_alex,passed,46.048,63.836,54.715,5,"56.403,63.836,52.216,55.07,46.048"
fd90ae1f5f,2026-08-06T08:58:58,test_wallet_activity_tab_first_open_loading_time[wallet_load_alex_user],test_wallet_activity_tab_first_open_cpu_wallet_load_alex,passed,47.269,47.269,47.269,1,47.269
fd90ae1f5f,2026-08-06T08:58:58,test_wallet_activity_tab_loading_time[wallet_load_alex_user],test_wallet_activity_tab_cpu_wallet_load_alex,passed,54.578,61.531,57.713,5,"56.531,54.578,61.531,55.181,60.744"
fd90ae1f5f,2026-08-06T08:58:58,test_wallet_send_first_open_loading_time[wallet_load_alex_user],test_wallet_send_first_open_cpu_wallet_load_alex,passed,47.19,47.19,47.19,1,47.19
fd90ae1f5f,2026-08-06T08:58:58,test_wallet_send_loading_time[wallet_load_alex_user],test_wallet_send_cpu_wallet_load_alex,passed,21.347,74.022,60.528,5,"64.784,73.894,74.022,68.593,21.347"
fd90ae1f5f,2026-08-06T08:58:58,test_wallet_activity_tab_first_open_loading_time[wallet_load_user],test_wallet_activity_tab_first_open_cpu_wallet_load,passed,56.722,56.722,56.722,1,56.722
fd90ae1f5f,2026-08-06T08:58:58,test_wallet_activity_tab_loading_time[wallet_load_user],test_wallet_activity_tab_cpu_wallet_load,passed,25.941,61.269,45.697,5,"45.712,60.825,61.269,25.941,34.741"
fd90ae1f5f,2026-08-06T08:58:58,test_wallet_repeat_open_loading_time[wallet_load_user],test_wallet_repeat_open_cpu_wallet_load,passed,19.975,59.766,43.698,5,"59.766,51.431,19.975,31.075,56.244"
fd90ae1f5f,2026-08-06T08:58:58,test_wallet_repeat_open_loading_time[fresh_user],test_wallet_repeat_open_cpu_fresh,passed,35.784,61.894,48.515,5,"54.406,61.894,36.725,53.766,35.784"
fd90ae1f5f,2026-08-06T08:58:58,test_wallet_receive_first_open_loading_time[fresh_user],test_wallet_receive_first_open_cpu_fresh,passed,48.717,48.717,48.717,1,48.717
fd90ae1f5f,2026-08-06T08:58:58,test_wallet_receive_loading_time[fresh_user],test_wallet_receive_cpu_fresh,passed,45.312,79.647,57.812,5,"79.647,51.6,49.519,45.312,62.984"
fd90ae1f5f,2026-08-06T08:58:58,test_wallet_send_first_open_loading_time[wallet_load_user],test_wallet_send_first_open_cpu_wallet_load,passed,40.328,40.328,40.328,1,40.328
fd90ae1f5f,2026-08-06T08:58:58,test_wallet_send_loading_time[wallet_load_user],test_wallet_send_cpu_wallet_load,passed,23.728,36.056,27.412,5,"24.253,27.225,25.797,36.056,23.728"
fd90ae1f5f,2026-08-06T08:58:58,test_wallet_send_first_open_loading_time[fresh_user],test_wallet_send_first_open_cpu_fresh,passed,47.354,47.354,47.354,1,47.354
fd90ae1f5f,2026-08-06T08:58:58,test_wallet_send_loading_time[fresh_user],test_wallet_send_cpu_fresh,passed,14.544,28.306,19.745,5,"19.219,14.544,17.525,28.306,19.131"
fd90ae1f5f,2026-08-06T08:58:58,test_wallet_first_open_loading_time[fresh_user],test_wallet_first_open_cpu_fresh,passed,22.137,22.137,22.137,1,22.137
fd90ae1f5f,2026-08-06T08:58:58,test_wallet_collectibles_tab_first_open_loading_time[wallet_load_user],test_wallet_collectibles_tab_first_open_cpu_wallet_load,passed,46.441,46.441,46.441,1,46.441
fd90ae1f5f,2026-08-06T08:58:58,test_wallet_collectibles_tab_loading_time[wallet_load_user],test_wallet_collectibles_tab_cpu_wallet_load,passed,34.631,47.39,40.361,5,"47.39,40.781,42.755,34.631,36.246"
fd90ae1f5f,2026-08-06T08:58:58,test_wallet_first_open_loading_time[wallet_load_alex_user],test_wallet_first_open_cpu_wallet_load_alex,passed,50.781,50.781,50.781,1,50.781
fd90ae1f5f,2026-08-06T08:58:58,test_wallet_assets_tab_first_open_loading_time[fresh_user],test_wallet_assets_tab_first_open_cpu_fresh,passed,50.781,50.781,50.781,1,50.781
fd90ae1f5f,2026-08-06T08:58:58,test_wallet_assets_tab_loading_time[fresh_user],test_wallet_assets_tab_cpu_fresh,passed,29.781,49.803,38.519,5,"40.744,49.803,33.203,29.781,39.062"
fd90ae1f5f,2026-08-06T08:58:58,test_wallet_first_open_loading_time[wallet_load_user],test_wallet_first_open_cpu_wallet_load,passed,41.212,41.212,41.212,1,41.212
fd90ae1f5f,2026-08-06T08:58:58,test_wallet_add_account_first_open_loading_time[wallet_load_alex_user],test_wallet_add_account_first_open_cpu_wallet_load_alex,passed,62.422,62.422,62.422,1,62.422
fd90ae1f5f,2026-08-06T08:58:58,test_wallet_add_account_loading_time[wallet_load_alex_user],test_wallet_add_account_cpu_wallet_load_alex,passed,56.834,84.341,68.356,5,"84.341,58.863,56.834,71.353,70.388"
fd90ae1f5f,2026-08-06T08:58:58,test_wallet_swap_first_open_loading_time[wallet_load_user],test_wallet_swap_first_open_cpu_wallet_load,passed,41.503,41.503,41.503,1,41.503
fd90ae1f5f,2026-08-06T08:58:58,test_wallet_swap_loading_time[wallet_load_user],test_wallet_swap_cpu_wallet_load,passed,20.962,49.219,28.708,5,"26.334,23.716,23.309,20.962,49.219"
fd90ae1f5f,2026-08-06T08:58:58,test_wallet_collectibles_tab_first_open_loading_time[fresh_user],test_wallet_collectibles_tab_first_open_cpu_fresh,passed,41.627,41.627,41.627,1,41.627
fd90ae1f5f,2026-08-06T08:58:58,test_wallet_collectibles_tab_loading_time[fresh_user],test_wallet_collectibles_tab_cpu_fresh,passed,28.125,100.0,47.343,5,"40.625,37.5,100.0,28.125,30.462"
fd90ae1f5f,2026-08-06T08:58:58,test_status_community_second_open_loading_time[user_data0-user_account0],test_status_community_second_open_cpu_member,passed,6.206,54.69,25.475,5,"28.659,54.69,28.656,9.165,6.206"
fd90ae1f5f,2026-08-06T08:58:58,test_wallet_account_open_loading_time[fresh_user],test_wallet_account_first_open_cpu_fresh,passed,68.569,68.569,68.569,1,68.569
f3ced3320d,2026-08-07T05:33:41,test_wallet_activity_tab_first_open_loading_time[wallet_load_user],test_wallet_activity_tab_first_open_cpu_wallet_load,passed,40.572,40.572,40.572,1,40.572
f3ced3320d,2026-08-07T05:33:41,test_wallet_activity_tab_loading_time[wallet_load_user],test_wallet_activity_tab_cpu_wallet_load,passed,23.312,70.616,40.64,5,"23.312,58.119,70.616,25.259,25.894"
f3ced3320d,2026-08-07T05:33:41,test_wallet_swap_first_open_loading_time[wallet_load_user],test_wallet_swap_first_open_cpu_wallet_load,passed,34.775,34.775,34.775,1,34.775
f3ced3320d,2026-08-07T05:33:41,test_wallet_swap_loading_time[wallet_load_user],test_wallet_swap_cpu_wallet_load,passed,20.025,34.475,24.954,5,"25.406,22.163,34.475,20.025,22.7"
f3ced3320d,2026-08-07T05:33:41,test_wallet_repeat_open_loading_time[fresh_user],test_wallet_repeat_open_cpu_fresh,passed,24.712,54.05,39.684,5,"37.853,46.769,54.05,24.712,35.034"
f3ced3320d,2026-08-07T05:33:41,test_wallet_receive_first_open_loading_time[wallet_load_alex_user],test_wallet_receive_first_open_cpu_wallet_load_alex,passed,40.531,40.531,40.531,1,40.531
f3ced3320d,2026-08-07T05:33:41,test_wallet_receive_loading_time[wallet_load_alex_user],test_wallet_receive_cpu_wallet_load_alex,passed,61.0,75.147,67.678,5,"67.384,75.147,61.0,63.106,71.753"
f3ced3320d,2026-08-07T05:33:41,test_wallet_send_first_open_loading_time[wallet_load_user],test_wallet_send_first_open_cpu_wallet_load,passed,42.388,42.388,42.388,1,42.388
f3ced3320d,2026-08-07T05:33:41,test_wallet_send_loading_time[wallet_load_user],test_wallet_send_cpu_wallet_load,passed,17.356,37.475,25.438,5,"37.475,29.512,17.356,21.294,21.553"
f3ced3320d,2026-08-07T05:33:41,test_wallet_receive_first_open_loading_time[wallet_load_user],test_wallet_receive_first_open_cpu_wallet_load,passed,41.959,41.959,41.959,1,41.959
f3ced3320d,2026-08-07T05:33:41,test_wallet_receive_loading_time[wallet_load_user],test_wallet_receive_cpu_wallet_load,passed,27.128,38.938,35.871,5,"36.984,27.128,38.494,38.938,37.809"
f3ced3320d,2026-08-07T05:33:41,test_status_community_second_open_loading_time[user_data0-user_account0],test_status_community_second_open_cpu_member,passed,6.812,48.592,17.384,5,"11.999,6.812,48.592,11.897,7.617"
f3ced3320d,2026-08-07T05:33:41,test_wallet_assets_tab_first_open_loading_time[wallet_load_alex_user],test_wallet_assets_tab_first_open_cpu_wallet_load_alex,passed,61.165,61.165,61.165,1,61.165
f3ced3320d,2026-08-07T05:33:41,test_wallet_assets_tab_loading_time[wallet_load_alex_user],test_wallet_assets_tab_cpu_wallet_load_alex,passed,52.867,56.898,55.116,5,"52.867,55.594,54.321,56.898,55.902"
f3ced3320d,2026-08-07T05:33:41,test_wallet_send_first_open_loading_time[fresh_user],test_wallet_send_first_open_cpu_fresh,passed,20.539,20.539,20.539,1,20.539
f3ced3320d,2026-08-07T05:33:41,test_wallet_send_loading_time[fresh_user],test_wallet_send_cpu_fresh,passed,14.197,61.741,32.073,5,"23.234,39.028,22.163,61.741,14.197"
f3ced3320d,2026-08-07T05:33:41,test_wallet_first_open_loading_time[wallet_load_user],test_wallet_first_open_cpu_wallet_load,passed,75.119,75.119,75.119,1,75.119
f3ced3320d,2026-08-07T05:33:41,test_wallet_collectibles_tab_first_open_loading_time[fresh_user],test_wallet_collectibles_tab_first_open_cpu_fresh,passed,34.658,34.658,34.658,1,34.658
f3ced3320d,2026-08-07T05:33:41,test_wallet_collectibles_tab_loading_time[fresh_user],test_wallet_collectibles_tab_cpu_fresh,passed,18.812,84.15,43.349,5,"27.775,49.275,18.812,84.15,36.731"
f3ced3320d,2026-08-07T05:33:41,test_wallet_account_open_loading_time[fresh_user],test_wallet_account_first_open_cpu_fresh,passed,41.406,41.406,41.406,1,41.406
f3ced3320d,2026-08-07T05:33:41,test_wallet_first_open_loading_time[fresh_user],test_wallet_first_open_cpu_fresh,passed,12.738,12.738,12.738,1,12.738
f3ced3320d,2026-08-07T05:33:41,test_wallet_account_open_loading_time[wallet_load_user],test_wallet_account_first_open_cpu_wallet_load,passed,56.223,56.223,56.223,1,56.223
f3ced3320d,2026-08-07T05:33:41,test_wallet_repeat_open_loading_time[wallet_load_user],test_wallet_repeat_open_cpu_wallet_load,passed,32.994,58.719,50.931,5,"32.994,58.719,50.331,55.844,56.769"
f3ced3320d,2026-08-07T05:33:41,test_wallet_swap_first_open_loading_time[wallet_load_alex_user],test_wallet_swap_first_open_cpu_wallet_load_alex,passed,56.337,56.337,56.337,1,56.337
f3ced3320d,2026-08-07T05:33:41,test_wallet_swap_loading_time[wallet_load_alex_user],test_wallet_swap_cpu_wallet_load_alex,passed,48.116,68.681,63.442,5,"68.681,68.156,67.975,64.284,48.116"
f3ced3320d,2026-08-07T05:33:41,test_wallet_repeat_open_loading_time[wallet_load_alex_user],test_wallet_repeat_open_cpu_wallet_load_alex,passed,40.591,60.181,53.366,5,"59.791,40.591,60.181,56.597,49.672"
f3ced3320d,2026-08-07T05:33:41,test_wallet_assets_tab_first_open_loading_time[wallet_load_user],test_wallet_assets_tab_first_open_cpu_wallet_load,passed,58.877,58.877,58.877,1,58.877
f3ced3320d,2026-08-07T05:33:41,test_wallet_assets_tab_loading_time[wallet_load_user],test_wallet_assets_tab_cpu_wallet_load,passed,40.083,52.531,47.681,5,"51.631,49.885,44.273,52.531,40.083"
f3ced3320d,2026-08-07T05:33:41,test_wallet_collectibles_tab_first_open_loading_time[wallet_load_user],test_wallet_collectibles_tab_first_open_cpu_wallet_load,passed,38.275,38.275,38.275,1,38.275
f3ced3320d,2026-08-07T05:33:41,test_wallet_collectibles_tab_loading_time[wallet_load_user],test_wallet_collectibles_tab_cpu_wallet_load,passed,29.688,42.188,37.043,5,"39.062,39.844,29.688,42.188,34.431"
f3ced3320d,2026-08-07T05:33:41,test_wallet_send_first_open_loading_time[wallet_load_alex_user],test_wallet_send_first_open_cpu_wallet_load_alex,passed,53.438,53.438,53.438,1,53.438
f3ced3320d,2026-08-07T05:33:41,test_wallet_send_loading_time[wallet_load_alex_user],test_wallet_send_cpu_wallet_load_alex,passed,42.325,79.244,62.837,5,"42.325,73.053,58.331,61.234,79.244"
f3ced3320d,2026-08-07T05:33:41,test_wallet_receive_first_open_loading_time[fresh_user],test_wallet_receive_first_open_cpu_fresh,passed,29.388,29.388,29.388,1,29.388
f3ced3320d,2026-08-07T05:33:41,test_wallet_receive_loading_time[fresh_user],test_wallet_receive_cpu_fresh,passed,32.794,54.4,42.299,5,"35.466,32.794,44.45,54.4,44.387"
f3ced3320d,2026-08-07T05:33:41,test_wallet_assets_tab_first_open_loading_time[fresh_user],test_wallet_assets_tab_first_open_cpu_fresh,passed,42.25,42.25,42.25,1,42.25
f3ced3320d,2026-08-07T05:33:41,test_wallet_assets_tab_loading_time[fresh_user],test_wallet_assets_tab_cpu_fresh,passed,29.909,38.279,32.913,5,"29.909,32.644,31.428,32.303,38.279"
f3ced3320d,2026-08-07T05:33:41,test_wallet_collectibles_tab_first_open_loading_time[wallet_load_alex_user],test_wallet_collectibles_tab_first_open_cpu_wallet_load_alex,passed,38.37,38.37,38.37,1,38.37
f3ced3320d,2026-08-07T05:33:41,test_wallet_collectibles_tab_loading_time[wallet_load_alex_user],test_wallet_collectibles_tab_cpu_wallet_load_alex,passed,40.958,65.666,54.514,5,"48.416,40.958,65.666,59.917,57.612"
f3ced3320d,2026-08-07T05:33:41,test_wallet_swap_first_open_loading_time[fresh_user],test_wallet_swap_first_open_cpu_fresh,passed,19.341,19.341,19.341,1,19.341
f3ced3320d,2026-08-07T05:33:41,test_wallet_swap_loading_time[fresh_user],test_wallet_swap_cpu_fresh,passed,14.544,47.575,25.609,5,"47.575,24.159,26.647,14.544,15.119"
f3ced3320d,2026-08-07T05:33:41,test_wallet_add_account_first_open_loading_time[wallet_load_user],test_wallet_add_account_first_open_cpu_wallet_load,passed,64.138,64.138,64.138,1,64.138
f3ced3320d,2026-08-07T05:33:41,test_wallet_add_account_loading_time[wallet_load_user],test_wallet_add_account_cpu_wallet_load,passed,22.409,54.203,34.95,5,"54.203,37.828,22.409,27.569,32.741"
f3ced3320d,2026-08-07T05:33:41,test_status_community_first_open_loading_time[user_data0-user_account0],test_status_community_first_open_cpu_member,passed,19.361,19.361,19.361,1,19.361
f3ced3320d,2026-08-07T05:33:41,test_wallet_add_account_first_open_loading_time[fresh_user],test_wallet_add_account_first_open_cpu_fresh,passed,21.7,21.7,21.7,1,21.7
f3ced3320d,2026-08-07T05:33:41,test_wallet_add_account_loading_time[fresh_user],test_wallet_add_account_cpu_fresh,passed,5.294,16.969,11.086,5,"16.969,13.95,6.75,12.469,5.294"
f3ced3320d,2026-08-07T05:33:41,test_wallet_account_open_loading_time[wallet_load_alex_user],test_wallet_account_first_open_cpu_wallet_load_alex,passed,60.812,60.812,60.812,1,60.812
f3ced3320d,2026-08-07T05:33:41,test_wallet_add_account_first_open_loading_time[wallet_load_alex_user],test_wallet_add_account_first_open_cpu_wallet_load_alex,passed,67.891,67.891,67.891,1,67.891
f3ced3320d,2026-08-07T05:33:41,test_wallet_add_account_loading_time[wallet_load_alex_user],test_wallet_add_account_cpu_wallet_load_alex,passed,53.0,83.931,69.224,5,"65.478,83.931,75.297,68.412,53.0"
f3ced3320d,2026-08-07T05:33:41,test_wallet_activity_tab_first_open_loading_time[wallet_load_alex_user],test_wallet_activity_tab_first_open_cpu_wallet_load_alex,passed,52.75,52.75,52.75,1,52.75
f3ced3320d,2026-08-07T05:33:41,test_wallet_activity_tab_loading_time[wallet_load_alex_user],test_wallet_activity_tab_cpu_wallet_load_alex,passed,59.309,67.047,63.066,5,"63.527,63.966,59.309,61.481,67.047"
f3ced3320d,2026-08-07T05:33:41,test_wallet_activity_tab_first_open_loading_time[fresh_user],test_wallet_activity_tab_first_open_cpu_fresh,passed,43.75,43.75,43.75,1,43.75
f3ced3320d,2026-08-07T05:33:41,test_wallet_activity_tab_loading_time[fresh_user],test_wallet_activity_tab_cpu_fresh,passed,21.306,45.712,33.591,5,"21.306,45.712,43.5,35.938,21.5"
f3ced3320d,2026-08-07T05:33:41,test_wallet_first_open_loading_time[wallet_load_alex_user],test_wallet_first_open_cpu_wallet_load_alex,passed,26.953,26.953,26.953,1,26.953
5504680a17,2026-08-08T05:30:24,test_wallet_assets_tab_first_open_loading_time[wallet_load_user],test_wallet_assets_tab_first_open_cpu_wallet_load,passed,39.147,39.147,39.147,1,39.147
5504680a17,2026-08-08T05:30:24,test_wallet_assets_tab_loading_time[wallet_load_user],test_wallet_assets_tab_cpu_wallet_load,passed,36.023,52.108,45.81,5,"47.56,52.108,48.325,36.023,45.035"
5504680a17,2026-08-08T05:30:24,test_wallet_send_first_open_loading_time[fresh_user],test_wallet_send_first_open_cpu_fresh,passed,41.975,41.975,41.975,1,41.975
5504680a17,2026-08-08T05:30:24,test_wallet_send_loading_time[fresh_user],test_wallet_send_cpu_fresh,passed,16.897,40.472,29.666,5,"25.472,40.472,38.059,27.428,16.897"
5504680a17,2026-08-08T05:30:24,test_wallet_swap_first_open_loading_time[wallet_load_user],test_wallet_swap_first_open_cpu_wallet_load,passed,64.878,64.878,64.878,1,64.878
5504680a17,2026-08-08T05:30:24,test_wallet_swap_loading_time[wallet_load_user],test_wallet_swap_cpu_wallet_load,passed,24.422,39.331,33.919,5,"24.422,39.331,38.419,39.019,28.406"
5504680a17,2026-08-08T05:30:24,test_wallet_account_open_loading_time[fresh_user],test_wallet_account_first_open_cpu_fresh,passed,62.5,62.5,62.5,1,62.5
5504680a17,2026-08-08T05:30:24,test_wallet_receive_first_open_loading_time[wallet_load_alex_user],test_wallet_receive_first_open_cpu_wallet_load_alex,passed,38.297,38.297,38.297,1,38.297
5504680a17,2026-08-08T05:30:24,test_wallet_receive_loading_time[wallet_load_alex_user],test_wallet_receive_cpu_wallet_load_alex,passed,56.969,78.253,67.036,5,"65.272,56.969,78.253,69.581,65.103"
5504680a17,2026-08-08T05:30:24,test_wallet_send_first_open_loading_time[wallet_load_user],test_wallet_send_first_open_cpu_wallet_load,passed,41.272,41.272,41.272,1,41.272
5504680a17,2026-08-08T05:30:24,test_wallet_send_loading_time[wallet_load_user],test_wallet_send_cpu_wallet_load,passed,18.153,72.072,35.79,5,"45.654,21.053,72.072,18.153,22.016"
5504680a17,2026-08-08T05:30:24,test_wallet_swap_first_open_loading_time[fresh_user],test_wallet_swap_first_open_cpu_fresh,passed,36.761,36.761,36.761,1,36.761
5504680a17,2026-08-08T05:30:24,test_wallet_swap_loading_time[fresh_user],test_wallet_swap_cpu_fresh,passed,13.772,26.919,18.963,5,"23.788,16.275,26.919,13.772,14.062"
5504680a17,2026-08-08T05:30:24,test_wallet_add_account_first_open_loading_time[wallet_load_alex_user],test_wallet_add_account_first_open_cpu_wallet_load_alex,passed,59.459,59.459,59.459,1,59.459
5504680a17,2026-08-08T05:30:24,test_wallet_add_account_loading_time[wallet_load_alex_user],test_wallet_add_account_cpu_wallet_load_alex,passed,64.059,75.247,68.224,5,"64.059,75.247,67.794,69.137,64.884"
5504680a17,2026-08-08T05:30:24,test_wallet_swap_first_open_loading_time[wallet_load_alex_user],test_wallet_swap_first_open_cpu_wallet_load_alex,passed,46.362,46.362,46.362,1,46.362
5504680a17,2026-08-08T05:30:24,test_wallet_swap_loading_time[wallet_load_alex_user],test_wallet_swap_cpu_wallet_load_alex,passed,19.153,70.741,57.586,5,"70.741,62.428,69.584,66.022,19.153"
5504680a17,2026-08-08T05:30:24,test_wallet_repeat_open_loading_time[wallet_load_user],test_wallet_repeat_open_cpu_wallet_load,passed,21.45,61.116,45.022,5,"56.578,61.116,46.406,39.559,21.45"
5504680a17,2026-08-08T05:30:24,test_wallet_activity_tab_first_open_loading_time[fresh_user],test_wallet_activity_tab_first_open_cpu_fresh,passed,25.975,25.975,25.975,1,25.975
5504680a17,2026-08-08T05:30:24,test_wallet_activity_tab_loading_time[fresh_user],test_wallet_activity_tab_cpu_fresh,passed,28.125,86.112,46.238,5,"40.141,31.5,86.112,45.312,28.125"
5504680a17,2026-08-08T05:30:24,test_wallet_receive_first_open_loading_time[fresh_user],test_wallet_receive_first_open_cpu_fresh,passed,35.584,35.584,35.584,1,35.584
5504680a17,2026-08-08T05:30:24,test_wallet_receive_loading_time[fresh_user],test_wallet_receive_cpu_fresh,passed,19.422,59.234,35.728,5,"37.553,19.422,59.234,26.031,36.4"
5504680a17,2026-08-08T05:30:24,test_wallet_activity_tab_first_open_loading_time[wallet_load_alex_user],test_wallet_activity_tab_first_open_cpu_wallet_load_alex,passed,52.188,52.188,52.188,1,52.188
5504680a17,2026-08-08T05:30:24,test_wallet_activity_tab_loading_time[wallet_load_alex_user],test_wallet_activity_tab_cpu_wallet_load_alex,passed,54.381,64.156,59.034,5,"59.406,56.866,64.156,60.362,54.381"
5504680a17,2026-08-08T05:30:24,test_wallet_collectibles_tab_first_open_loading_time[wallet_load_alex_user],test_wallet_collectibles_tab_first_open_cpu_wallet_load_alex,passed,40.144,40.144,40.144,1,40.144
5504680a17,2026-08-08T05:30:24,test_wallet_collectibles_tab_loading_time[wallet_load_alex_user],test_wallet_collectibles_tab_cpu_wallet_load_alex,passed,54.394,61.412,57.655,5,"54.394,55.538,61.128,55.803,61.412"
5504680a17,2026-08-08T05:30:24,test_wallet_repeat_open_loading_time[fresh_user],test_wallet_repeat_open_cpu_fresh,passed,27.844,57.737,43.859,5,"57.591,41.228,57.737,34.894,27.844"
5504680a17,2026-08-08T05:30:24,test_wallet_first_open_loading_time[wallet_load_alex_user],test_wallet_first_open_cpu_wallet_load_alex,passed,60.925,60.925,60.925,1,60.925
5504680a17,2026-08-08T05:30:24,test_wallet_first_open_loading_time[wallet_load_user],test_wallet_first_open_cpu_wallet_load,passed,52.581,52.581,52.581,1,52.581
5504680a17,2026-08-08T05:30:24,test_wallet_collectibles_tab_first_open_loading_time[wallet_load_user],test_wallet_collectibles_tab_first_open_cpu_wallet_load,passed,39.725,39.725,39.725,1,39.725
5504680a17,2026-08-08T05:30:24,test_wallet_collectibles_tab_loading_time[wallet_load_user],test_wallet_collectibles_tab_cpu_wallet_load,passed,20.419,56.5,37.677,5,"43.5,56.5,20.419,39.062,28.906"
5504680a17,2026-08-08T05:30:24,test_wallet_send_first_open_loading_time[wallet_load_alex_user],test_wallet_send_first_open_cpu_wallet_load_alex,passed,60.666,60.666,60.666,1,60.666
5504680a17,2026-08-08T05:30:24,test_wallet_send_loading_time[wallet_load_alex_user],test_wallet_send_cpu_wallet_load_alex,passed,23.062,82.775,51.226,5,"55.947,82.775,67.091,27.253,23.062"
5504680a17,2026-08-08T05:30:24,test_status_community_first_open_loading_time[user_data0-user_account0],test_status_community_first_open_cpu_member,passed,22.948,22.948,22.948,1,22.948
5504680a17,2026-08-08T05:30:24,test_wallet_assets_tab_first_open_loading_time[fresh_user],test_wallet_assets_tab_first_open_cpu_fresh,passed,56.211,56.211,56.211,1,56.211
5504680a17,2026-08-08T05:30:24,test_wallet_assets_tab_loading_time[fresh_user],test_wallet_assets_tab_cpu_fresh,passed,35.253,47.084,41.469,5,"44.531,42.228,35.253,38.247,47.084"
5504680a17,2026-08-08T05:30:24,test_wallet_account_open_loading_time[wallet_load_user],test_wallet_account_first_open_cpu_wallet_load,passed,66.516,66.516,66.516,1,66.516
5504680a17,2026-08-08T05:30:24,test_wallet_activity_tab_first_open_loading_time[wallet_load_user],test_wallet_activity_tab_first_open_cpu_wallet_load,passed,58.559,58.559,58.559,1,58.559
5504680a17,2026-08-08T05:30:24,test_wallet_activity_tab_loading_time[wallet_load_user],test_wallet_activity_tab_cpu_wallet_load,passed,25.284,55.147,37.668,5,"25.284,55.147,54.306,27.534,26.066"
5504680a17,2026-08-08T05:30:24,test_wallet_collectibles_tab_first_open_loading_time[fresh_user],test_wallet_collectibles_tab_first_open_cpu_fresh,passed,37.846,37.846,37.846,1,37.846
5504680a17,2026-08-08T05:30:24,test_wallet_collectibles_tab_loading_time[fresh_user],test_wallet_collectibles_tab_cpu_fresh,passed,29.087,55.931,38.456,5,"36.362,41.212,55.931,29.087,29.688"
5504680a17,2026-08-08T05:30:24,test_wallet_repeat_open_loading_time[wallet_load_alex_user],test_wallet_repeat_open_cpu_wallet_load_alex,passed,17.331,49.591,34.774,5,"49.591,31.225,44.616,31.106,17.331"
5504680a17,2026-08-08T05:30:24,test_wallet_add_account_first_open_loading_time[wallet_load_user],test_wallet_add_account_first_open_cpu_wallet_load,passed,43.487,43.487,43.487,1,43.487
5504680a17,2026-08-08T05:30:24,test_wallet_add_account_loading_time[wallet_load_user],test_wallet_add_account_cpu_wallet_load,passed,26.188,60.491,37.595,5,"29.634,36.228,35.434,26.188,60.491"
5504680a17,2026-08-08T05:30:24,test_wallet_add_account_first_open_loading_time[fresh_user],test_wallet_add_account_first_open_cpu_fresh,passed,48.181,48.181,48.181,1,48.181
5504680a17,2026-08-08T05:30:24,test_wallet_add_account_loading_time[fresh_user],test_wallet_add_account_cpu_fresh,passed,6.244,24.966,16.606,5,"20.05,12.988,18.781,24.966,6.244"
5504680a17,2026-08-08T05:30:24,test_wallet_receive_first_open_loading_time[wallet_load_user],test_wallet_receive_first_open_cpu_wallet_load,passed,33.857,33.857,33.857,1,33.857
5504680a17,2026-08-08T05:30:24,test_wallet_receive_loading_time[wallet_load_user],test_wallet_receive_cpu_wallet_load,passed,23.353,69.209,52.264,5,"40.569,61.097,69.209,67.091,23.353"
5504680a17,2026-08-08T05:30:24,test_wallet_account_open_loading_time[wallet_load_alex_user],test_wallet_account_first_open_cpu_wallet_load_alex,passed,43.585,43.585,43.585,1,43.585
5504680a17,2026-08-08T05:30:24,test_wallet_assets_tab_first_open_loading_time[wallet_load_alex_user],test_wallet_assets_tab_first_open_cpu_wallet_load_alex,passed,56.433,56.433,56.433,1,56.433
5504680a17,2026-08-08T05:30:24,test_wallet_assets_tab_loading_time[wallet_load_alex_user],test_wallet_assets_tab_cpu_wallet_load_alex,passed,44.996,55.738,51.706,5,"51.644,51.092,55.738,44.996,55.062"
5504680a17,2026-08-08T05:30:24,test_status_community_second_open_loading_time[user_data0-user_account0],test_status_community_second_open_cpu_member,passed,9.068,52.27,27.926,5,"9.487,9.068,51.19,52.27,17.612"
5504680a17,2026-08-08T05:30:24,test_wallet_first_open_loading_time[fresh_user],test_wallet_first_open_cpu_fresh,passed,28.387,28.387,28.387,1,28.387
e285fde4a6,2026-08-09T05:27:16,test_wallet_assets_tab_first_open_loading_time[wallet_load_user],test_wallet_assets_tab_first_open_cpu_wallet_load,passed,62.866,62.866,62.866,1,62.866
e285fde4a6,2026-08-09T05:27:16,test_wallet_assets_tab_loading_time[wallet_load_user],test_wallet_assets_tab_cpu_wallet_load,passed,35.606,59.938,46.421,5,"39.583,59.938,40.206,56.773,35.606"
e285fde4a6,2026-08-09T05:27:16,test_wallet_first_open_loading_time[wallet_load_alex_user],test_wallet_first_open_cpu_wallet_load_alex,passed,32.931,32.931,32.931,1,32.931
e285fde4a6,2026-08-09T05:27:16,test_wallet_swap_first_open_loading_time[fresh_user],test_wallet_swap_first_open_cpu_fresh,passed,37.584,37.584,37.584,1,37.584
e285fde4a6,2026-08-09T05:27:16,test_wallet_swap_loading_time[fresh_user],test_wallet_swap_cpu_fresh,passed,4.881,29.781,20.534,5,"22.55,29.781,4.881,24.931,20.528"
e285fde4a6,2026-08-09T05:27:16,test_wallet_repeat_open_loading_time[fresh_user],test_wallet_repeat_open_cpu_fresh,passed,31.512,56.888,36.947,5,"32.1,31.866,32.369,31.512,56.888"
e285fde4a6,2026-08-09T05:27:16,test_wallet_send_first_open_loading_time[wallet_load_user],test_wallet_send_first_open_cpu_wallet_load,passed,25.075,25.075,25.075,1,25.075
e285fde4a6,2026-08-09T05:27:16,test_wallet_send_loading_time[wallet_load_user],test_wallet_send_cpu_wallet_load,passed,13.531,54.544,24.331,5,"54.544,22.316,16.241,13.531,15.025"
e285fde4a6,2026-08-09T05:27:16,test_wallet_add_account_first_open_loading_time[fresh_user],test_wallet_add_account_first_open_cpu_fresh,passed,16.997,16.997,16.997,1,16.997
e285fde4a6,2026-08-09T05:27:16,test_wallet_add_account_loading_time[fresh_user],test_wallet_add_account_cpu_fresh,passed,4.7,37.6,20.191,5,"37.6,4.7,26.35,19.772,12.531"
e285fde4a6,2026-08-09T05:27:16,test_wallet_receive_first_open_loading_time[wallet_load_alex_user],test_wallet_receive_first_open_cpu_wallet_load_alex,passed,45.541,45.541,45.541,1,45.541
e285fde4a6,2026-08-09T05:27:16,test_wallet_receive_loading_time[wallet_load_alex_user],test_wallet_receive_cpu_wallet_load_alex,passed,35.097,78.6,61.037,5,"69.625,65.403,78.6,56.459,35.097"
e285fde4a6,2026-08-09T05:27:16,test_wallet_add_account_first_open_loading_time[wallet_load_alex_user],test_wallet_add_account_first_open_cpu_wallet_load_alex,passed,64.9,64.9,64.9,1,64.9
e285fde4a6,2026-08-09T05:27:16,test_wallet_add_account_loading_time[wallet_load_alex_user],test_wallet_add_account_cpu_wallet_load_alex,passed,55.653,69.759,65.4,5,"69.759,68.109,55.653,66.488,66.991"
e285fde4a6,2026-08-09T05:27:16,test_wallet_assets_tab_first_open_loading_time[fresh_user],test_wallet_assets_tab_first_open_cpu_fresh,passed,56.672,56.672,56.672,1,56.672
e285fde4a6,2026-08-09T05:27:16,test_wallet_assets_tab_loading_time[fresh_user],test_wallet_assets_tab_cpu_fresh,passed,29.119,46.278,37.206,5,"46.278,35.938,29.119,34.184,40.509"
e285fde4a6,2026-08-09T05:27:16,test_wallet_activity_tab_first_open_loading_time[wallet_load_user],test_wallet_activity_tab_first_open_cpu_wallet_load,passed,48.525,48.525,48.525,1,48.525
e285fde4a6,2026-08-09T05:27:16,test_wallet_activity_tab_loading_time[wallet_load_user],test_wallet_activity_tab_cpu_wallet_load,passed,24.172,65.884,41.155,5,"28.222,50.284,24.172,37.212,65.884"
e285fde4a6,2026-08-09T05:27:16,test_wallet_collectibles_tab_first_open_loading_time[fresh_user],test_wallet_collectibles_tab_first_open_cpu_fresh,passed,35.729,35.729,35.729,1,35.729
e285fde4a6,2026-08-09T05:27:16,test_wallet_collectibles_tab_loading_time[fresh_user],test_wallet_collectibles_tab_cpu_fresh,passed,24.188,56.819,40.684,5,"33.737,41.725,46.95,24.188,56.819"
e285fde4a6,2026-08-09T05:27:16,test_status_community_first_open_loading_time[user_data0-user_account0],test_status_community_first_open_cpu_member,passed,23.703,23.703,23.703,1,23.703
e285fde4a6,2026-08-09T05:27:16,test_wallet_add_account_first_open_loading_time[wallet_load_user],test_wallet_add_account_first_open_cpu_wallet_load,passed,57.125,57.125,57.125,1,57.125
e285fde4a6,2026-08-09T05:27:16,test_wallet_add_account_loading_time[wallet_load_user],test_wallet_add_account_cpu_wallet_load,passed,19.356,39.906,27.209,5,"28.569,39.906,19.356,26.594,21.619"
e285fde4a6,2026-08-09T05:27:16,test_wallet_first_open_loading_time[fresh_user],test_wallet_first_open_cpu_fresh,passed,33.075,33.075,33.075,1,33.075
e285fde4a6,2026-08-09T05:27:16,test_wallet_swap_first_open_loading_time[wallet_load_alex_user],test_wallet_swap_first_open_cpu_wallet_load_alex,passed,37.509,37.509,37.509,1,37.509
e285fde4a6,2026-08-09T05:27:16,test_wallet_swap_loading_time[wallet_load_alex_user],test_wallet_swap_cpu_wallet_load_alex,passed,66.381,75.769,69.335,5,"67.444,69.931,66.381,67.15,75.769"
e285fde4a6,2026-08-09T05:27:16,test_wallet_account_open_loading_time[fresh_user],test_wallet_account_first_open_cpu_fresh,passed,66.406,66.406,66.406,1,66.406
e285fde4a6,2026-08-09T05:27:16,test_status_community_second_open_loading_time[user_data0-user_account0],test_status_community_second_open_cpu_member,passed,7.949,50.24,29.801,5,"7.949,8.139,33.091,50.24,49.585"
e285fde4a6,2026-08-09T05:27:16,test_wallet_activity_tab_first_open_loading_time[wallet_load_alex_user],test_wallet_activity_tab_first_open_cpu_wallet_load_alex,passed,43.981,43.981,43.981,1,43.981
e285fde4a6,2026-08-09T05:27:16,test_wallet_activity_tab_loading_time[wallet_load_alex_user],test_wallet_activity_tab_cpu_wallet_load_alex,passed,48.866,60.456,56.474,5,"54.862,48.866,58.659,60.456,59.528"
e285fde4a6,2026-08-09T05:27:16,test_wallet_assets_tab_first_open_loading_time[wallet_load_alex_user],test_wallet_assets_tab_first_open_cpu_wallet_load_alex,passed,73.073,73.073,73.073,1,73.073
e285fde4a6,2026-08-09T05:27:16,test_wallet_assets_tab_loading_time[wallet_load_alex_user],test_wallet_assets_tab_cpu_wallet_load_alex,passed,52.312,67.946,59.671,5,"55.531,67.946,55.971,52.312,66.594"
e285fde4a6,2026-08-09T05:27:16,test_wallet_activity_tab_first_open_loading_time[fresh_user],test_wallet_activity_tab_first_open_cpu_fresh,passed,31.075,31.075,31.075,1,31.075
e285fde4a6,2026-08-09T05:27:16,test_wallet_activity_tab_loading_time[fresh_user],test_wallet_activity_tab_cpu_fresh,passed,33.15,78.125,49.393,5,"33.15,78.125,42.825,58.487,34.375"
e285fde4a6,2026-08-09T05:27:16,test_wallet_collectibles_tab_first_open_loading_time[wallet_load_alex_user],test_wallet_collectibles_tab_first_open_cpu_wallet_load_alex,passed,40.606,40.606,40.606,1,40.606
e285fde4a6,2026-08-09T05:27:16,test_wallet_collectibles_tab_loading_time[wallet_load_alex_user],test_wallet_collectibles_tab_cpu_wallet_load_alex,passed,54.702,61.922,59.539,5,"54.702,61.922,58.769,61.828,60.475"
e285fde4a6,2026-08-09T05:27:16,test_wallet_swap_first_open_loading_time[wallet_load_user],test_wallet_swap_first_open_cpu_wallet_load,passed,61.316,61.316,61.316,1,61.316
e285fde4a6,2026-08-09T05:27:16,test_wallet_swap_loading_time[wallet_load_user],test_wallet_swap_cpu_wallet_load,passed,17.644,31.012,24.293,5,"31.012,17.644,20.553,26.391,25.866"
e285fde4a6,2026-08-09T05:27:16,test_wallet_account_open_loading_time[wallet_load_alex_user],test_wallet_account_first_open_cpu_wallet_load_alex,passed,52.206,52.206,52.206,1,52.206
e285fde4a6,2026-08-09T05:27:16,test_wallet_collectibles_tab_first_open_loading_time[wallet_load_user],test_wallet_collectibles_tab_first_open_cpu_wallet_load,passed,40.399,40.399,40.399,1,40.399
e285fde4a6,2026-08-09T05:27:16,test_wallet_collectibles_tab_loading_time[wallet_load_user],test_wallet_collectibles_tab_cpu_wallet_load,passed,28.669,42.969,35.188,5,"39.806,42.969,31.25,33.244,28.669"
e285fde4a6,2026-08-09T05:27:16,test_wallet_first_open_loading_time[wallet_load_user],test_wallet_first_open_cpu_wallet_load,passed,67.562,67.562,67.562,1,67.562
e285fde4a6,2026-08-09T05:27:16,test_wallet_receive_first_open_loading_time[fresh_user],test_wallet_receive_first_open_cpu_fresh,passed,31.434,31.434,31.434,1,31.434
e285fde4a6,2026-08-09T05:27:16,test_wallet_receive_loading_time[fresh_user],test_wallet_receive_cpu_fresh,passed,17.934,38.525,31.83,5,"30.113,38.078,17.934,38.525,34.5"
e285fde4a6,2026-08-09T05:27:16,test_wallet_receive_first_open_loading_time[wallet_load_user],test_wallet_receive_first_open_cpu_wallet_load,passed,43.584,43.584,43.584,1,43.584
e285fde4a6,2026-08-09T05:27:16,test_wallet_receive_loading_time[wallet_load_user],test_wallet_receive_cpu_wallet_load,passed,28.516,77.134,47.94,5,"54.441,47.481,28.516,77.134,32.128"
e285fde4a6,2026-08-09T05:27:16,test_wallet_send_first_open_loading_time[wallet_load_alex_user],test_wallet_send_first_open_cpu_wallet_load_alex,passed,39.888,39.888,39.888,1,39.888
e285fde4a6,2026-08-09T05:27:16,test_wallet_send_loading_time[wallet_load_alex_user],test_wallet_send_cpu_wallet_load_alex,passed,36.987,73.659,64.58,5,"67.803,70.859,73.659,73.591,36.987"
e285fde4a6,2026-08-09T05:27:16,test_wallet_repeat_open_loading_time[wallet_load_alex_user],test_wallet_repeat_open_cpu_wallet_load_alex,passed,21.194,54.891,42.294,5,"54.891,38.547,43.616,53.225,21.194"
e285fde4a6,2026-08-09T05:27:16,test_wallet_repeat_open_loading_time[wallet_load_user],test_wallet_repeat_open_cpu_wallet_load,passed,30.659,50.634,41.955,5,"32.931,50.428,50.634,30.659,45.122"
e285fde4a6,2026-08-09T05:27:16,test_wallet_send_first_open_loading_time[fresh_user],test_wallet_send_first_open_cpu_fresh,passed,43.355,43.355,43.355,1,43.355
e285fde4a6,2026-08-09T05:27:16,test_wallet_send_loading_time[fresh_user],test_wallet_send_cpu_fresh,passed,9.4,50.241,33.638,5,"21.703,41.406,50.241,45.438,9.4"
e285fde4a6,2026-08-09T05:27:16,test_wallet_account_open_loading_time[wallet_load_user],test_wallet_account_first_open_cpu_wallet_load,passed,56.078,56.078,56.078,1,56.078
f0ca5f1d08,2026-08-10T05:28:49,test_wallet_assets_tab_first_open_loading_time[wallet_load_alex_user],test_wallet_assets_tab_first_open_cpu_wallet_load_alex,passed,32.464,32.464,32.464,1,32.464
f0ca5f1d08,2026-08-10T05:28:49,test_wallet_assets_tab_loading_time[wallet_load_alex_user],test_wallet_assets_tab_cpu_wallet_load_alex,passed,45.056,58.904,52.66,5,"45.056,51.765,58.904,54.179,53.398"
f0ca5f1d08,2026-08-10T05:28:49,test_wallet_add_account_first_open_loading_time[wallet_load_user],test_wallet_add_account_first_open_cpu_wallet_load,passed,63.25,63.25,63.25,1,63.25
f0ca5f1d08,2026-08-10T05:28:49,test_wallet_add_account_loading_time[wallet_load_user],test_wallet_add_account_cpu_wallet_load,passed,19.541,28.269,24.003,5,"19.619,28.269,26.919,25.669,19.541"
f0ca5f1d08,2026-08-10T05:28:49,test_wallet_swap_first_open_loading_time[wallet_load_alex_user],test_wallet_swap_first_open_cpu_wallet_load_alex,passed,30.375,30.375,30.375,1,30.375
f0ca5f1d08,2026-08-10T05:28:49,test_wallet_swap_loading_time[wallet_load_alex_user],test_wallet_swap_cpu_wallet_load_alex,passed,22.256,70.294,57.233,5,"56.938,70.294,68.884,67.791,22.256"
f0ca5f1d08,2026-08-10T05:28:49,test_wallet_swap_first_open_loading_time[wallet_load_user],test_wallet_swap_first_open_cpu_wallet_load,passed,24.512,24.512,24.512,1,24.512
f0ca5f1d08,2026-08-10T05:28:49,test_wallet_swap_loading_time[wallet_load_user],test_wallet_swap_cpu_wallet_load,passed,18.725,33.5,23.566,5,"24.403,21.469,18.725,19.734,33.5"
f0ca5f1d08,2026-08-10T05:28:49,test_wallet_receive_first_open_loading_time[wallet_load_alex_user],test_wallet_receive_first_open_cpu_wallet_load_alex,passed,29.246,29.246,29.246,1,29.246
f0ca5f1d08,2026-08-10T05:28:49,test_wallet_receive_loading_time[wallet_load_alex_user],test_wallet_receive_cpu_wallet_load_alex,passed,69.8,83.356,76.884,5,"82.375,69.8,70.528,78.359,83.356"
f0ca5f1d08,2026-08-10T05:28:49,test_wallet_account_open_loading_time[wallet_load_alex_user],test_wallet_account_first_open_cpu_wallet_load_alex,passed,48.954,48.954,48.954,1,48.954
f0ca5f1d08,2026-08-10T05:28:49,test_wallet_repeat_open_loading_time[wallet_load_alex_user],test_wallet_repeat_open_cpu_wallet_load_alex,passed,31.275,53.941,44.694,5,"53.941,31.275,47.303,42.206,48.744"
f0ca5f1d08,2026-08-10T05:28:49,test_wallet_first_open_loading_time[wallet_load_user],test_wallet_first_open_cpu_wallet_load,passed,57.991,57.991,57.991,1,57.991
f0ca5f1d08,2026-08-10T05:28:49,test_wallet_receive_first_open_loading_time[wallet_load_user],test_wallet_receive_first_open_cpu_wallet_load,passed,28.059,28.059,28.059,1,28.059
f0ca5f1d08,2026-08-10T05:28:49,test_wallet_receive_loading_time[wallet_load_user],test_wallet_receive_cpu_wallet_load,passed,26.434,75.963,55.292,5,"62.778,75.963,56.197,26.434,55.088"
f0ca5f1d08,2026-08-10T05:28:49,test_status_community_second_open_loading_time[user_data0-user_account0],test_status_community_second_open_cpu_member,passed,9.682,49.096,30.215,5,"10.805,9.682,41.245,49.096,40.244"
f0ca5f1d08,2026-08-10T05:28:49,test_wallet_send_first_open_loading_time[wallet_load_user],test_wallet_send_first_open_cpu_wallet_load,passed,62.676,62.676,62.676,1,62.676
f0ca5f1d08,2026-08-10T05:28:49,test_wallet_send_loading_time[wallet_load_user],test_wallet_send_cpu_wallet_load,passed,15.238,67.031,33.509,5,"67.031,25.369,17.766,42.144,15.238"
f0ca5f1d08,2026-08-10T05:28:49,test_wallet_repeat_open_loading_time[wallet_load_user],test_wallet_repeat_open_cpu_wallet_load,passed,41.634,53.722,48.401,5,"46.106,49.219,41.634,53.722,51.322"
f0ca5f1d08,2026-08-10T05:28:49,test_wallet_send_first_open_loading_time[wallet_load_alex_user],test_wallet_send_first_open_cpu_wallet_load_alex,passed,47.037,47.037,47.037,1,47.037
f0ca5f1d08,2026-08-10T05:28:49,test_wallet_send_loading_time[wallet_load_alex_user],test_wallet_send_cpu_wallet_load_alex,passed,67.125,78.973,71.489,5,"68.203,78.973,67.125,68.053,75.091"
f0ca5f1d08,2026-08-10T05:28:49,test_wallet_collectibles_tab_first_open_loading_time[wallet_load_user],test_wallet_collectibles_tab_first_open_cpu_wallet_load,passed,40.445,40.445,40.445,1,40.445
f0ca5f1d08,2026-08-10T05:28:49,test_wallet_collectibles_tab_loading_time[wallet_load_user],test_wallet_collectibles_tab_cpu_wallet_load,passed,21.5,47.656,34.999,5,"47.656,21.5,31.863,41.944,32.031"
f0ca5f1d08,2026-08-10T05:28:49,test_wallet_collectibles_tab_first_open_loading_time[fresh_user],test_wallet_collectibles_tab_first_open_cpu_fresh,passed,37.188,37.188,37.188,1,37.188
f0ca5f1d08,2026-08-10T05:28:49,test_wallet_collectibles_tab_loading_time[fresh_user],test_wallet_collectibles_tab_cpu_fresh,passed,35.156,60.025,46.21,5,"53.756,35.156,43.05,39.062,60.025"
f0ca5f1d08,2026-08-10T05:28:49,test_wallet_add_account_first_open_loading_time[wallet_load_alex_user],test_wallet_add_account_first_open_cpu_wallet_load_alex,passed,54.487,54.487,54.487,1,54.487
f0ca5f1d08,2026-08-10T05:28:49,test_wallet_add_account_loading_time[wallet_load_alex_user],test_wallet_add_account_cpu_wallet_load_alex,passed,25.475,73.344,52.921,5,"64.184,72.803,73.344,28.797,25.475"
f0ca5f1d08,2026-08-10T05:28:49,test_wallet_add_account_first_open_loading_time[fresh_user],test_wallet_add_account_first_open_cpu_fresh,passed,20.031,20.031,20.031,1,20.031
f0ca5f1d08,2026-08-10T05:28:49,test_wallet_add_account_loading_time[fresh_user],test_wallet_add_account_cpu_fresh,passed,13.253,29.606,20.867,5,"21.984,19.719,13.253,29.606,19.772"
f0ca5f1d08,2026-08-10T05:28:49,test_wallet_account_open_loading_time[fresh_user],test_wallet_account_first_open_cpu_fresh,passed,26.875,26.875,26.875,1,26.875
f0ca5f1d08,2026-08-10T05:28:49,test_wallet_receive_first_open_loading_time[fresh_user],test_wallet_receive_first_open_cpu_fresh,passed,27.744,27.744,27.744,1,27.744
f0ca5f1d08,2026-08-10T05:28:49,test_wallet_receive_loading_time[fresh_user],test_wallet_receive_cpu_fresh,passed,29.631,50.081,37.916,5,"50.081,31.356,29.631,37.959,40.553"
f0ca5f1d08,2026-08-10T05:28:49,test_wallet_activity_tab_first_open_loading_time[wallet_load_user],test_wallet_activity_tab_first_open_cpu_wallet_load,passed,40.578,40.578,40.578,1,40.578
f0ca5f1d08,2026-08-10T05:28:49,test_wallet_activity_tab_loading_time[wallet_load_user],test_wallet_activity_tab_cpu_wallet_load,passed,29.481,62.972,46.044,5,"62.972,36.688,56.784,29.481,44.294"
f0ca5f1d08,2026-08-10T05:28:49,test_wallet_assets_tab_first_open_loading_time[fresh_user],test_wallet_assets_tab_first_open_cpu_fresh,passed,43.722,43.722,43.722,1,43.722
f0ca5f1d08,2026-08-10T05:28:49,test_wallet_assets_tab_loading_time[fresh_user],test_wallet_assets_tab_cpu_fresh,passed,31.084,59.084,42.382,5,"59.084,39.366,41.709,31.084,40.666"
f0ca5f1d08,2026-08-10T05:28:49,test_wallet_activity_tab_first_open_loading_time[fresh_user],test_wallet_activity_tab_first_open_cpu_fresh,passed,39.062,39.062,39.062,1,39.062
f0ca5f1d08,2026-08-10T05:28:49,test_wallet_activity_tab_loading_time[fresh_user],test_wallet_activity_tab_cpu_fresh,passed,27.344,74.362,40.425,5,"39.785,74.362,31.962,27.344,28.669"
f0ca5f1d08,2026-08-10T05:28:49,test_status_community_first_open_loading_time[user_data0-user_account0],test_status_community_first_open_cpu_member,passed,30.87,30.87,30.87,1,30.87
f0ca5f1d08,2026-08-10T05:28:49,test_wallet_first_open_loading_time[wallet_load_alex_user],test_wallet_first_open_cpu_wallet_load_alex,passed,60.369,60.369,60.369,1,60.369
f0ca5f1d08,2026-08-10T05:28:49,test_wallet_send_first_open_loading_time[fresh_user],test_wallet_send_first_open_cpu_fresh,passed,32.429,32.429,32.429,1,32.429
f0ca5f1d08,2026-08-10T05:28:49,test_wallet_send_loading_time[fresh_user],test_wallet_send_cpu_fresh,passed,14.419,36.706,24.833,5,"36.706,14.419,23.534,29.147,20.359"
f0ca5f1d08,2026-08-10T05:28:49,test_wallet_account_open_loading_time[wallet_load_user],test_wallet_account_first_open_cpu_wallet_load,passed,47.812,47.812,47.812,1,47.812
f0ca5f1d08,2026-08-10T05:28:49,test_wallet_repeat_open_loading_time[fresh_user],test_wallet_repeat_open_cpu_fresh,passed,32.1,56.734,42.544,5,"49.138,56.734,42.106,32.644,32.1"
f0ca5f1d08,2026-08-10T05:28:49,test_wallet_assets_tab_first_open_loading_time[wallet_load_user],test_wallet_assets_tab_first_open_cpu_wallet_load,passed,48.8,48.8,48.8,1,48.8
f0ca5f1d08,2026-08-10T05:28:49,test_wallet_assets_tab_loading_time[wallet_load_user],test_wallet_assets_tab_cpu_wallet_load,passed,39.683,51.452,44.435,5,"51.452,46.721,39.683,43.783,40.535"
f0ca5f1d08,2026-08-10T05:28:49,test_wallet_swap_first_open_loading_time[fresh_user],test_wallet_swap_first_open_cpu_fresh,passed,26.92,26.92,26.92,1,26.92
f0ca5f1d08,2026-08-10T05:28:49,test_wallet_swap_loading_time[fresh_user],test_wallet_swap_cpu_fresh,passed,4.975,24.269,17.7,5,"21.666,24.269,16.259,21.331,4.975"
f0ca5f1d08,2026-08-10T05:28:49,test_wallet_collectibles_tab_first_open_loading_time[wallet_load_alex_user],test_wallet_collectibles_tab_first_open_cpu_wallet_load_alex,passed,40.129,40.129,40.129,1,40.129
f0ca5f1d08,2026-08-10T05:28:49,test_wallet_collectibles_tab_loading_time[wallet_load_alex_user],test_wallet_collectibles_tab_cpu_wallet_load_alex,passed,46.471,58.825,53.879,5,"52.116,46.471,58.825,53.362,58.622"
f0ca5f1d08,2026-08-10T05:28:49,test_wallet_first_open_loading_time[fresh_user],test_wallet_first_open_cpu_fresh,passed,34.55,34.55,34.55,1,34.55
f0ca5f1d08,2026-08-10T05:28:49,test_wallet_activity_tab_first_open_loading_time[wallet_load_alex_user],test_wallet_activity_tab_first_open_cpu_wallet_load_alex,passed,49.044,49.044,49.044,1,49.044
f0ca5f1d08,2026-08-10T05:28:49,test_wallet_activity_tab_loading_time[wallet_load_alex_user],test_wallet_activity_tab_cpu_wallet_load_alex,passed,53.325,65.044,59.546,5,"65.044,59.256,63.194,56.909,53.325"
69fe4bb384,2026-08-11T05:30:20,test_wallet_collectibles_tab_first_open_loading_time[wallet_load_alex_user],test_wallet_collectibles_tab_first_open_cpu_wallet_load_alex,passed,40.045,40.045,40.045,1,40.045
69fe4bb384,2026-08-11T05:30:20,test_wallet_collectibles_tab_loading_time[wallet_load_alex_user],test_wallet_collectibles_tab_cpu_wallet_load_alex,passed,43.146,63.66,57.961,5,"43.146,63.66,63.041,60.375,59.584"
69fe4bb384,2026-08-11T05:30:20,test_wallet_first_open_loading_time[fresh_user],test_wallet_first_open_cpu_fresh,passed,31.925,31.925,31.925,1,31.925
69fe4bb384,2026-08-11T05:30:20,test_wallet_send_first_open_loading_time[wallet_load_user],test_wallet_send_first_open_cpu_wallet_load,passed,51.046,51.046,51.046,1,51.046
69fe4bb384,2026-08-11T05:30:20,test_wallet_send_loading_time[wallet_load_user],test_wallet_send_cpu_wallet_load,passed,16.95,38.562,25.957,5,"38.562,29.422,27.012,16.95,17.838"
69fe4bb384,2026-08-11T05:30:20,test_wallet_add_account_first_open_loading_time[wallet_load_alex_user],test_wallet_add_account_first_open_cpu_wallet_load_alex,passed,41.55,41.55,41.55,1,41.55
69fe4bb384,2026-08-11T05:30:20,test_wallet_add_account_loading_time[wallet_load_alex_user],test_wallet_add_account_cpu_wallet_load_alex,passed,62.122,77.253,69.887,5,"63.078,72.572,74.409,62.122,77.253"
69fe4bb384,2026-08-11T05:30:20,test_wallet_swap_first_open_loading_time[fresh_user],test_wallet_swap_first_open_cpu_fresh,passed,12.744,12.744,12.744,1,12.744
69fe4bb384,2026-08-11T05:30:20,test_wallet_swap_loading_time[fresh_user],test_wallet_swap_cpu_fresh,passed,11.894,28.447,20.758,5,"16.031,19.159,28.447,28.256,11.894"
69fe4bb384,2026-08-11T05:30:20,test_wallet_swap_first_open_loading_time[wallet_load_alex_user],test_wallet_swap_first_open_cpu_wallet_load_alex,passed,53.181,53.181,53.181,1,53.181
69fe4bb384,2026-08-11T05:30:20,test_wallet_swap_loading_time[wallet_load_alex_user],test_wallet_swap_cpu_wallet_load_alex,passed,65.231,75.231,68.998,5,"70.084,67.188,75.231,67.253,65.231"
69fe4bb384,2026-08-11T05:30:20,test_wallet_receive_first_open_loading_time[fresh_user],test_wallet_receive_first_open_cpu_fresh,passed,13.891,13.891,13.891,1,13.891
69fe4bb384,2026-08-11T05:30:20,test_wallet_receive_loading_time[fresh_user],test_wallet_receive_cpu_fresh,passed,17.35,41.281,28.172,5,"41.281,17.35,31.356,30.269,20.606"
69fe4bb384,2026-08-11T05:30:20,test_wallet_first_open_loading_time[wallet_load_alex_user],test_wallet_first_open_cpu_wallet_load_alex,passed,64.412,64.412,64.412,1,64.412
69fe4bb384,2026-08-11T05:30:20,test_wallet_account_open_loading_time[wallet_load_alex_user],test_wallet_account_first_open_cpu_wallet_load_alex,passed,55.175,55.175,55.175,1,55.175
69fe4bb384,2026-08-11T05:30:20,test_wallet_send_first_open_loading_time[fresh_user],test_wallet_send_first_open_cpu_fresh,passed,36.028,36.028,36.028,1,36.028
69fe4bb384,2026-08-11T05:30:20,test_wallet_send_loading_time[fresh_user],test_wallet_send_cpu_fresh,passed,51.213,72.253,60.416,5,"51.213,58.341,65.166,72.253,55.109"
69fe4bb384,2026-08-11T05:30:20,test_status_community_first_open_loading_time[user_data0-user_account0],test_status_community_first_open_cpu_member,passed,25.672,25.672,25.672,1,25.672
69fe4bb384,2026-08-11T05:30:20,test_wallet_add_account_first_open_loading_time[wallet_load_user],test_wallet_add_account_first_open_cpu_wallet_load,passed,33.103,33.103,33.103,1,33.103
69fe4bb384,2026-08-11T05:30:20,test_wallet_add_account_loading_time[wallet_load_user],test_wallet_add_account_cpu_wallet_load,passed,6.263,33.675,23.464,5,"33.675,24.144,27.216,26.025,6.263"
69fe4bb384,2026-08-11T05:30:20,test_wallet_assets_tab_first_open_loading_time[fresh_user],test_wallet_assets_tab_first_open_cpu_fresh,passed,33.481,33.481,33.481,1,33.481
69fe4bb384,2026-08-11T05:30:20,test_wallet_assets_tab_loading_time[fresh_user],test_wallet_assets_tab_cpu_fresh,passed,33.434,55.403,41.882,5,"35.913,33.434,47.159,37.5,55.403"
69fe4bb384,2026-08-11T05:30:20,test_wallet_collectibles_tab_first_open_loading_time[wallet_load_user],test_wallet_collectibles_tab_first_open_cpu_wallet_load,passed,37.806,37.806,37.806,1,37.806
69fe4bb384,2026-08-11T05:30:20,test_wallet_collectibles_tab_loading_time[wallet_load_user],test_wallet_collectibles_tab_cpu_wallet_load,passed,24.413,49.219,34.965,5,"49.219,26.562,39.475,35.156,24.413"
69fe4bb384,2026-08-11T05:30:20,test_wallet_repeat_open_loading_time[wallet_load_user],test_wallet_repeat_open_cpu_wallet_load,passed,26.444,57.981,41.644,5,"32.175,35.237,57.981,56.384,26.444"
69fe4bb384,2026-08-11T05:30:20,test_wallet_send_first_open_loading_time[wallet_load_alex_user],test_wallet_send_first_open_cpu_wallet_load_alex,passed,34.472,34.472,34.472,1,34.472
69fe4bb384,2026-08-11T05:30:20,test_wallet_send_loading_time[wallet_load_alex_user],test_wallet_send_cpu_wallet_load_alex,passed,17.356,72.347,42.342,5,"72.278,72.347,25.263,17.356,24.466"
69fe4bb384,2026-08-11T05:30:20,test_wallet_account_open_loading_time[wallet_load_user],test_wallet_account_first_open_cpu_wallet_load,passed,20.456,20.456,20.456,1,20.456
69fe4bb384,2026-08-11T05:30:20,test_wallet_collectibles_tab_first_open_loading_time[fresh_user],test_wallet_collectibles_tab_first_open_cpu_fresh,passed,37.647,37.647,37.647,1,37.647
69fe4bb384,2026-08-11T05:30:20,test_wallet_collectibles_tab_loading_time[fresh_user],test_wallet_collectibles_tab_cpu_fresh,passed,17.756,60.156,35.753,5,"60.156,21.294,17.756,36.362,43.194"
69fe4bb384,2026-08-11T05:30:20,test_wallet_activity_tab_first_open_loading_time[wallet_load_user],test_wallet_activity_tab_first_open_cpu_wallet_load,passed,46.747,46.747,46.747,1,46.747
69fe4bb384,2026-08-11T05:30:20,test_wallet_activity_tab_loading_time[wallet_load_user],test_wallet_activity_tab_cpu_wallet_load,passed,22.425,68.597,43.022,5,"39.683,52.862,22.425,31.541,68.597"
69fe4bb384,2026-08-11T05:30:20,test_wallet_assets_tab_first_open_loading_time[wallet_load_user],test_wallet_assets_tab_first_open_cpu_wallet_load,passed,52.134,52.134,52.134,1,52.134
69fe4bb384,2026-08-11T05:30:20,test_wallet_assets_tab_loading_time[wallet_load_user],test_wallet_assets_tab_cpu_wallet_load,passed,32.231,53.027,45.675,5,"42.485,53.027,32.231,49.679,50.951"
69fe4bb384,2026-08-11T05:30:20,test_wallet_account_open_loading_time[fresh_user],test_wallet_account_first_open_cpu_fresh,passed,32.55,32.55,32.55,1,32.55
69fe4bb384,2026-08-11T05:30:20,test_wallet_activity_tab_first_open_loading_time[wallet_load_alex_user],test_wallet_activity_tab_first_open_cpu_wallet_load_alex,passed,61.538,61.538,61.538,1,61.538
69fe4bb384,2026-08-11T05:30:20,test_wallet_activity_tab_loading_time[wallet_load_alex_user],test_wallet_activity_tab_cpu_wallet_load_alex,passed,62.7,69.344,66.848,5,"62.7,66.922,69.344,67.131,68.144"
69fe4bb384,2026-08-11T05:30:20,test_wallet_first_open_loading_time[wallet_load_user],test_wallet_first_open_cpu_wallet_load,passed,51.069,51.069,51.069,1,51.069
69fe4bb384,2026-08-11T05:30:20,test_wallet_swap_first_open_loading_time[wallet_load_user],test_wallet_swap_first_open_cpu_wallet_load,passed,43.806,43.806,43.806,1,43.806
69fe4bb384,2026-08-11T05:30:20,test_wallet_swap_loading_time[wallet_load_user],test_wallet_swap_cpu_wallet_load,passed,22.566,71.397,39.523,5,"52.866,71.397,22.841,27.947,22.566"
69fe4bb384,2026-08-11T05:30:20,test_wallet_add_account_first_open_loading_time[fresh_user],test_wallet_add_account_first_open_cpu_fresh,passed,26.431,26.431,26.431,1,26.431
69fe4bb384,2026-08-11T05:30:20,test_wallet_add_account_loading_time[fresh_user],test_wallet_add_account_cpu_fresh,passed,12.469,35.428,22.481,5,"28.863,17.75,35.428,12.469,17.897"
69fe4bb384,2026-08-11T05:30:20,test_wallet_repeat_open_loading_time[wallet_load_alex_user],test_wallet_repeat_open_cpu_wallet_load_alex,passed,25.788,59.906,43.649,5,"59.906,50.722,42.769,25.788,39.062"
69fe4bb384,2026-08-11T05:30:20,test_status_community_second_open_loading_time[user_data0-user_account0],test_status_community_second_open_cpu_member,passed,7.292,47.834,30.004,5,"7.292,9.998,37.634,47.26,47.834"
69fe4bb384,2026-08-11T05:30:20,test_wallet_assets_tab_first_open_loading_time[wallet_load_alex_user],test_wallet_assets_tab_first_open_cpu_wallet_load_alex,passed,65.458,65.458,65.458,1,65.458
69fe4bb384,2026-08-11T05:30:20,test_wallet_assets_tab_loading_time[wallet_load_alex_user],test_wallet_assets_tab_cpu_wallet_load_alex,passed,52.442,62.529,55.552,5,"55.356,53.048,52.442,62.529,54.387"
69fe4bb384,2026-08-11T05:30:20,test_wallet_repeat_open_loading_time[fresh_user],test_wallet_repeat_open_cpu_fresh,passed,29.175,50.681,39.721,5,"39.478,37.812,29.175,50.681,41.459"
69fe4bb384,2026-08-11T05:30:20,test_wallet_receive_first_open_loading_time[wallet_load_user],test_wallet_receive_first_open_cpu_wallet_load,passed,31.688,31.688,31.688,1,31.688
69fe4bb384,2026-08-11T05:30:20,test_wallet_receive_loading_time[wallet_load_user],test_wallet_receive_cpu_wallet_load,passed,28.278,63.462,46.038,5,"52.228,63.462,56.188,30.034,28.278"
69fe4bb384,2026-08-11T05:30:20,test_wallet_receive_first_open_loading_time[wallet_load_alex_user],test_wallet_receive_first_open_cpu_wallet_load_alex,passed,30.528,30.528,30.528,1,30.528
69fe4bb384,2026-08-11T05:30:20,test_wallet_receive_loading_time[wallet_load_alex_user],test_wallet_receive_cpu_wallet_load_alex,passed,26.712,78.528,56.186,5,"66.222,75.006,78.528,34.463,26.712"
69fe4bb384,2026-08-11T05:30:20,test_wallet_activity_tab_first_open_loading_time[fresh_user],test_wallet_activity_tab_first_open_cpu_fresh,passed,27.852,27.852,27.852,1,27.852
69fe4bb384,2026-08-11T05:30:20,test_wallet_activity_tab_loading_time[fresh_user],test_wallet_activity_tab_cpu_fresh,passed,31.962,53.125,41.81,5,"42.106,53.125,34.375,47.481,31.962"
7f5842eee1,2026-08-12T04:38:29,test_wallet_activity_tab_first_open_loading_time[wallet_load_user],test_wallet_activity_tab_first_open_cpu_wallet_load,passed,56.734,56.734,56.734,1,56.734
7f5842eee1,2026-08-12T04:38:29,test_wallet_activity_tab_loading_time[wallet_load_user],test_wallet_activity_tab_cpu_wallet_load,passed,18.516,63.978,38.49,5,"27.603,53.144,63.978,29.209,18.516"
7f5842eee1,2026-08-12T04:38:29,test_status_community_second_open_loading_time[user_data0-user_account0],test_status_community_second_open_cpu_member,passed,9.119,57.035,26.294,5,"9.367,9.119,10.594,45.357,57.035"
7f5842eee1,2026-08-12T04:38:29,test_wallet_first_open_loading_time[wallet_load_user],test_wallet_first_open_cpu_wallet_load,passed,65.106,65.106,65.106,1,65.106
7f5842eee1,2026-08-12T04:38:29,test_wallet_swap_first_open_loading_time[wallet_load_alex_user],test_wallet_swap_first_open_cpu_wallet_load_alex,passed,45.153,45.153,45.153,1,45.153
7f5842eee1,2026-08-12T04:38:29,test_wallet_swap_loading_time[wallet_load_alex_user],test_wallet_swap_cpu_wallet_load_alex,passed,19.694,73.094,59.845,5,"64.062,73.016,69.359,73.094,19.694"
7f5842eee1,2026-08-12T04:38:29,test_wallet_assets_tab_first_open_loading_time[fresh_user],test_wallet_assets_tab_first_open_cpu_fresh,passed,48.831,48.831,48.831,1,48.831
7f5842eee1,2026-08-12T04:38:29,test_wallet_assets_tab_loading_time[fresh_user],test_wallet_assets_tab_cpu_fresh,passed,30.981,40.15,36.028,5,"39.453,37.109,32.447,30.981,40.15"
7f5842eee1,2026-08-12T04:38:29,test_wallet_assets_tab_first_open_loading_time[wallet_load_user],test_wallet_assets_tab_first_open_cpu_wallet_load,passed,52.056,52.056,52.056,1,52.056
7f5842eee1,2026-08-12T04:38:29,test_wallet_assets_tab_loading_time[wallet_load_user],test_wallet_assets_tab_cpu_wallet_load,passed,38.119,56.444,45.955,5,"56.444,52.74,40.892,41.583,38.119"
7f5842eee1,2026-08-12T04:38:29,test_wallet_receive_first_open_loading_time[wallet_load_user],test_wallet_receive_first_open_cpu_wallet_load,passed,38.963,38.963,38.963,1,38.963
7f5842eee1,2026-08-12T04:38:29,test_wallet_receive_loading_time[wallet_load_user],test_wallet_receive_cpu_wallet_load,passed,30.925,71.978,47.836,5,"67.128,71.978,35.341,30.925,33.806"
7f5842eee1,2026-08-12T04:38:29,test_wallet_add_account_first_open_loading_time[wallet_load_alex_user],test_wallet_add_account_first_open_cpu_wallet_load_alex,passed,49.036,49.036,49.036,1,49.036
7f5842eee1,2026-08-12T04:38:29,test_wallet_add_account_loading_time[wallet_load_alex_user],test_wallet_add_account_cpu_wallet_load_alex,passed,55.388,75.375,66.134,5,"75.375,66.287,72.731,55.388,60.891"
7f5842eee1,2026-08-12T04:38:29,test_wallet_repeat_open_loading_time[wallet_load_user],test_wallet_repeat_open_cpu_wallet_load,passed,28.387,59.484,45.345,5,"57.513,50.622,59.484,30.719,28.387"
7f5842eee1,2026-08-12T04:38:29,test_wallet_collectibles_tab_first_open_loading_time[wallet_load_user],test_wallet_collectibles_tab_first_open_cpu_wallet_load,passed,40.547,40.547,40.547,1,40.547
7f5842eee1,2026-08-12T04:38:29,test_wallet_collectibles_tab_loading_time[wallet_load_user],test_wallet_collectibles_tab_cpu_wallet_load,passed,30.475,49.219,38.667,5,"49.219,32.031,30.475,38.094,43.516"
7f5842eee1,2026-08-12T04:38:29,test_wallet_repeat_open_loading_time[fresh_user],test_wallet_repeat_open_cpu_fresh,passed,30.181,56.975,43.359,5,"56.497,32.731,56.975,30.181,40.412"
7f5842eee1,2026-08-12T04:38:29,test_wallet_swap_first_open_loading_time[wallet_load_user],test_wallet_swap_first_open_cpu_wallet_load,passed,34.803,34.803,34.803,1,34.803
7f5842eee1,2026-08-12T04:38:29,test_wallet_swap_loading_time[wallet_load_user],test_wallet_swap_cpu_wallet_load,passed,18.572,50.428,28.391,5,"30.419,18.572,50.428,22.837,19.697"
7f5842eee1,2026-08-12T04:38:29,test_wallet_activity_tab_first_open_loading_time[wallet_load_alex_user],test_wallet_activity_tab_first_open_cpu_wallet_load_alex,passed,45.503,45.503,45.503,1,45.503
7f5842eee1,2026-08-12T04:38:29,test_wallet_activity_tab_loading_time[wallet_load_alex_user],test_wallet_activity_tab_cpu_wallet_load_alex,passed,45.912,66.066,58.736,5,"61.681,66.066,64.403,45.912,55.616"
7f5842eee1,2026-08-12T04:38:29,test_wallet_swap_first_open_loading_time[fresh_user],test_wallet_swap_first_open_cpu_fresh,passed,34.093,34.093,34.093,1,34.093
7f5842eee1,2026-08-12T04:38:29,test_wallet_swap_loading_time[fresh_user],test_wallet_swap_cpu_fresh,passed,15.344,34.494,21.253,5,"34.494,16.663,17.481,15.344,22.281"
7f5842eee1,2026-08-12T04:38:29,test_wallet_send_first_open_loading_time[wallet_load_user],test_wallet_send_first_open_cpu_wallet_load,passed,51.469,51.469,51.469,1,51.469
7f5842eee1,2026-08-12T04:38:29,test_wallet_send_loading_time[wallet_load_user],test_wallet_send_cpu_wallet_load,passed,23.669,38.625,28.205,5,"38.625,28.722,24.572,25.438,23.669"
7f5842eee1,2026-08-12T04:38:29,test_wallet_repeat_open_loading_time[wallet_load_alex_user],test_wallet_repeat_open_cpu_wallet_load_alex,passed,25.688,56.628,48.035,5,"55.581,55.941,56.628,46.337,25.688"
7f5842eee1,2026-08-12T04:38:29,test_wallet_account_open_loading_time[fresh_user],test_wallet_account_first_open_cpu_fresh,passed,0.894,0.894,0.894,1,0.894
7f5842eee1,2026-08-12T04:38:29,test_wallet_send_first_open_loading_time[wallet_load_alex_user],test_wallet_send_first_open_cpu_wallet_load_alex,passed,41.281,41.281,41.281,1,41.281
7f5842eee1,2026-08-12T04:38:29,test_wallet_send_loading_time[wallet_load_alex_user],test_wallet_send_cpu_wallet_load_alex,passed,22.85,65.797,44.72,5,"65.797,64.297,30.55,40.106,22.85"
7f5842eee1,2026-08-12T04:38:29,test_wallet_receive_first_open_loading_time[fresh_user],test_wallet_receive_first_open_cpu_fresh,passed,43.894,43.894,43.894,1,43.894
7f5842eee1,2026-08-12T04:38:29,test_wallet_receive_loading_time[fresh_user],test_wallet_receive_cpu_fresh,passed,22.609,52.734,36.807,5,"41.566,31.962,35.166,52.734,22.609"
7f5842eee1,2026-08-12T04:38:29,test_wallet_activity_tab_first_open_loading_time[fresh_user],test_wallet_activity_tab_first_open_cpu_fresh,passed,43.631,43.631,43.631,1,43.631
7f5842eee1,2026-08-12T04:38:29,test_wallet_activity_tab_loading_time[fresh_user],test_wallet_activity_tab_cpu_fresh,passed,23.969,73.469,43.359,5,"73.469,32.85,34.944,51.562,23.969"
7f5842eee1,2026-08-12T04:38:29,test_wallet_account_open_loading_time[wallet_load_alex_user],test_wallet_account_first_open_cpu_wallet_load_alex,passed,32.784,32.784,32.784,1,32.784
7f5842eee1,2026-08-12T04:38:29,test_status_community_first_open_loading_time[user_data0-user_account0],test_status_community_first_open_cpu_member,passed,49.497,49.497,49.497,1,49.497
7f5842eee1,2026-08-12T04:38:29,test_wallet_first_open_loading_time[fresh_user],test_wallet_first_open_cpu_fresh,passed,36.981,36.981,36.981,1,36.981
7f5842eee1,2026-08-12T04:38:29,test_wallet_account_open_loading_time[wallet_load_user],test_wallet_account_first_open_cpu_wallet_load,passed,44.406,44.406,44.406,1,44.406
7f5842eee1,2026-08-12T04:38:29,test_wallet_receive_first_open_loading_time[wallet_load_alex_user],test_wallet_receive_first_open_cpu_wallet_load_alex,passed,43.278,43.278,43.278,1,43.278
7f5842eee1,2026-08-12T04:38:29,test_wallet_receive_loading_time[wallet_load_alex_user],test_wallet_receive_cpu_wallet_load_alex,passed,38.869,81.513,64.414,5,"79.828,67.784,81.513,54.078,38.869"
7f5842eee1,2026-08-12T04:38:29,test_wallet_collectibles_tab_first_open_loading_time[wallet_load_alex_user],test_wallet_collectibles_tab_first_open_cpu_wallet_load_alex,passed,40.274,40.274,40.274,1,40.274
7f5842eee1,2026-08-12T04:38:29,test_wallet_collectibles_tab_loading_time[wallet_load_alex_user],test_wallet_collectibles_tab_cpu_wallet_load_alex,passed,51.878,61.441,55.465,5,"55.091,61.441,51.878,53.55,55.366"
7f5842eee1,2026-08-12T04:38:29,test_wallet_assets_tab_first_open_loading_time[wallet_load_alex_user],test_wallet_assets_tab_first_open_cpu_wallet_load_alex,passed,59.075,59.075,59.075,1,59.075
7f5842eee1,2026-08-12T04:38:29,test_wallet_assets_tab_loading_time[wallet_load_alex_user],test_wallet_assets_tab_cpu_wallet_load_alex,passed,46.094,64.112,54.47,5,"64.112,54.415,46.094,50.069,57.658"
7f5842eee1,2026-08-12T04:38:29,test_wallet_add_account_first_open_loading_time[fresh_user],test_wallet_add_account_first_open_cpu_fresh,passed,15.762,15.762,15.762,1,15.762
7f5842eee1,2026-08-12T04:38:29,test_wallet_add_account_loading_time[fresh_user],test_wallet_add_account_cpu_fresh,passed,5.744,28.497,17.329,5,"5.744,22.209,15.625,28.497,14.569"
7f5842eee1,2026-08-12T04:38:29,test_wallet_send_first_open_loading_time[fresh_user],test_wallet_send_first_open_cpu_fresh,passed,41.707,41.707,41.707,1,41.707
7f5842eee1,2026-08-12T04:38:29,test_wallet_send_loading_time[fresh_user],test_wallet_send_cpu_fresh,passed,17.519,46.631,28.115,5,"17.519,46.631,18.237,35.466,22.722"
7f5842eee1,2026-08-12T04:38:29,test_wallet_add_account_first_open_loading_time[wallet_load_user],test_wallet_add_account_first_open_cpu_wallet_load,passed,50.062,50.062,50.062,1,50.062
7f5842eee1,2026-08-12T04:38:29,test_wallet_add_account_loading_time[wallet_load_user],test_wallet_add_account_cpu_wallet_load,passed,24.35,64.428,35.614,5,"64.428,34.266,28.556,26.469,24.35"
7f5842eee1,2026-08-12T04:38:29,test_wallet_first_open_loading_time[wallet_load_alex_user],test_wallet_first_open_cpu_wallet_load_alex,passed,43.713,43.713,43.713,1,43.713
7f5842eee1,2026-08-12T04:38:29,test_wallet_collectibles_tab_first_open_loading_time[fresh_user],test_wallet_collectibles_tab_first_open_cpu_fresh,passed,38.56,38.56,38.56,1,38.56
7f5842eee1,2026-08-12T04:38:29,test_wallet_collectibles_tab_loading_time[fresh_user],test_wallet_collectibles_tab_cpu_fresh,passed,9.35,73.688,40.269,5,"41.212,38.281,9.35,73.688,38.812"
4acdfba962,2026-08-12T12:45:46,test_wallet_add_account_first_open_loading_time[fresh_user],test_wallet_add_account_first_open_cpu_fresh,passed,19.137,19.137,19.137,1,19.137
4acdfba962,2026-08-12T12:45:46,test_wallet_add_account_loading_time[fresh_user],test_wallet_add_account_cpu_fresh,passed,6.812,42.125,22.296,5,"42.125,6.812,23.241,25.725,13.575"
4acdfba962,2026-08-12T12:45:46,test_status_community_second_open_loading_time[user_data0-user_account0],test_status_community_second_open_cpu_member,passed,7.925,57.414,33.93,5,"7.925,10.324,36.841,57.147,57.414"
4acdfba962,2026-08-12T12:45:46,test_wallet_first_open_loading_time[fresh_user],test_wallet_first_open_cpu_fresh,passed,24.413,24.413,24.413,1,24.413
4acdfba962,2026-08-12T12:45:46,test_wallet_receive_first_open_loading_time[fresh_user],test_wallet_receive_first_open_cpu_fresh,passed,27.181,27.181,27.181,1,27.181
4acdfba962,2026-08-12T12:45:46,test_wallet_receive_loading_time[fresh_user],test_wallet_receive_cpu_fresh,passed,22.012,49.087,35.771,5,"49.087,22.012,37.975,36.719,33.062"
4acdfba962,2026-08-12T12:45:46,test_wallet_send_first_open_loading_time[wallet_load_user],test_wallet_send_first_open_cpu_wallet_load,passed,17.341,17.341,17.341,1,17.341
4acdfba962,2026-08-12T12:45:46,test_wallet_send_loading_time[wallet_load_user],test_wallet_send_cpu_wallet_load,passed,17.341,66.853,33.787,5,"66.853,40.288,21.306,23.147,17.341"
4acdfba962,2026-08-12T12:45:46,test_wallet_activity_tab_first_open_loading_time[fresh_user],test_wallet_activity_tab_first_open_cpu_fresh,passed,48.381,48.381,48.381,1,48.381
4acdfba962,2026-08-12T12:45:46,test_wallet_activity_tab_loading_time[fresh_user],test_wallet_activity_tab_cpu_fresh,passed,28.406,38.281,33.695,5,"36.719,38.281,28.669,28.406,36.4"
4acdfba962,2026-08-12T12:45:46,test_wallet_first_open_loading_time[wallet_load_user],test_wallet_first_open_cpu_wallet_load,passed,38.525,38.525,38.525,1,38.525
4acdfba962,2026-08-12T12:45:46,test_wallet_add_account_first_open_loading_time[wallet_load_alex_user],test_wallet_add_account_first_open_cpu_wallet_load_alex,passed,68.481,68.481,68.481,1,68.481
4acdfba962,2026-08-12T12:45:46,test_wallet_add_account_loading_time[wallet_load_alex_user],test_wallet_add_account_cpu_wallet_load_alex,passed,63.866,73.006,68.923,5,"63.866,73.006,72.016,66.263,69.466"
4acdfba962,2026-08-12T12:45:46,test_wallet_account_open_loading_time[wallet_load_user],test_wallet_account_first_open_cpu_wallet_load,passed,36.663,36.663,36.663,1,36.663
4acdfba962,2026-08-12T12:45:46,test_wallet_repeat_open_loading_time[fresh_user],test_wallet_repeat_open_cpu_fresh,passed,37.706,56.331,46.579,5,"39.359,56.331,54.406,37.706,45.091"
4acdfba962,2026-08-12T12:45:46,test_wallet_add_account_first_open_loading_time[wallet_load_user],test_wallet_add_account_first_open_cpu_wallet_load,passed,23.144,23.144,23.144,1,23.144
4acdfba962,2026-08-12T12:45:46,test_wallet_add_account_loading_time[wallet_load_user],test_wallet_add_account_cpu_wallet_load,passed,27.756,78.634,54.868,5,"78.634,77.597,60.509,27.756,29.841"
4acdfba962,2026-08-12T12:45:46,test_wallet_send_first_open_loading_time[fresh_user],test_wallet_send_first_open_cpu_fresh,passed,26.644,26.644,26.644,1,26.644
4acdfba962,2026-08-12T12:45:46,test_wallet_send_loading_time[fresh_user],test_wallet_send_cpu_fresh,passed,10.797,42.763,23.562,5,"35.681,13.559,42.763,15.009,10.797"
4acdfba962,2026-08-12T12:45:46,test_wallet_first_open_loading_time[wallet_load_alex_user],test_wallet_first_open_cpu_wallet_load_alex,passed,39.672,39.672,39.672,1,39.672
4acdfba962,2026-08-12T12:45:46,test_wallet_assets_tab_first_open_loading_time[wallet_load_user],test_wallet_assets_tab_first_open_cpu_wallet_load,passed,38.429,38.429,38.429,1,38.429
4acdfba962,2026-08-12T12:45:46,test_wallet_assets_tab_loading_time[wallet_load_user],test_wallet_assets_tab_cpu_wallet_load,passed,35.054,52.142,40.746,5,"37.583,52.142,41.35,37.602,35.054"
4acdfba962,2026-08-12T12:45:46,test_wallet_assets_tab_first_open_loading_time[fresh_user],test_wallet_assets_tab_first_open_cpu_fresh,passed,41.212,41.212,41.212,1,41.212
4acdfba962,2026-08-12T12:45:46,test_wallet_assets_tab_loading_time[fresh_user],test_wallet_assets_tab_cpu_fresh,passed,27.409,53.859,44.631,5,"52.272,27.409,35.784,53.859,53.828"
4acdfba962,2026-08-12T12:45:46,test_wallet_collectibles_tab_first_open_loading_time[wallet_load_alex_user],test_wallet_collectibles_tab_first_open_cpu_wallet_load_alex,passed,39.598,39.598,39.598,1,39.598
4acdfba962,2026-08-12T12:45:46,test_wallet_collectibles_tab_loading_time[wallet_load_alex_user],test_wallet_collectibles_tab_cpu_wallet_load_alex,passed,51.112,65.056,57.681,5,"53.288,59.763,51.112,59.188,65.056"
4acdfba962,2026-08-12T12:45:46,test_wallet_account_open_loading_time[wallet_load_alex_user],test_wallet_account_first_open_cpu_wallet_load_alex,passed,32.552,32.552,32.552,1,32.552
4acdfba962,2026-08-12T12:45:46,test_wallet_swap_first_open_loading_time[wallet_load_user],test_wallet_swap_first_open_cpu_wallet_load,passed,58.876,58.876,58.876,1,58.876
4acdfba962,2026-08-12T12:45:46,test_wallet_swap_loading_time[wallet_load_user],test_wallet_swap_cpu_wallet_load,passed,12.5,42.547,25.572,5,"30.206,42.547,21.009,12.5,21.597"
4acdfba962,2026-08-12T12:45:46,test_wallet_send_first_open_loading_time[wallet_load_alex_user],test_wallet_send_first_open_cpu_wallet_load_alex,passed,41.419,41.419,41.419,1,41.419
4acdfba962,2026-08-12T12:45:46,test_wallet_send_loading_time[wallet_load_alex_user],test_wallet_send_cpu_wallet_load_alex,passed,20.753,63.431,39.078,5,"53.122,63.431,33.706,24.375,20.753"
4acdfba962,2026-08-12T12:45:46,test_wallet_collectibles_tab_first_open_loading_time[fresh_user],test_wallet_collectibles_tab_first_open_cpu_fresh,passed,37.938,37.938,37.938,1,37.938
4acdfba962,2026-08-12T12:45:46,test_wallet_collectibles_tab_loading_time[fresh_user],test_wallet_collectibles_tab_cpu_fresh,passed,20.606,74.362,48.532,5,"20.606,56.819,34.431,74.362,56.444"
4acdfba962,2026-08-12T12:45:46,test_status_community_first_open_loading_time[user_data0-user_account0],test_status_community_first_open_cpu_member,passed,27.055,27.055,27.055,1,27.055
4acdfba962,2026-08-12T12:45:46,test_wallet_receive_first_open_loading_time[wallet_load_user],test_wallet_receive_first_open_cpu_wallet_load,passed,39.112,39.112,39.112,1,39.112
4acdfba962,2026-08-12T12:45:46,test_wallet_receive_loading_time[wallet_load_user],test_wallet_receive_cpu_wallet_load,passed,26.559,42.822,33.928,5,"37.147,42.822,31.572,26.559,31.541"
4acdfba962,2026-08-12T12:45:46,test_wallet_account_open_loading_time[fresh_user],test_wallet_account_first_open_cpu_fresh,passed,7.1,7.1,7.1,1,7.1
4acdfba962,2026-08-12T12:45:46,test_wallet_repeat_open_loading_time[wallet_load_alex_user],test_wallet_repeat_open_cpu_wallet_load_alex,passed,30.1,58.728,44.28,5,"58.728,30.1,43.75,39.856,48.966"
4acdfba962,2026-08-12T12:45:46,test_wallet_repeat_open_loading_time[wallet_load_user],test_wallet_repeat_open_cpu_wallet_load,passed,24.081,61.478,44.714,5,"43.662,49.438,61.478,44.912,24.081"
4acdfba962,2026-08-12T12:45:46,test_wallet_swap_first_open_loading_time[wallet_load_alex_user],test_wallet_swap_first_open_cpu_wallet_load_alex,passed,42.462,42.462,42.462,1,42.462
4acdfba962,2026-08-12T12:45:46,test_wallet_swap_loading_time[wallet_load_alex_user],test_wallet_swap_cpu_wallet_load_alex,passed,60.719,76.141,70.192,5,"75.363,68.891,69.85,60.719,76.141"
4acdfba962,2026-08-12T12:45:46,test_wallet_assets_tab_first_open_loading_time[wallet_load_alex_user],test_wallet_assets_tab_first_open_cpu_wallet_load_alex,passed,55.7,55.7,55.7,1,55.7
4acdfba962,2026-08-12T12:45:46,test_wallet_assets_tab_loading_time[wallet_load_alex_user],test_wallet_assets_tab_cpu_wallet_load_alex,passed,51.15,60.044,55.443,5,"59.35,60.044,53.806,51.15,52.865"
4acdfba962,2026-08-12T12:45:46,test_wallet_collectibles_tab_first_open_loading_time[wallet_load_user],test_wallet_collectibles_tab_first_open_cpu_wallet_load,passed,38.858,38.858,38.858,1,38.858
4acdfba962,2026-08-12T12:45:46,test_wallet_collectibles_tab_loading_time[wallet_load_user],test_wallet_collectibles_tab_cpu_wallet_load,passed,14.738,32.431,22.343,5,"23.296,14.738,22.394,32.431,18.856"
4acdfba962,2026-08-12T12:45:46,test_wallet_swap_first_open_loading_time[fresh_user],test_wallet_swap_first_open_cpu_fresh,passed,39.369,39.369,39.369,1,39.369
4acdfba962,2026-08-12T12:45:46,test_wallet_swap_loading_time[fresh_user],test_wallet_swap_cpu_fresh,passed,3.125,36.428,23.525,5,"30.716,3.125,36.428,31.175,16.181"
4acdfba962,2026-08-12T12:45:46,test_wallet_activity_tab_first_open_loading_time[wallet_load_user],test_wallet_activity_tab_first_open_cpu_wallet_load,passed,59.35,59.35,59.35,1,59.35
4acdfba962,2026-08-12T12:45:46,test_wallet_activity_tab_loading_time[wallet_load_user],test_wallet_activity_tab_cpu_wallet_load,passed,20.303,65.003,32.877,5,"20.303,65.003,23.241,20.887,34.95"
4acdfba962,2026-08-12T12:45:46,test_wallet_activity_tab_first_open_loading_time[wallet_load_alex_user],test_wallet_activity_tab_first_open_cpu_wallet_load_alex,passed,56.638,56.638,56.638,1,56.638
4acdfba962,2026-08-12T12:45:46,test_wallet_activity_tab_loading_time[wallet_load_alex_user],test_wallet_activity_tab_cpu_wallet_load_alex,passed,57.046,68.363,62.53,5,"57.046,68.363,62.881,62.838,61.522"
4acdfba962,2026-08-12T12:45:46,test_wallet_receive_first_open_loading_time[wallet_load_alex_user],test_wallet_receive_first_open_cpu_wallet_load_alex,passed,59.235,59.235,59.235,1,59.235
4acdfba962,2026-08-12T12:45:46,test_wallet_receive_loading_time[wallet_load_alex_user],test_wallet_receive_cpu_wallet_load_alex,passed,52.984,73.394,62.31,5,"61.572,69.353,73.394,52.984,54.247"
8fddc0c46e,2026-08-13T05:28:37,test_wallet_swap_first_open_loading_time[wallet_load_user],test_wallet_swap_first_open_cpu_wallet_load,passed,55.506,55.506,55.506,1,55.506
8fddc0c46e,2026-08-13T05:28:37,test_wallet_swap_loading_time[wallet_load_user],test_wallet_swap_cpu_wallet_load,passed,18.725,62.553,31.827,5,"62.553,25.069,22.144,18.725,30.647"
8fddc0c46e,2026-08-13T05:28:37,test_wallet_assets_tab_first_open_loading_time[wallet_load_alex_user],test_wallet_assets_tab_first_open_cpu_wallet_load_alex,passed,64.317,64.317,64.317,1,64.317
8fddc0c46e,2026-08-13T05:28:37,test_wallet_assets_tab_loading_time[wallet_load_alex_user],test_wallet_assets_tab_cpu_wallet_load_alex,passed,49.144,58.331,53.641,5,"58.331,51.89,49.144,55.444,53.398"
8fddc0c46e,2026-08-13T05:28:37,test_wallet_collectibles_tab_first_open_loading_time[wallet_load_alex_user],test_wallet_collectibles_tab_first_open_cpu_wallet_load_alex,passed,40.563,40.563,40.563,1,40.563
8fddc0c46e,2026-08-13T05:28:37,test_wallet_collectibles_tab_loading_time[wallet_load_alex_user],test_wallet_collectibles_tab_cpu_wallet_load_alex,passed,47.683,63.892,57.242,5,"47.683,61.159,54.966,63.892,58.509"
8fddc0c46e,2026-08-13T05:28:37,test_wallet_add_account_first_open_loading_time[wallet_load_user],test_wallet_add_account_first_open_cpu_wallet_load,passed,42.422,42.422,42.422,1,42.422
8fddc0c46e,2026-08-13T05:28:37,test_wallet_add_account_loading_time[wallet_load_user],test_wallet_add_account_cpu_wallet_load,passed,24.744,70.287,41.571,5,"59.862,70.287,27.481,24.744,25.478"
8fddc0c46e,2026-08-13T05:28:37,test_wallet_activity_tab_first_open_loading_time[fresh_user],test_wallet_activity_tab_first_open_cpu_fresh,passed,48.309,48.309,48.309,1,48.309
8fddc0c46e,2026-08-13T05:28:37,test_wallet_activity_tab_loading_time[fresh_user],test_wallet_activity_tab_cpu_fresh,passed,14.206,51.456,32.543,5,"14.206,27.519,38.175,31.356,51.456"
8fddc0c46e,2026-08-13T05:28:37,test_status_community_first_open_loading_time[user_data0-user_account0],test_status_community_first_open_cpu_member,passed,25.023,25.023,25.023,1,25.023
8fddc0c46e,2026-08-13T05:28:37,test_wallet_activity_tab_first_open_loading_time[wallet_load_alex_user],test_wallet_activity_tab_first_open_cpu_wallet_load_alex,passed,36.728,36.728,36.728,1,36.728
8fddc0c46e,2026-08-13T05:28:37,test_wallet_activity_tab_loading_time[wallet_load_alex_user],test_wallet_activity_tab_cpu_wallet_load_alex,passed,55.8,76.981,64.664,5,"55.8,76.981,60.791,63.347,66.403"
8fddc0c46e,2026-08-13T05:28:37,test_wallet_swap_first_open_loading_time[wallet_load_alex_user],test_wallet_swap_first_open_cpu_wallet_load_alex,passed,29.494,29.494,29.494,1,29.494
8fddc0c46e,2026-08-13T05:28:37,test_wallet_swap_loading_time[wallet_load_alex_user],test_wallet_swap_cpu_wallet_load_alex,passed,64.378,72.322,69.466,5,"64.378,71.253,72.322,67.381,71.997"
8fddc0c46e,2026-08-13T05:28:37,test_wallet_add_account_first_open_loading_time[wallet_load_alex_user],test_wallet_add_account_first_open_cpu_wallet_load_alex,passed,47.103,47.103,47.103,1,47.103
8fddc0c46e,2026-08-13T05:28:37,test_wallet_add_account_loading_time[wallet_load_alex_user],test_wallet_add_account_cpu_wallet_load_alex,passed,53.472,74.356,64.807,5,"64.8,59.328,74.356,53.472,72.078"
8fddc0c46e,2026-08-13T05:28:37,test_wallet_collectibles_tab_first_open_loading_time[wallet_load_user],test_wallet_collectibles_tab_first_open_cpu_wallet_load,passed,38.184,38.184,38.184,1,38.184
8fddc0c46e,2026-08-13T05:28:37,test_wallet_collectibles_tab_loading_time[wallet_load_user],test_wallet_collectibles_tab_cpu_wallet_load,passed,32.031,42.569,36.795,5,"42.569,37.5,36.719,35.156,32.031"
8fddc0c46e,2026-08-13T05:28:37,test_wallet_receive_first_open_loading_time[fresh_user],test_wallet_receive_first_open_cpu_fresh,passed,12.972,12.972,12.972,1,12.972
8fddc0c46e,2026-08-13T05:28:37,test_wallet_receive_loading_time[fresh_user],test_wallet_receive_cpu_fresh,passed,30.55,40.625,34.207,5,"32.106,40.625,32.703,35.05,30.55"
8fddc0c46e,2026-08-13T05:28:37,test_wallet_first_open_loading_time[wallet_load_user],test_wallet_first_open_cpu_wallet_load,passed,27.875,27.875,27.875,1,27.875
8fddc0c46e,2026-08-13T05:28:37,test_wallet_account_open_loading_time[fresh_user],test_wallet_account_first_open_cpu_fresh,passed,17.188,17.188,17.188,1,17.188
8fddc0c46e,2026-08-13T05:28:37,test_wallet_activity_tab_first_open_loading_time[wallet_load_user],test_wallet_activity_tab_first_open_cpu_wallet_load,passed,46.217,46.217,46.217,1,46.217
8fddc0c46e,2026-08-13T05:28:37,test_wallet_activity_tab_loading_time[wallet_load_user],test_wallet_activity_tab_cpu_wallet_load,passed,20.737,55.603,35.596,5,"55.603,33.894,33.956,20.737,33.788"
8fddc0c46e,2026-08-13T05:28:37,test_wallet_first_open_loading_time[wallet_load_alex_user],test_wallet_first_open_cpu_wallet_load_alex,passed,11.894,11.894,11.894,1,11.894
8fddc0c46e,2026-08-13T05:28:37,test_wallet_swap_first_open_loading_time[fresh_user],test_wallet_swap_first_open_cpu_fresh,passed,32.85,32.85,32.85,1,32.85
8fddc0c46e,2026-08-13T05:28:37,test_wallet_swap_loading_time[fresh_user],test_wallet_swap_cpu_fresh,passed,15.544,34.969,24.863,5,"15.544,15.931,32.9,34.969,24.972"
8fddc0c46e,2026-08-13T05:28:37,test_wallet_account_open_loading_time[wallet_load_alex_user],test_wallet_account_first_open_cpu_wallet_load_alex,passed,18.591,18.591,18.591,1,18.591
8fddc0c46e,2026-08-13T05:28:37,test_wallet_first_open_loading_time[fresh_user],test_wallet_first_open_cpu_fresh,passed,24.981,24.981,24.981,1,24.981
8fddc0c46e,2026-08-13T05:28:37,test_wallet_send_first_open_loading_time[wallet_load_alex_user],test_wallet_send_first_open_cpu_wallet_load_alex,passed,29.283,29.283,29.283,1,29.283
8fddc0c46e,2026-08-13T05:28:37,test_wallet_send_loading_time[wallet_load_alex_user],test_wallet_send_cpu_wallet_load_alex,passed,56.35,74.556,66.241,5,"56.35,66.946,74.556,69.097,64.253"
8fddc0c46e,2026-08-13T05:28:37,test_wallet_receive_first_open_loading_time[wallet_load_alex_user],test_wallet_receive_first_open_cpu_wallet_load_alex,passed,26.466,26.466,26.466,1,26.466
8fddc0c46e,2026-08-13T05:28:37,test_wallet_receive_loading_time[wallet_load_alex_user],test_wallet_receive_cpu_wallet_load_alex,passed,41.037,74.494,61.626,5,"74.494,66.044,68.65,57.906,41.037"
8fddc0c46e,2026-08-13T05:28:37,test_wallet_repeat_open_loading_time[wallet_load_user],test_wallet_repeat_open_cpu_wallet_load,passed,26.353,58.059,47.571,5,"54.947,58.059,48.653,26.353,49.841"
8fddc0c46e,2026-08-13T05:28:37,test_wallet_send_first_open_loading_time[fresh_user],test_wallet_send_first_open_cpu_fresh,passed,26.502,26.502,26.502,1,26.502
8fddc0c46e,2026-08-13T05:28:37,test_wallet_send_loading_time[fresh_user],test_wallet_send_cpu_fresh,passed,12.188,39.694,25.578,5,"26.506,22.144,27.359,39.694,12.188"
8fddc0c46e,2026-08-13T05:28:37,test_wallet_collectibles_tab_first_open_loading_time[fresh_user],test_wallet_collectibles_tab_first_open_cpu_fresh,passed,38.086,38.086,38.086,1,38.086
8fddc0c46e,2026-08-13T05:28:37,test_wallet_collectibles_tab_loading_time[fresh_user],test_wallet_collectibles_tab_cpu_fresh,passed,24.188,43.9,31.761,5,"28.906,32.031,24.188,29.781,43.9"
8fddc0c46e,2026-08-13T05:28:37,test_wallet_repeat_open_loading_time[fresh_user],test_wallet_repeat_open_cpu_fresh,passed,22.919,56.538,41.647,5,"54.494,56.538,43.981,30.306,22.919"
8fddc0c46e,2026-08-13T05:28:37,test_status_community_second_open_loading_time[user_data0-user_account0],test_status_community_second_open_cpu_member,passed,7.848,40.748,27.113,5,"27.472,7.848,21.054,40.748,38.442"
8fddc0c46e,2026-08-13T05:28:37,test_wallet_assets_tab_first_open_loading_time[wallet_load_user],test_wallet_assets_tab_first_open_cpu_wallet_load,passed,33.694,33.694,33.694,1,33.694
8fddc0c46e,2026-08-13T05:28:37,test_wallet_assets_tab_loading_time[wallet_load_user],test_wallet_assets_tab_cpu_wallet_load,passed,32.094,52.698,42.49,5,"52.698,52.46,40.1,35.096,32.094"
8fddc0c46e,2026-08-13T05:28:37,test_wallet_repeat_open_loading_time[wallet_load_alex_user],test_wallet_repeat_open_cpu_wallet_load_alex,passed,25.425,60.391,44.65,5,"60.391,25.425,54.072,56.119,27.244"
8fddc0c46e,2026-08-13T05:28:37,test_wallet_send_first_open_loading_time[wallet_load_user],test_wallet_send_first_open_cpu_wallet_load,passed,45.384,45.384,45.384,1,45.384
8fddc0c46e,2026-08-13T05:28:37,test_wallet_send_loading_time[wallet_load_user],test_wallet_send_cpu_wallet_load,passed,14.844,67.031,36.421,5,"67.031,33.806,14.844,43.669,22.756"
8fddc0c46e,2026-08-13T05:28:37,test_wallet_receive_first_open_loading_time[wallet_load_user],test_wallet_receive_first_open_cpu_wallet_load,passed,32.645,32.645,32.645,1,32.645
8fddc0c46e,2026-08-13T05:28:37,test_wallet_receive_loading_time[wallet_load_user],test_wallet_receive_cpu_wallet_load,passed,28.375,46.413,36.722,5,"35.931,28.375,46.413,33.753,39.138"
8fddc0c46e,2026-08-13T05:28:37,test_wallet_account_open_loading_time[wallet_load_user],test_wallet_account_first_open_cpu_wallet_load,passed,46.058,46.058,46.058,1,46.058
8fddc0c46e,2026-08-13T05:28:37,test_wallet_add_account_first_open_loading_time[fresh_user],test_wallet_add_account_first_open_cpu_fresh,passed,24.641,24.641,24.641,1,24.641
8fddc0c46e,2026-08-13T05:28:37,test_wallet_add_account_loading_time[fresh_user],test_wallet_add_account_cpu_fresh,passed,5.744,21.906,14.048,5,"16.281,6.269,21.906,20.038,5.744"
8fddc0c46e,2026-08-13T05:28:37,test_wallet_assets_tab_first_open_loading_time[fresh_user],test_wallet_assets_tab_first_open_cpu_fresh,passed,27.775,27.775,27.775,1,27.775
8fddc0c46e,2026-08-13T05:28:37,test_wallet_assets_tab_loading_time[fresh_user],test_wallet_assets_tab_cpu_fresh,passed,26.722,48.438,40.204,5,"45.216,48.438,43.006,37.641,26.722"
