run_id,commit_hash,date,build_label,test_name,status,min_time,max_time,avg_time,run_count,all_runs
,26cda1d72,2025-12-22T16:46:32,,test_wallet_loading_time[wallet_load_alex_user],passed,0.872,1.674,1.071,5,"0.905,1.005,0.872,1.674,0.9"
,26cda1d72,2025-12-22T16:46:32,,test_swap_loading_time[wallet_load_alex_user],passed,0.934,1.874,1.174,5,"1.874,0.964,0.934,1.107,0.992"
,26cda1d72,2025-12-22T16:46:32,,test_wallet_loading_time[wallet_load_user],passed,0.878,0.989,0.938,5,"0.989,0.878,0.978,0.932,0.91"
,26cda1d72,2025-12-22T16:46:32,,test_swap_loading_time[wallet_load_user],passed,0.932,2.152,1.231,5,"2.152,1.041,0.932,0.938,1.095"
,7642d2335,2026-01-16T05:15:38,,test_wallet_loading_time[wallet_load_alex_user],passed,0.737,0.878,0.799,5,"0.836,0.878,0.754,0.789,0.737"
,7642d2335,2026-01-16T05:15:38,,test_swap_loading_time[wallet_load_user],passed,0.694,2.706,1.155,5,"2.706,0.787,0.814,0.694,0.773"
,7642d2335,2026-01-16T05:15:38,,test_wallet_loading_time[wallet_load_user],passed,1.01,1.341,1.139,5,"1.01,1.116,1.077,1.341,1.15"
,7642d2335,2026-01-16T05:15:38,,test_swap_loading_time[wallet_load_alex_user],passed,0.769,2.495,1.17,5,"2.495,0.871,0.821,0.892,0.769"
,8f5046f70,2026-01-17T05:14:18,,test_swap_loading_time[wallet_load_alex_user],passed,0.901,2.247,1.255,5,"2.247,1.121,1.032,0.974,0.901"
,8f5046f70,2026-01-17T05:14:18,,test_wallet_loading_time[wallet_load_user],passed,0.863,1.346,1.023,5,"0.984,1.346,0.957,0.863,0.966"
,8f5046f70,2026-01-17T05:14:18,,test_wallet_loading_time[wallet_load_alex_user],passed,0.953,2.097,1.199,5,"0.955,2.097,0.982,1.01,0.953"
,8f5046f70,2026-01-17T05:14:18,,test_swap_loading_time[wallet_load_user],passed,0.897,2.382,1.259,5,"2.382,1.002,1.007,1.008,0.897"
,8f5046f70,2026-01-19T05:12:28,,test_swap_loading_time[wallet_load_user],passed,0.887,3.935,1.552,5,"3.935,1.018,0.973,0.947,0.887"
,8f5046f70,2026-01-19T05:12:28,,test_swap_loading_time[wallet_load_alex_user],passed,0.95,3.343,1.446,5,"3.343,1.014,0.973,0.95,0.952"
,8f5046f70,2026-01-19T05:12:28,,test_wallet_loading_time[wallet_load_user],passed,0.82,0.969,0.88,5,"0.969,0.853,0.84,0.916,0.82"
,8f5046f70,2026-01-19T05:12:28,,test_wallet_loading_time[wallet_load_alex_user],passed,0.824,0.922,0.88,5,"0.824,0.922,0.874,0.893,0.888"
,aea1a9ba2,2026-01-19T12:50:30,,test_wallet_loading_time[wallet_load_user],passed,0.614,0.77,0.684,5,"0.737,0.62,0.614,0.677,0.77"
,aea1a9ba2,2026-01-19T12:50:30,,test_swap_loading_time[wallet_load_alex_user],passed,1.065,4.021,1.748,5,"4.021,1.393,1.109,1.152,1.065"
,aea1a9ba2,2026-01-19T12:50:30,,test_wallet_loading_time[wallet_load_alex_user],passed,0.854,1.374,1.182,5,"0.854,1.142,1.292,1.247,1.374"
,aea1a9ba2,2026-01-19T12:50:30,,test_swap_loading_time[wallet_load_user],passed,0.965,3.56,1.584,5,"3.56,1.183,1.102,1.112,0.965"
,aea1a9ba2,2026-01-20T05:10:48,,test_wallet_loading_time[wallet_load_user],passed,0.851,1.326,0.978,5,"0.851,1.326,0.924,0.873,0.915"
,aea1a9ba2,2026-01-20T05:10:48,,test_swap_loading_time[wallet_load_alex_user],passed,0.877,3.657,1.504,5,"3.657,1.018,1.059,0.906,0.877"
,aea1a9ba2,2026-01-20T05:10:48,,test_swap_loading_time[wallet_load_user],passed,0.857,4.616,1.683,5,"4.616,1.07,0.956,0.914,0.857"
,aea1a9ba2,2026-01-20T05:10:48,,test_wallet_loading_time[wallet_load_alex_user],passed,0.86,0.985,0.909,5,"0.909,0.868,0.923,0.985,0.86"
,f3b5c4e05,2026-01-21T11:28:09,,test_wallet_loading_time[wallet_load_alex_user],passed,0.986,1.832,1.216,5,"1.041,1.832,1.21,1.008,0.986"
,f3b5c4e05,2026-01-21T11:28:09,,test_swap_loading_time[wallet_load_user],passed,1.161,4.167,1.823,5,"4.167,1.318,1.161,1.25,1.22"
,f3b5c4e05,2026-01-21T11:28:09,,test_swap_loading_time[wallet_load_alex_user],passed,0.896,3.224,1.536,5,"3.224,1.234,1.375,0.951,0.896"
,f3b5c4e05,2026-01-21T11:28:09,,test_wallet_loading_time[wallet_load_user],passed,0.635,0.889,0.747,5,"0.726,0.635,0.71,0.772,0.889"
,a13b5e9f9,2026-01-22T05:13:17,,test_swap_loading_time[wallet_load_alex_user],passed,1.205,3.78,1.788,5,"3.78,1.423,1.318,1.213,1.205"
,a13b5e9f9,2026-01-22T05:13:17,,test_wallet_loading_time[wallet_load_user],passed,0.561,1.212,0.806,5,"0.837,1.212,0.683,0.737,0.561"
,a13b5e9f9,2026-01-22T05:13:17,,test_wallet_loading_time[wallet_load_alex_user],passed,0.78,1.318,1.053,5,"0.78,1.063,0.995,1.108,1.318"
,a13b5e9f9,2026-01-22T05:13:17,,test_swap_loading_time[wallet_load_user],passed,0.841,2.821,1.322,5,"2.821,1.029,0.967,0.95,0.841"
,0e9f9a533,2026-01-23T05:14:24,,test_wallet_loading_time[wallet_load_user],passed,0.663,1.197,0.829,5,"0.901,1.197,0.682,0.702,0.663"
,0e9f9a533,2026-01-23T05:14:24,,test_swap_loading_time[wallet_load_user],passed,0.902,2.933,1.346,5,"2.933,0.995,0.976,0.924,0.902"
,0e9f9a533,2026-01-23T05:14:24,,test_wallet_loading_time[wallet_load_alex_user],passed,0.782,1.302,1.099,5,"0.782,1.302,1.068,1.188,1.155"
,0e9f9a533,2026-01-23T05:14:24,,test_swap_loading_time[wallet_load_alex_user],passed,1.278,3.6,1.82,5,"3.6,1.52,1.414,1.278,1.289"
,d98126cd1,2026-01-23T09:57:37,,test_swap_loading_time[wallet_load_alex_user],passed,0.953,3.383,1.506,5,"3.383,1.147,0.998,1.048,0.953"
,d98126cd1,2026-01-23T09:57:37,,test_wallet_loading_time[wallet_load_alex_user],passed,1.009,1.313,1.165,5,"1.009,1.139,1.27,1.313,1.094"
,d98126cd1,2026-01-23T09:57:37,,test_swap_loading_time[wallet_load_user],passed,1.11,3.33,1.568,5,"3.33,1.142,1.131,1.125,1.11"
,d98126cd1,2026-01-23T09:57:37,,test_wallet_loading_time[wallet_load_user],passed,0.625,0.786,0.692,5,"0.639,0.625,0.655,0.786,0.755"
,ff342a10b,2026-01-24T05:13:34,,test_swap_loading_time[wallet_load_user],passed,0.934,2.89,1.397,5,"2.89,1.007,1.117,1.037,0.934"
,ff342a10b,2026-01-24T05:13:34,,test_swap_loading_time[wallet_load_alex_user],passed,0.919,5.002,1.777,5,"5.002,1.012,0.93,1.024,0.919"
,ff342a10b,2026-01-24T05:13:34,,test_wallet_loading_time[wallet_load_alex_user],passed,0.895,1.036,0.982,5,"0.895,1.034,0.959,1.036,0.984"
,ff342a10b,2026-01-24T05:13:34,,test_wallet_loading_time[wallet_load_user],passed,0.826,1.011,0.901,5,"1.011,0.945,0.844,0.882,0.826"
,ff342a10b,2026-01-25T05:12:47,,test_wallet_loading_time[wallet_load_alex_user],passed,1.192,1.787,1.36,5,"1.787,1.192,1.196,1.283,1.343"
,ff342a10b,2026-01-25T05:12:47,,test_swap_loading_time[wallet_load_user],passed,0.968,3.476,1.566,5,"3.476,1.069,1.202,0.968,1.113"
,ff342a10b,2026-01-25T05:12:47,,test_wallet_loading_time[wallet_load_user],passed,0.606,0.824,0.715,5,"0.824,0.751,0.606,0.677,0.719"
,ff342a10b,2026-01-25T05:12:47,,test_swap_loading_time[wallet_load_alex_user],passed,1.012,4.017,1.724,5,"4.017,1.273,1.088,1.228,1.012"
,ff342a10b,2026-01-26T05:13:56,,test_wallet_loading_time[wallet_load_user],passed,0.632,0.85,0.745,5,"0.632,0.697,0.808,0.737,0.85"
,ff342a10b,2026-01-26T05:13:56,,test_swap_loading_time[wallet_load_user],passed,0.843,4.073,1.564,5,"4.073,1.054,0.975,0.843,0.876"
,ff342a10b,2026-01-26T05:13:56,,test_swap_loading_time[wallet_load_alex_user],passed,1.021,2.962,1.494,5,"2.962,1.116,1.123,1.246,1.021"
,ff342a10b,2026-01-26T05:13:56,,test_wallet_loading_time[wallet_load_alex_user],passed,1.029,2.09,1.568,5,"2.078,2.09,1.447,1.198,1.029"
,ff342a10b,2026-01-26T08:41:52,,test_wallet_loading_time[wallet_load_alex_user],passed,0.863,0.946,0.906,5,"0.863,0.928,0.946,0.886,0.907"
,ff342a10b,2026-01-26T08:41:52,,test_wallet_loading_time[wallet_load_user],passed,0.831,0.948,0.89,5,"0.831,0.948,0.865,0.882,0.923"
,ff342a10b,2026-01-26T08:41:52,,test_swap_loading_time[wallet_load_user],passed,0.85,4.711,1.674,5,"4.711,0.998,0.85,0.947,0.861"
,ff342a10b,2026-01-26T08:41:52,,test_swap_loading_time[wallet_load_alex_user],passed,0.861,2.898,1.341,5,"2.898,1.032,0.999,0.915,0.861"
,02ea15278,2026-01-27T05:15:51,,test_wallet_loading_time[wallet_load_alex_user],passed,0.863,1.442,1.218,5,"0.863,1.326,1.2,1.259,1.442"
,02ea15278,2026-01-27T05:15:51,,test_swap_loading_time[wallet_load_alex_user],passed,1.149,4.53,1.922,5,"4.53,1.338,1.307,1.286,1.149"
,02ea15278,2026-01-27T05:15:51,,test_swap_loading_time[wallet_load_user],passed,0.955,3.253,1.49,5,"3.253,1.181,0.955,1.101,0.958"
,02ea15278,2026-01-27T05:15:51,,test_wallet_loading_time[wallet_load_user],passed,0.6,0.913,0.731,5,"0.791,0.913,0.656,0.6,0.696"
,8945f173a,2026-01-29T11:41:40,,test_wallet_loading_time[wallet_load_user],passed,0.861,1.288,0.966,5,"0.861,1.288,0.891,0.911,0.88"
,8945f173a,2026-01-29T11:41:40,,test_swap_loading_time[wallet_load_alex_user],passed,0.852,2.897,1.381,5,"2.897,1.056,1.157,0.942,0.852"
,8945f173a,2026-01-29T11:41:40,,test_wallet_loading_time[wallet_load_alex_user],passed,0.864,1.043,0.959,5,"0.864,0.952,0.97,1.043,0.964"
,8945f173a,2026-01-29T11:41:40,,test_swap_loading_time[wallet_load_user],passed,0.878,2.722,1.317,5,"2.722,1.005,1.004,0.977,0.878"
,8945f173a,2026-01-29T13:26:35,,test_swap_loading_time[wallet_load_user],passed,0.882,2.751,1.302,5,"2.751,0.941,0.882,0.883,1.054"
,8945f173a,2026-01-29T13:26:35,,test_wallet_loading_time[wallet_load_alex_user],passed,0.838,1.294,1.049,5,"0.838,0.983,0.999,1.294,1.132"
,8945f173a,2026-01-29T13:26:35,,test_wallet_loading_time[wallet_load_user],passed,0.727,1.524,0.931,5,"1.524,0.904,0.762,0.739,0.727"
,8945f173a,2026-01-29T13:26:35,,test_swap_loading_time[wallet_load_alex_user],passed,1.051,4.347,1.884,5,"4.347,1.301,1.414,1.051,1.31"
,926f390dc,2026-01-30T05:25:36,,test_swap_loading_time[wallet_load_user],passed,0.925,2.793,1.349,5,"2.793,1.048,0.925,0.959,1.022"
,926f390dc,2026-01-30T05:25:36,,test_swap_loading_time[wallet_load_alex_user],passed,1.16,3.672,1.753,5,"3.672,1.388,1.255,1.292,1.16"
,926f390dc,2026-01-30T05:25:36,,test_wallet_loading_time[wallet_load_alex_user],passed,0.931,1.337,1.145,5,"0.931,1.083,1.072,1.337,1.302"
,926f390dc,2026-01-30T05:25:36,,test_wallet_loading_time[wallet_load_user],passed,0.597,0.814,0.698,5,"0.814,0.731,0.705,0.597,0.644"
,239fc4e1b,2026-01-31T05:19:53,,test_wallet_loading_time[wallet_load_alex_user],passed,0.858,1.585,1.125,5,"1.218,1.585,1.028,0.938,0.858"
,239fc4e1b,2026-01-31T05:19:53,,test_swap_loading_time[wallet_load_user],passed,0.797,4.474,1.589,5,"4.474,0.949,0.863,0.797,0.864"
,239fc4e1b,2026-01-31T05:19:53,,test_wallet_loading_time[wallet_load_user],passed,0.728,0.997,0.848,5,"0.882,0.728,0.76,0.875,0.997"
,239fc4e1b,2026-01-31T05:19:53,,test_swap_loading_time[wallet_load_alex_user],passed,1.007,3.403,1.585,5,"3.403,1.222,1.172,1.122,1.007"
,239fc4e1b,2026-02-01T05:13:45,,test_swap_loading_time[wallet_load_user],passed,0.929,2.824,1.347,5,"2.824,1.014,0.986,0.984,0.929"
,239fc4e1b,2026-02-01T05:13:45,,test_wallet_loading_time[wallet_load_user],passed,0.847,0.958,0.906,5,"0.9,0.943,0.847,0.884,0.958"
,239fc4e1b,2026-02-01T05:13:45,,test_swap_loading_time[wallet_load_alex_user],passed,0.902,2.878,1.341,5,"2.878,1.014,0.944,0.966,0.902"
,239fc4e1b,2026-02-01T05:13:45,,test_wallet_loading_time[wallet_load_alex_user],passed,0.925,1.112,1.012,5,"0.925,1.112,0.994,0.973,1.058"
,9381d0d06,2026-02-02T05:12:29,,test_wallet_loading_time[wallet_load_user],passed,0.633,1.389,0.875,5,"1.389,1.046,0.665,0.633,0.641"
,9381d0d06,2026-02-02T05:12:29,,test_swap_loading_time[wallet_load_alex_user],passed,1.171,3.856,1.827,5,"3.856,1.421,1.419,1.269,1.171"
,9381d0d06,2026-02-02T05:12:29,,test_swap_loading_time[wallet_load_user],passed,0.902,2.859,1.36,5,"2.859,0.925,0.992,0.902,1.124"
,9381d0d06,2026-02-02T05:12:29,,test_wallet_loading_time[wallet_load_alex_user],passed,0.886,1.345,1.115,5,"0.886,0.945,1.153,1.345,1.246"
,09b6b5546,2026-02-03T05:18:15,,test_wallet_loading_time[wallet_load_user],passed,0.652,0.816,0.714,5,"0.694,0.652,0.684,0.722,0.816"
,09b6b5546,2026-02-03T05:18:15,,test_swap_loading_time[wallet_load_alex_user],passed,0.951,4.386,1.763,5,"4.386,1.192,1.081,1.207,0.951"
,09b6b5546,2026-02-03T05:18:15,,test_swap_loading_time[wallet_load_user],passed,1.069,3.061,1.535,5,"3.061,1.069,1.169,1.175,1.199"
,09b6b5546,2026-02-03T05:18:15,,test_wallet_loading_time[wallet_load_alex_user],passed,1.076,1.38,1.245,5,"1.076,1.207,1.319,1.38,1.245"
,814c570f1,2026-02-04T05:15:35,,test_wallet_loading_time[wallet_load_alex_user],passed,0.997,2.559,1.419,5,"1.214,2.559,1.29,1.035,0.997"
,814c570f1,2026-02-04T05:15:35,,test_wallet_loading_time[wallet_load_user],passed,0.627,0.965,0.822,5,"0.627,0.785,0.835,0.899,0.965"
,814c570f1,2026-02-04T05:15:35,,test_swap_loading_time[wallet_load_alex_user],passed,0.736,2.935,1.26,5,"2.935,0.95,0.884,0.793,0.736"
,814c570f1,2026-02-04T05:15:35,,test_swap_loading_time[wallet_load_user],passed,1.115,3.243,1.582,5,"3.243,1.236,1.143,1.115,1.175"
,814c570f1,2026-02-05T05:18:07,,test_wallet_loading_time[wallet_load_user],passed,0.615,0.805,0.706,5,"0.723,0.73,0.615,0.655,0.805"
,814c570f1,2026-02-05T05:18:07,,test_swap_loading_time[wallet_load_alex_user],passed,1.085,4.853,1.906,5,"4.853,1.195,1.189,1.209,1.085"
,814c570f1,2026-02-05T05:18:07,,test_swap_loading_time[wallet_load_user],passed,0.948,2.82,1.39,5,"2.82,1.089,1.101,0.992,0.948"
,814c570f1,2026-02-05T05:18:07,,test_wallet_loading_time[wallet_load_alex_user],passed,0.943,1.282,1.128,5,"0.943,1.037,1.203,1.174,1.282"
,fd333ea9f,2026-02-05T16:06:26,,test_wallet_loading_time[wallet_load_alex_user],passed,1.086,1.343,1.171,5,"1.086,1.2,1.343,1.13,1.096"
,fd333ea9f,2026-02-05T16:06:26,,test_wallet_loading_time[wallet_load_user],passed,0.619,0.83,0.737,5,"0.619,0.662,0.83,0.763,0.812"
,fd333ea9f,2026-02-05T16:06:26,,test_swap_loading_time[wallet_load_alex_user],passed,0.843,3.459,1.489,5,"3.459,1.177,0.978,0.988,0.843"
,ab48e3420,2026-02-06T05:16:20,,test_wallet_loading_time[wallet_load_user],passed,0.833,0.93,0.881,5,"0.891,0.93,0.833,0.893,0.858"
,ab48e3420,2026-02-06T05:16:20,,test_swap_loading_time[wallet_load_user],passed,0.927,2.993,1.392,5,"2.993,1.066,1.012,0.927,0.96"
,ab48e3420,2026-02-06T05:16:20,,test_wallet_loading_time[wallet_load_alex_user],passed,0.837,1.092,0.969,5,"0.837,1.092,0.937,0.997,0.982"
,ab48e3420,2026-02-06T05:16:20,,test_swap_loading_time[wallet_load_alex_user],passed,0.901,3.054,1.418,5,"3.054,1.069,0.926,0.901,1.14"
,7bfa94ad3,2026-02-06T08:25:45,,test_wallet_loading_time[wallet_load_alex_user],passed,0.769,1.037,0.882,5,"0.769,0.88,0.802,1.037,0.921"
,7bfa94ad3,2026-02-06T08:25:45,,test_swap_loading_time[wallet_load_alex_user],passed,0.721,2.192,1.043,5,"2.192,0.762,0.721,0.804,0.738"
,7bfa94ad3,2026-02-06T08:25:45,,test_wallet_loading_time[wallet_load_user],passed,0.91,1.147,1.029,5,"0.91,0.955,1.054,1.081,1.147"
,7bfa94ad3,2026-02-06T08:25:45,,test_swap_loading_time[wallet_load_user],passed,0.88,2.981,1.394,5,"2.981,1.116,0.96,1.03,0.88"
,1feb533b1,2026-02-07T05:16:40,,test_swap_loading_time[wallet_load_user],passed,0.954,4.269,1.663,5,"4.269,1.085,1.041,0.968,0.954"
,1feb533b1,2026-02-07T05:16:40,,test_wallet_loading_time[wallet_load_alex_user],passed,0.856,1.27,1.117,5,"0.856,1.146,1.159,1.152,1.27"
,1feb533b1,2026-02-07T05:16:40,,test_wallet_loading_time[wallet_load_user],passed,0.656,0.764,0.712,5,"0.747,0.703,0.688,0.656,0.764"
,1feb533b1,2026-02-07T05:16:40,,test_swap_loading_time[wallet_load_alex_user],passed,1.082,3.91,1.769,5,"3.91,1.4,1.296,1.155,1.082"
,1feb533b1,2026-02-08T05:13:06,,test_swap_loading_time[wallet_load_user],passed,0.966,2.767,1.336,5,"2.767,0.968,1.008,0.969,0.966"
,1feb533b1,2026-02-08T05:13:06,,test_swap_loading_time[wallet_load_alex_user],passed,0.944,2.848,1.408,5,"2.848,1.102,0.944,1.066,1.081"
,1feb533b1,2026-02-08T05:13:06,,test_wallet_loading_time[wallet_load_user],passed,0.872,0.911,0.891,5,"0.872,0.879,0.911,0.883,0.907"
,1feb533b1,2026-02-08T05:13:06,,test_wallet_loading_time[wallet_load_alex_user],passed,0.923,1.109,0.988,5,"0.923,0.953,1.031,1.109,0.926"
,6d173bfdf,2026-02-09T05:14:59,,test_wallet_loading_time[wallet_load_user],passed,0.728,1.057,0.864,5,"0.728,0.795,0.831,0.91,1.057"
,6d173bfdf,2026-02-09T05:14:59,,test_swap_loading_time[wallet_load_user],passed,1.161,3.908,1.745,5,"3.908,1.261,1.197,1.197,1.161"
,6d173bfdf,2026-02-09T05:14:59,,test_wallet_loading_time[wallet_load_alex_user],passed,0.823,1.052,0.964,5,"1.029,0.952,1.052,0.961,0.823"
,6d173bfdf,2026-02-09T05:14:59,,test_swap_loading_time[wallet_load_alex_user],passed,0.813,4.172,1.537,5,"4.172,0.93,0.929,0.841,0.813"
,a4e0c817c,2026-02-10T05:13:17,,test_wallet_loading_time[wallet_load_alex_user],passed,0.878,1.185,1.095,5,"0.878,1.175,1.093,1.185,1.142"
,a4e0c817c,2026-02-10T05:13:17,,test_swap_loading_time[wallet_load_user],passed,0.896,2.572,1.287,5,"2.572,1.001,0.987,0.978,0.896"
,a4e0c817c,2026-02-10T05:13:17,,test_wallet_loading_time[wallet_load_user],passed,0.618,0.951,0.748,5,"0.951,0.827,0.722,0.618,0.623"
,a4e0c817c,2026-02-10T05:13:17,,test_swap_loading_time[wallet_load_alex_user],passed,1.304,3.624,1.806,5,"3.624,1.342,1.437,1.304,1.324"
,67f3eaa6f,2026-02-10T12:46:40,,test_wallet_loading_time[wallet_load_alex_user],passed,0.84,1.118,1.025,5,"1.084,1.118,1.112,0.973,0.84"
,67f3eaa6f,2026-02-10T12:46:40,,test_swap_loading_time[wallet_load_alex_user],passed,1.034,3.136,1.49,5,"3.136,1.067,1.034,1.05,1.165"
,67f3eaa6f,2026-02-10T12:46:40,,test_wallet_loading_time[wallet_load_user],passed,0.782,1.028,0.912,5,"0.782,0.909,0.875,0.964,1.028"
,67f3eaa6f,2026-02-10T12:46:40,,test_swap_loading_time[wallet_load_user],passed,1.224,4.317,1.961,5,"4.317,1.446,1.449,1.371,1.224"
,67f3eaa6f,2026-02-10T16:24:54,,test_swap_loading_time[wallet_load_alex_user],passed,1.126,3.605,1.692,5,"3.605,1.245,1.219,1.263,1.126"
,67f3eaa6f,2026-02-10T16:24:54,,test_swap_loading_time[wallet_load_user],passed,0.848,2.74,1.3,5,"2.74,1.02,0.848,1.002,0.89"
,67f3eaa6f,2026-02-10T16:24:54,,test_wallet_loading_time[wallet_load_user],passed,0.579,0.89,0.77,5,"0.876,0.89,0.805,0.699,0.579"
,67f3eaa6f,2026-02-10T16:24:54,,test_wallet_loading_time[wallet_load_alex_user],passed,0.829,1.224,1.094,5,"0.829,1.088,1.137,1.192,1.224"
,bd7d5c072,2026-02-11T05:21:27,,test_wallet_loading_time[wallet_load_user],passed,0.681,0.93,0.773,5,"0.683,0.681,0.757,0.815,0.93"
,bd7d5c072,2026-02-11T05:21:27,,test_swap_loading_time[wallet_load_alex_user],passed,1.026,3.307,1.582,5,"3.307,1.177,1.348,1.051,1.026"
,bd7d5c072,2026-02-11T05:21:27,,test_swap_loading_time[wallet_load_user],passed,1.124,3.953,1.77,5,"3.953,1.303,1.275,1.198,1.124"
,bd7d5c072,2026-02-11T05:21:27,,test_wallet_loading_time[wallet_load_alex_user],passed,1.051,1.453,1.158,5,"1.147,1.453,1.051,1.081,1.057"
,cb98f3d65,2026-02-11T11:49:58,,test_wallet_loading_time[wallet_load_alex_user],passed,0.688,1.855,1.07,5,"1.013,1.855,0.921,0.873,0.688"
,cb98f3d65,2026-02-11T11:49:58,,test_wallet_loading_time[wallet_load_user],passed,0.979,1.277,1.115,5,"0.979,1.081,1.003,1.277,1.233"
,cb98f3d65,2026-02-11T11:49:58,,test_swap_loading_time[wallet_load_user],passed,0.789,3.528,1.402,5,"3.528,0.904,0.885,0.906,0.789"
,cb98f3d65,2026-02-11T11:49:58,,test_swap_loading_time[wallet_load_alex_user],passed,0.702,2.118,1.058,5,"2.118,0.946,0.769,0.754,0.702"
,82e33c9ca,2026-02-12T05:15:29,,test_wallet_loading_time[wallet_load_user],passed,0.948,1.228,1.025,5,"1.008,1.228,0.958,0.948,0.983"
,82e33c9ca,2026-02-12T05:15:29,,test_swap_loading_time[wallet_load_alex_user],passed,0.846,2.725,1.301,5,"2.725,0.954,1.008,0.973,0.846"
,82e33c9ca,2026-02-12T05:15:29,,test_swap_loading_time[wallet_load_user],passed,0.888,2.201,1.218,5,"2.201,1.052,0.888,1.021,0.929"
,82e33c9ca,2026-02-12T05:15:29,,test_wallet_loading_time[wallet_load_alex_user],passed,1.04,1.166,1.086,5,"1.04,1.101,1.166,1.085,1.04"
,783adc768,2026-02-13T06:12:16,,test_wallet_loading_time[wallet_load_user],passed,1.045,1.18,1.136,5,"1.151,1.169,1.18,1.136,1.045"
,783adc768,2026-02-13T06:12:16,,test_swap_loading_time[wallet_load_alex_user],passed,0.847,2.594,1.242,5,"2.594,0.847,0.97,0.924,0.877"
,783adc768,2026-02-13T06:12:16,,test_wallet_loading_time[wallet_load_alex_user],passed,0.706,0.887,0.804,5,"0.818,0.783,0.706,0.827,0.887"
,783adc768,2026-02-13T06:12:16,,test_swap_loading_time[wallet_load_user],passed,0.634,2.258,1.012,5,"2.258,0.758,0.721,0.687,0.634"
,e27b645f4,2026-02-13T10:29:52,,test_wallet_loading_time[wallet_load_alex_user],passed,0.604,1.068,0.886,5,"0.604,0.899,0.884,1.068,0.976"
,e27b645f4,2026-02-13T10:29:52,,test_swap_loading_time[wallet_load_user],passed,0.776,2.256,1.096,5,"2.256,0.797,0.844,0.809,0.776"
,e27b645f4,2026-02-13T10:29:52,,test_wallet_loading_time[wallet_load_user],passed,0.765,1.647,1.06,5,"1.05,1.647,0.926,0.912,0.765"
,e27b645f4,2026-02-13T10:29:52,,test_swap_loading_time[wallet_load_alex_user],passed,0.98,3.102,1.51,5,"3.102,1.045,1.123,1.301,0.98"
,312dc49f1,2026-02-14T05:16:59,,test_wallet_loading_time[wallet_load_user],passed,0.661,0.902,0.775,5,"0.661,0.728,0.79,0.793,0.902"
,312dc49f1,2026-02-14T05:16:59,,test_swap_loading_time[wallet_load_user],passed,0.674,2.057,1.006,5,"2.057,0.8,0.747,0.751,0.674"
,312dc49f1,2026-02-14T05:16:59,,test_swap_loading_time[wallet_load_alex_user],passed,0.882,4.955,1.803,5,"4.955,1.243,0.999,0.935,0.882"
,312dc49f1,2026-02-14T05:16:59,,test_wallet_loading_time[wallet_load_alex_user],passed,1.027,2.102,1.302,5,"2.102,1.078,1.136,1.167,1.027"
,a7b15fb36,2026-02-15T05:15:49,,test_wallet_loading_time[wallet_load_user],passed,0.752,1.032,0.913,5,"0.752,0.879,0.909,0.991,1.032"
,a7b15fb36,2026-02-15T05:15:49,,test_swap_loading_time[wallet_load_user],passed,0.676,1.96,0.972,5,"1.96,0.762,0.676,0.755,0.706"
,a7b15fb36,2026-02-15T05:15:49,,test_wallet_loading_time[wallet_load_alex_user],passed,0.873,1.664,1.125,5,"1.109,1.664,1.014,0.963,0.873"
,a7b15fb36,2026-02-15T05:15:49,,test_swap_loading_time[wallet_load_alex_user],passed,0.892,4.168,1.681,5,"4.168,1.156,1.065,1.126,0.892"
,f5e2bc313,2026-02-16T05:24:24,,test_swap_loading_time[wallet_load_user],passed,1.037,2.698,1.416,5,"2.698,1.207,1.05,1.088,1.037"
,f5e2bc313,2026-02-16T05:24:24,,test_swap_loading_time[wallet_load_alex_user],passed,0.847,2.727,1.36,5,"2.727,1.051,1.122,0.847,1.054"
,f5e2bc313,2026-02-16T05:24:24,,test_wallet_loading_time[wallet_load_user],passed,0.865,1.05,0.97,5,"1.05,1.026,0.879,1.029,0.865"
,f5e2bc313,2026-02-16T05:24:24,,test_wallet_loading_time[wallet_load_alex_user],passed,0.856,1.045,0.965,5,"0.856,0.939,1.039,0.948,1.045"
,833da4872,2026-02-17T05:19:44,,test_swap_loading_time[wallet_load_alex_user],passed,0.971,2.564,1.318,5,"2.564,1.087,0.977,0.971,0.993"
,833da4872,2026-02-17T05:19:44,,test_wallet_loading_time[wallet_load_user],passed,0.616,0.914,0.784,5,"0.616,0.792,0.767,0.914,0.832"
,833da4872,2026-02-17T05:19:44,,test_swap_loading_time[wallet_load_user],passed,0.685,1.97,0.967,5,"1.97,0.73,0.715,0.734,0.685"
,833da4872,2026-02-17T05:19:44,,test_wallet_loading_time[wallet_load_alex_user],passed,0.895,1.212,1.1,5,"1.212,1.206,1.136,1.053,0.895"
,6efc8a806,2026-02-19T05:21:36,,test_swap_loading_time[wallet_load_user],passed,0.711,2.273,1.07,5,"2.273,0.747,0.711,0.874,0.747"
,6efc8a806,2026-02-19T05:21:36,,test_wallet_loading_time[wallet_load_alex_user],passed,0.865,1.198,1.028,5,"1.198,1.015,1.11,0.954,0.865"
,6efc8a806,2026-02-19T05:21:36,,test_swap_loading_time[wallet_load_alex_user],passed,0.983,3.479,1.503,5,"3.479,0.998,1.03,0.983,1.023"
,6efc8a806,2026-02-19T05:21:36,,test_wallet_loading_time[wallet_load_user],passed,0.749,1.17,0.951,5,"0.749,0.879,0.912,1.046,1.17"
,2fb89c597,2026-02-20T05:17:20,,test_swap_loading_time[wallet_load_user],passed,0.641,1.959,0.934,5,"1.959,0.748,0.659,0.641,0.664"
,2fb89c597,2026-02-20T05:17:20,,test_swap_loading_time[wallet_load_alex_user],passed,0.795,2.561,1.24,5,"2.561,0.936,0.929,0.976,0.795"
,2fb89c597,2026-02-20T05:17:20,,test_wallet_loading_time[wallet_load_alex_user],passed,0.997,1.304,1.17,5,"1.304,1.187,1.266,1.095,0.997"
,2fb89c597,2026-02-20T05:17:20,,test_wallet_loading_time[wallet_load_user],passed,0.69,0.824,0.76,5,"0.774,0.69,0.69,0.824,0.821"
,8e785be3a,2026-02-21T05:15:27,,test_swap_loading_time[wallet_load_user],passed,0.663,1.965,0.96,5,"1.965,0.663,0.667,0.832,0.671"
,8e785be3a,2026-02-21T05:15:27,,test_wallet_loading_time[wallet_load_user],passed,0.687,0.902,0.765,5,"0.687,0.753,0.725,0.759,0.902"
,8e785be3a,2026-02-21T05:15:27,,test_swap_loading_time[wallet_load_alex_user],passed,0.873,2.565,1.293,5,"2.565,0.981,1.103,0.941,0.873"
,8e785be3a,2026-02-21T05:15:27,,test_wallet_loading_time[wallet_load_alex_user],passed,1.092,1.245,1.162,5,"1.092,1.245,1.117,1.217,1.14"
,8e785be3a,2026-02-22T05:13:08,,test_swap_loading_time[wallet_load_user],passed,0.911,3.768,1.544,5,"3.768,1.051,1.015,0.911,0.974"
,8e785be3a,2026-02-22T05:13:08,,test_swap_loading_time[wallet_load_alex_user],passed,0.92,2.776,1.331,5,"2.776,0.983,1.015,0.963,0.92"
,8e785be3a,2026-02-22T05:13:08,,test_wallet_loading_time[wallet_load_user],passed,0.889,0.971,0.936,5,"0.931,0.948,0.971,0.942,0.889"
,8e785be3a,2026-02-22T05:13:08,,test_wallet_loading_time[wallet_load_alex_user],passed,0.818,2.154,1.161,5,"0.909,0.818,0.935,2.154,0.989"
,8e785be3a,2026-02-23T05:14:47,,test_swap_loading_time[wallet_load_user],passed,0.602,2.545,1.084,5,"2.545,0.78,0.818,0.675,0.602"
,8e785be3a,2026-02-23T05:14:47,,test_wallet_loading_time[wallet_load_user],passed,0.653,0.808,0.745,5,"0.796,0.78,0.653,0.689,0.808"
,8e785be3a,2026-02-23T05:14:47,,test_wallet_loading_time[wallet_load_alex_user],passed,0.937,1.425,1.195,5,"0.937,1.425,1.269,1.112,1.231"
,8e785be3a,2026-02-23T05:14:47,,test_swap_loading_time[wallet_load_alex_user],passed,0.846,2.432,1.194,5,"2.432,0.852,0.846,0.952,0.889"
,e4e83fa97,2026-02-24T05:14:23,,test_wallet_loading_time[wallet_load_user],passed,0.679,0.836,0.769,5,"0.836,0.803,0.679,0.736,0.792"
,e4e83fa97,2026-02-24T05:14:23,,test_wallet_loading_time[wallet_load_alex_user],passed,1.124,1.817,1.312,5,"1.126,1.817,1.274,1.221,1.124"
,e4e83fa97,2026-02-24T05:14:23,,test_swap_loading_time[wallet_load_user],passed,0.591,2.227,1.04,5,"2.227,0.833,0.799,0.751,0.591"
,e4e83fa97,2026-02-24T05:14:23,,test_swap_loading_time[wallet_load_alex_user],passed,0.782,3.268,1.336,5,"3.268,0.876,0.898,0.856,0.782"
,2bb78a5da,2026-02-26T06:25:19,,test_wallet_loading_time[wallet_load_user],passed,0.72,0.917,0.822,5,"0.917,0.877,0.832,0.72,0.763"
,2bb78a5da,2026-02-26T06:25:19,,test_wallet_assets_loading_time[wallet_load_alex_user],passed,0.847,1.621,1.066,10,"1.317,0.847,1.154,0.898,1.439,1.621,1.314,1.036,1.341,0.929"
,2bb78a5da,2026-02-26T06:25:19,,test_swap_loading_time[wallet_load_alex_user],passed,0.767,2.216,1.117,5,"2.216,1.034,0.776,0.79,0.767"
,2bb78a5da,2026-02-26T06:25:19,,test_swap_loading_time[wallet_load_user],passed,1.014,3.168,1.488,5,"3.168,1.098,1.014,1.084,1.077"
,2bb78a5da,2026-02-26T06:25:19,,test_wallet_assets_loading_time[wallet_load_user],passed,0.741,1.056,0.892,10,"0.932,0.942,0.741,0.897,1.056,0.881,0.762,0.87,0.773,0.872"
,2bb78a5da,2026-02-26T06:25:19,,test_wallet_loading_time[wallet_load_alex_user],passed,1.058,1.471,1.247,5,"1.058,1.241,1.179,1.471,1.285"
,11131824d,2026-02-27T12:23:08,,test_wallet_loading_time[wallet_load_user],passed,0.675,0.979,0.809,5,"0.954,0.979,0.753,0.683,0.675"
,11131824d,2026-02-27T12:23:08,,test_wallet_loading_time[wallet_load_alex_user],passed,0.903,1.273,1.063,5,"0.983,0.903,1.015,1.142,1.273"
,11131824d,2026-02-27T12:23:08,,test_wallet_assets_loading_time[wallet_load_alex_user],passed,0.732,1.135,0.82,10,"1.046,0.732,1.019,0.791,0.994,0.809,1.11,0.904,1.135,0.865"
,11131824d,2026-02-27T12:23:08,,test_swap_loading_time[wallet_load_alex_user],passed,0.722,2.537,1.142,5,"2.537,0.891,0.767,0.793,0.722"
,11131824d,2026-02-27T12:23:08,,test_swap_loading_time[wallet_load_user],passed,0.986,4.587,1.766,5,"4.587,1.148,1.114,0.997,0.986"
,11131824d,2026-02-27T12:23:08,,test_wallet_assets_loading_time[wallet_load_user],passed,0.749,1.232,0.868,10,"0.798,0.749,0.836,0.774,0.955,1.232,0.858,0.788,0.868,0.797"
,fd03f2c99,2026-02-28T05:24:43,,test_wallet_loading_time[wallet_load_alex_user],passed,0.868,1.932,1.129,5,"0.989,1.932,0.985,0.868,0.869"
,fd03f2c99,2026-02-28T05:24:43,,test_wallet_assets_loading_time[wallet_load_user],passed,0.811,1.552,1.268,10,"1.552,1.383,1.136,1.417,1.023,1.366,0.998,1.134,0.811,1.042"
,fd03f2c99,2026-02-28T05:24:43,,test_wallet_assets_loading_time[wallet_load_alex_user],passed,0.567,1.173,0.802,10,"0.912,0.879,0.882,0.749,1.076,1.173,0.877,0.642,0.777,0.567"
,fd03f2c99,2026-02-28T05:24:43,,test_wallet_loading_time[wallet_load_user],passed,0.789,1.009,0.89,5,"0.815,0.789,0.928,0.909,1.009"
,fd03f2c99,2026-02-28T05:24:43,,test_swap_loading_time[wallet_load_user],passed,0.685,2.149,1.085,5,"2.149,1.047,0.795,0.749,0.685"
,fd03f2c99,2026-02-28T05:24:43,,test_swap_loading_time[wallet_load_alex_user],passed,0.943,2.613,1.363,5,"2.613,0.943,1.052,1.186,1.02"
,fd03f2c99,2026-03-01T05:26:31,,test_swap_loading_time[wallet_load_alex_user],passed,0.946,2.606,1.345,5,"2.606,1.129,1.028,0.946,1.017"
,fd03f2c99,2026-03-01T05:26:31,,test_wallet_assets_loading_time[wallet_load_alex_user],passed,0.741,1.314,0.898,10,"1.047,0.829,0.949,0.741,1.189,1.314,0.986,0.787,0.945,0.821"
,fd03f2c99,2026-03-01T05:26:31,,test_wallet_assets_loading_time[wallet_load_user],passed,0.805,1.567,1.053,10,"1.121,1.015,1.079,0.911,0.959,1.567,0.859,0.869,0.805,0.901"
,fd03f2c99,2026-03-01T05:26:31,,test_wallet_loading_time[wallet_load_alex_user],passed,0.891,0.993,0.931,5,"0.898,0.891,0.993,0.917,0.956"
,fd03f2c99,2026-03-01T05:26:31,,test_wallet_loading_time[wallet_load_user],passed,0.832,0.957,0.891,5,"0.957,0.864,0.832,0.873,0.929"
,fd03f2c99,2026-03-01T05:26:31,,test_swap_loading_time[wallet_load_user],passed,0.843,2.854,1.369,5,"2.854,1.214,0.976,0.959,0.843"
,fd03f2c99,2026-03-02T05:29:56,,test_swap_loading_time[wallet_load_user],passed,0.869,2.712,1.246,5,"2.712,0.89,0.878,0.869,0.88"
,fd03f2c99,2026-03-02T05:29:56,,test_wallet_assets_loading_time[wallet_load_alex_user],passed,0.896,1.28,0.956,10,"1.28,0.896,1.038,0.975,1.247,0.944,1.133,0.942,1.018,1.021"
,fd03f2c99,2026-03-02T05:29:56,,test_wallet_loading_time[wallet_load_alex_user],passed,0.857,1.007,0.916,5,"1.007,0.902,0.857,0.921,0.89"
,fd03f2c99,2026-03-02T05:29:56,,test_swap_loading_time[wallet_load_alex_user],passed,0.729,2.657,1.166,5,"2.657,0.871,0.807,0.769,0.729"
,fd03f2c99,2026-03-02T05:29:56,,test_wallet_loading_time[wallet_load_user],passed,0.699,0.934,0.82,5,"0.782,0.699,0.934,0.82,0.866"
,fd03f2c99,2026-03-02T05:29:56,,test_wallet_assets_loading_time[wallet_load_user],passed,0.849,1.162,1.043,10,"0.982,0.998,0.908,0.974,0.884,1.1,0.849,1.162,0.918,0.98"
,2aa2132ee,2026-03-03T08:47:24,,test_swap_loading_time[wallet_load_user],passed,0.977,3.885,1.682,5,"3.885,1.292,1.186,1.067,0.977"
,2aa2132ee,2026-03-03T08:47:24,,test_wallet_assets_loading_time[wallet_load_alex_user],passed,0.539,1.283,0.736,10,"1.283,0.863,0.984,0.554,0.94,1.175,0.746,0.548,0.788,0.539"
,2aa2132ee,2026-03-03T08:47:24,,test_wallet_loading_time[wallet_load_alex_user],passed,0.88,1.027,0.949,5,"0.974,0.88,1.027,0.956,0.909"
,2aa2132ee,2026-03-03T08:47:24,,test_swap_loading_time[wallet_load_alex_user],passed,0.783,2.654,1.212,5,"2.654,0.96,0.8,0.863,0.783"
,2aa2132ee,2026-03-03T08:47:24,,test_wallet_loading_time[wallet_load_user],passed,0.894,0.949,0.921,5,"0.949,0.894,0.9,0.917,0.944"
,2aa2132ee,2026-03-03T08:47:24,,test_wallet_assets_loading_time[wallet_load_user],passed,0.839,1.236,1.052,10,"1.236,1.021,0.93,1.085,0.845,1.12,0.943,1.016,0.839,1.017"
,a47b8369c,2026-03-04T05:15:39,,test_swap_loading_time[wallet_load_user],passed,0.919,2.894,1.356,5,"2.894,1.057,0.936,0.975,0.919"
,a47b8369c,2026-03-04T05:15:39,,test_swap_loading_time[wallet_load_alex_user],passed,0.915,2.902,1.383,5,"2.902,1.034,1.044,1.019,0.915"
,a47b8369c,2026-03-04T05:15:39,,test_wallet_loading_time[wallet_load_user],passed,0.868,0.935,0.905,5,"0.923,0.935,0.868,0.884,0.918"
,a47b8369c,2026-03-04T05:15:39,,test_wallet_assets_loading_time[wallet_load_user],passed,0.754,1.106,0.857,10,"1.106,1.019,0.984,0.8,0.754,0.805,0.996,0.822,0.775,0.84"
,a47b8369c,2026-03-04T05:15:39,,test_wallet_loading_time[wallet_load_alex_user],passed,0.873,1.013,0.946,5,"0.897,0.971,0.976,1.013,0.873"
,a47b8369c,2026-03-04T05:15:39,,test_wallet_assets_loading_time[wallet_load_alex_user],passed,0.708,1.319,0.868,10,"1.169,0.828,0.917,0.708,1.132,1.319,0.969,0.76,0.944,0.724"
,a47b8369c,2026-03-05T05:30:10,,test_wallet_assets_loading_time[wallet_load_alex_user],passed,0.742,1.208,0.954,10,"1.147,0.925,0.874,0.746,0.942,1.208,0.991,0.742,0.932,1.151"
,a47b8369c,2026-03-05T05:30:10,,test_wallet_loading_time[wallet_load_alex_user],passed,0.883,1.071,0.969,5,"1.071,0.891,0.949,1.051,0.883"
,a47b8369c,2026-03-05T05:30:10,,test_wallet_loading_time[wallet_load_user],passed,0.796,0.921,0.862,5,"0.849,0.889,0.852,0.921,0.796"
,a47b8369c,2026-03-05T05:30:10,,test_wallet_assets_loading_time[wallet_load_user],passed,0.763,1.252,0.945,10,"1.252,1.089,0.902,0.946,0.763,0.902,1.208,0.908,0.79,0.881"
,a47b8369c,2026-03-05T05:30:10,,test_swap_loading_time[wallet_load_user],passed,0.867,3.284,1.436,5,"3.284,1.072,0.98,0.976,0.867"
,a47b8369c,2026-03-05T05:30:10,,test_swap_loading_time[wallet_load_alex_user],passed,0.937,2.656,1.334,5,"2.656,1.049,1.02,1.007,0.937"
,a47b8369c,2026-03-06T05:16:25,,test_wallet_loading_time[wallet_load_alex_user],passed,0.906,1.169,1.043,5,"0.998,1.05,1.169,1.09,0.906"
,a47b8369c,2026-03-06T05:16:25,,test_swap_loading_time[wallet_load_user],passed,0.955,3.124,1.433,5,"3.124,1.107,1.019,0.959,0.955"
,a47b8369c,2026-03-06T05:16:25,,test_swap_loading_time[wallet_load_alex_user],passed,0.958,2.912,1.373,5,"2.912,1.041,0.998,0.958,0.958"
,a47b8369c,2026-03-06T05:16:25,,test_wallet_assets_loading_time[wallet_load_alex_user],passed,0.752,1.248,0.928,10,"1.114,0.954,0.966,0.901,1.036,1.248,1.018,0.782,0.971,0.752"
,a47b8369c,2026-03-06T05:16:25,,test_wallet_assets_loading_time[wallet_load_user],passed,0.864,1.3,1.06,10,"1.291,1.175,0.895,1.202,1.3,1.094,1.0,0.963,0.935,0.864"
,a47b8369c,2026-03-06T05:16:25,,test_wallet_loading_time[wallet_load_user],passed,0.822,0.952,0.879,5,"0.85,0.952,0.864,0.822,0.905"
,0fd8d909e,2026-03-06T09:03:06,,test_wallet_loading_time[wallet_load_user],passed,0.834,0.951,0.88,5,"0.834,0.874,0.86,0.882,0.951"
,0fd8d909e,2026-03-06T09:03:06,,test_swap_loading_time[wallet_load_user],passed,0.93,3.298,1.438,5,"3.298,1.061,0.93,0.946,0.956"
,0fd8d909e,2026-03-06T09:03:06,,test_swap_loading_time[wallet_load_alex_user],passed,0.937,2.587,1.298,5,"2.587,1.03,0.952,0.984,0.937"
,0fd8d909e,2026-03-06T09:03:06,,test_wallet_loading_time[wallet_load_alex_user],passed,0.951,0.992,0.975,5,"0.966,0.951,0.992,0.98,0.988"
,0fd8d909e,2026-03-06T09:03:06,,test_wallet_assets_loading_time[wallet_load_alex_user],passed,0.73,1.01,0.814,10,"1.01,0.876,0.846,0.73,0.906,0.749,0.867,0.782,0.927,0.93"
,0fd8d909e,2026-03-06T09:03:06,,test_wallet_assets_loading_time[wallet_load_user],passed,0.846,1.221,1.054,10,"1.136,1.052,0.968,1.221,1.193,1.051,0.846,1.022,0.865,0.924"
,a980ae767,2026-03-07T06:05:17,,test_wallet_loading_time[wallet_load_alex_user],passed,0.974,1.091,1.032,5,"1.08,0.981,1.091,1.036,0.974"
,a980ae767,2026-03-07T06:05:17,,test_wallet_loading_time[wallet_load_user],passed,0.687,0.873,0.771,5,"0.815,0.873,0.736,0.687,0.745"
,a980ae767,2026-03-07T06:05:17,,test_wallet_assets_loading_time[wallet_load_alex_user],passed,0.721,1.49,0.915,10,"1.059,0.721,0.877,0.804,1.121,1.49,0.995,0.795,0.946,0.768"
,a980ae767,2026-03-07T06:05:17,,test_wallet_assets_loading_time[wallet_load_user],passed,0.806,1.295,1.093,10,"1.133,1.072,0.888,1.295,1.049,1.053,0.806,0.982,0.844,1.063"
,a980ae767,2026-03-07T06:05:17,,test_swap_loading_time[wallet_load_user],passed,0.906,2.924,1.339,5,"2.924,1.02,0.93,0.913,0.906"
,a980ae767,2026-03-07T06:05:17,,test_swap_loading_time[wallet_load_alex_user],passed,1.017,2.832,1.448,5,"2.832,1.017,1.122,1.046,1.221"
,a980ae767,2026-03-08T05:12:30,,test_swap_loading_time[wallet_load_user],passed,0.926,2.786,1.343,5,"2.786,1.053,0.938,1.01,0.926"
,a980ae767,2026-03-08T05:12:30,,test_wallet_assets_loading_time[wallet_load_alex_user],passed,0.671,1.39,0.921,10,"1.233,0.99,0.941,0.804,1.001,1.39,0.929,0.751,0.852,0.671"
,a980ae767,2026-03-08T05:12:30,,test_swap_loading_time[wallet_load_alex_user],passed,0.912,2.608,1.284,5,"2.608,1.01,0.912,0.934,0.957"
,a980ae767,2026-03-08T05:12:30,,test_wallet_loading_time[wallet_load_user],passed,0.821,1.386,0.957,5,"0.868,1.386,0.85,0.863,0.821"
,a980ae767,2026-03-08T05:12:30,,test_wallet_loading_time[wallet_load_alex_user],passed,0.871,1.349,1.006,5,"0.937,1.349,0.921,0.954,0.871"
,a980ae767,2026-03-08T05:12:30,,test_wallet_assets_loading_time[wallet_load_user],passed,0.71,1.078,0.823,10,"1.078,0.896,0.855,0.781,0.785,0.816,0.71,0.8,0.721,0.823"
,a980ae767,2026-03-09T05:14:17,,test_wallet_assets_loading_time[wallet_load_alex_user],passed,0.688,1.231,0.848,10,"1.1,0.842,0.932,0.776,1.008,1.231,0.908,0.702,0.998,0.688"
,a980ae767,2026-03-09T05:14:17,,test_swap_loading_time[wallet_load_user],passed,0.946,3.022,1.383,5,"3.022,1.034,0.948,0.964,0.946"
,a980ae767,2026-03-09T05:14:17,,test_wallet_assets_loading_time[wallet_load_user],passed,0.715,1.076,0.92,10,"1.076,1.0,0.841,0.955,0.715,0.907,0.731,0.883,0.739,0.855"
,a980ae767,2026-03-09T05:14:17,,test_wallet_loading_time[wallet_load_alex_user],passed,0.892,1.052,0.962,5,"0.892,0.971,1.052,0.967,0.928"
,a980ae767,2026-03-09T05:14:17,,test_wallet_loading_time[wallet_load_user],passed,0.816,0.897,0.866,5,"0.87,0.86,0.889,0.816,0.897"
,a980ae767,2026-03-09T05:14:17,,test_swap_loading_time[wallet_load_alex_user],passed,0.965,2.82,1.351,5,"2.82,0.993,0.989,0.965,0.989"
,a980ae767,2026-03-10T05:15:33,,test_swap_loading_time[wallet_load_user],passed,0.915,3.334,1.43,5,"3.334,1.042,0.926,0.915,0.935"
,a980ae767,2026-03-10T05:15:33,,test_wallet_loading_time[wallet_load_user],passed,0.832,1.017,0.916,5,"1.017,0.916,0.832,0.911,0.905"
,a980ae767,2026-03-10T05:15:33,,test_wallet_assets_loading_time[wallet_load_user],passed,0.769,1.409,1.066,10,"1.095,0.935,0.976,1.096,1.113,1.409,0.769,0.968,0.956,0.923"
,a980ae767,2026-03-10T05:15:33,,test_swap_loading_time[wallet_load_alex_user],passed,0.908,2.588,1.306,5,"2.588,1.033,1.064,0.936,0.908"
,a980ae767,2026-03-10T05:15:33,,test_wallet_loading_time[wallet_load_alex_user],passed,0.885,0.972,0.915,5,"0.897,0.897,0.922,0.972,0.885"
,a980ae767,2026-03-10T05:15:33,,test_wallet_assets_loading_time[wallet_load_alex_user],passed,0.737,1.216,0.904,10,"1.18,0.804,0.911,0.803,0.982,1.216,0.98,0.737,0.988,0.96"
,a980ae767,2026-03-11T05:16:57,,test_swap_loading_time[wallet_load_user],passed,0.896,2.771,1.306,5,"2.771,0.972,0.968,0.896,0.924"
,a980ae767,2026-03-11T05:16:57,,test_wallet_assets_loading_time[wallet_load_alex_user],passed,0.725,1.076,0.837,10,"1.003,0.77,0.908,0.782,0.931,0.725,0.989,1.076,0.979,0.834"
,a980ae767,2026-03-11T05:16:57,,test_wallet_loading_time[wallet_load_alex_user],passed,0.837,0.995,0.913,5,"0.893,0.837,0.995,0.936,0.902"
,a980ae767,2026-03-11T05:16:57,,test_wallet_assets_loading_time[wallet_load_user],passed,0.734,1.161,0.915,10,"1.067,0.946,0.884,0.871,0.734,0.922,1.161,0.923,0.852,0.911"
,a980ae767,2026-03-11T05:16:57,,test_wallet_loading_time[wallet_load_user],passed,0.82,0.898,0.869,5,"0.872,0.868,0.82,0.885,0.898"
,a980ae767,2026-03-11T05:16:57,,test_swap_loading_time[wallet_load_alex_user],passed,0.937,3.108,1.426,5,"3.108,1.011,0.937,1.123,0.952"
,a980ae767,2026-03-12T09:07:18,,test_swap_loading_time[wallet_load_user],passed,0.926,2.208,1.218,5,"2.208,0.95,0.983,0.926,1.022"
,a980ae767,2026-03-12T09:07:18,,test_swap_loading_time[wallet_load_alex_user],passed,0.897,2.127,1.178,5,"2.127,0.99,0.969,0.906,0.897"
,a980ae767,2026-03-12T09:07:18,,test_wallet_loading_time[wallet_load_alex_user],passed,0.978,1.263,1.116,5,"0.978,1.263,0.986,1.098,1.255"
,a980ae767,2026-03-12T09:07:18,,test_wallet_assets_loading_time[wallet_load_user],passed,0.709,1.636,1.207,10,"1.481,1.414,1.052,0.855,1.099,1.636,0.752,1.012,0.709,1.118"
,a980ae767,2026-03-12T09:07:18,,test_wallet_loading_time[wallet_load_user],passed,0.94,1.093,0.983,5,"0.94,0.965,1.093,0.968,0.952"
,a980ae767,2026-03-12T09:07:18,,test_wallet_assets_loading_time[wallet_load_alex_user],passed,1.082,1.591,1.18,10,"1.323,1.196,1.144,1.199,1.408,1.082,1.43,1.21,1.591,1.211"
,a980ae767,2026-03-13T05:13:51,,test_wallet_loading_time[wallet_load_alex_user],passed,1.003,1.296,1.091,5,"1.296,1.019,1.055,1.084,1.003"
,a980ae767,2026-03-13T05:13:51,,test_swap_loading_time[wallet_load_alex_user],passed,0.904,4.003,1.585,5,"4.003,1.02,1.001,0.998,0.904"
,a980ae767,2026-03-13T05:13:51,,test_swap_loading_time[wallet_load_user],passed,1.029,2.162,1.302,5,"2.162,1.104,1.044,1.171,1.029"
,a980ae767,2026-03-13T05:13:51,,test_wallet_loading_time[wallet_load_user],passed,0.885,1.051,0.943,5,"0.921,0.912,1.051,0.947,0.885"
,a980ae767,2026-03-13T05:13:51,,test_wallet_assets_loading_time[wallet_load_user],passed,1.0,1.716,1.54,10,"1.489,1.429,1.0,1.716,1.393,1.539,1.27,1.496,1.182,1.52"
,a980ae767,2026-03-13T05:13:51,,test_wallet_assets_loading_time[wallet_load_alex_user],passed,1.129,1.71,1.184,10,"1.471,1.228,1.29,1.177,1.71,1.129,1.493,1.218,1.465,1.167"
,c5f102f92,2026-03-14T05:09:39,,test_wallet_loading_time[wallet_load_user],passed,0.896,1.018,0.94,5,"0.926,0.896,0.92,1.018,0.939"
,c5f102f92,2026-03-14T05:09:39,,test_swap_loading_time[wallet_load_user],passed,1.033,2.288,1.318,5,"2.288,1.056,1.093,1.033,1.118"
,c5f102f92,2026-03-14T05:09:39,,test_wallet_loading_time[wallet_load_alex_user],passed,1.029,1.179,1.086,5,"1.029,1.069,1.179,1.039,1.115"
,c5f102f92,2026-03-14T05:09:39,,test_swap_loading_time[wallet_load_alex_user],passed,0.92,2.144,1.188,5,"2.144,0.954,0.997,0.92,0.922"
,c5f102f92,2026-03-14T05:09:39,,test_wallet_assets_loading_time[wallet_load_user],passed,0.729,1.519,1.158,10,"1.494,1.421,1.069,0.834,1.095,1.519,0.887,1.064,0.729,0.953"
,c5f102f92,2026-03-14T05:09:39,,test_wallet_assets_loading_time[wallet_load_alex_user],passed,1.123,1.673,1.256,10,"1.354,1.349,1.123,1.256,1.673,1.252,1.453,1.174,1.398,1.247"
,7afb60d1b,2026-03-15T05:11:30,,test_wallet_loading_time[wallet_load_alex_user],passed,0.999,1.871,1.206,5,"1.073,1.871,1.076,0.999,1.01"
,7afb60d1b,2026-03-15T05:11:30,,test_wallet_assets_loading_time[wallet_load_alex_user],passed,1.045,1.696,1.244,10,"1.407,1.407,1.045,1.249,1.696,1.208,1.48,1.246,1.559,1.111"
,7afb60d1b,2026-03-15T05:11:30,,test_wallet_assets_loading_time[wallet_load_user],passed,0.788,1.508,1.108,10,"1.508,1.375,1.002,0.918,0.995,1.369,0.848,0.944,0.788,0.933"
,7afb60d1b,2026-03-15T05:11:30,,test_swap_loading_time[wallet_load_user],passed,0.937,2.174,1.213,5,"2.174,0.965,1.017,0.937,0.971"
,7afb60d1b,2026-03-15T05:11:30,,test_wallet_loading_time[wallet_load_user],passed,0.906,0.988,0.956,5,"0.906,0.93,0.988,0.985,0.97"
,7afb60d1b,2026-03-15T05:11:30,,test_swap_loading_time[wallet_load_alex_user],passed,0.917,2.106,1.175,5,"2.106,0.933,0.986,0.931,0.917"
,7afb60d1b,2026-03-16T05:08:20,,test_swap_loading_time[wallet_load_user],passed,0.924,2.346,1.263,5,"2.346,0.991,1.043,1.01,0.924"
,7afb60d1b,2026-03-16T05:08:20,,test_swap_loading_time[wallet_load_alex_user],passed,0.971,2.082,1.231,5,"2.082,1.046,1.033,0.971,1.026"
,7afb60d1b,2026-03-16T05:08:20,,test_wallet_assets_loading_time[wallet_load_alex_user],passed,1.193,1.772,1.227,10,"1.407,1.324,1.347,1.219,1.442,1.204,1.504,1.193,1.772,1.193"
,7afb60d1b,2026-03-16T05:08:20,,test_wallet_loading_time[wallet_load_user],passed,0.91,1.079,0.968,5,"1.079,0.911,1.002,0.938,0.91"
,7afb60d1b,2026-03-16T05:08:20,,test_wallet_loading_time[wallet_load_alex_user],passed,0.978,1.192,1.047,5,"0.978,1.017,1.192,1.033,1.015"
,7afb60d1b,2026-03-16T05:08:20,,test_wallet_assets_loading_time[wallet_load_user],passed,0.886,1.607,1.184,10,"1.434,1.481,1.046,1.409,1.607,0.923,0.886,1.086,1.048,1.018"
,b7c29ff39,2026-03-17T05:16:22,,test_swap_loading_time[wallet_load_alex_user],passed,0.905,2.053,1.154,5,"2.053,0.909,0.966,0.905,0.935"
,b7c29ff39,2026-03-17T05:16:22,,test_swap_loading_time[wallet_load_user],passed,0.963,2.213,1.244,5,"2.213,0.977,0.963,0.984,1.084"
,b7c29ff39,2026-03-17T05:16:22,,test_wallet_assets_loading_time[wallet_load_user],passed,0.785,1.46,1.084,10,"1.46,1.347,0.993,1.089,0.816,1.22,1.09,0.88,0.785,0.884"
,b7c29ff39,2026-03-17T05:16:22,,test_wallet_assets_loading_time[wallet_load_alex_user],passed,0.907,1.788,1.154,10,"1.388,1.326,1.344,1.177,1.788,0.907,1.472,1.179,1.442,1.181"
,b7c29ff39,2026-03-17T05:16:22,,test_wallet_loading_time[wallet_load_user],passed,0.921,1.063,0.996,5,"1.003,0.921,0.944,1.063,1.051"
,b7c29ff39,2026-03-17T05:16:22,,test_wallet_loading_time[wallet_load_alex_user],passed,0.922,1.121,1.014,5,"0.98,0.922,1.121,0.989,1.058"
,b7c29ff39,2026-03-17T07:28:52,,test_wallet_loading_time[wallet_load_alex_user],passed,0.763,1.287,1.068,5,"0.763,1.09,1.287,1.044,1.157"
,b7c29ff39,2026-03-17T07:28:52,,test_swap_loading_time[wallet_load_user],passed,0.986,2.563,1.391,5,"2.563,1.125,1.139,1.142,0.986"
,b7c29ff39,2026-03-17T07:28:52,,test_swap_loading_time[wallet_load_alex_user],passed,0.819,1.973,1.06,5,"1.973,0.825,0.843,0.838,0.819"
,b7c29ff39,2026-03-17T07:28:52,,test_wallet_assets_loading_time[wallet_load_alex_user],passed,1.354,1.797,1.444,10,"1.592,1.54,1.401,1.354,1.608,1.402,1.797,1.489,1.712,1.434"
,b7c29ff39,2026-03-17T07:28:52,,test_wallet_assets_loading_time[wallet_load_user],passed,0.723,1.262,1.009,10,"1.262,1.182,0.864,0.939,0.723,1.179,0.883,0.823,0.725,0.922"
,b7c29ff39,2026-03-17T07:28:52,,test_wallet_loading_time[wallet_load_user],passed,0.711,1.182,0.928,5,"1.182,1.022,0.905,0.821,0.711"
,0aee97d3c,2026-03-23T11:44:34,,test_status_community_loading_time[user_data0-user_account0],passed,6.399,7.552,6.796,5,"7.552,6.876,6.399,6.686,6.466"
,0aee97d3c,2026-03-23T11:44:34,,test_swap_loading_time[wallet_load_alex_user],passed,0.924,2.185,1.197,5,"2.185,0.975,0.924,0.952,0.946"
,0aee97d3c,2026-03-23T11:44:34,,test_wallet_assets_loading_time[wallet_load_user],passed,0.829,1.636,1.386,10,"1.467,1.45,0.978,1.636,1.386,1.435,0.829,1.193,1.044,1.215"
,0aee97d3c,2026-03-23T11:44:34,,test_wallet_loading_time[wallet_load_alex_user],passed,1.016,2.574,1.469,5,"1.103,2.574,1.586,1.069,1.016"
,0aee97d3c,2026-03-23T11:44:34,,test_swap_loading_time[wallet_load_user],passed,0.905,2.186,1.224,5,"2.186,1.005,0.905,1.027,0.999"
,0aee97d3c,2026-03-23T11:44:34,,test_wallet_assets_loading_time[wallet_load_alex_user],passed,1.043,1.752,1.243,10,"1.457,1.419,1.142,1.253,1.752,1.043,1.588,1.188,1.466,1.313"
,0aee97d3c,2026-03-23T11:44:34,,test_wallet_loading_time[wallet_load_user],passed,0.84,0.997,0.921,5,"0.997,0.84,0.92,0.933,0.916"
,c1ea8393d,2026-03-24T05:04:11,,test_wallet_assets_loading_time[wallet_load_user],passed,0.731,1.478,0.929,10,"1.388,1.478,1.072,0.898,0.786,0.76,0.766,0.731,0.821,0.78"
,c1ea8393d,2026-03-24T05:04:11,,test_status_community_loading_time[user_data0-user_account0],passed,6.287,7.481,6.676,5,"7.481,6.838,6.287,6.321,6.452"
,c1ea8393d,2026-03-24T05:04:11,,test_swap_loading_time[wallet_load_user],passed,0.903,2.876,1.363,5,"2.876,1.076,0.944,1.016,0.903"
,c1ea8393d,2026-03-24T05:04:11,,test_wallet_loading_time[wallet_load_alex_user],passed,0.876,1.028,0.953,5,"0.939,0.876,0.975,0.949,1.028"
,c1ea8393d,2026-03-24T05:04:11,,test_wallet_loading_time[wallet_load_user],passed,0.896,1.014,0.945,5,"1.014,0.929,0.97,0.896,0.917"
,c1ea8393d,2026-03-24T05:04:11,,test_swap_loading_time[wallet_load_alex_user],passed,0.89,3.639,1.479,5,"3.639,0.939,0.93,0.995,0.89"
,c1ea8393d,2026-03-24T05:04:11,,test_wallet_assets_loading_time[wallet_load_alex_user],passed,1.116,1.694,1.237,10,"1.243,1.313,1.396,1.206,1.694,1.116,1.449,1.127,1.451,1.422"
,86e08bbd3,2026-03-25T05:11:47,,test_wallet_assets_loading_time[wallet_load_user],passed,1.144,1.581,1.363,10,"1.339,1.432,1.144,1.581,1.464,1.407,1.195,1.181,1.183,1.214"
,86e08bbd3,2026-03-25T05:11:47,,test_status_community_loading_time[user_data0-user_account0],passed,6.204,6.967,6.448,5,"6.967,6.204,6.247,6.419,6.401"
,86e08bbd3,2026-03-25T05:11:47,,test_wallet_loading_time[wallet_load_alex_user],passed,0.81,1.043,0.959,5,"0.928,0.81,1.043,0.974,1.037"
,86e08bbd3,2026-03-25T05:11:47,,test_wallet_assets_loading_time[wallet_load_alex_user],passed,1.114,1.546,1.204,10,"1.246,1.383,1.292,1.185,1.416,1.114,1.472,1.14,1.546,1.2"
,86e08bbd3,2026-03-25T05:11:47,,test_swap_loading_time[wallet_load_alex_user],passed,0.942,3.629,1.497,5,"3.629,0.998,0.947,0.97,0.942"
,86e08bbd3,2026-03-25T05:11:47,,test_wallet_loading_time[wallet_load_user],passed,0.888,1.007,0.954,5,"1.002,0.888,0.949,0.923,1.007"
,86e08bbd3,2026-03-25T05:11:47,,test_swap_loading_time[wallet_load_user],passed,0.919,2.22,1.227,5,"2.22,1.001,0.956,1.039,0.919"
,f513623d8,2026-03-25T15:13:49,,test_wallet_loading_time[wallet_load_alex_user],passed,0.876,1.036,0.956,5,"0.96,0.876,1.036,0.963,0.946"
,f513623d8,2026-03-25T15:13:49,,test_swap_loading_time[wallet_load_alex_user],passed,0.883,2.194,1.172,5,"2.194,0.995,0.885,0.883,0.905"
,f513623d8,2026-03-25T15:13:49,,test_swap_loading_time[wallet_load_user],passed,0.919,2.083,1.182,5,"2.083,1.014,0.919,0.953,0.943"
,f513623d8,2026-03-25T15:13:49,,test_status_community_loading_time[user_data0-user_account0],passed,6.244,7.73,6.732,5,"6.244,6.419,6.505,7.73,6.765"
,f513623d8,2026-03-25T15:13:49,,test_wallet_loading_time[wallet_load_user],passed,0.861,1.006,0.938,5,"1.006,0.861,0.952,0.923,0.949"
,f513623d8,2026-03-25T15:13:49,,test_wallet_assets_loading_time[wallet_load_user],passed,0.946,1.563,1.232,10,"1.308,1.423,1.047,1.101,0.946,1.563,0.951,1.055,0.985,1.018"
,f513623d8,2026-03-25T15:13:49,,test_wallet_assets_loading_time[wallet_load_alex_user],passed,1.065,1.613,1.184,10,"1.275,1.286,1.347,1.252,1.457,1.065,1.429,1.118,1.613,1.201"
,a6ff3fdcb,2026-03-26T05:15:16,,test_wallet_assets_loading_time[wallet_load_user],passed,0.756,1.42,1.026,10,"1.379,1.42,1.086,0.858,0.756,1.144,1.176,0.799,0.792,0.911"
,a6ff3fdcb,2026-03-26T05:15:16,,test_wallet_loading_time[wallet_load_user],passed,0.813,0.931,0.889,5,"0.931,0.813,0.881,0.931,0.888"
,a6ff3fdcb,2026-03-26T05:15:16,,test_swap_loading_time[wallet_load_alex_user],passed,0.908,2.131,1.189,5,"2.131,1.049,0.921,0.935,0.908"
,a6ff3fdcb,2026-03-26T05:15:16,,test_swap_loading_time[wallet_load_user],passed,0.898,2.302,1.237,5,"2.302,1.073,0.94,0.972,0.898"
,a6ff3fdcb,2026-03-26T05:15:16,,test_status_community_loading_time[user_data0-user_account0],passed,6.326,9.774,7.159,5,"9.774,6.947,6.41,6.326,6.34"
,a6ff3fdcb,2026-03-26T05:15:16,,test_wallet_assets_loading_time[wallet_load_alex_user],passed,0.998,1.648,1.157,10,"1.27,1.384,1.331,1.199,1.648,0.998,1.468,1.095,1.426,1.109"
,a6ff3fdcb,2026-03-26T05:15:16,,test_wallet_loading_time[wallet_load_alex_user],passed,0.863,0.997,0.949,5,"0.973,0.863,0.995,0.916,0.997"
,ecb015b26,2026-03-27T05:18:49,,test_wallet_loading_time[wallet_load_alex_user],passed,0.913,1.725,1.137,5,"1.031,1.725,0.945,0.913,1.071"
,ecb015b26,2026-03-27T05:18:49,,test_status_community_loading_time[user_data0-user_account0],passed,6.387,8.377,6.809,5,"8.377,6.427,6.464,6.388,6.387"
,ecb015b26,2026-03-27T05:18:49,,test_wallet_loading_time[wallet_load_user],passed,0.885,0.956,0.919,5,"0.909,0.942,0.885,0.903,0.956"
,ecb015b26,2026-03-27T05:18:49,,test_wallet_assets_loading_time[wallet_load_user],passed,0.846,1.684,1.147,10,"1.42,1.5,1.048,1.214,1.684,1.244,0.846,0.904,0.865,0.871"
,ecb015b26,2026-03-27T05:18:49,,test_wallet_assets_loading_time[wallet_load_alex_user],passed,1.157,1.638,1.21,10,"1.266,1.319,1.334,1.227,1.638,1.179,1.503,1.168,1.412,1.157"
,ecb015b26,2026-03-27T05:18:49,,test_swap_loading_time[wallet_load_alex_user],passed,0.919,2.128,1.21,5,"2.128,0.996,1.068,0.937,0.919"
,ecb015b26,2026-03-27T05:18:49,,test_swap_loading_time[wallet_load_user],passed,0.924,2.263,1.202,5,"2.263,0.941,0.924,0.938,0.945"
,33ea9e651,2026-03-29T05:15:00,,test_swap_loading_time[wallet_load_user],passed,0.913,2.196,1.211,5,"2.196,1.026,0.965,0.913,0.957"
,33ea9e651,2026-03-29T05:15:00,,test_wallet_assets_loading_time[wallet_load_user],passed,0.718,1.293,0.865,10,"1.293,0.958,0.768,0.759,0.718,0.724,0.727,1.075,0.944,0.807"
,33ea9e651,2026-03-29T05:15:00,,test_wallet_loading_time[wallet_load_alex_user],passed,0.874,1.112,0.951,5,"0.942,1.112,0.91,0.918,0.874"
,33ea9e651,2026-03-29T05:15:00,,test_status_community_loading_time[user_data0-user_account0],passed,5.959,6.366,6.14,5,"6.227,6.366,6.098,5.959,6.048"
,33ea9e651,2026-03-29T05:15:00,,test_wallet_loading_time[wallet_load_user],passed,0.811,0.909,0.864,5,"0.901,0.853,0.909,0.845,0.811"
,33ea9e651,2026-03-29T05:15:00,,test_swap_loading_time[wallet_load_alex_user],passed,0.829,2.101,1.158,5,"2.101,0.829,0.928,1.023,0.909"
,33ea9e651,2026-03-29T05:15:00,,test_wallet_assets_loading_time[wallet_load_alex_user],passed,0.858,1.832,1.286,10,"1.152,1.07,0.858,1.165,1.536,1.248,1.392,1.114,1.341,1.832"
,33ea9e651,2026-03-30T05:16:28,,test_swap_loading_time[wallet_load_alex_user],passed,0.878,2.163,1.18,5,"2.163,0.878,0.988,0.932,0.94"
,33ea9e651,2026-03-30T05:16:28,,test_wallet_assets_loading_time[wallet_load_alex_user],passed,0.797,1.461,1.133,10,"1.133,1.141,0.797,1.178,1.461,1.142,1.348,1.108,1.423,1.098"
,33ea9e651,2026-03-30T05:16:28,,test_wallet_loading_time[wallet_load_alex_user],passed,0.778,1.097,0.985,5,"0.93,1.097,0.778,1.051,1.067"
,33ea9e651,2026-03-30T05:16:28,,test_swap_loading_time[wallet_load_user],passed,0.92,2.266,1.224,5,"2.266,0.996,0.968,0.92,0.972"
,33ea9e651,2026-03-30T05:16:28,,test_wallet_assets_loading_time[wallet_load_user],passed,0.718,1.241,0.891,10,"1.241,1.04,0.826,0.795,0.718,1.071,1.233,0.784,0.738,0.765"
,33ea9e651,2026-03-30T05:16:28,,test_status_community_loading_time[user_data0-user_account0],passed,6.045,6.375,6.278,5,"6.375,6.368,6.252,6.35,6.045"
,33ea9e651,2026-03-30T05:16:28,,test_wallet_loading_time[wallet_load_user],passed,0.819,0.876,0.843,5,"0.819,0.865,0.876,0.822,0.833"
,3a958c91f,2026-03-31T05:18:15,,test_wallet_loading_time[wallet_load_user],passed,0.834,0.867,0.848,5,"0.84,0.834,0.84,0.859,0.867"
,3a958c91f,2026-03-31T05:18:15,,test_wallet_assets_loading_time[wallet_load_user],passed,0.732,1.264,0.929,10,"1.225,1.007,0.815,0.774,0.732,1.123,1.264,0.846,0.814,0.892"
,3a958c91f,2026-03-31T05:18:15,,test_wallet_assets_loading_time[wallet_load_alex_user],passed,0.851,1.349,1.108,10,"1.117,1.076,0.851,1.14,1.343,1.055,1.349,1.126,1.292,1.141"
,3a958c91f,2026-03-31T05:18:15,,test_wallet_loading_time[wallet_load_alex_user],passed,0.871,0.967,0.91,5,"0.871,0.945,0.883,0.967,0.884"
,3a958c91f,2026-03-31T05:18:15,,test_status_community_loading_time[user_data0-user_account0],passed,6.178,6.443,6.357,5,"6.419,6.343,6.443,6.402,6.178"
,3a958c91f,2026-03-31T05:18:15,,test_swap_loading_time[wallet_load_alex_user],passed,0.833,2.063,1.125,5,"2.063,0.833,0.896,0.934,0.897"
,3a958c91f,2026-03-31T05:18:15,,test_swap_loading_time[wallet_load_user],passed,0.896,2.268,1.207,5,"2.268,0.937,0.978,0.957,0.896"
,b49e61fba,2026-04-01T05:15:45,,test_status_community_loading_time[user_data0-user_account0],passed,6.116,6.64,6.383,5,"6.64,6.505,6.301,6.356,6.116"
,b49e61fba,2026-04-01T05:15:45,,test_wallet_loading_time[wallet_load_alex_user],passed,0.881,0.983,0.923,5,"0.881,0.983,0.892,0.945,0.914"
,b49e61fba,2026-04-01T05:15:45,,test_swap_loading_time[wallet_load_alex_user],passed,0.847,2.119,1.157,5,"2.119,0.847,0.924,0.964,0.932"
,b49e61fba,2026-04-01T05:15:45,,test_wallet_assets_loading_time[wallet_load_user],passed,0.811,1.303,0.963,10,"1.222,0.999,0.811,0.956,0.821,1.11,1.303,0.851,0.815,0.9"
,b49e61fba,2026-04-01T05:15:45,,test_wallet_assets_loading_time[wallet_load_alex_user],passed,0.785,1.671,1.144,10,"1.179,1.003,0.785,1.158,1.671,1.291,1.302,1.112,1.361,1.156"
,b49e61fba,2026-04-01T05:15:45,,test_swap_loading_time[wallet_load_user],passed,0.897,2.097,1.177,5,"2.097,0.897,0.982,0.955,0.954"
,b49e61fba,2026-04-01T05:15:45,,test_wallet_loading_time[wallet_load_user],passed,0.806,0.902,0.843,5,"0.902,0.806,0.818,0.808,0.88"
,aae240e21,2026-04-03T05:13:15,,test_swap_loading_time[wallet_load_alex_user],passed,0.906,2.458,1.222,5,"2.458,0.909,0.926,0.906,0.91"
,aae240e21,2026-04-03T05:13:15,,test_wallet_assets_loading_time[wallet_load_user],passed,0.68,1.313,0.775,10,"1.313,0.914,0.701,0.716,0.68,0.736,0.691,0.792,0.72,0.715"
,aae240e21,2026-04-03T05:13:15,,test_wallet_assets_loading_time[wallet_load_alex_user],passed,0.748,1.386,1.111,10,"1.18,0.958,0.748,1.099,1.329,1.148,1.308,1.128,1.386,1.219"
,aae240e21,2026-04-03T05:13:15,,test_swap_loading_time[wallet_load_user],passed,0.867,2.183,1.195,5,"2.183,0.867,0.951,0.971,1.005"
,aae240e21,2026-04-03T05:13:15,,test_wallet_loading_time[wallet_load_user],passed,0.861,0.932,0.876,5,"0.864,0.932,0.863,0.861,0.862"
,aae240e21,2026-04-03T05:13:15,,test_wallet_loading_time[wallet_load_alex_user],passed,0.858,0.936,0.888,5,"0.877,0.936,0.879,0.858,0.892"
,aae240e21,2026-04-03T05:13:15,,test_status_community_loading_time[user_data0-user_account0],passed,6.209,6.42,6.339,5,"6.42,6.337,6.398,6.33,6.209"
,b8a9afda1,2026-04-04T05:16:28,,test_swap_loading_time[wallet_load_alex_user],passed,0.828,2.292,1.177,5,"2.292,0.828,0.868,0.965,0.931"
,b8a9afda1,2026-04-04T05:16:28,,test_wallet_assets_loading_time[wallet_load_user],passed,0.685,1.289,0.857,10,"1.289,0.902,0.818,0.717,0.711,1.159,1.218,0.775,0.685,0.73"
,b8a9afda1,2026-04-04T05:16:28,,test_wallet_loading_time[wallet_load_alex_user],passed,0.802,0.925,0.871,5,"0.888,0.871,0.802,0.925,0.872"
,b8a9afda1,2026-04-04T05:16:28,,test_wallet_assets_loading_time[wallet_load_alex_user],passed,0.668,1.215,0.86,10,"1.155,1.021,0.705,0.712,0.757,0.685,0.978,1.215,0.713,0.668"
,b8a9afda1,2026-04-04T05:16:28,,test_status_community_loading_time[user_data0-user_account0],passed,6.41,14.261,8.24,5,"14.261,6.41,6.424,7.668,6.439"
,b8a9afda1,2026-04-04T05:16:28,,test_wallet_loading_time[wallet_load_user],passed,0.808,0.864,0.836,5,"0.816,0.808,0.864,0.86,0.835"
,b8a9afda1,2026-04-04T05:16:28,,test_swap_loading_time[wallet_load_user],passed,0.898,2.092,1.162,5,"2.092,0.898,0.916,0.939,0.966"
,b8a9afda1,2026-04-05T05:15:03,,test_wallet_assets_loading_time[wallet_load_alex_user],passed,0.642,1.417,0.766,10,"1.417,1.118,0.755,0.642,0.777,0.668,0.753,0.682,0.753,0.717"
,b8a9afda1,2026-04-05T05:15:03,,test_swap_loading_time[wallet_load_user],passed,0.892,2.178,1.211,5,"2.178,0.892,0.971,0.989,1.026"
,b8a9afda1,2026-04-05T05:15:03,,test_wallet_loading_time[wallet_load_user],passed,0.652,0.888,0.754,5,"0.763,0.652,0.7,0.767,0.888"
,b8a9afda1,2026-04-05T05:15:03,,test_status_community_loading_time[user_data0-user_account0],passed,5.859,6.576,6.21,5,"6.576,5.859,6.221,6.187,6.207"
,b8a9afda1,2026-04-05T05:15:03,,test_wallet_loading_time[wallet_load_alex_user],passed,0.779,1.152,0.972,5,"1.137,1.152,0.925,0.867,0.779"
,b8a9afda1,2026-04-05T05:15:03,,test_wallet_assets_loading_time[wallet_load_user],passed,0.776,1.606,1.3,10,"1.286,0.908,0.776,1.3,1.258,1.606,0.853,1.438,1.044,1.246"
,b8a9afda1,2026-04-05T05:15:03,,test_swap_loading_time[wallet_load_alex_user],passed,0.863,2.118,1.149,5,"2.118,0.907,0.863,0.934,0.921"
,fd0d571b5,2026-04-06T05:18:01,,test_status_community_loading_time[user_data0-user_account0],passed,5.983,6.433,6.135,5,"6.433,5.983,6.085,6.077,6.097"
,fd0d571b5,2026-04-06T05:18:01,,test_swap_loading_time[wallet_load_alex_user],passed,0.835,2.964,1.343,5,"2.964,0.835,1.01,0.971,0.933"
,fd0d571b5,2026-04-06T05:18:01,,test_wallet_loading_time[wallet_load_user],passed,0.849,0.904,0.872,5,"0.849,0.873,0.869,0.904,0.868"
,fd0d571b5,2026-04-06T05:18:01,,test_wallet_assets_loading_time[wallet_load_user],passed,0.782,1.387,1.164,10,"1.27,1.02,0.782,1.191,1.073,1.387,1.245,1.137,1.162,1.082"
,fd0d571b5,2026-04-06T05:18:01,,test_wallet_loading_time[wallet_load_alex_user],passed,0.814,0.919,0.888,5,"0.919,0.898,0.814,0.918,0.893"
,fd0d571b5,2026-04-06T05:18:01,,test_swap_loading_time[wallet_load_user],passed,0.836,2.175,1.181,5,"2.175,0.836,0.96,1.014,0.919"
,fd0d571b5,2026-04-06T05:18:01,,test_wallet_assets_loading_time[wallet_load_alex_user],passed,0.769,1.196,0.876,10,"1.196,1.189,0.784,0.818,0.962,0.769,0.942,0.787,0.963,0.816"
,db4b5c5a4,2026-04-07T05:16:23,,test_status_community_loading_time[user_data0-user_account0],passed,6.217,6.948,6.395,5,"6.948,6.358,6.217,6.225,6.228"
,db4b5c5a4,2026-04-07T05:16:23,,test_wallet_loading_time[wallet_load_user],passed,0.819,0.882,0.844,5,"0.882,0.825,0.832,0.863,0.819"
,db4b5c5a4,2026-04-07T05:16:23,,test_wallet_loading_time[wallet_load_alex_user],passed,0.828,0.909,0.866,5,"0.909,0.871,0.853,0.828,0.867"
,db4b5c5a4,2026-04-07T05:16:23,,test_wallet_assets_loading_time[wallet_load_user],passed,0.665,1.256,0.849,10,"1.256,0.967,0.691,0.698,0.665,0.748,0.7,1.07,1.103,0.762"
,db4b5c5a4,2026-04-07T05:16:23,,test_swap_loading_time[wallet_load_alex_user],passed,0.915,2.235,1.208,5,"2.235,0.918,0.964,1.009,0.915"
,db4b5c5a4,2026-04-07T05:16:23,,test_wallet_assets_loading_time[wallet_load_alex_user],passed,0.79,1.255,0.993,10,"1.166,1.121,0.79,1.005,1.254,0.92,1.2,0.968,1.255,0.951"
,db4b5c5a4,2026-04-07T05:16:23,,test_swap_loading_time[wallet_load_user],passed,0.985,2.168,1.234,5,"2.168,0.99,1.023,0.985,1.004"
,0cfbcd252,2026-04-08T05:27:04,,test_swap_loading_time[wallet_load_alex_user],passed,0.88,2.09,1.242,5,"2.09,0.88,1.069,1.203,0.968"
,0cfbcd252,2026-04-08T05:27:04,,test_swap_loading_time[wallet_load_user],passed,0.911,2.19,1.238,5,"2.19,0.911,1.01,0.968,1.109"
,0cfbcd252,2026-04-08T05:27:04,,test_status_community_loading_time[user_data0-user_account0],passed,6.076,6.66,6.359,5,"6.66,6.641,6.076,6.206,6.214"
,0cfbcd252,2026-04-08T05:27:04,,test_wallet_assets_loading_time[wallet_load_alex_user],passed,0.556,0.826,0.639,10,"0.826,0.757,0.749,0.734,0.664,0.558,0.713,0.556,0.744,0.592"
,0cfbcd252,2026-04-08T05:27:04,,test_wallet_assets_loading_time[wallet_load_user],passed,0.768,1.398,0.977,10,"0.983,0.88,0.854,1.005,0.852,1.023,1.398,0.958,0.768,1.018"
,0cfbcd252,2026-04-08T05:27:04,,test_wallet_loading_time[wallet_load_alex_user],passed,0.747,0.903,0.819,5,"0.903,0.868,0.773,0.802,0.747"
,0cfbcd252,2026-04-08T05:27:04,,test_wallet_loading_time[wallet_load_user],passed,0.655,0.994,0.817,5,"0.756,0.655,0.767,0.911,0.994"
,ded3d36ad,2026-04-09T05:15:35,,test_wallet_loading_time[wallet_load_alex_user],passed,0.775,0.92,0.829,5,"0.775,0.92,0.84,0.817,0.793"
,ded3d36ad,2026-04-09T05:15:35,,test_swap_loading_time[wallet_load_alex_user],passed,0.877,2.535,1.28,5,"2.535,0.877,1.048,0.963,0.978"
,ded3d36ad,2026-04-09T05:15:35,,test_wallet_assets_loading_time[wallet_load_user],passed,0.656,1.284,0.811,10,"0.916,0.656,0.744,0.77,0.66,0.993,1.284,0.85,0.727,0.785"
,ded3d36ad,2026-04-09T05:15:35,,test_wallet_loading_time[wallet_load_user],passed,0.785,0.821,0.802,5,"0.79,0.821,0.819,0.792,0.785"
,ded3d36ad,2026-04-09T05:15:35,,test_status_community_loading_time[user_data0-user_account0],passed,6.076,6.46,6.191,5,"6.076,6.102,6.127,6.191,6.46"
,ded3d36ad,2026-04-09T05:15:35,,test_wallet_assets_loading_time[wallet_load_alex_user],passed,0.611,1.249,0.795,10,"0.808,0.673,0.735,0.735,0.785,0.611,0.838,1.249,0.797,0.704"
,ded3d36ad,2026-04-09T05:15:35,,test_swap_loading_time[wallet_load_user],passed,0.946,2.705,1.358,5,"2.705,0.975,1.157,0.946,1.009"
,edd49a7e3,2026-04-10T05:06:45,,test_wallet_loading_time[wallet_load_user],passed,0.756,0.962,0.869,5,"0.756,0.839,0.852,0.933,0.962"
,edd49a7e3,2026-04-10T05:06:45,,test_wallet_loading_time[wallet_load_alex_user],passed,0.688,0.994,0.818,5,"0.944,0.994,0.731,0.688,0.732"
,edd49a7e3,2026-04-10T05:06:45,,test_status_community_loading_time[user_data0-user_account0],passed,6.052,6.402,6.214,5,"6.243,6.402,6.191,6.182,6.052"
,edd49a7e3,2026-04-10T05:06:45,,test_wallet_assets_loading_time[wallet_load_user],passed,0.798,1.592,1.057,10,"1.012,0.798,0.81,0.963,1.043,0.933,0.981,1.592,1.322,0.998"
,edd49a7e3,2026-04-10T05:06:45,,test_swap_loading_time[wallet_load_user],passed,0.501,2.433,0.921,5,"2.433,0.578,0.582,0.512,0.501"
,edd49a7e3,2026-04-10T05:06:45,,test_wallet_assets_loading_time[wallet_load_alex_user],passed,0.509,1.039,0.66,10,"0.82,0.642,0.661,0.541,0.624,0.509,0.609,0.567,0.616,1.039"
,edd49a7e3,2026-04-10T05:06:45,,test_swap_loading_time[wallet_load_alex_user],passed,0.427,2.816,0.963,5,"2.816,0.469,0.576,0.427,0.526"
,c072e46a1,2026-04-10T08:42:27,,test_swap_loading_time[wallet_load_user],passed,0.54,4.315,1.347,5,"4.315,0.54,0.605,0.608,0.666"
,c072e46a1,2026-04-10T08:42:27,,test_wallet_assets_loading_time[wallet_load_user],passed,0.495,0.924,0.623,10,"0.661,0.537,0.495,0.599,0.546,0.533,0.623,0.924,0.559,0.523"
,c072e46a1,2026-04-10T08:42:27,,test_status_community_loading_time[user_data0-user_account0],passed,5.795,6.199,6.062,5,"5.795,6.072,6.161,6.084,6.199"
,c072e46a1,2026-04-10T08:42:27,,test_wallet_loading_time[wallet_load_user],passed,0.886,1.103,1.005,5,"0.886,0.964,1.017,1.103,1.053"
,c072e46a1,2026-04-10T08:42:27,,test_wallet_assets_loading_time[wallet_load_alex_user],passed,0.503,1.107,0.649,10,"0.601,0.516,0.596,0.557,0.598,0.503,0.587,0.562,0.713,1.107"
,c072e46a1,2026-04-10T08:42:27,,test_swap_loading_time[wallet_load_alex_user],passed,0.412,2.226,0.85,5,"2.226,0.451,0.686,0.477,0.412"
,c072e46a1,2026-04-10T08:42:27,,test_wallet_loading_time[wallet_load_alex_user],passed,0.701,0.892,0.781,5,"0.892,0.759,0.701,0.826,0.727"
,f6ceb3fc3,2026-04-10T16:28:42,,test_wallet_assets_loading_time[wallet_load_user],passed,0.581,0.935,0.677,10,"0.754,0.625,0.586,0.59,0.585,0.625,0.581,0.611,0.691,0.935"
,f6ceb3fc3,2026-04-10T16:28:42,,test_wallet_loading_time[wallet_load_alex_user],passed,0.747,0.99,0.854,5,"0.792,0.99,0.747,0.822,0.917"
,f6ceb3fc3,2026-04-10T16:28:42,,test_status_community_loading_time[user_data0-user_account0],passed,5.995,6.569,6.172,5,"6.569,6.19,6.028,5.995,6.076"
,f6ceb3fc3,2026-04-10T16:28:42,,test_wallet_assets_loading_time[wallet_load_alex_user],passed,0.592,0.848,0.646,10,"0.802,0.674,0.745,0.708,0.686,0.598,0.682,0.592,0.848,0.659"
,f6ceb3fc3,2026-04-10T16:28:42,,test_swap_loading_time[wallet_load_user],passed,0.57,3.176,1.133,5,"3.176,0.57,0.582,0.74,0.598"
,f6ceb3fc3,2026-04-10T16:28:42,,test_swap_loading_time[wallet_load_alex_user],passed,0.51,2.705,0.973,5,"2.705,0.539,0.589,0.521,0.51"
,f6ceb3fc3,2026-04-10T16:28:42,,test_wallet_loading_time[wallet_load_user],passed,0.772,0.812,0.788,5,"0.786,0.784,0.786,0.812,0.772"
,f6ceb3fc3,2026-04-11T05:05:43,,test_wallet_loading_time[wallet_load_user],passed,0.769,0.844,0.808,5,"0.82,0.832,0.773,0.844,0.769"
,f6ceb3fc3,2026-04-11T05:05:43,,test_swap_loading_time[wallet_load_alex_user],passed,0.481,2.395,0.904,5,"2.395,0.481,0.622,0.521,0.5"
,f6ceb3fc3,2026-04-11T05:05:43,,test_swap_loading_time[wallet_load_user],passed,0.451,3.015,0.991,5,"3.015,0.451,0.502,0.508,0.48"
,f6ceb3fc3,2026-04-11T05:05:43,,test_wallet_loading_time[wallet_load_alex_user],passed,0.776,1.322,0.934,5,"0.776,1.322,0.776,0.897,0.901"
,f6ceb3fc3,2026-04-11T05:05:43,,test_wallet_assets_loading_time[wallet_load_alex_user],passed,0.535,0.819,0.625,10,"0.819,0.685,0.679,0.535,0.654,0.538,0.669,0.688,0.685,0.677"
,f6ceb3fc3,2026-04-11T05:05:43,,test_status_community_loading_time[user_data0-user_account0],passed,6.068,6.501,6.204,5,"6.134,6.068,6.173,6.501,6.143"
,f6ceb3fc3,2026-04-11T05:05:43,,test_wallet_assets_loading_time[wallet_load_user],passed,0.687,1.438,0.945,10,"0.826,0.687,0.703,0.779,0.763,0.947,0.913,1.438,1.147,0.874"
,f6ceb3fc3,2026-04-12T04:27:19,,test_swap_loading_time[wallet_load_user],passed,0.455,2.391,0.866,5,"2.391,0.52,0.481,0.455,0.486"
,f6ceb3fc3,2026-04-12T04:27:19,,test_swap_loading_time[wallet_load_alex_user],passed,0.479,2.326,0.868,5,"2.326,0.489,0.519,0.479,0.526"
,f6ceb3fc3,2026-04-12T04:27:19,,test_wallet_assets_loading_time[wallet_load_alex_user],passed,0.61,1.214,0.752,10,"0.831,0.657,0.683,0.61,0.727,0.64,0.751,0.636,0.956,1.214"
,f6ceb3fc3,2026-04-12T04:27:19,,test_status_community_loading_time[user_data0-user_account0],passed,6.155,6.496,6.273,5,"6.249,6.155,6.192,6.271,6.496"
,f6ceb3fc3,2026-04-12T04:27:19,,test_wallet_loading_time[wallet_load_user],passed,0.746,0.839,0.808,5,"0.827,0.828,0.839,0.802,0.746"
,f6ceb3fc3,2026-04-12T04:27:19,,test_wallet_loading_time[wallet_load_alex_user],passed,0.77,0.882,0.833,5,"0.831,0.851,0.77,0.882,0.829"
,f6ceb3fc3,2026-04-12T04:27:19,,test_wallet_assets_loading_time[wallet_load_user],passed,0.641,1.312,0.765,10,"0.854,0.671,0.651,0.738,0.651,0.641,0.658,0.922,1.312,0.855"
,f6ceb3fc3,2026-04-13T05:02:30,,test_wallet_loading_time[wallet_load_alex_user],passed,0.707,0.866,0.807,5,"0.707,0.858,0.772,0.866,0.83"
,f6ceb3fc3,2026-04-13T05:02:30,,test_wallet_assets_loading_time[wallet_load_user],passed,0.635,1.261,0.8,10,"0.854,0.742,0.683,0.796,0.635,0.759,0.645,0.866,1.261,0.837"
,f6ceb3fc3,2026-04-13T05:02:30,,test_swap_loading_time[wallet_load_user],passed,0.449,2.71,0.941,5,"2.71,0.449,0.541,0.505,0.5"
,f6ceb3fc3,2026-04-13T05:02:30,,test_wallet_loading_time[wallet_load_user],passed,0.751,0.847,0.811,5,"0.806,0.847,0.81,0.751,0.839"
,f6ceb3fc3,2026-04-13T05:02:30,,test_status_community_loading_time[user_data0-user_account0],passed,6.121,14.581,7.852,5,"14.581,6.23,6.167,6.161,6.121"
,f6ceb3fc3,2026-04-13T05:02:30,,test_swap_loading_time[wallet_load_alex_user],passed,0.472,3.252,1.045,5,"3.252,0.477,0.499,0.472,0.527"
,f6ceb3fc3,2026-04-13T05:02:30,,test_wallet_assets_loading_time[wallet_load_alex_user],passed,0.551,1.089,0.676,10,"0.767,0.584,0.668,0.596,0.65,0.551,0.699,0.559,0.787,1.089"
,bd70d0409,2026-04-14T05:03:06,,test_status_community_loading_time[user_data0-user_account0],passed,6.183,15.556,8.118,5,"15.556,6.231,6.327,6.295,6.183"
,bd70d0409,2026-04-14T05:03:06,,test_wallet_loading_time[wallet_load_alex_user],passed,0.743,0.9,0.827,5,"0.743,0.848,0.76,0.9,0.882"
,bd70d0409,2026-04-14T05:03:06,,test_wallet_assets_loading_time[wallet_load_user],passed,0.675,1.284,0.793,10,"0.864,0.709,0.743,0.801,0.675,0.753,0.695,0.91,1.284,0.794"
,bd70d0409,2026-04-14T05:03:06,,test_wallet_loading_time[wallet_load_user],passed,0.777,0.854,0.817,5,"0.854,0.854,0.777,0.796,0.803"
,bd70d0409,2026-04-14T05:03:06,,test_wallet_assets_loading_time[wallet_load_alex_user],passed,0.569,1.137,0.712,10,"0.845,0.673,0.704,0.581,0.893,0.569,0.724,0.599,0.866,1.137"
,bd70d0409,2026-04-14T05:03:06,,test_swap_loading_time[wallet_load_user],passed,0.493,2.427,0.891,5,"2.427,0.505,0.496,0.532,0.493"
,bd70d0409,2026-04-14T05:03:06,,test_swap_loading_time[wallet_load_alex_user],passed,0.467,2.286,0.863,5,"2.286,0.467,0.511,0.547,0.506"
,271bcd014,2026-04-14T13:54:21,,test_wallet_loading_time[wallet_load_alex_user],passed,0.782,0.885,0.837,5,"0.782,0.882,0.805,0.885,0.833"
,271bcd014,2026-04-14T13:54:21,,test_wallet_assets_loading_time[wallet_load_alex_user],passed,0.609,1.076,0.743,10,"0.79,0.645,0.694,0.615,0.711,0.609,0.75,0.769,0.786,1.076"
,271bcd014,2026-04-14T13:54:21,,test_wallet_assets_loading_time[wallet_load_user],passed,0.649,1.246,0.79,10,"1.0,0.684,0.649,0.659,0.675,0.656,0.744,0.707,1.038,1.246"
,271bcd014,2026-04-14T13:54:21,,test_swap_loading_time[wallet_load_alex_user],passed,0.464,3.409,1.079,5,"3.409,0.464,0.487,0.517,0.514"
,271bcd014,2026-04-14T13:54:21,,test_wallet_loading_time[wallet_load_user],passed,0.812,0.876,0.838,5,"0.854,0.829,0.812,0.876,0.818"
,271bcd014,2026-04-14T13:54:21,,test_status_community_loading_time[user_data0-user_account0],passed,6.112,10.322,6.97,5,"6.16,10.322,6.126,6.112,6.129"
,271bcd014,2026-04-14T13:54:21,,test_swap_loading_time[wallet_load_user],passed,0.487,2.42,0.907,5,"2.42,0.493,0.613,0.524,0.487"
,74baf96cf,2026-04-15T05:00:06,,test_wallet_assets_loading_time[wallet_load_alex_user],passed,0.589,1.261,0.759,10,"0.73,0.638,0.693,0.707,0.689,0.589,0.707,0.598,0.812,1.261"
,74baf96cf,2026-04-15T05:00:06,,test_wallet_loading_time[wallet_load_user],passed,0.777,0.863,0.836,5,"0.863,0.853,0.777,0.847,0.842"
,74baf96cf,2026-04-15T05:00:06,,test_wallet_assets_loading_time[wallet_load_user],passed,0.665,1.351,0.902,10,"0.882,0.704,0.665,0.792,0.738,0.779,0.863,1.351,1.157,0.882"
,74baf96cf,2026-04-15T05:00:06,,test_swap_loading_time[wallet_load_user],passed,0.454,2.754,0.935,5,"2.754,0.454,0.484,0.501,0.482"
,74baf96cf,2026-04-15T05:00:06,,test_wallet_loading_time[wallet_load_alex_user],passed,0.819,1.588,1.015,5,"0.819,0.85,1.588,0.885,0.934"
,74baf96cf,2026-04-15T05:00:06,,test_status_community_loading_time[user_data0-user_account0],passed,6.07,6.335,6.221,5,"6.335,6.188,6.07,6.299,6.214"
,74baf96cf,2026-04-15T05:00:06,,test_swap_loading_time[wallet_load_alex_user],passed,0.476,2.41,0.912,5,"2.41,0.518,0.499,0.656,0.476"
,849ca9a61,2026-04-16T05:01:13,,test_wallet_assets_loading_time[wallet_load_user],passed,0.982,1.861,1.399,10,"1.581,1.504,0.991,1.295,0.982,1.192,1.252,1.861,1.117,1.143"
,849ca9a61,2026-04-16T05:01:13,,test_swap_loading_time[wallet_load_alex_user],passed,0.47,2.43,0.871,5,"2.43,0.474,0.47,0.48,0.5"
,849ca9a61,2026-04-16T05:01:13,,test_swap_loading_time[wallet_load_user],passed,0.393,1.551,0.656,5,"1.551,0.45,0.393,0.42,0.468"
,849ca9a61,2026-04-16T05:01:13,,test_status_community_loading_time[user_data0-user_account0],passed,6.091,6.992,6.567,5,"6.678,6.992,6.919,6.154,6.091"
,849ca9a61,2026-04-16T05:01:13,,test_wallet_loading_time[wallet_load_user],passed,0.594,0.832,0.697,5,"0.643,0.594,0.626,0.79,0.832"
,849ca9a61,2026-04-16T05:01:13,,test_wallet_loading_time[wallet_load_alex_user],passed,0.999,1.283,1.138,5,"1.047,1.125,0.999,1.283,1.236"
,849ca9a61,2026-04-16T05:01:13,,test_wallet_assets_loading_time[wallet_load_alex_user],passed,0.923,1.597,1.163,10,"1.42,1.173,0.923,1.175,1.445,1.214,1.597,1.21,1.42,1.042"
,7c0f6753b,2026-04-17T05:00:51,,test_wallet_assets_loading_time[wallet_load_alex_user],passed,0.865,1.532,1.226,10,"1.253,1.16,0.865,1.118,1.532,1.432,1.365,1.254,1.395,1.165"
,7c0f6753b,2026-04-17T05:00:51,,test_wallet_loading_time[wallet_load_alex_user],passed,0.852,1.006,0.933,5,"0.951,0.947,0.852,0.911,1.006"
,7c0f6753b,2026-04-17T05:00:51,,test_swap_loading_time[wallet_load_user],passed,0.439,0.961,0.564,5,"0.961,0.53,0.44,0.449,0.439"
,7c0f6753b,2026-04-17T05:00:51,,test_swap_loading_time[wallet_load_alex_user],passed,0.441,0.956,0.568,5,"0.956,0.525,0.461,0.441,0.459"
,7c0f6753b,2026-04-17T05:00:51,,test_status_community_loading_time[user_data0-user_account0],passed,6.526,6.908,6.76,5,"6.844,6.908,6.526,6.856,6.668"
,7c0f6753b,2026-04-17T05:00:51,,test_wallet_assets_loading_time[wallet_load_user],passed,0.712,1.261,0.915,10,"1.261,1.088,0.754,0.863,0.712,0.717,0.716,1.084,1.238,0.822"
,7c0f6753b,2026-04-17T05:00:51,,test_wallet_loading_time[wallet_load_user],passed,0.808,0.889,0.858,5,"0.839,0.889,0.808,0.872,0.884"
,115644b3a,2026-04-17T17:30:56,,test_wallet_assets_loading_time[wallet_load_user],passed,0.796,1.45,1.2,10,"1.291,1.197,0.796,1.105,1.158,1.45,1.387,1.093,1.077,1.155"
,115644b3a,2026-04-17T17:30:56,,test_swap_loading_time[wallet_load_user],passed,0.487,1.002,0.619,5,"1.002,0.534,0.501,0.487,0.57"
,115644b3a,2026-04-17T17:30:56,,test_wallet_loading_time[wallet_load_alex_user],passed,0.904,1.222,0.995,5,"0.971,0.929,1.222,0.949,0.904"
,115644b3a,2026-04-17T17:30:56,,test_wallet_loading_time[wallet_load_user],passed,0.801,0.959,0.894,5,"0.93,0.95,0.801,0.959,0.832"
,115644b3a,2026-04-17T17:30:56,,test_status_community_loading_time[user_data0-user_account0],passed,6.69,6.874,6.778,5,"6.69,6.698,6.848,6.874,6.781"
,115644b3a,2026-04-17T17:30:56,,test_wallet_assets_loading_time[wallet_load_alex_user],passed,0.899,1.549,1.158,10,"1.28,1.189,0.899,1.085,1.549,1.317,1.358,1.112,1.431,1.084"
,115644b3a,2026-04-17T17:30:56,,test_swap_loading_time[wallet_load_alex_user],passed,0.438,0.946,0.575,5,"0.946,0.516,0.463,0.513,0.438"
,115644b3a,2026-04-18T05:05:07,,test_wallet_loading_time[wallet_load_user],passed,0.66,1.042,0.844,5,"1.023,1.042,0.733,0.761,0.66"
,115644b3a,2026-04-18T05:05:07,,test_status_community_loading_time[user_data0-user_account0],passed,6.084,6.845,6.462,5,"6.523,6.845,6.514,6.343,6.084"
,115644b3a,2026-04-18T05:05:07,,test_swap_loading_time[wallet_load_user],passed,0.415,0.841,0.515,5,"0.841,0.448,0.415,0.428,0.441"
,115644b3a,2026-04-18T05:05:07,,test_swap_loading_time[wallet_load_alex_user],passed,0.52,1.002,0.644,5,"1.002,0.581,0.559,0.558,0.52"
,115644b3a,2026-04-18T05:05:07,,test_wallet_assets_loading_time[wallet_load_alex_user],passed,1.316,2.232,1.741,10,"1.932,1.7,1.316,1.765,2.232,1.983,1.899,1.663,1.87,1.594"
,115644b3a,2026-04-18T05:05:07,,test_wallet_assets_loading_time[wallet_load_user],passed,0.982,1.585,1.299,10,"1.585,1.134,1.014,1.332,0.982,1.218,1.05,1.521,1.547,1.289"
,115644b3a,2026-04-18T05:05:07,,test_wallet_loading_time[wallet_load_alex_user],passed,0.541,0.964,0.75,5,"0.541,0.964,0.636,0.793,0.817"
,115644b3a,2026-04-18T08:36:57,,test_wallet_assets_loading_time[wallet_load_user],passed,0.754,1.363,1.04,10,"1.283,1.178,0.754,0.992,0.775,0.907,0.775,1.182,1.363,0.939"
,115644b3a,2026-04-18T08:36:57,,test_swap_loading_time[wallet_load_user],passed,0.461,1.02,0.609,5,"1.02,0.461,0.511,0.557,0.498"
,115644b3a,2026-04-18T08:36:57,,test_wallet_loading_time[wallet_load_user],passed,0.828,0.979,0.877,5,"0.861,0.979,0.861,0.858,0.828"
,115644b3a,2026-04-18T08:36:57,,test_wallet_assets_loading_time[wallet_load_alex_user],passed,0.903,1.233,1.012,10,"1.221,1.202,0.903,0.945,1.181,1.007,1.195,0.98,1.233,0.926"
,115644b3a,2026-04-18T08:36:57,,test_swap_loading_time[wallet_load_alex_user],passed,0.481,1.384,0.705,5,"1.384,0.496,0.551,0.481,0.613"
,115644b3a,2026-04-18T08:36:57,,test_status_community_loading_time[user_data0-user_account0],passed,6.72,6.836,6.79,5,"6.72,6.834,6.836,6.824,6.738"
,115644b3a,2026-04-18T08:36:57,,test_wallet_loading_time[wallet_load_alex_user],passed,0.789,1.645,1.037,5,"0.873,1.645,0.789,0.98,0.896"
,115644b3a,2026-04-19T04:40:31,,test_status_community_loading_time[user_data0-user_account0],passed,6.6,6.978,6.751,5,"6.785,6.671,6.978,6.722,6.6"
,115644b3a,2026-04-19T04:40:31,,test_wallet_loading_time[wallet_load_alex_user],passed,0.868,1.56,1.088,5,"0.868,1.56,1.122,0.98,0.909"
,115644b3a,2026-04-19T04:40:31,,test_wallet_assets_loading_time[wallet_load_user],passed,0.767,1.27,1.053,10,"1.24,1.197,0.767,1.028,0.881,0.918,1.044,1.27,0.832,0.85"
,115644b3a,2026-04-19T04:40:31,,test_wallet_assets_loading_time[wallet_load_alex_user],passed,0.626,1.289,0.738,10,"1.289,1.138,0.784,0.626,0.697,0.635,0.667,0.642,0.816,0.649"
,115644b3a,2026-04-19T04:40:31,,test_swap_loading_time[wallet_load_alex_user],passed,0.449,1.025,0.597,5,"1.025,0.544,0.518,0.449,0.449"
,115644b3a,2026-04-19T04:40:31,,test_wallet_loading_time[wallet_load_user],passed,0.779,0.918,0.86,5,"0.9,0.918,0.779,0.859,0.841"
,115644b3a,2026-04-19T04:40:31,,test_swap_loading_time[wallet_load_user],passed,0.455,0.986,0.573,5,"0.986,0.505,0.455,0.457,0.462"
,c67b1d4f5,2026-05-05T10:32:28,,test_wallet_loading_time[wallet_load_user],passed,0.722,0.823,0.765,5,"0.744,0.726,0.823,0.808,0.722"
,c67b1d4f5,2026-05-05T10:32:28,,test_swap_loading_time[wallet_load_user],passed,0.454,1.222,0.635,5,"1.222,0.454,0.501,0.473,0.524"
,c67b1d4f5,2026-05-05T10:32:28,,test_wallet_loading_time[wallet_load_alex_user],passed,0.722,1.574,0.974,5,"0.722,0.907,0.817,1.574,0.85"
,c67b1d4f5,2026-05-05T10:32:28,,test_wallet_assets_loading_time[wallet_load_alex_user],passed,0.271,0.65,0.308,10,"0.65,0.384,0.478,0.28,0.487,0.312,0.513,0.292,0.537,0.271"
,c67b1d4f5,2026-05-05T10:32:28,,test_swap_loading_time[wallet_load_alex_user],passed,0.45,1.311,0.65,5,"1.311,0.533,0.505,0.45,0.453"
,c67b1d4f5,2026-05-05T10:32:28,,test_wallet_assets_loading_time[wallet_load_user],passed,0.506,0.78,0.585,10,"0.78,0.699,0.595,0.682,0.514,0.512,0.594,0.529,0.556,0.506"
,c67b1d4f5,2026-05-05T11:08:59,,test_wallet_loading_time[wallet_load_alex_user],passed,0.641,0.961,0.756,5,"0.641,0.776,0.961,0.699,0.701"
,c67b1d4f5,2026-05-05T11:08:59,,test_wallet_loading_time[wallet_load_user],passed,0.661,0.915,0.741,5,"0.735,0.683,0.709,0.915,0.661"
,c67b1d4f5,2026-05-05T11:08:59,,test_wallet_assets_loading_time[wallet_load_alex_user],passed,0.27,0.698,0.293,10,"0.698,0.29,0.553,0.337,0.573,0.277,0.523,0.289,0.544,0.27"
,c67b1d4f5,2026-05-05T11:08:59,,test_status_community_loading_time[user_data0-user_account0],passed,5.729,5.826,5.761,5,"5.766,5.826,5.741,5.74,5.729"
,c67b1d4f5,2026-05-05T11:08:59,,test_swap_loading_time[wallet_load_alex_user],passed,0.407,1.166,0.579,5,"1.166,0.42,0.467,0.407,0.436"
,c67b1d4f5,2026-05-05T11:08:59,,test_wallet_assets_loading_time[wallet_load_user],passed,0.44,0.695,0.52,10,"0.567,0.695,0.586,0.469,0.468,0.464,0.44,0.496,0.469,0.477"
,c67b1d4f5,2026-05-05T11:08:59,,test_swap_loading_time[wallet_load_user],passed,0.449,1.133,0.636,5,"1.133,0.462,0.565,0.57,0.449"
,2c1b23a29,2026-05-07T17:10:51,,test_wallet_loading_time[wallet_load_user],passed,0.678,0.857,0.755,5,"0.73,0.713,0.678,0.857,0.798"
,2c1b23a29,2026-05-07T17:10:51,,test_wallet_assets_loading_time[wallet_load_user],passed,0.504,0.717,0.617,10,"0.624,0.602,0.616,0.504,0.599,0.592,0.628,0.671,0.675,0.717"
,2c1b23a29,2026-05-07T17:10:51,,test_wallet_assets_loading_time[wallet_load_alex_user],passed,0.266,1.001,0.318,10,"1.001,0.431,0.501,0.279,0.532,0.302,0.519,0.312,0.585,0.266"
,2c1b23a29,2026-05-07T17:10:51,,test_swap_loading_time[wallet_load_alex_user],passed,0.454,1.142,0.642,5,"1.142,0.454,0.561,0.58,0.472"
,2c1b23a29,2026-05-07T17:10:51,,test_status_community_loading_time[user_data0-user_account0],passed,5.73,6.006,5.806,5,"5.762,6.006,5.738,5.791,5.73"
,2c1b23a29,2026-05-07T17:10:51,,test_swap_loading_time[wallet_load_user],passed,0.458,1.195,0.641,5,"1.195,0.458,0.474,0.493,0.585"
,2c1b23a29,2026-05-07T17:10:51,,test_wallet_loading_time[wallet_load_alex_user],passed,0.707,0.94,0.774,5,"0.746,0.743,0.707,0.94,0.732"
,2c1b23a29,2026-05-08T08:39:45,,test_status_community_loading_time[user_data0-user_account0],passed,5.751,5.87,5.79,5,"5.751,5.87,5.756,5.777,5.796"
,2c1b23a29,2026-05-08T08:39:45,,test_wallet_assets_loading_time[wallet_load_alex_user],passed,0.272,0.556,0.286,10,"0.521,0.301,0.486,0.28,0.514,0.298,0.548,0.279,0.556,0.272"
,2c1b23a29,2026-05-08T08:39:45,,test_wallet_loading_time[wallet_load_user],passed,0.64,0.863,0.726,5,"0.64,0.723,0.665,0.741,0.863"
,2c1b23a29,2026-05-08T08:39:45,,test_wallet_loading_time[wallet_load_alex_user],passed,0.644,0.812,0.739,5,"0.812,0.762,0.751,0.726,0.644"
,2c1b23a29,2026-05-08T08:39:45,,test_swap_loading_time[wallet_load_alex_user],passed,0.451,1.236,0.62,5,"1.236,0.471,0.476,0.451,0.464"
,2c1b23a29,2026-05-08T08:39:45,,test_swap_loading_time[wallet_load_user],passed,0.434,1.369,0.648,5,"1.369,0.487,0.473,0.476,0.434"
,2c1b23a29,2026-05-08T08:39:45,,test_wallet_assets_loading_time[wallet_load_user],passed,0.433,0.755,0.55,10,"0.755,0.628,0.584,0.506,0.553,0.582,0.481,0.521,0.433,0.512"
,3ce1cdd24,2026-05-08T17:03:07,,test_status_community_loading_time[user_data0-user_account0],passed,5.729,5.864,5.793,5,"5.778,5.729,5.864,5.823,5.773"
,3ce1cdd24,2026-05-08T17:03:07,,test_swap_loading_time[wallet_load_alex_user],passed,0.429,1.653,0.716,5,"1.653,0.429,0.547,0.463,0.491"
,3ce1cdd24,2026-05-08T17:03:07,,test_wallet_loading_time[wallet_load_user],passed,0.688,0.915,0.809,5,"0.688,0.738,0.833,0.872,0.915"
,3ce1cdd24,2026-05-08T17:03:07,,test_wallet_assets_loading_time[wallet_load_user],passed,0.526,0.714,0.653,10,"0.701,0.677,0.593,0.638,0.625,0.526,0.649,0.708,0.614,0.714"
,3ce1cdd24,2026-05-08T17:03:07,,test_wallet_loading_time[wallet_load_alex_user],passed,0.759,1.326,0.912,5,"0.805,0.759,0.77,1.326,0.902"
,3ce1cdd24,2026-05-08T17:03:07,,test_swap_loading_time[wallet_load_user],passed,0.482,1.255,0.669,5,"1.255,0.498,0.486,0.482,0.626"
,3ce1cdd24,2026-05-08T17:03:07,,test_wallet_assets_loading_time[wallet_load_alex_user],passed,0.28,1.206,0.311,10,"1.206,0.405,0.499,0.29,0.535,0.29,0.571,0.291,0.525,0.28"
,3ce1cdd24,2026-05-09T05:04:25,,test_wallet_assets_loading_time[wallet_load_alex_user],passed,0.273,0.631,0.304,10,"0.631,0.37,0.496,0.279,0.517,0.307,0.54,0.273,0.59,0.292"
,3ce1cdd24,2026-05-09T05:04:25,,test_swap_loading_time[wallet_load_user],passed,0.473,1.156,0.662,5,"1.156,0.473,0.476,0.566,0.637"
,3ce1cdd24,2026-05-09T05:04:25,,test_status_community_loading_time[user_data0-user_account0],passed,5.768,5.834,5.797,5,"5.768,5.834,5.819,5.785,5.778"
,3ce1cdd24,2026-05-09T05:04:25,,test_swap_loading_time[wallet_load_alex_user],passed,0.446,1.327,0.707,5,"1.327,0.498,0.542,0.446,0.724"
,3ce1cdd24,2026-05-09T05:04:25,,test_wallet_loading_time[wallet_load_user],passed,0.718,0.913,0.778,5,"0.718,0.728,0.728,0.913,0.803"
,3ce1cdd24,2026-05-09T05:04:25,,test_wallet_assets_loading_time[wallet_load_user],passed,0.424,0.703,0.508,10,"0.703,0.642,0.529,0.502,0.477,0.467,0.442,0.502,0.492,0.424"
,3ce1cdd24,2026-05-09T05:04:25,,test_wallet_loading_time[wallet_load_alex_user],passed,0.738,0.893,0.838,5,"0.738,0.883,0.801,0.893,0.875"
,3ce1cdd24,2026-05-10T05:08:31,,test_wallet_loading_time[wallet_load_user],passed,0.677,0.799,0.731,5,"0.799,0.685,0.677,0.775,0.716"
,3ce1cdd24,2026-05-10T05:08:31,,test_wallet_loading_time[wallet_load_alex_user],passed,0.715,0.94,0.789,5,"0.761,0.767,0.715,0.764,0.94"
,3ce1cdd24,2026-05-10T05:08:31,,test_wallet_assets_loading_time[wallet_load_user],passed,0.541,0.754,0.666,10,"0.717,0.541,0.595,0.622,0.626,0.705,0.666,0.754,0.659,0.706"
,3ce1cdd24,2026-05-10T05:08:31,,test_status_community_loading_time[user_data0-user_account0],passed,5.779,5.862,5.824,5,"5.814,5.862,5.807,5.779,5.861"
,3ce1cdd24,2026-05-10T05:08:31,,test_swap_loading_time[wallet_load_user],passed,0.466,1.077,0.615,5,"1.077,0.479,0.468,0.584,0.466"
,3ce1cdd24,2026-05-10T05:08:31,,test_wallet_assets_loading_time[wallet_load_alex_user],passed,0.311,1.517,0.34,10,"1.517,0.389,0.532,0.311,0.519,0.327,0.599,0.32,0.561,0.351"
,3ce1cdd24,2026-05-10T05:08:31,,test_swap_loading_time[wallet_load_alex_user],passed,0.534,1.244,0.696,5,"1.244,0.542,0.613,0.548,0.534"
,6ed624300,2026-05-11T05:07:20,,test_status_community_loading_time[user_data0-user_account0],passed,5.729,5.791,5.753,5,"5.731,5.791,5.75,5.729,5.762"
,6ed624300,2026-05-11T05:07:20,,test_wallet_assets_loading_time[wallet_load_user],passed,0.48,0.701,0.6,10,"0.681,0.619,0.578,0.492,0.52,0.494,0.507,0.701,0.48,0.694"
,6ed624300,2026-05-11T05:07:20,,test_wallet_loading_time[wallet_load_user],passed,0.722,0.858,0.754,5,"0.727,0.738,0.858,0.723,0.722"
,6ed624300,2026-05-11T05:07:20,,test_wallet_loading_time[wallet_load_alex_user],passed,0.712,0.895,0.796,5,"0.722,0.838,0.712,0.816,0.895"
,6ed624300,2026-05-11T05:07:20,,test_swap_loading_time[wallet_load_alex_user],passed,0.449,1.17,0.615,5,"1.17,0.51,0.481,0.467,0.449"
,6ed624300,2026-05-11T05:07:20,,test_wallet_assets_loading_time[wallet_load_alex_user],passed,0.259,0.635,0.308,10,"0.635,0.351,0.491,0.275,0.536,0.337,0.54,0.321,0.584,0.259"
,6ed624300,2026-05-11T05:07:20,,test_swap_loading_time[wallet_load_user],passed,0.424,1.599,0.688,5,"1.599,0.424,0.47,0.453,0.496"
,e7d709aed,2026-05-12T05:12:11,,test_wallet_assets_loading_time[wallet_load_alex_user],passed,0.272,0.618,0.301,10,"0.618,0.316,0.517,0.299,0.512,0.272,0.568,0.304,0.565,0.316"
,e7d709aed,2026-05-12T05:12:11,,test_swap_loading_time[wallet_load_alex_user],passed,0.465,1.161,0.664,5,"1.161,0.546,0.525,0.622,0.465"
,e7d709aed,2026-05-12T05:12:11,,test_swap_loading_time[wallet_load_user],passed,0.435,1.134,0.593,5,"1.134,0.462,0.449,0.485,0.435"
,e7d709aed,2026-05-12T05:12:11,,test_wallet_assets_loading_time[wallet_load_user],passed,0.516,0.763,0.635,10,"0.699,0.591,0.616,0.611,0.516,0.602,0.587,0.61,0.553,0.763"
,e7d709aed,2026-05-12T05:12:11,,test_wallet_loading_time[wallet_load_user],passed,0.712,0.886,0.769,5,"0.792,0.721,0.712,0.886,0.732"
,e7d709aed,2026-05-12T05:12:11,,test_wallet_loading_time[wallet_load_alex_user],passed,0.711,0.842,0.773,5,"0.711,0.793,0.776,0.842,0.745"
,e7d709aed,2026-05-12T05:12:11,,test_status_community_loading_time[user_data0-user_account0],passed,5.718,5.922,5.799,5,"5.922,5.772,5.849,5.733,5.718"
,e7d709aed,2026-05-13T04:32:36,,test_wallet_assets_loading_time[wallet_load_alex_user],passed,0.273,1.004,0.348,10,"1.004,0.552,0.526,0.273,0.484,0.301,0.527,0.339,0.507,0.274"
,e7d709aed,2026-05-13T04:32:36,,test_wallet_loading_time[wallet_load_user],passed,0.714,1.032,0.835,5,"0.714,0.801,0.753,0.873,1.032"
,e7d709aed,2026-05-13T04:32:36,,test_swap_loading_time[wallet_load_alex_user],passed,0.453,1.192,0.645,5,"1.192,0.533,0.572,0.453,0.473"
,e7d709aed,2026-05-13T04:32:36,,test_wallet_loading_time[wallet_load_alex_user],passed,0.713,1.15,0.852,5,"1.15,0.713,0.721,0.886,0.789"
,e7d709aed,2026-05-13T04:32:36,,test_status_community_loading_time[user_data0-user_account0],passed,5.738,5.87,5.819,5,"5.738,5.768,5.87,5.858,5.861"
,e7d709aed,2026-05-13T04:32:36,,test_wallet_assets_loading_time[wallet_load_user],passed,0.538,1.11,0.604,10,"1.11,0.661,0.618,0.626,0.714,0.538,0.689,0.567,0.611,0.628"
,e7d709aed,2026-05-13T04:32:36,,test_swap_loading_time[wallet_load_user],passed,0.455,1.558,0.694,5,"1.558,0.455,0.478,0.481,0.497"
,e7d709aed,2026-05-14T05:13:24,,test_wallet_assets_loading_time[wallet_load_alex_user],passed,0.276,1.423,0.313,10,"1.423,0.388,0.587,0.296,0.617,0.287,0.495,0.317,0.564,0.276"
,e7d709aed,2026-05-14T05:13:24,,test_wallet_loading_time[wallet_load_alex_user],passed,0.762,1.539,0.972,5,"0.785,1.539,0.762,0.98,0.792"
,e7d709aed,2026-05-14T05:13:24,,test_wallet_loading_time[wallet_load_user],passed,0.643,0.774,0.705,5,"0.753,0.643,0.653,0.7,0.774"
,e7d709aed,2026-05-14T05:13:24,,test_swap_loading_time[wallet_load_user],passed,0.467,1.603,0.723,5,"1.603,0.494,0.467,0.58,0.47"
,e7d709aed,2026-05-14T05:13:24,,test_swap_loading_time[wallet_load_alex_user],passed,0.45,1.281,0.637,5,"1.281,0.55,0.454,0.45,0.453"
,e7d709aed,2026-05-14T05:13:24,,test_wallet_assets_loading_time[wallet_load_user],passed,0.619,1.051,0.667,10,"1.051,0.64,0.63,0.622,0.619,0.627,0.697,0.728,0.688,0.716"
,e7d709aed,2026-05-14T05:13:24,,test_status_community_loading_time[user_data0-user_account0],passed,5.777,5.852,5.831,5,"5.777,5.852,5.843,5.85,5.831"
,e7d709aed,2026-05-15T05:08:11,,test_swap_loading_time[wallet_load_alex_user],passed,0.467,1.143,0.62,5,"1.143,0.538,0.467,0.468,0.483"
,e7d709aed,2026-05-15T05:08:11,,test_wallet_loading_time[wallet_load_user],passed,0.698,0.844,0.783,5,"0.829,0.737,0.698,0.844,0.809"
,e7d709aed,2026-05-15T05:08:11,,test_wallet_assets_loading_time[wallet_load_user],passed,0.617,0.722,0.667,10,"0.699,0.643,0.625,0.629,0.628,0.683,0.617,0.656,0.664,0.722"
,e7d709aed,2026-05-15T05:08:11,,test_status_community_loading_time[user_data0-user_account0],passed,5.777,5.826,5.797,5,"5.778,5.777,5.826,5.813,5.789"
,e7d709aed,2026-05-15T05:08:11,,test_wallet_assets_loading_time[wallet_load_alex_user],passed,0.285,0.723,0.294,10,"0.723,0.294,0.481,0.285,0.516,0.291,0.516,0.313,0.572,0.287"
,e7d709aed,2026-05-15T05:08:11,,test_wallet_loading_time[wallet_load_alex_user],passed,0.668,1.069,0.83,5,"1.069,0.759,0.668,0.789,0.864"
,e7d709aed,2026-05-15T05:08:11,,test_swap_loading_time[wallet_load_user],passed,0.445,1.115,0.618,5,"1.115,0.445,0.477,0.606,0.447"
,4b45532a9,2026-05-15T15:21:27,,test_wallet_loading_time[wallet_load_alex_user],passed,0.674,1.167,0.856,5,"0.674,0.823,0.909,0.704,1.167"
,4b45532a9,2026-05-15T15:21:27,,test_swap_loading_time[wallet_load_alex_user],passed,0.454,1.227,0.652,5,"1.227,0.478,0.454,0.523,0.578"
,4b45532a9,2026-05-15T15:21:27,,test_wallet_assets_loading_time[wallet_load_alex_user],passed,0.254,1.51,0.338,10,"1.51,0.456,0.501,0.27,0.601,0.347,0.537,0.363,0.594,0.254"
,4b45532a9,2026-05-15T15:21:27,,test_wallet_loading_time[wallet_load_user],passed,0.711,1.182,0.848,5,"0.711,0.729,1.182,0.732,0.885"
,4b45532a9,2026-05-15T15:21:27,,test_swap_loading_time[wallet_load_user],passed,0.448,1.149,0.634,5,"1.149,0.478,0.466,0.448,0.626"
,4b45532a9,2026-05-15T15:21:27,,test_wallet_assets_loading_time[wallet_load_user],passed,0.422,0.769,0.498,10,"0.769,0.492,0.58,0.609,0.632,0.462,0.591,0.504,0.591,0.422"
,4b45532a9,2026-05-15T15:21:27,,test_status_community_loading_time[user_data0-user_account0],passed,5.73,5.761,5.739,5,"5.761,5.737,5.73,5.735,5.734"
,4b45532a9,2026-05-16T05:05:10,,test_wallet_loading_time[wallet_load_user],passed,0.676,0.904,0.78,5,"0.904,0.676,0.769,0.846,0.704"
,4b45532a9,2026-05-16T05:05:10,,test_wallet_loading_time[wallet_load_alex_user],passed,0.713,0.825,0.776,5,"0.727,0.818,0.796,0.825,0.713"
,4b45532a9,2026-05-16T05:05:10,,test_wallet_assets_loading_time[wallet_load_user],passed,0.521,0.757,0.685,10,"0.691,0.649,0.575,0.669,0.521,0.648,0.639,0.739,0.757,0.721"
,4b45532a9,2026-05-16T05:05:10,,test_wallet_assets_loading_time[wallet_load_alex_user],passed,0.284,0.598,0.339,10,"0.598,0.327,0.47,0.284,0.515,0.366,0.571,0.313,0.542,0.404"
,4b45532a9,2026-05-16T05:05:10,,test_status_community_loading_time[user_data0-user_account0],passed,5.724,5.873,5.784,5,"5.728,5.873,5.724,5.802,5.793"
,4b45532a9,2026-05-16T05:05:10,,test_swap_loading_time[wallet_load_user],passed,0.479,1.185,0.708,5,"1.185,0.613,0.479,0.507,0.758"
,4b45532a9,2026-05-16T05:05:10,,test_swap_loading_time[wallet_load_alex_user],passed,0.457,1.142,0.638,5,"1.142,0.527,0.457,0.475,0.588"
,4b45532a9,2026-05-17T05:10:42,,test_swap_loading_time[wallet_load_user],passed,0.49,1.299,0.695,5,"1.299,0.49,0.635,0.559,0.491"
,4b45532a9,2026-05-17T05:10:42,,test_wallet_assets_loading_time[wallet_load_alex_user],passed,0.266,0.61,0.309,10,"0.61,0.359,0.541,0.266,0.545,0.31,0.56,0.309,0.584,0.303"
,4b45532a9,2026-05-17T05:10:42,,test_swap_loading_time[wallet_load_alex_user],passed,0.461,1.462,0.753,5,"1.462,0.461,0.664,0.584,0.593"
,4b45532a9,2026-05-17T05:10:42,,test_wallet_loading_time[wallet_load_alex_user],passed,0.696,0.92,0.802,5,"0.773,0.696,0.756,0.92,0.862"
,4b45532a9,2026-05-17T05:10:42,,test_wallet_loading_time[wallet_load_user],passed,0.678,0.836,0.746,5,"0.836,0.678,0.779,0.743,0.691"
,4b45532a9,2026-05-17T05:10:42,,test_wallet_assets_loading_time[wallet_load_user],passed,0.481,0.726,0.546,10,"0.726,0.506,0.601,0.585,0.611,0.481,0.615,0.497,0.664,0.659"
,4b45532a9,2026-05-17T05:10:42,,test_status_community_loading_time[user_data0-user_account0],passed,5.657,5.848,5.777,5,"5.657,5.758,5.846,5.774,5.848"
,4b45532a9,2026-05-18T05:10:21,,test_status_community_loading_time[user_data0-user_account0],passed,5.759,5.869,5.809,5,"5.759,5.837,5.789,5.793,5.869"
,4b45532a9,2026-05-18T05:10:21,,test_wallet_loading_time[wallet_load_user],passed,0.628,0.976,0.756,5,"0.752,0.628,0.666,0.976,0.757"
,4b45532a9,2026-05-18T05:10:21,,test_swap_loading_time[wallet_load_alex_user],passed,0.426,1.123,0.596,5,"1.123,0.426,0.488,0.487,0.457"
,4b45532a9,2026-05-18T05:10:21,,test_swap_loading_time[wallet_load_user],passed,0.461,1.311,0.652,5,"1.311,0.461,0.502,0.492,0.494"
,4b45532a9,2026-05-18T05:10:21,,test_wallet_assets_loading_time[wallet_load_alex_user],passed,0.277,0.642,0.293,10,"0.642,0.281,0.513,0.277,0.521,0.303,0.54,0.304,0.633,0.3"
,4b45532a9,2026-05-18T05:10:21,,test_wallet_assets_loading_time[wallet_load_user],passed,0.508,0.819,0.684,10,"0.819,0.67,0.618,0.641,0.508,0.63,0.521,0.758,0.643,0.718"
,4b45532a9,2026-05-18T05:10:21,,test_wallet_loading_time[wallet_load_alex_user],passed,0.776,0.911,0.87,5,"0.867,0.776,0.894,0.911,0.9"
,4b45532a9,2026-05-19T05:23:05,,test_wallet_loading_time[wallet_load_alex_user],passed,0.656,1.462,0.934,5,"0.792,0.656,1.462,0.905,0.857"
,4b45532a9,2026-05-19T05:23:05,,test_wallet_assets_loading_time[wallet_load_alex_user],passed,0.274,0.652,0.324,10,"0.652,0.419,0.492,0.288,0.574,0.274,0.494,0.335,0.537,0.302"
,4b45532a9,2026-05-19T05:23:05,,test_wallet_loading_time[wallet_load_user],passed,0.686,0.86,0.738,5,"0.687,0.718,0.738,0.686,0.86"
,4b45532a9,2026-05-19T05:23:05,,test_wallet_assets_loading_time[wallet_load_user],passed,0.498,0.802,0.695,10,"0.698,0.634,0.498,0.631,0.508,0.637,0.634,0.802,0.603,0.77"
,4b45532a9,2026-05-19T05:23:05,,test_swap_loading_time[wallet_load_user],passed,0.474,1.137,0.619,5,"1.137,0.475,0.496,0.515,0.474"
,4b45532a9,2026-05-19T05:23:05,,test_status_community_loading_time[user_data0-user_account0],passed,5.74,5.834,5.795,5,"5.788,5.74,5.834,5.819,5.792"
,4b45532a9,2026-05-19T05:23:05,,test_swap_loading_time[wallet_load_alex_user],passed,0.418,1.138,0.58,5,"1.138,0.418,0.434,0.459,0.448"
,1b715ba92,2026-05-19T10:42:17,,test_wallet_assets_loading_time[wallet_load_user],passed,0.53,0.76,0.669,10,"0.72,0.571,0.635,0.683,0.559,0.677,0.53,0.76,0.693,0.656"
,1b715ba92,2026-05-19T10:42:17,,test_wallet_assets_loading_time[wallet_load_alex_user],passed,0.282,1.329,0.345,10,"1.329,0.407,0.508,0.282,0.678,0.331,0.686,0.384,0.585,0.319"
,1b715ba92,2026-05-19T10:42:17,,test_swap_loading_time[wallet_load_user],passed,0.461,1.75,0.777,5,"1.75,0.606,0.533,0.534,0.461"
,1b715ba92,2026-05-19T10:42:17,,test_swap_loading_time[wallet_load_alex_user],passed,0.446,1.085,0.636,5,"1.085,0.462,0.57,0.446,0.618"
,1b715ba92,2026-05-19T10:42:17,,test_wallet_loading_time[wallet_load_alex_user],passed,0.698,0.805,0.749,5,"0.698,0.747,0.704,0.805,0.793"
,1b715ba92,2026-05-19T10:42:17,,test_wallet_loading_time[wallet_load_user],passed,0.674,0.852,0.777,5,"0.852,0.674,0.75,0.81,0.8"
,1b715ba92,2026-05-19T10:42:17,,test_status_community_loading_time[user_data0-user_account0],passed,5.762,5.848,5.802,5,"5.848,5.838,5.776,5.784,5.762"
,581a95ed8,2026-05-20T05:13:32,,test_wallet_assets_loading_time[wallet_load_alex_user],passed,0.28,1.092,0.306,10,"1.092,0.33,0.51,0.285,0.572,0.28,0.562,0.317,0.567,0.32"
,581a95ed8,2026-05-20T05:13:32,,test_swap_loading_time[wallet_load_user],passed,0.458,1.6,0.725,5,"1.6,0.466,0.513,0.587,0.458"
,581a95ed8,2026-05-20T05:13:32,,test_status_community_loading_time[user_data0-user_account0],passed,5.746,5.841,5.789,5,"5.84,5.841,5.753,5.746,5.763"
,581a95ed8,2026-05-20T05:13:32,,test_wallet_assets_loading_time[wallet_load_user],passed,0.494,0.736,0.6,10,"0.731,0.736,0.697,0.678,0.608,0.494,0.655,0.505,0.695,0.588"
,581a95ed8,2026-05-20T05:13:32,,test_swap_loading_time[wallet_load_alex_user],passed,0.455,1.569,0.716,5,"1.569,0.489,0.574,0.493,0.455"
,581a95ed8,2026-05-20T05:13:32,,test_wallet_loading_time[wallet_load_alex_user],passed,0.716,0.905,0.775,5,"0.726,0.716,0.742,0.905,0.784"
,581a95ed8,2026-05-20T05:13:32,,test_wallet_loading_time[wallet_load_user],passed,0.7,0.771,0.728,5,"0.7,0.717,0.721,0.771,0.733"
,581a95ed8,2026-05-20T11:22:19,,test_wallet_loading_time[wallet_load_user],passed,0.718,0.751,0.738,5,"0.749,0.718,0.749,0.723,0.751"
,581a95ed8,2026-05-20T11:22:19,,test_swap_loading_time[wallet_load_user],passed,0.465,1.266,0.637,5,"1.266,0.467,0.465,0.506,0.48"
,581a95ed8,2026-05-20T11:22:19,,test_wallet_assets_loading_time[wallet_load_alex_user],passed,0.288,0.717,0.321,10,"0.717,0.416,0.498,0.308,0.563,0.293,0.537,0.288,0.543,0.301"
,581a95ed8,2026-05-20T11:22:19,,test_swap_loading_time[wallet_load_alex_user],passed,0.449,2.019,0.814,5,"2.019,0.522,0.549,0.449,0.531"
,581a95ed8,2026-05-20T11:22:19,,test_wallet_loading_time[wallet_load_alex_user],passed,0.67,0.861,0.751,5,"0.734,0.705,0.67,0.861,0.787"
,581a95ed8,2026-05-20T11:22:19,,test_wallet_assets_loading_time[wallet_load_user],passed,0.431,1.246,0.589,10,"1.246,0.681,0.557,0.647,0.456,0.631,0.462,0.494,0.431,0.492"
,581a95ed8,2026-05-20T11:22:19,,test_status_community_loading_time[user_data0-user_account0],passed,5.755,5.806,5.782,5,"5.755,5.77,5.801,5.779,5.806"
,6ecbeefa6,2026-05-20T17:58:59,,test_swap_loading_time[wallet_load_user],passed,0.57,1.307,0.73,5,"1.307,0.57,0.598,0.597,0.578"
,6ecbeefa6,2026-05-20T17:58:59,,test_wallet_assets_loading_time[wallet_load_user],passed,0.475,1.419,0.671,10,"1.419,0.644,0.668,0.63,0.475,0.653,0.52,0.797,0.65,0.63"
,6ecbeefa6,2026-05-20T17:58:59,,test_swap_loading_time[wallet_load_alex_user],passed,0.447,1.57,0.712,5,"1.57,0.473,0.622,0.447,0.447"
,6ecbeefa6,2026-05-20T17:58:59,,test_wallet_loading_time[wallet_load_user],passed,0.692,0.815,0.741,5,"0.768,0.72,0.708,0.815,0.692"
,6ecbeefa6,2026-05-20T17:58:59,,test_wallet_assets_loading_time[wallet_load_alex_user],passed,0.289,1.319,0.328,10,"1.319,0.4,0.517,0.289,0.52,0.333,0.572,0.31,0.567,0.308"
,6ecbeefa6,2026-05-20T17:58:59,,test_status_community_loading_time[user_data0-user_account0],passed,5.725,5.842,5.765,5,"5.725,5.785,5.842,5.73,5.745"
,6ecbeefa6,2026-05-20T17:58:59,,test_wallet_loading_time[wallet_load_alex_user],passed,0.823,0.878,0.846,5,"0.841,0.852,0.878,0.838,0.823"
,6ecbeefa6,2026-05-21T05:10:16,,test_wallet_assets_loading_time[wallet_load_alex_user],passed,0.296,1.513,0.331,10,"1.513,0.383,0.485,0.301,0.567,0.296,0.578,0.305,0.631,0.369"
,6ecbeefa6,2026-05-21T05:10:16,,test_wallet_assets_loading_time[wallet_load_user],passed,0.479,0.733,0.552,10,"0.724,0.483,0.635,0.733,0.631,0.538,0.665,0.479,0.649,0.528"
,6ecbeefa6,2026-05-21T05:10:16,,test_status_community_loading_time[user_data0-user_account0],passed,5.745,5.813,5.782,5,"5.745,5.769,5.775,5.81,5.813"
,6ecbeefa6,2026-05-21T05:10:16,,test_swap_loading_time[wallet_load_alex_user],passed,0.498,1.726,0.759,5,"1.726,0.514,0.531,0.498,0.525"
,6ecbeefa6,2026-05-21T05:10:16,,test_swap_loading_time[wallet_load_user],passed,0.477,1.183,0.624,5,"1.183,0.492,0.477,0.477,0.491"
,6ecbeefa6,2026-05-21T05:10:16,,test_wallet_loading_time[wallet_load_user],passed,0.655,0.767,0.715,5,"0.725,0.655,0.752,0.674,0.767"
,6ecbeefa6,2026-05-21T05:10:16,,test_wallet_loading_time[wallet_load_alex_user],passed,0.679,0.941,0.812,5,"0.781,0.941,0.679,0.748,0.909"
,fb335a8cd,2026-05-21T12:57:46,,test_wallet_loading_time[wallet_load_user],passed,0.702,0.768,0.733,5,"0.74,0.768,0.73,0.702,0.727"
,fb335a8cd,2026-05-21T12:57:46,,test_swap_loading_time[wallet_load_user],passed,0.472,1.208,0.63,5,"1.208,0.472,0.495,0.494,0.482"
,fb335a8cd,2026-05-21T12:57:46,,test_status_community_loading_time[user_data0-user_account0],passed,5.777,5.836,5.807,5,"5.836,5.833,5.8,5.789,5.777"
,fb335a8cd,2026-05-21T12:57:46,,test_swap_loading_time[wallet_load_alex_user],passed,0.447,1.223,0.617,5,"1.223,0.447,0.473,0.478,0.466"
,fb335a8cd,2026-05-21T12:57:46,,test_wallet_assets_loading_time[wallet_load_user],passed,0.46,0.716,0.558,10,"0.684,0.563,0.627,0.716,0.647,0.516,0.631,0.534,0.596,0.46"
,fb335a8cd,2026-05-21T12:57:46,,test_wallet_assets_loading_time[wallet_load_alex_user],passed,0.259,0.636,0.28,10,"0.636,0.301,0.547,0.259,0.514,0.272,0.497,0.278,0.573,0.29"
,fb335a8cd,2026-05-21T12:57:46,,test_wallet_loading_time[wallet_load_alex_user],passed,0.726,1.724,0.944,5,"0.752,0.774,0.726,1.724,0.744"
,fb335a8cd,2026-05-22T05:16:02,,test_swap_loading_time[wallet_load_user],passed,0.451,1.193,0.647,5,"1.193,0.451,0.601,0.514,0.478"
,fb335a8cd,2026-05-22T05:16:02,,test_wallet_loading_time[wallet_load_alex_user],passed,0.729,1.058,0.84,5,"0.78,0.812,0.729,0.823,1.058"
,fb335a8cd,2026-05-22T05:16:02,,test_wallet_assets_loading_time[wallet_load_user],passed,0.461,0.717,0.645,10,"0.717,0.698,0.576,0.646,0.461,0.526,0.49,0.706,0.492,0.648"
,fb335a8cd,2026-05-22T05:16:02,,test_wallet_assets_loading_time[wallet_load_alex_user],passed,0.266,1.008,0.304,10,"1.008,0.324,0.523,0.275,0.564,0.266,0.53,0.311,0.48,0.342"
,fb335a8cd,2026-05-22T05:16:02,,test_wallet_loading_time[wallet_load_user],passed,0.691,0.945,0.792,5,"0.735,0.691,0.747,0.945,0.842"
,fb335a8cd,2026-05-22T05:16:02,,test_status_community_loading_time[user_data0-user_account0],passed,5.759,5.865,5.804,5,"5.774,5.759,5.842,5.78,5.865"
,fb335a8cd,2026-05-22T05:16:02,,test_swap_loading_time[wallet_load_alex_user],passed,0.434,1.192,0.626,5,"1.192,0.573,0.47,0.434,0.46"
,1acd303e2,2026-05-24T05:15:43,,test_wallet_assets_loading_time[wallet_load_alex_user],passed,0.244,0.632,0.282,10,"0.632,0.337,0.548,0.295,0.531,0.254,0.618,0.28,0.592,0.244"
,1acd303e2,2026-05-24T05:15:43,,test_status_community_loading_time[user_data0-user_account0],passed,5.773,5.889,5.832,5,"5.832,5.773,5.856,5.809,5.889"
,1acd303e2,2026-05-24T05:15:43,,test_wallet_assets_loading_time[wallet_load_user],passed,0.505,0.812,0.584,10,"0.671,0.55,0.622,0.618,0.658,0.505,0.63,0.634,0.812,0.615"
,1acd303e2,2026-05-24T05:15:43,,test_swap_loading_time[wallet_load_user],passed,0.449,1.255,0.667,5,"1.255,0.449,0.483,0.473,0.675"
,1acd303e2,2026-05-24T05:15:43,,test_wallet_loading_time[wallet_load_alex_user],passed,0.678,0.912,0.8,5,"0.813,0.773,0.678,0.823,0.912"
,1acd303e2,2026-05-24T05:15:43,,test_swap_loading_time[wallet_load_alex_user],passed,0.44,1.149,0.596,5,"1.149,0.452,0.474,0.466,0.44"
,1acd303e2,2026-05-24T05:15:43,,test_wallet_loading_time[wallet_load_user],passed,0.713,0.93,0.849,5,"0.811,0.869,0.93,0.713,0.924"
,1acd303e2,2026-05-25T05:17:39,,test_wallet_loading_time[wallet_load_alex_user],passed,0.759,0.905,0.822,5,"0.847,0.759,0.804,0.905,0.796"
,1acd303e2,2026-05-25T05:17:39,,test_wallet_assets_loading_time[wallet_load_user],passed,0.494,0.712,0.537,10,"0.712,0.636,0.613,0.503,0.603,0.532,0.659,0.494,0.635,0.52"
,1acd303e2,2026-05-25T05:17:39,,test_status_community_loading_time[user_data0-user_account0],passed,5.737,5.863,5.788,5,"5.776,5.817,5.863,5.75,5.737"
,1acd303e2,2026-05-25T05:17:39,,test_wallet_assets_loading_time[wallet_load_alex_user],passed,0.262,0.63,0.288,10,"0.63,0.262,0.485,0.325,0.552,0.28,0.563,0.269,0.539,0.305"
,1acd303e2,2026-05-25T05:17:39,,test_swap_loading_time[wallet_load_user],passed,0.492,1.261,0.692,5,"1.261,0.492,0.61,0.499,0.597"
,1acd303e2,2026-05-25T05:17:39,,test_swap_loading_time[wallet_load_alex_user],passed,0.43,1.605,0.695,5,"1.605,0.43,0.51,0.458,0.473"
,1acd303e2,2026-05-25T05:17:39,,test_wallet_loading_time[wallet_load_user],passed,0.729,0.893,0.808,5,"0.729,0.883,0.893,0.784,0.751"
,28b734b8c,2026-05-25T17:36:40,,test_wallet_loading_time[wallet_load_alex_user],passed,0.556,0.692,0.626,5,"0.642,0.589,0.556,0.692,0.65"
,28b734b8c,2026-05-25T17:36:40,,test_wallet_assets_loading_time[wallet_load_user],passed,0.489,1.032,0.575,10,"1.032,0.489,0.591,0.61,0.532,0.607,0.591,0.589,0.618,0.58"
,28b734b8c,2026-05-25T17:36:40,,test_swap_loading_time[wallet_load_alex_user],passed,0.41,1.088,0.615,5,"1.088,0.534,0.533,0.41,0.51"
,28b734b8c,2026-05-25T17:36:40,,test_status_community_loading_time[user_data0-user_account0],passed,5.762,6.392,5.897,5,"6.392,5.783,5.773,5.762,5.776"
,28b734b8c,2026-05-25T17:36:40,,test_wallet_assets_loading_time[wallet_load_alex_user],passed,0.216,1.058,0.241,10,"1.058,0.238,0.448,0.224,0.477,0.216,0.528,0.252,0.486,0.275"
,28b734b8c,2026-05-25T17:36:40,,test_wallet_loading_time[wallet_load_user],passed,0.571,0.677,0.617,5,"0.605,0.587,0.571,0.677,0.646"
,28b734b8c,2026-05-25T17:36:40,,test_swap_loading_time[wallet_load_user],passed,0.417,1.444,0.67,5,"1.444,0.417,0.531,0.542,0.418"
,28b734b8c,2026-05-26T05:17:31,,test_swap_loading_time[wallet_load_alex_user],passed,0.398,1.305,0.674,5,"1.305,0.566,0.554,0.398,0.549"
,28b734b8c,2026-05-26T05:17:31,,test_status_community_loading_time[user_data0-user_account0],passed,5.691,5.832,5.769,5,"5.691,5.752,5.832,5.782,5.788"
,28b734b8c,2026-05-26T05:17:31,,test_swap_loading_time[wallet_load_user],passed,0.421,1.368,0.624,5,"1.368,0.421,0.446,0.456,0.429"
,28b734b8c,2026-05-26T05:17:31,,test_wallet_assets_loading_time[wallet_load_user],passed,0.424,0.982,0.518,10,"0.982,0.665,0.556,0.633,0.592,0.434,0.575,0.433,0.575,0.424"
,28b734b8c,2026-05-26T05:17:31,,test_wallet_loading_time[wallet_load_user],passed,0.571,0.659,0.621,5,"0.571,0.647,0.628,0.601,0.659"
,28b734b8c,2026-05-26T05:17:31,,test_wallet_loading_time[wallet_load_alex_user],passed,0.571,0.675,0.628,5,"0.675,0.615,0.571,0.655,0.621"
,28b734b8c,2026-05-26T05:17:31,,test_wallet_assets_loading_time[wallet_load_alex_user],passed,0.215,1.389,0.345,10,"1.389,0.698,0.401,0.215,0.423,0.256,0.462,0.291,0.524,0.262"
,d91f29f29,2026-05-27T05:13:43,,test_swap_loading_time[wallet_load_alex_user],passed,0.499,1.344,0.673,5,"1.344,0.507,0.504,0.499,0.512"
,d91f29f29,2026-05-27T05:13:43,,test_wallet_assets_loading_time[wallet_load_user],passed,0.565,1.035,0.628,10,"1.035,0.616,0.577,0.655,0.565,0.613,0.581,0.598,0.596,0.659"
,d91f29f29,2026-05-27T05:13:43,,test_wallet_assets_loading_time[wallet_load_alex_user],passed,0.344,1.071,0.355,10,"1.071,0.349,0.558,0.371,0.543,0.353,0.582,0.344,0.595,0.356"
,d91f29f29,2026-05-27T05:13:43,,test_wallet_loading_time[wallet_load_alex_user],passed,0.507,0.785,0.653,5,"0.594,0.507,0.671,0.71,0.785"
,d91f29f29,2026-05-27T05:13:43,,test_swap_loading_time[wallet_load_user],passed,0.492,1.498,0.708,5,"1.498,0.508,0.51,0.531,0.492"
,d91f29f29,2026-05-27T05:13:43,,test_status_community_loading_time[user_data0-user_account0],passed,5.807,6.275,5.929,5,"6.275,5.807,5.858,5.826,5.881"
,d91f29f29,2026-05-27T05:13:43,,test_wallet_loading_time[wallet_load_user],passed,0.601,0.684,0.633,5,"0.605,0.601,0.641,0.684,0.633"
,4a1681a0f,2026-05-30T05:22:04,,test_wallet_loading_time[wallet_load_user],passed,0.522,0.792,0.662,5,"0.792,0.522,0.681,0.662,0.653"
,4a1681a0f,2026-05-30T05:22:04,,test_wallet_assets_loading_time[wallet_load_alex_user],passed,0.359,1.093,0.37,10,"1.093,0.379,0.575,0.367,0.604,0.359,0.552,0.38,0.554,0.368"
,4a1681a0f,2026-05-30T05:22:04,,test_swap_loading_time[wallet_load_user],passed,0.502,1.436,0.7,5,"1.436,0.508,0.502,0.536,0.52"
,4a1681a0f,2026-05-30T05:22:04,,test_status_community_loading_time[user_data0-user_account0],passed,5.676,6.051,5.873,5,"5.676,6.051,5.88,5.891,5.869"
,4a1681a0f,2026-05-30T05:22:04,,test_swap_loading_time[wallet_load_alex_user],passed,0.482,1.132,0.631,5,"1.132,0.482,0.506,0.521,0.513"
,4a1681a0f,2026-05-30T05:22:04,,test_wallet_loading_time[wallet_load_alex_user],passed,0.578,0.689,0.635,5,"0.578,0.635,0.663,0.689,0.608"
,4a1681a0f,2026-05-30T05:22:04,,test_wallet_assets_loading_time[wallet_load_user],passed,0.574,1.155,0.625,10,"1.155,0.604,0.587,0.67,0.604,0.613,0.574,0.632,0.618,0.608"
,4a1681a0f,2026-05-31T05:24:44,,test_wallet_loading_time[wallet_load_alex_user],passed,0.546,0.722,0.626,5,"0.637,0.722,0.546,0.633,0.593"
,4a1681a0f,2026-05-31T05:24:44,,test_status_community_loading_time[user_data0-user_account0],passed,5.837,6.182,5.978,5,"6.182,6.02,5.899,5.951,5.837"
,4a1681a0f,2026-05-31T05:24:44,,test_wallet_assets_loading_time[wallet_load_alex_user],passed,0.372,1.357,0.387,10,"1.357,0.372,0.564,0.374,0.563,0.407,0.567,0.405,0.558,0.377"
,4a1681a0f,2026-05-31T05:24:44,,test_swap_loading_time[wallet_load_user],passed,0.501,1.359,0.679,5,"1.359,0.501,0.501,0.514,0.518"
,4a1681a0f,2026-05-31T05:24:44,,test_wallet_loading_time[wallet_load_user],passed,0.596,0.757,0.68,5,"0.674,0.596,0.711,0.66,0.757"
,4a1681a0f,2026-05-31T05:24:44,,test_swap_loading_time[wallet_load_alex_user],passed,0.494,1.346,0.676,5,"1.346,0.494,0.51,0.497,0.532"
,4a1681a0f,2026-05-31T05:24:44,,test_wallet_assets_loading_time[wallet_load_user],passed,0.583,1.448,0.621,10,"1.448,0.584,0.598,0.606,0.586,0.625,0.628,0.671,0.583,0.619"
,4a1681a0f,2026-06-01T05:22:59,,test_wallet_loading_time[wallet_load_user],passed,0.537,0.657,0.62,5,"0.537,0.614,0.657,0.649,0.644"
,4a1681a0f,2026-06-01T05:22:59,,test_swap_loading_time[wallet_load_alex_user],passed,0.48,1.089,0.613,5,"1.089,0.48,0.514,0.483,0.497"
,4a1681a0f,2026-06-01T05:22:59,,test_wallet_assets_loading_time[wallet_load_alex_user],passed,0.367,1.034,0.376,10,"1.034,0.376,0.591,0.383,0.567,0.376,0.581,0.377,0.589,0.367"
,4a1681a0f,2026-06-01T05:22:59,,test_status_community_loading_time[user_data0-user_account0],passed,5.876,6.03,5.932,5,"5.955,6.03,5.886,5.876,5.913"
,4a1681a0f,2026-06-01T05:22:59,,test_wallet_loading_time[wallet_load_alex_user],passed,0.555,0.662,0.602,5,"0.583,0.555,0.619,0.662,0.593"
,4a1681a0f,2026-06-01T05:22:59,,test_wallet_assets_loading_time[wallet_load_user],passed,0.577,1.104,0.632,10,"1.104,0.641,0.599,0.659,0.577,0.61,0.59,0.611,0.613,0.639"
,4a1681a0f,2026-06-01T05:22:59,,test_swap_loading_time[wallet_load_user],passed,0.497,1.191,0.644,5,"1.191,0.505,0.498,0.529,0.497"
,645e2d6be,2026-06-02T05:32:27,,test_wallet_assets_loading_time[wallet_load_user],passed,0.587,0.98,0.647,10,"0.98,0.608,0.588,0.641,0.616,0.663,0.587,0.671,0.641,0.65"
,645e2d6be,2026-06-02T05:32:27,,test_wallet_loading_time[wallet_load_user],passed,0.591,0.759,0.653,5,"0.591,0.695,0.62,0.599,0.759"
,645e2d6be,2026-06-02T05:32:27,,test_status_community_loading_time[user_data0-user_account0],passed,5.82,6.317,6.004,5,"6.317,5.82,5.879,5.893,6.112"
,645e2d6be,2026-06-02T05:32:27,,test_wallet_assets_loading_time[wallet_load_alex_user],passed,0.335,1.011,0.361,10,"1.011,0.335,0.588,0.383,0.586,0.345,0.556,0.359,0.572,0.381"
,645e2d6be,2026-06-02T05:32:27,,test_swap_loading_time[wallet_load_alex_user],passed,0.478,1.781,0.775,5,"1.781,0.478,0.495,0.639,0.481"
,645e2d6be,2026-06-02T05:32:27,,test_wallet_loading_time[wallet_load_alex_user],passed,0.562,0.762,0.645,5,"0.583,0.643,0.562,0.762,0.678"
,645e2d6be,2026-06-02T05:32:27,,test_swap_loading_time[wallet_load_user],passed,0.498,1.243,0.658,5,"1.243,0.5,0.531,0.52,0.498"
,7f1b97005,2026-06-03T05:30:51,,test_wallet_assets_loading_time[wallet_load_alex_user],passed,0.366,1.014,0.372,10,"1.014,0.369,0.554,0.366,0.581,0.38,0.562,0.37,0.589,0.374"
,7f1b97005,2026-06-03T05:30:51,,test_swap_loading_time[wallet_load_user],passed,0.509,1.442,0.703,5,"1.442,0.509,0.518,0.519,0.529"
,7f1b97005,2026-06-03T05:30:51,,test_wallet_assets_loading_time[wallet_load_user],passed,0.567,0.994,0.634,10,"0.994,0.618,0.649,0.654,0.567,0.607,0.58,0.646,0.658,0.644"
,7f1b97005,2026-06-03T05:30:51,,test_wallet_loading_time[wallet_load_alex_user],passed,0.51,0.667,0.602,5,"0.575,0.51,0.653,0.667,0.604"
,7f1b97005,2026-06-03T05:30:51,,test_wallet_loading_time[wallet_load_user],passed,0.532,0.678,0.626,5,"0.532,0.678,0.646,0.602,0.672"
,7f1b97005,2026-06-03T05:30:51,,test_swap_loading_time[wallet_load_alex_user],passed,0.494,1.169,0.64,5,"1.169,0.494,0.503,0.528,0.509"
,7f1b97005,2026-06-03T05:30:51,,test_status_community_loading_time[user_data0-user_account0],passed,5.716,6.32,5.901,5,"6.32,5.716,5.766,5.853,5.853"
,b1aab2d32,2026-06-04T05:39:56,,test_swap_loading_time[wallet_load_user],passed,0.508,1.422,0.694,5,"1.422,0.508,0.51,0.518,0.514"
,b1aab2d32,2026-06-04T05:39:56,,test_wallet_assets_loading_time[wallet_load_user],passed,0.58,1.069,0.612,10,"1.069,0.585,0.599,0.644,0.58,0.594,0.585,0.612,0.621,0.623"
,b1aab2d32,2026-06-04T05:39:56,,test_wallet_loading_time[wallet_load_alex_user],passed,0.584,0.694,0.655,5,"0.675,0.642,0.694,0.584,0.678"
,b1aab2d32,2026-06-04T05:39:56,,test_swap_loading_time[wallet_load_alex_user],passed,0.495,1.661,0.732,5,"1.661,0.495,0.496,0.504,0.504"
,b1aab2d32,2026-06-04T05:39:56,,test_wallet_assets_loading_time[wallet_load_alex_user],passed,0.322,1.523,0.338,10,"1.523,0.324,0.559,0.322,0.571,0.333,0.597,0.34,0.551,0.371"
,b1aab2d32,2026-06-04T05:39:56,,test_status_community_loading_time[user_data0-user_account0],passed,5.852,6.319,6.003,5,"5.997,5.852,6.319,5.907,5.938"
,b1aab2d32,2026-06-04T05:39:56,,test_wallet_loading_time[wallet_load_user],passed,0.61,0.754,0.649,5,"0.633,0.627,0.61,0.754,0.619"
,b1aab2d32,2026-06-05T05:38:57,,test_swap_loading_time[wallet_load_alex_user],passed,0.486,1.664,0.738,5,"1.664,0.487,0.486,0.537,0.512"
,b1aab2d32,2026-06-05T05:38:57,,test_wallet_assets_loading_time[wallet_load_alex_user],passed,0.299,1.269,0.313,10,"1.269,0.321,0.558,0.31,0.603,0.299,0.561,0.309,0.588,0.325"
,b1aab2d32,2026-06-05T05:38:57,,test_swap_loading_time[wallet_load_user],passed,0.507,1.679,0.774,5,"1.679,0.507,0.51,0.66,0.514"
,b1aab2d32,2026-06-05T05:38:57,,test_wallet_loading_time[wallet_load_user],passed,0.568,0.716,0.646,5,"0.714,0.568,0.716,0.604,0.627"
,b1aab2d32,2026-06-05T05:38:57,,test_status_community_loading_time[user_data0-user_account0],passed,5.758,6.04,5.888,5,"5.957,5.758,5.884,6.04,5.802"
,b1aab2d32,2026-06-05T05:38:57,,test_wallet_loading_time[wallet_load_alex_user],passed,0.559,0.66,0.606,5,"0.559,0.562,0.66,0.624,0.626"
,b1aab2d32,2026-06-05T05:38:57,,test_wallet_assets_loading_time[wallet_load_user],passed,0.558,1.196,0.607,10,"1.196,0.595,0.593,0.625,0.585,0.588,0.558,0.608,0.639,0.617"
,b1aab2d32,2026-06-06T05:32:03,,test_wallet_loading_time[wallet_load_user],passed,0.571,1.295,0.816,5,"0.571,0.763,0.766,1.295,0.685"
,b1aab2d32,2026-06-06T05:32:03,,test_swap_loading_time[wallet_load_alex_user],passed,0.485,1.342,0.669,5,"1.342,0.485,0.517,0.491,0.512"
,b1aab2d32,2026-06-06T05:32:03,,test_wallet_assets_loading_time[wallet_load_alex_user],passed,0.328,0.978,0.343,10,"0.978,0.35,0.587,0.374,0.565,0.328,0.569,0.331,0.574,0.332"
,b1aab2d32,2026-06-06T05:32:03,,test_wallet_assets_loading_time[wallet_load_user],passed,0.575,1.023,0.648,10,"1.023,0.653,0.607,0.655,0.588,0.639,0.575,0.641,0.679,0.653"
,b1aab2d32,2026-06-06T05:32:03,,test_swap_loading_time[wallet_load_user],passed,0.496,1.647,0.735,5,"1.647,0.496,0.497,0.517,0.518"
,b1aab2d32,2026-06-06T05:32:03,,test_status_community_loading_time[user_data0-user_account0],passed,5.763,5.904,5.804,5,"5.78,5.904,5.765,5.763,5.806"
,b1aab2d32,2026-06-06T05:32:03,,test_wallet_loading_time[wallet_load_alex_user],passed,0.538,1.342,0.709,5,"0.538,0.544,0.544,1.342,0.577"
,b1aab2d32,2026-06-07T05:30:33,,test_swap_loading_time[wallet_load_alex_user],passed,0.486,1.784,0.749,5,"1.784,0.488,0.486,0.502,0.486"
,b1aab2d32,2026-06-07T05:30:33,,test_wallet_loading_time[wallet_load_alex_user],passed,0.567,1.423,0.819,5,"0.676,0.567,0.758,1.423,0.669"
,b1aab2d32,2026-06-07T05:30:33,,test_wallet_assets_loading_time[wallet_load_alex_user],passed,0.349,1.153,0.36,10,"1.153,0.354,0.632,0.362,0.615,0.365,0.585,0.349,0.568,0.368"
,b1aab2d32,2026-06-07T05:30:33,,test_wallet_loading_time[wallet_load_user],passed,0.569,0.776,0.667,5,"0.651,0.569,0.739,0.6,0.776"
,b1aab2d32,2026-06-07T05:30:33,,test_swap_loading_time[wallet_load_user],passed,0.504,1.43,0.696,5,"1.43,0.504,0.508,0.518,0.522"
,b1aab2d32,2026-06-07T05:30:33,,test_wallet_assets_loading_time[wallet_load_user],passed,0.543,1.152,0.595,10,"1.152,0.596,0.577,0.623,0.543,0.581,0.554,0.57,0.617,0.606"
,b1aab2d32,2026-06-07T05:30:33,,test_status_community_loading_time[user_data0-user_account0],passed,5.821,5.933,5.866,5,"5.87,5.832,5.933,5.821,5.874"
,b1aab2d32,2026-06-08T05:35:13,,test_wallet_loading_time[wallet_load_user],passed,0.546,0.696,0.652,5,"0.546,0.696,0.675,0.653,0.689"
,b1aab2d32,2026-06-08T05:35:13,,test_swap_loading_time[wallet_load_user],passed,0.492,1.357,0.697,5,"1.357,0.503,0.492,0.514,0.62"
,b1aab2d32,2026-06-08T05:35:13,,test_swap_loading_time[wallet_load_alex_user],passed,0.479,1.813,0.785,5,"1.813,0.491,0.618,0.525,0.479"
,b1aab2d32,2026-06-08T05:35:13,,test_status_community_loading_time[user_data0-user_account0],passed,5.786,5.833,5.811,5,"5.786,5.82,5.786,5.827,5.833"
,b1aab2d32,2026-06-08T05:35:13,,test_wallet_loading_time[wallet_load_alex_user],passed,0.56,0.768,0.662,5,"0.56,0.768,0.674,0.722,0.587"
,b1aab2d32,2026-06-08T05:35:13,,test_wallet_assets_loading_time[wallet_load_alex_user],passed,0.327,1.175,0.339,10,"1.175,0.354,0.548,0.327,0.603,0.336,0.549,0.337,0.558,0.339"
,b1aab2d32,2026-06-08T05:35:13,,test_wallet_assets_loading_time[wallet_load_user],passed,0.569,1.028,0.617,10,"1.028,0.642,0.599,0.639,0.583,0.595,0.569,0.599,0.65,0.609"
,4dd56c988,2026-06-09T05:33:43,,test_wallet_assets_loading_time[wallet_load_alex_user],passed,0.342,1.526,0.356,10,"1.526,0.352,0.573,0.346,0.585,0.342,0.6,0.368,0.602,0.372"
,4dd56c988,2026-06-09T05:33:43,,test_swap_loading_time[wallet_load_alex_user],passed,0.49,1.129,0.624,5,"1.129,0.49,0.505,0.495,0.501"
,4dd56c988,2026-06-09T05:33:43,,test_status_community_loading_time[user_data0-user_account0],passed,5.763,5.902,5.827,5,"5.902,5.763,5.855,5.776,5.838"
,4dd56c988,2026-06-09T05:33:43,,test_wallet_loading_time[wallet_load_user],passed,0.544,0.706,0.621,5,"0.544,0.594,0.674,0.589,0.706"
,4dd56c988,2026-06-09T05:33:43,,test_wallet_assets_loading_time[wallet_load_user],passed,0.586,1.078,0.615,10,"1.078,0.597,0.586,0.656,0.587,0.615,0.589,0.603,0.616,0.607"
,4dd56c988,2026-06-09T05:33:43,,test_swap_loading_time[wallet_load_user],passed,0.495,1.459,0.758,5,"1.459,0.495,0.507,0.532,0.799"
,4dd56c988,2026-06-09T05:33:43,,test_wallet_loading_time[wallet_load_alex_user],passed,0.576,0.732,0.636,5,"0.59,0.666,0.576,0.732,0.615"
,e3edf1df4,2026-06-10T05:20:20,,test_swap_loading_time[wallet_load_alex_user],passed,0.478,0.983,0.581,5,"0.983,0.479,0.478,0.484,0.48"
,e3edf1df4,2026-06-10T05:20:20,,test_wallet_assets_loading_time[wallet_load_alex_user],passed,0.34,1.39,0.353,10,"1.39,0.378,0.578,0.342,0.578,0.347,0.581,0.358,0.606,0.34"
,e3edf1df4,2026-06-10T05:20:20,,test_swap_loading_time[wallet_load_user],passed,0.49,1.383,0.684,5,"1.383,0.499,0.49,0.538,0.51"
,e3edf1df4,2026-06-10T05:20:20,,test_wallet_assets_loading_time[wallet_load_user],passed,0.572,0.996,0.608,10,"0.996,0.591,0.584,0.648,0.576,0.595,0.572,0.593,0.597,0.61"
,e3edf1df4,2026-06-10T05:20:20,,test_status_community_loading_time[user_data0-user_account0],passed,5.828,6.027,5.878,5,"6.027,5.837,5.865,5.828,5.833"
,e3edf1df4,2026-06-10T05:20:20,,test_wallet_loading_time[wallet_load_alex_user],passed,0.567,0.642,0.591,5,"0.602,0.575,0.571,0.642,0.567"
,e3edf1df4,2026-06-10T05:20:20,,test_wallet_loading_time[wallet_load_user],passed,0.586,0.754,0.628,5,"0.586,0.607,0.754,0.605,0.588"
,fea58e2c6,2026-06-11T05:17:41,,test_wallet_assets_loading_time[wallet_load_alex_user],passed,0.328,1.212,0.344,10,"1.212,0.328,0.587,0.371,0.601,0.335,0.536,0.329,0.579,0.357"
,fea58e2c6,2026-06-11T05:17:41,,test_status_community_loading_time[user_data0-user_account0],passed,5.775,6.177,5.886,5,"6.177,5.89,5.775,5.802,5.788"
,fea58e2c6,2026-06-11T05:17:41,,test_wallet_loading_time[wallet_load_user],passed,0.49,0.566,0.537,5,"0.49,0.562,0.536,0.531,0.566"
,fea58e2c6,2026-06-11T05:17:41,,test_wallet_assets_loading_time[wallet_load_user],passed,0.553,1.175,0.601,10,"1.175,0.579,0.585,0.635,0.553,0.602,0.579,0.618,0.615,0.572"
,fea58e2c6,2026-06-11T05:17:41,,test_wallet_loading_time[wallet_load_alex_user],passed,0.544,0.641,0.602,5,"0.589,0.604,0.544,0.634,0.641"
,fea58e2c6,2026-06-11T05:17:41,,test_swap_loading_time[wallet_load_alex_user],passed,0.474,1.383,0.678,5,"1.383,0.475,0.474,0.537,0.519"
,fea58e2c6,2026-06-11T05:17:41,,test_swap_loading_time[wallet_load_user],passed,0.488,1.162,0.64,5,"1.162,0.497,0.488,0.52,0.534"
,48fc996a7,2026-06-12T05:20:18,,test_wallet_loading_time[wallet_load_alex_user],passed,0.559,1.334,0.763,5,"0.68,0.639,0.559,1.334,0.603"
,48fc996a7,2026-06-12T05:20:18,,test_wallet_loading_time[wallet_load_user],passed,0.565,0.687,0.622,5,"0.644,0.587,0.627,0.687,0.565"
,48fc996a7,2026-06-12T05:20:18,,test_status_community_loading_time[user_data0-user_account0],passed,5.819,5.904,5.87,5,"5.868,5.819,5.863,5.895,5.904"
,48fc996a7,2026-06-12T05:20:18,,test_swap_loading_time[wallet_load_user],passed,0.498,1.213,0.654,5,"1.213,0.498,0.508,0.512,0.537"
,48fc996a7,2026-06-12T05:20:18,,test_swap_loading_time[wallet_load_alex_user],passed,0.47,1.418,0.683,5,"1.418,0.47,0.49,0.502,0.532"
,48fc996a7,2026-06-12T05:20:18,,test_wallet_assets_loading_time[wallet_load_user],passed,0.57,1.085,0.606,10,"1.085,0.602,0.57,0.627,0.575,0.596,0.591,0.601,0.642,0.604"
,48fc996a7,2026-06-12T05:20:18,,test_wallet_assets_loading_time[wallet_load_alex_user],passed,0.337,0.961,0.346,10,"0.961,0.344,0.596,0.365,0.557,0.343,0.542,0.337,0.576,0.34"
,a8870a020,2026-06-13T05:25:45,,test_wallet_assets_loading_time[wallet_load_user],passed,0.592,0.967,0.617,10,"0.967,0.601,0.594,0.638,0.592,0.618,0.596,0.627,0.687,0.598"
,a8870a020,2026-06-13T05:25:45,,test_swap_loading_time[wallet_load_alex_user],passed,0.468,1.78,0.769,5,"1.78,0.468,0.486,0.629,0.482"
,a8870a020,2026-06-13T05:25:45,,test_wallet_assets_loading_time[wallet_load_alex_user],passed,0.346,1.445,0.363,10,"1.445,0.349,0.557,0.353,0.55,0.38,0.567,0.387,0.559,0.346"
,a8870a020,2026-06-13T05:25:45,,test_wallet_loading_time[wallet_load_user],passed,0.567,0.668,0.61,5,"0.616,0.629,0.569,0.567,0.668"
,a8870a020,2026-06-13T05:25:45,,test_status_community_loading_time[user_data0-user_account0],passed,5.771,6.042,5.881,5,"6.019,5.771,6.042,5.791,5.781"
,a8870a020,2026-06-13T05:25:45,,test_swap_loading_time[wallet_load_user],passed,0.496,1.392,0.687,5,"1.392,0.496,0.511,0.525,0.508"
,a8870a020,2026-06-13T05:25:45,,test_wallet_loading_time[wallet_load_alex_user],passed,0.53,0.574,0.559,5,"0.569,0.574,0.572,0.53,0.553"
,a8870a020,2026-06-14T05:20:58,,test_wallet_assets_loading_time[wallet_load_alex_user],passed,0.334,1.52,0.356,10,"1.52,0.354,0.591,0.334,0.61,0.369,0.573,0.365,0.541,0.357"
,a8870a020,2026-06-14T05:20:58,,test_wallet_loading_time[wallet_load_user],passed,0.564,0.764,0.684,5,"0.764,0.564,0.706,0.723,0.662"
,a8870a020,2026-06-14T05:20:58,,test_swap_loading_time[wallet_load_user],passed,0.491,1.411,0.687,5,"1.411,0.507,0.507,0.519,0.491"
,a8870a020,2026-06-14T05:20:58,,test_swap_loading_time[wallet_load_alex_user],passed,0.476,1.834,0.781,5,"1.834,0.476,0.499,0.618,0.476"
,a8870a020,2026-06-14T05:20:58,,test_wallet_loading_time[wallet_load_alex_user],passed,0.548,0.793,0.634,5,"0.588,0.627,0.548,0.793,0.612"
,a8870a020,2026-06-14T05:20:58,,test_status_community_loading_time[user_data0-user_account0],passed,5.765,5.85,5.814,5,"5.85,5.765,5.809,5.806,5.841"
,a8870a020,2026-06-14T05:20:58,,test_wallet_assets_loading_time[wallet_load_user],passed,0.552,0.994,0.62,10,"0.994,0.582,0.571,0.607,0.552,0.602,0.567,0.58,0.58,0.731"
,a8870a020,2026-06-15T05:22:36,,test_wallet_loading_time[wallet_load_alex_user],passed,0.488,0.63,0.571,5,"0.608,0.488,0.568,0.563,0.63"
,a8870a020,2026-06-15T05:22:36,,test_swap_loading_time[wallet_load_alex_user],passed,0.482,1.2,0.641,5,"1.2,0.482,0.497,0.485,0.543"
,a8870a020,2026-06-15T05:22:36,,test_wallet_assets_loading_time[wallet_load_alex_user],passed,0.309,0.981,0.334,10,"0.981,0.375,0.587,0.309,0.625,0.354,0.6,0.309,0.533,0.321"
,a8870a020,2026-06-15T05:22:36,,test_swap_loading_time[wallet_load_user],passed,0.491,1.791,0.767,5,"1.791,0.501,0.543,0.511,0.491"
,a8870a020,2026-06-15T05:22:36,,test_status_community_loading_time[user_data0-user_account0],passed,5.801,6.328,5.976,5,"6.328,5.949,5.933,5.868,5.801"
,a8870a020,2026-06-15T05:22:36,,test_wallet_assets_loading_time[wallet_load_user],passed,0.565,0.988,0.597,10,"0.988,0.565,0.608,0.616,0.581,0.571,0.584,0.6,0.612,0.635"
,a8870a020,2026-06-15T05:22:36,,test_wallet_loading_time[wallet_load_user],passed,0.568,0.733,0.627,5,"0.615,0.733,0.62,0.568,0.6"
,a8870a020,2026-06-16T05:22:18,,test_swap_loading_time[wallet_load_user],passed,0.482,1.375,0.674,5,"1.375,0.497,0.5,0.517,0.482"
,a8870a020,2026-06-16T05:22:18,,test_wallet_assets_loading_time[wallet_load_user],passed,0.552,0.944,0.583,10,"0.944,0.567,0.565,0.635,0.553,0.567,0.552,0.592,0.636,0.555"
,a8870a020,2026-06-16T05:22:18,,test_wallet_loading_time[wallet_load_user],passed,0.561,0.696,0.644,5,"0.561,0.658,0.687,0.62,0.696"
,a8870a020,2026-06-16T05:22:18,,test_swap_loading_time[wallet_load_alex_user],passed,0.481,1.29,0.657,5,"1.29,0.481,0.535,0.482,0.494"
,a8870a020,2026-06-16T05:22:18,,test_status_community_loading_time[user_data0-user_account0],passed,5.81,6.069,5.925,5,"6.069,5.81,6.061,5.814,5.871"
,a8870a020,2026-06-16T05:22:18,,test_wallet_loading_time[wallet_load_alex_user],passed,0.532,0.727,0.603,5,"0.582,0.63,0.545,0.727,0.532"
,a8870a020,2026-06-16T05:22:18,,test_wallet_assets_loading_time[wallet_load_alex_user],passed,0.338,1.512,0.353,10,"1.512,0.353,0.603,0.345,0.569,0.338,0.585,0.351,0.579,0.376"
,52eeb9625,2026-06-17T05:22:10,,test_wallet_assets_loading_time[wallet_load_user],passed,0.563,0.931,0.606,10,"0.931,0.579,0.611,0.638,0.578,0.586,0.563,0.608,0.613,0.617"
,52eeb9625,2026-06-17T05:22:10,,test_wallet_loading_time[wallet_load_alex_user],passed,0.472,0.605,0.538,5,"0.548,0.531,0.472,0.534,0.605"
,52eeb9625,2026-06-17T05:22:10,,test_status_community_loading_time[user_data0-user_account0],passed,5.766,5.968,5.883,5,"5.766,5.88,5.968,5.902,5.899"
,52eeb9625,2026-06-17T05:22:10,,test_swap_loading_time[wallet_load_alex_user],passed,0.474,1.95,0.808,5,"1.95,0.474,0.5,0.623,0.493"
,52eeb9625,2026-06-17T05:22:10,,test_wallet_loading_time[wallet_load_user],passed,0.435,0.744,0.643,5,"0.435,0.732,0.563,0.744,0.743"
,52eeb9625,2026-06-17T05:22:10,,test_wallet_assets_loading_time[wallet_load_alex_user],passed,0.335,0.879,0.352,10,"0.879,0.349,0.553,0.348,0.572,0.347,0.576,0.38,0.565,0.335"
,52eeb9625,2026-06-17T05:22:10,,test_swap_loading_time[wallet_load_user],passed,0.486,1.364,0.673,5,"1.364,0.486,0.507,0.518,0.489"
,fd8c962a9,2026-06-17T14:52:12,,test_swap_loading_time[wallet_load_user],passed,0.486,1.794,0.757,5,"1.794,0.486,0.521,0.491,0.492"
,fd8c962a9,2026-06-17T14:52:12,,test_wallet_assets_loading_time[wallet_load_user],passed,0.599,1.322,0.643,10,"1.322,0.599,0.617,0.637,0.607,0.64,0.645,0.639,0.605,0.698"
,fd8c962a9,2026-06-17T14:52:12,,test_wallet_loading_time[wallet_load_alex_user],passed,0.619,0.733,0.664,5,"0.707,0.733,0.623,0.619,0.641"
,fd8c962a9,2026-06-17T14:52:12,,test_swap_loading_time[wallet_load_alex_user],passed,0.482,1.387,0.699,5,"1.387,0.482,0.498,0.621,0.506"
,fd8c962a9,2026-06-17T14:52:12,,test_wallet_assets_loading_time[wallet_load_alex_user],passed,0.33,1.124,0.36,10,"1.124,0.369,0.604,0.386,0.554,0.33,0.569,0.336,0.603,0.379"
,fd8c962a9,2026-06-17T14:52:12,,test_wallet_loading_time[wallet_load_user],passed,0.574,0.637,0.609,5,"0.637,0.629,0.574,0.582,0.623"
,fd8c962a9,2026-06-17T14:52:12,,test_status_community_loading_time[user_data0-user_account0],passed,5.812,6.099,5.922,5,"5.812,6.099,5.827,5.913,5.957"
,cc669c88d,2026-06-18T09:26:34,,test_wallet_loading_time[wallet_load_user],passed,0.565,0.693,0.629,5,"0.628,0.677,0.565,0.693,0.584"
,cc669c88d,2026-06-18T09:26:34,,test_wallet_assets_loading_time[wallet_load_alex_user],passed,0.334,0.925,0.358,10,"0.925,0.344,0.562,0.334,0.594,0.349,0.539,0.362,0.553,0.401"
,cc669c88d,2026-06-18T09:26:34,,test_swap_loading_time[wallet_load_alex_user],passed,0.46,1.315,0.645,5,"1.315,0.467,0.488,0.46,0.494"
,cc669c88d,2026-06-18T09:26:34,,test_wallet_assets_loading_time[wallet_load_user],passed,0.57,0.939,0.602,10,"0.939,0.6,0.589,0.636,0.612,0.57,0.607,0.616,0.631,0.589"
,cc669c88d,2026-06-18T09:26:34,,test_wallet_loading_time[wallet_load_alex_user],passed,0.545,0.767,0.652,5,"0.767,0.545,0.628,0.66,0.659"
,cc669c88d,2026-06-18T09:26:34,,test_status_community_loading_time[user_data0-user_account0],passed,5.62,6.027,5.862,5,"5.62,5.821,5.869,6.027,5.971"
,cc669c88d,2026-06-18T09:26:34,,test_swap_loading_time[wallet_load_user],passed,0.498,1.273,0.662,5,"1.273,0.498,0.51,0.525,0.502"
,ff50dae5c,2026-06-19T05:22:24,,test_swap_loading_time[wallet_load_alex_user],passed,0.481,0.965,0.586,5,"0.965,0.49,0.495,0.481,0.498"
,ff50dae5c,2026-06-19T05:22:24,,test_swap_loading_time[wallet_load_user],passed,0.494,1.333,0.668,5,"1.333,0.497,0.502,0.514,0.494"
,ff50dae5c,2026-06-19T05:22:24,,test_wallet_loading_time[wallet_load_user],passed,0.558,0.655,0.62,5,"0.595,0.655,0.652,0.639,0.558"
,ff50dae5c,2026-06-19T05:22:24,,test_wallet_assets_loading_time[wallet_load_alex_user],passed,0.336,1.504,0.354,10,"1.504,0.349,0.613,0.385,0.577,0.347,0.58,0.336,0.546,0.353"
,ff50dae5c,2026-06-19T05:22:24,,test_wallet_loading_time[wallet_load_alex_user],passed,0.521,0.702,0.617,5,"0.591,0.521,0.631,0.702,0.639"
,ff50dae5c,2026-06-19T05:22:24,,test_status_community_loading_time[user_data0-user_account0],passed,5.801,5.946,5.853,5,"5.946,5.865,5.801,5.835,5.818"
,ff50dae5c,2026-06-19T05:22:24,,test_wallet_assets_loading_time[wallet_load_user],passed,0.56,1.022,0.643,10,"1.022,0.58,0.58,0.665,0.572,0.625,0.56,0.615,0.619,0.729"
,5b179437e,2026-06-20T05:22:47,,test_wallet_loading_time[wallet_load_alex_user],passed,0.5,0.672,0.561,5,"0.523,0.578,0.5,0.672,0.532"
,5b179437e,2026-06-20T05:22:47,,test_swap_loading_time[wallet_load_user],passed,0.494,1.303,0.667,5,"1.303,0.496,0.494,0.512,0.53"
,5b179437e,2026-06-20T05:22:47,,test_status_community_loading_time[user_data0-user_account0],passed,5.73,5.93,5.844,5,"5.73,5.873,5.833,5.853,5.93"
,5b179437e,2026-06-20T05:22:47,,test_wallet_assets_loading_time[wallet_load_alex_user],passed,0.333,1.646,0.42,10,"1.646,0.662,0.582,0.364,0.548,0.333,0.572,0.364,0.586,0.379"
,5b179437e,2026-06-20T05:22:47,,test_wallet_loading_time[wallet_load_user],passed,0.589,0.757,0.665,5,"0.589,0.725,0.627,0.628,0.757"
,5b179437e,2026-06-20T05:22:47,,test_swap_loading_time[wallet_load_alex_user],passed,0.479,1.017,0.599,5,"1.017,0.488,0.479,0.515,0.494"
,5b179437e,2026-06-20T05:22:47,,test_wallet_assets_loading_time[wallet_load_user],passed,0.558,1.053,0.612,10,"1.053,0.604,0.604,0.647,0.566,0.616,0.558,0.599,0.592,0.595"
,5b179437e,2026-06-21T05:21:33,,test_wallet_loading_time[wallet_load_alex_user],passed,0.599,1.715,0.869,5,"0.711,0.6,0.599,1.715,0.722"
,5b179437e,2026-06-21T05:21:33,,test_swap_loading_time[wallet_load_alex_user],passed,0.469,1.167,0.629,5,"1.167,0.469,0.499,0.507,0.501"
,5b179437e,2026-06-21T05:21:33,,test_wallet_assets_loading_time[wallet_load_alex_user],passed,0.334,1.067,0.344,10,"1.067,0.35,0.582,0.353,0.597,0.334,0.547,0.349,0.589,0.334"
,5b179437e,2026-06-21T05:21:33,,test_swap_loading_time[wallet_load_user],passed,0.491,1.51,0.71,5,"1.51,0.491,0.497,0.525,0.525"
,5b179437e,2026-06-21T05:21:33,,test_status_community_loading_time[user_data0-user_account0],passed,5.815,6.422,5.973,5,"6.422,5.815,5.832,5.928,5.867"
,5b179437e,2026-06-21T05:21:33,,test_wallet_loading_time[wallet_load_user],passed,0.578,0.755,0.674,5,"0.578,0.755,0.671,0.64,0.727"
,5b179437e,2026-06-21T05:21:33,,test_wallet_assets_loading_time[wallet_load_user],passed,0.556,0.973,0.629,10,"0.973,0.577,0.556,0.647,0.583,0.615,0.584,0.616,0.663,0.692"
,5b179437e,2026-06-22T05:19:15,,test_wallet_assets_loading_time[wallet_load_alex_user],passed,0.342,1.005,0.36,10,"1.005,0.401,0.561,0.355,0.588,0.342,0.556,0.342,0.56,0.359"
,5b179437e,2026-06-22T05:19:15,,test_swap_loading_time[wallet_load_user],passed,0.504,1.27,0.668,5,"1.27,0.504,0.515,0.517,0.533"
,5b179437e,2026-06-22T05:19:15,,test_wallet_loading_time[wallet_load_alex_user],passed,0.558,1.843,0.87,5,"0.573,0.651,0.558,0.726,1.843"
,5b179437e,2026-06-22T05:19:15,,test_wallet_loading_time[wallet_load_user],passed,0.492,0.818,0.638,5,"0.492,0.654,0.818,0.639,0.587"
,5b179437e,2026-06-22T05:19:15,,test_status_community_loading_time[user_data0-user_account0],passed,5.781,6.198,5.907,5,"6.198,5.781,5.833,5.835,5.89"
,5b179437e,2026-06-22T05:19:15,,test_swap_loading_time[wallet_load_alex_user],passed,0.48,1.664,0.761,5,"1.664,0.48,0.528,0.494,0.637"
,5b179437e,2026-06-22T05:19:15,,test_wallet_assets_loading_time[wallet_load_user],passed,0.553,0.961,0.619,10,"0.961,0.609,0.576,0.634,0.553,0.618,0.564,0.599,0.606,0.634"
,962c77bd5,2026-06-22T17:27:36,,test_wallet_loading_time[wallet_load_alex_user],passed,0.559,0.709,0.625,5,"0.709,0.63,0.559,0.629,0.6"
,962c77bd5,2026-06-22T17:27:36,,test_status_community_loading_time[user_data0-user_account0],passed,5.748,5.888,5.805,5,"5.888,5.788,5.816,5.748,5.783"
,962c77bd5,2026-06-22T17:27:36,,test_wallet_assets_loading_time[wallet_load_user],passed,0.554,0.973,0.633,10,"0.973,0.594,0.566,0.648,0.562,0.632,0.554,0.644,0.611,0.649"
,962c77bd5,2026-06-22T17:27:36,,test_wallet_assets_loading_time[wallet_load_alex_user],passed,0.345,1.098,0.353,10,"1.098,0.349,0.57,0.351,0.6,0.345,0.571,0.35,0.581,0.372"
,962c77bd5,2026-06-22T17:27:36,,test_swap_loading_time[wallet_load_user],passed,0.495,1.126,0.73,5,"1.126,0.648,0.495,0.539,0.843"
,962c77bd5,2026-06-22T17:27:36,,test_wallet_loading_time[wallet_load_user],passed,0.484,0.667,0.55,5,"0.484,0.535,0.529,0.535,0.667"
,962c77bd5,2026-06-22T17:27:36,,test_swap_loading_time[wallet_load_alex_user],passed,0.469,1.499,0.684,5,"1.499,0.473,0.469,0.5,0.478"
,c32b3cdec,2026-06-23T05:21:10,,test_swap_loading_time[wallet_load_user],passed,0.498,1.27,0.668,5,"1.27,0.525,0.508,0.537,0.498"
,c32b3cdec,2026-06-23T05:21:10,,test_wallet_loading_time[wallet_load_user],passed,0.613,0.673,0.649,5,"0.613,0.656,0.648,0.653,0.673"
,c32b3cdec,2026-06-23T05:21:10,,test_swap_loading_time[wallet_load_alex_user],passed,0.47,1.422,0.672,5,"1.422,0.481,0.475,0.513,0.47"
,c32b3cdec,2026-06-23T05:21:10,,test_wallet_assets_loading_time[wallet_load_alex_user],passed,0.339,1.348,0.352,10,"1.348,0.339,0.586,0.343,0.587,0.342,0.538,0.349,0.547,0.385"
,c32b3cdec,2026-06-23T05:21:10,,test_status_community_loading_time[user_data0-user_account0],passed,5.737,6.094,5.865,5,"6.094,5.81,5.737,5.814,5.869"
,c32b3cdec,2026-06-23T05:21:10,,test_wallet_loading_time[wallet_load_alex_user],passed,0.514,0.672,0.59,5,"0.569,0.514,0.672,0.555,0.64"
,c32b3cdec,2026-06-23T05:21:10,,test_wallet_assets_loading_time[wallet_load_user],passed,0.553,0.645,0.615,10,"0.645,0.575,0.587,0.645,0.564,0.604,0.553,0.643,0.608,0.609"
,1b7b3af48,2026-06-23T14:02:08,,test_swap_loading_time[wallet_load_user],passed,0.482,1.346,0.668,5,"1.346,0.499,0.506,0.509,0.482"
,1b7b3af48,2026-06-23T14:02:08,,test_wallet_loading_time[wallet_load_alex_user],passed,0.518,0.718,0.616,5,"0.564,0.518,0.595,0.684,0.718"
,1b7b3af48,2026-06-23T14:02:08,,test_wallet_assets_loading_time[wallet_load_alex_user],passed,0.36,1.442,0.375,10,"1.442,0.364,0.563,0.367,0.566,0.36,0.564,0.398,0.587,0.387"
,1b7b3af48,2026-06-23T14:02:08,,test_wallet_loading_time[wallet_load_user],passed,0.573,0.731,0.642,5,"0.731,0.578,0.573,0.607,0.72"
,1b7b3af48,2026-06-23T14:02:08,,test_swap_loading_time[wallet_load_alex_user],passed,0.475,1.675,0.736,5,"1.675,0.475,0.544,0.509,0.476"
,1b7b3af48,2026-06-23T14:02:08,,test_status_community_loading_time[user_data0-user_account0],passed,5.721,6.327,5.887,5,"6.327,5.795,5.799,5.721,5.79"
,1b7b3af48,2026-06-23T14:02:08,,test_wallet_assets_loading_time[wallet_load_user],passed,0.562,0.753,0.663,10,"0.644,0.604,0.58,0.694,0.562,0.643,0.569,0.623,0.604,0.753"
,f016ed659,2026-06-24T05:17:25,,test_status_community_loading_time[user_data0-user_account0],passed,5.726,5.815,5.757,5,"5.729,5.815,5.726,5.74,5.776"
,f016ed659,2026-06-24T05:17:25,,test_wallet_loading_time[wallet_load_user],passed,0.576,0.621,0.595,5,"0.588,0.576,0.621,0.589,0.6"
,f016ed659,2026-06-24T05:17:25,,test_wallet_assets_loading_time[wallet_load_user],passed,0.549,0.872,0.632,10,"0.872,0.588,0.556,0.6,0.549,0.635,0.564,0.606,0.568,0.73"
,f016ed659,2026-06-24T05:17:25,,test_swap_loading_time[wallet_load_alex_user],passed,0.467,1.552,0.696,5,"1.552,0.478,0.485,0.501,0.467"
,f016ed659,2026-06-24T05:17:25,,test_wallet_assets_loading_time[wallet_load_alex_user],passed,0.325,1.042,0.347,10,"1.042,0.356,0.558,0.343,0.557,0.348,0.533,0.325,0.536,0.36"
,f016ed659,2026-06-24T05:17:25,,test_wallet_loading_time[wallet_load_alex_user],passed,0.547,1.734,0.92,5,"0.549,0.547,0.769,1.001,1.734"
,f016ed659,2026-06-24T05:17:25,,test_swap_loading_time[wallet_load_user],passed,0.491,1.125,0.632,5,"1.125,0.513,0.527,0.505,0.491"
,4283ab3f5,2026-06-25T05:16:23,,test_wallet_loading_time[wallet_load_user],passed,0.542,0.726,0.587,5,"0.545,0.542,0.566,0.555,0.726"
,4283ab3f5,2026-06-25T05:16:23,,test_swap_loading_time[wallet_load_alex_user],passed,0.476,1.5,0.692,5,"1.5,0.487,0.482,0.516,0.476"
,4283ab3f5,2026-06-25T05:16:23,,test_wallet_assets_loading_time[wallet_load_alex_user],passed,0.35,1.456,0.375,10,"1.456,0.35,0.545,0.358,0.543,0.356,0.552,0.361,0.681,0.453"
,4283ab3f5,2026-06-25T05:16:23,,test_swap_loading_time[wallet_load_user],passed,0.497,1.03,0.618,5,"1.03,0.532,0.529,0.503,0.497"
,4283ab3f5,2026-06-25T05:16:23,,test_status_community_loading_time[user_data0-user_account0],passed,5.76,5.919,5.831,5,"5.919,5.764,5.76,5.881,5.834"
,4283ab3f5,2026-06-25T05:16:23,,test_wallet_assets_loading_time[wallet_load_user],passed,0.549,0.989,0.638,10,"0.989,0.572,0.571,0.617,0.553,0.673,0.549,0.654,0.642,0.674"
,4283ab3f5,2026-06-25T05:16:23,,test_wallet_loading_time[wallet_load_alex_user],passed,0.516,0.649,0.581,5,"0.558,0.516,0.649,0.555,0.626"
,50e9b63e6,2026-06-25T17:16:10,,test_wallet_loading_time[wallet_load_user],passed,0.505,0.695,0.568,5,"0.507,0.505,0.588,0.545,0.695"
,50e9b63e6,2026-06-25T17:16:10,,test_status_community_first_open_loading_time[user_data0-user_account0],passed,3.502,3.502,3.502,1,3.502
,50e9b63e6,2026-06-25T17:16:10,,test_swap_loading_time[wallet_load_user],passed,0.5,1.846,0.782,5,"1.846,0.5,0.517,0.515,0.531"
,50e9b63e6,2026-06-25T17:16:10,,test_wallet_assets_loading_time[wallet_load_user],passed,0.54,1.133,0.619,10,"1.133,0.609,0.574,0.617,0.553,0.645,0.54,0.629,0.635,0.597"
,50e9b63e6,2026-06-25T17:16:10,,test_swap_loading_time[wallet_load_alex_user],passed,0.461,1.505,0.693,5,"1.505,0.483,0.475,0.541,0.461"
,50e9b63e6,2026-06-25T17:16:10,,test_wallet_loading_time[wallet_load_alex_user],passed,0.455,0.552,0.499,5,"0.519,0.496,0.552,0.455,0.471"
,50e9b63e6,2026-06-25T17:16:10,,test_status_community_second_open_loading_time[user_data0-user_account0],passed,2.095,3.224,2.333,5,"2.108,3.224,2.096,2.14,2.095"
,50e9b63e6,2026-06-25T17:16:10,,test_wallet_assets_loading_time[wallet_load_alex_user],passed,0.333,1.052,0.348,10,"1.052,0.362,0.553,0.35,0.607,0.345,0.537,0.348,0.598,0.333"
,50e9b63e6,2026-06-26T05:13:38,,test_status_community_first_open_loading_time[user_data0-user_account0],passed,4.579,4.579,4.579,1,4.579
,50e9b63e6,2026-06-26T05:13:38,,test_wallet_loading_time[wallet_load_alex_user],passed,0.468,0.614,0.535,5,"0.614,0.468,0.476,0.512,0.602"
,50e9b63e6,2026-06-26T05:13:38,,test_swap_loading_time[wallet_load_alex_user],passed,0.482,1.296,0.653,5,"1.296,0.488,0.482,0.518,0.482"
,50e9b63e6,2026-06-26T05:13:38,,test_wallet_assets_loading_time[wallet_load_alex_user],passed,0.341,1.101,0.346,10,"1.101,0.344,0.553,0.341,0.586,0.356,0.559,0.342,0.544,0.345"
,50e9b63e6,2026-06-26T05:13:38,,test_wallet_loading_time[wallet_load_user],passed,0.473,0.596,0.536,5,"0.531,0.473,0.596,0.517,0.566"
,50e9b63e6,2026-06-26T05:13:38,,test_status_community_second_open_loading_time[user_data0-user_account0],passed,2.067,2.529,2.189,5,"2.14,2.107,2.067,2.529,2.103"
,50e9b63e6,2026-06-26T05:13:38,,test_swap_loading_time[wallet_load_user],passed,0.489,1.365,0.679,5,"1.365,0.494,0.535,0.512,0.489"
,50e9b63e6,2026-06-26T05:13:38,,test_wallet_assets_loading_time[wallet_load_user],passed,0.586,0.692,0.648,10,"0.648,0.609,0.596,0.639,0.586,0.692,0.6,0.653,0.598,0.645"
,50e9b63e6,2026-06-26T09:30:14,,test_wallet_loading_time[wallet_load_alex_user],passed,0.341,0.581,0.505,5,"0.537,0.519,0.581,0.549,0.341"
,50e9b63e6,2026-06-26T09:30:14,,test_status_community_second_open_loading_time[user_data0-user_account0],passed,2.089,2.496,2.189,5,"2.102,2.496,2.145,2.089,2.115"
,50e9b63e6,2026-06-26T09:30:14,,test_status_community_first_open_loading_time[user_data0-user_account0],passed,4.212,4.212,4.212,1,4.212
,50e9b63e6,2026-06-26T09:30:14,,test_wallet_assets_loading_time[wallet_load_user],passed,0.564,0.793,0.683,10,"0.743,0.596,0.602,0.661,0.564,0.674,0.581,0.691,0.661,0.793"
,50e9b63e6,2026-06-26T09:30:14,,test_wallet_assets_loading_time[wallet_load_alex_user],passed,0.34,1.382,0.361,10,"1.382,0.356,0.54,0.356,0.567,0.34,0.558,0.386,0.561,0.369"
,50e9b63e6,2026-06-26T09:30:14,,test_swap_loading_time[wallet_load_user],passed,0.511,0.949,0.615,5,"0.949,0.517,0.511,0.531,0.566"
,50e9b63e6,2026-06-26T09:30:14,,test_swap_loading_time[wallet_load_alex_user],passed,0.463,1.358,0.658,5,"1.358,0.49,0.463,0.513,0.466"
,50e9b63e6,2026-06-26T09:30:14,,test_wallet_loading_time[wallet_load_user],passed,0.441,0.587,0.525,5,"0.587,0.441,0.513,0.539,0.546"
,54ab4baeb,2026-07-07T06:14:52,,test_wallet_assets_loading_time[wallet_load_user],passed,0.598,0.72,0.689,10,"0.72,0.624,0.6,0.683,0.598,0.713,0.6,0.72,0.615,0.707"
,54ab4baeb,2026-07-07T06:14:52,,test_swap_loading_time[wallet_load_user],passed,0.588,1.089,0.707,5,"1.089,0.602,0.588,0.639,0.617"
,54ab4baeb,2026-07-07T06:14:52,,test_swap_loading_time[wallet_load_alex_user],passed,0.53,1.139,0.674,5,"1.139,0.573,0.547,0.581,0.53"
,54ab4baeb,2026-07-07T06:14:52,,test_wallet_loading_time[wallet_load_user],passed,0.586,0.759,0.659,5,"0.657,0.586,0.658,0.635,0.759"
,54ab4baeb,2026-07-07T06:14:52,,test_status_community_first_open_loading_time[user_data0-user_account0],passed,4.948,4.948,4.948,1,4.948
,54ab4baeb,2026-07-07T06:14:52,,test_wallet_loading_time[wallet_load_alex_user],passed,0.633,0.784,0.71,5,"0.777,0.702,0.633,0.784,0.656"
,54ab4baeb,2026-07-07T06:14:52,,test_status_community_second_open_loading_time[user_data0-user_account0],passed,2.056,2.183,2.101,5,"2.183,2.097,2.102,2.068,2.056"
,54ab4baeb,2026-07-07T06:14:52,,test_wallet_assets_loading_time[wallet_load_alex_user],passed,0.398,0.998,0.432,10,"0.591,0.398,0.678,0.475,0.998,0.432,0.896,0.427,0.657,0.427"
,8871642d2,2026-07-07T08:45:37,,test_wallet_assets_loading_time[wallet_load_user],passed,0.62,0.862,0.754,10,"0.62,0.689,0.644,0.713,0.638,0.745,0.627,0.762,0.633,0.862"
,8871642d2,2026-07-07T08:45:37,,test_swap_loading_time[wallet_load_user],passed,0.569,1.08,0.679,5,"1.08,0.597,0.58,0.569,0.571"
,8871642d2,2026-07-07T08:45:37,,test_status_community_first_open_loading_time[user_data0-user_account0],passed,3.943,3.943,3.943,1,3.943
,8871642d2,2026-07-07T08:45:37,,test_wallet_loading_time[wallet_load_alex_user],passed,0.585,1.076,0.743,5,"0.657,0.585,0.73,0.669,1.076"
,8871642d2,2026-07-07T08:45:37,,test_swap_loading_time[wallet_load_alex_user],passed,0.536,1.096,0.668,5,"1.096,0.538,0.603,0.564,0.536"
,8871642d2,2026-07-07T08:45:37,,test_status_community_second_open_loading_time[user_data0-user_account0],passed,2.044,2.85,2.235,5,"2.118,2.85,2.044,2.068,2.093"
,8871642d2,2026-07-07T08:45:37,,test_wallet_loading_time[wallet_load_user],passed,0.573,0.861,0.73,5,"0.796,0.655,0.766,0.861,0.573"
,8871642d2,2026-07-07T08:45:37,,test_wallet_assets_loading_time[wallet_load_alex_user],passed,0.374,1.131,0.388,10,"1.131,0.374,0.635,0.398,0.666,0.376,0.624,0.397,0.68,0.396"
,d39309cca,2026-07-08T05:20:26,,test_wallet_assets_loading_time[wallet_load_alex_user],passed,0.365,1.156,0.389,10,"1.156,0.365,0.639,0.376,0.667,0.408,0.624,0.395,0.627,0.403"
,d39309cca,2026-07-08T05:20:26,,test_swap_loading_time[wallet_load_alex_user],passed,0.523,1.124,0.654,5,"1.124,0.544,0.523,0.55,0.53"
,d39309cca,2026-07-08T05:20:26,,test_swap_loading_time[wallet_load_user],passed,0.574,1.221,0.71,5,"1.221,0.597,0.58,0.574,0.581"
,d39309cca,2026-07-08T05:20:26,,test_status_community_first_open_loading_time[user_data0-user_account0],passed,3.823,3.823,3.823,1,3.823
,d39309cca,2026-07-08T05:20:26,,test_wallet_assets_loading_time[wallet_load_user],passed,0.61,0.833,0.751,10,"0.814,0.666,0.61,0.71,0.62,0.734,0.628,0.813,0.634,0.833"
,d39309cca,2026-07-08T05:20:26,,test_wallet_loading_time[wallet_load_alex_user],passed,0.665,0.758,0.706,5,"0.673,0.718,0.714,0.758,0.665"
,d39309cca,2026-07-08T05:20:26,,test_status_community_second_open_loading_time[user_data0-user_account0],passed,2.112,2.448,2.199,5,"2.112,2.448,2.148,2.118,2.171"
,d39309cca,2026-07-08T05:20:26,,test_wallet_loading_time[wallet_load_user],passed,0.651,0.823,0.741,5,"0.711,0.651,0.823,0.759,0.758"
,77c19164b,2026-07-09T05:16:15,,test_wallet_assets_loading_time[wallet_load_user],passed,0.578,0.738,0.711,10,"0.658,0.686,0.619,0.738,0.578,0.674,0.607,0.731,0.71,0.728"
,77c19164b,2026-07-09T05:16:15,,test_status_community_first_open_loading_time[user_data0-user_account0],passed,4.685,4.685,4.685,1,4.685
,77c19164b,2026-07-09T05:16:15,,test_wallet_loading_time[wallet_load_user],passed,0.612,0.825,0.703,5,"0.612,0.625,0.797,0.655,0.825"
,77c19164b,2026-07-09T05:16:15,,test_swap_loading_time[wallet_load_user],passed,0.547,1.143,0.734,5,"1.143,0.795,0.547,0.571,0.614"
,77c19164b,2026-07-09T05:16:15,,test_status_community_second_open_loading_time[user_data0-user_account0],passed,2.056,2.122,2.093,5,"2.122,2.056,2.095,2.083,2.108"
,77c19164b,2026-07-09T05:16:15,,test_swap_loading_time[wallet_load_alex_user],passed,0.58,1.349,0.738,5,"1.349,0.585,0.58,0.587,0.586"
,77c19164b,2026-07-09T05:16:15,,test_wallet_assets_loading_time[wallet_load_alex_user],passed,0.377,0.667,0.404,10,"0.666,0.377,0.63,0.407,0.667,0.412,0.65,0.416,0.663,0.406"
,77c19164b,2026-07-09T05:16:15,,test_wallet_loading_time[wallet_load_alex_user],passed,0.644,0.967,0.742,5,"0.726,0.652,0.721,0.967,0.644"
,51f253eda,2026-07-10T05:16:13,,test_wallet_assets_loading_time[wallet_load_user],passed,0.6,0.72,0.687,10,"0.648,0.631,0.628,0.688,0.6,0.72,0.609,0.69,0.697,0.705"
,51f253eda,2026-07-10T05:16:13,,test_swap_loading_time[wallet_load_user],passed,0.561,1.225,0.727,5,"1.225,0.588,0.561,0.618,0.646"
,51f253eda,2026-07-10T05:16:13,,test_wallet_assets_loading_time[wallet_load_alex_user],passed,0.406,0.746,0.429,10,"0.746,0.406,0.644,0.467,0.68,0.424,0.631,0.414,0.646,0.433"
,51f253eda,2026-07-10T05:16:13,,test_wallet_loading_time[wallet_load_alex_user],passed,0.599,0.715,0.659,5,"0.715,0.677,0.599,0.656,0.648"
,51f253eda,2026-07-10T05:16:13,,test_status_community_first_open_loading_time[user_data0-user_account0],passed,3.623,3.623,3.623,1,3.623
,51f253eda,2026-07-10T05:16:13,,test_swap_loading_time[wallet_load_alex_user],passed,0.556,1.078,0.669,5,"1.078,0.559,0.561,0.594,0.556"
,51f253eda,2026-07-10T05:16:13,,test_wallet_loading_time[wallet_load_user],passed,0.616,0.72,0.686,5,"0.616,0.71,0.69,0.692,0.72"
,51f253eda,2026-07-10T05:16:13,,test_status_community_second_open_loading_time[user_data0-user_account0],passed,2.063,2.185,2.118,5,"2.185,2.063,2.137,2.087,2.117"
,a23910395,2026-07-10T12:17:51,,test_wallet_assets_loading_time[wallet_load_alex_user],passed,0.395,1.158,0.418,10,"1.158,0.434,0.634,0.395,0.658,0.416,0.634,0.414,0.641,0.432"
,a23910395,2026-07-10T12:17:51,,test_swap_loading_time[wallet_load_user],passed,0.572,1.164,0.705,5,"1.164,0.594,0.586,0.572,0.611"
,a23910395,2026-07-10T12:17:51,,test_wallet_assets_loading_time[wallet_load_user],passed,0.606,0.745,0.684,10,"0.732,0.651,0.622,0.66,0.606,0.745,0.606,0.675,0.643,0.689"
,a23910395,2026-07-10T12:17:51,,test_wallet_loading_time[wallet_load_user],passed,0.653,0.889,0.747,5,"0.653,0.699,0.889,0.804,0.693"
,a23910395,2026-07-10T12:17:51,,test_status_community_first_open_loading_time[user_data0-user_account0],passed,3.821,3.821,3.821,1,3.821
,a23910395,2026-07-10T12:17:51,,test_status_community_second_open_loading_time[user_data0-user_account0],passed,2.094,2.181,2.141,5,"2.141,2.094,2.158,2.181,2.131"
,a23910395,2026-07-10T12:17:51,,test_wallet_loading_time[wallet_load_alex_user],passed,0.64,0.802,0.685,5,"0.65,0.67,0.802,0.663,0.64"
,a23910395,2026-07-10T12:17:51,,test_swap_loading_time[wallet_load_alex_user],passed,0.554,1.455,0.748,5,"1.455,0.554,0.567,0.584,0.578"
,80e7c0203,2026-07-11T05:20:46,,test_wallet_assets_loading_time[wallet_load_user],passed,0.559,0.695,0.64,10,"0.68,0.605,0.604,0.605,0.559,0.661,0.566,0.635,0.593,0.695"
,80e7c0203,2026-07-11T05:20:46,,test_swap_loading_time[wallet_load_alex_user],passed,0.578,1.056,0.681,5,"1.056,0.584,0.58,0.61,0.578"
,80e7c0203,2026-07-11T05:20:46,,test_swap_loading_time[wallet_load_user],passed,0.564,1.098,0.682,5,"1.098,0.582,0.568,0.564,0.595"
,80e7c0203,2026-07-11T05:20:46,,test_wallet_assets_loading_time[wallet_load_alex_user],passed,0.342,0.666,0.351,10,"0.665,0.357,0.628,0.347,0.666,0.352,0.64,0.342,0.627,0.357"
,80e7c0203,2026-07-11T05:20:46,,test_wallet_loading_time[wallet_load_user],passed,0.583,0.774,0.684,5,"0.583,0.683,0.774,0.686,0.697"
,80e7c0203,2026-07-11T05:20:46,,test_status_community_first_open_loading_time[user_data0-user_account0],passed,4.583,4.583,4.583,1,4.583
,80e7c0203,2026-07-11T05:20:46,,test_wallet_loading_time[wallet_load_alex_user],passed,0.614,0.698,0.656,5,"0.638,0.698,0.67,0.614,0.662"
,80e7c0203,2026-07-11T05:20:46,,test_status_community_second_open_loading_time[user_data0-user_account0],passed,2.091,2.155,2.122,5,"2.155,2.091,2.145,2.097,2.125"
,80e7c0203,2026-07-12T05:16:08,,test_swap_loading_time[wallet_load_alex_user],passed,0.528,1.59,0.77,5,"1.59,0.572,0.553,0.605,0.528"
,80e7c0203,2026-07-12T05:16:08,,test_wallet_assets_loading_time[wallet_load_alex_user],passed,0.329,1.048,0.355,10,"1.048,0.388,0.704,0.357,0.615,0.345,0.692,0.357,0.641,0.329"
,80e7c0203,2026-07-12T05:16:08,,test_swap_loading_time[wallet_load_user],passed,0.576,1.333,0.738,5,"1.333,0.617,0.582,0.581,0.576"
,80e7c0203,2026-07-12T05:16:08,,test_wallet_loading_time[wallet_load_alex_user],passed,0.602,0.752,0.666,5,"0.618,0.602,0.671,0.752,0.689"
,80e7c0203,2026-07-12T05:16:08,,test_wallet_loading_time[wallet_load_user],passed,0.639,0.725,0.678,5,"0.639,0.642,0.698,0.725,0.686"
,80e7c0203,2026-07-12T05:16:08,,test_status_community_second_open_loading_time[user_data0-user_account0],passed,2.103,2.976,2.313,5,"2.219,2.159,2.103,2.105,2.976"
,80e7c0203,2026-07-12T05:16:08,,test_status_community_first_open_loading_time[user_data0-user_account0],passed,3.605,3.605,3.605,1,3.605
,80e7c0203,2026-07-12T05:16:08,,test_wallet_assets_loading_time[wallet_load_user],passed,0.576,0.667,0.636,10,"0.64,0.583,0.6,0.663,0.625,0.667,0.576,0.61,0.616,0.659"
,80e7c0203,2026-07-13T05:15:22,,test_wallet_assets_loading_time[wallet_load_alex_user],passed,0.345,0.673,0.356,10,"0.643,0.361,0.62,0.345,0.673,0.345,0.638,0.379,0.655,0.35"
,80e7c0203,2026-07-13T05:15:22,,test_wallet_loading_time[wallet_load_user],passed,0.572,0.758,0.658,5,"0.638,0.572,0.758,0.614,0.707"
,80e7c0203,2026-07-13T05:15:22,,test_wallet_loading_time[wallet_load_alex_user],passed,0.652,0.768,0.718,5,"0.763,0.652,0.686,0.768,0.722"
,80e7c0203,2026-07-13T05:15:22,,test_status_community_second_open_loading_time[user_data0-user_account0],passed,2.067,2.164,2.105,5,"2.164,2.087,2.067,2.099,2.108"
,80e7c0203,2026-07-13T05:15:22,,test_wallet_assets_loading_time[wallet_load_user],passed,0.56,0.751,0.616,10,"0.751,0.609,0.595,0.611,0.56,0.606,0.583,0.64,0.574,0.614"
,80e7c0203,2026-07-13T05:15:22,,test_status_community_first_open_loading_time[user_data0-user_account0],passed,4.059,4.059,4.059,1,4.059
,80e7c0203,2026-07-13T05:15:22,,test_swap_loading_time[wallet_load_user],passed,0.577,1.298,0.735,5,"1.298,0.602,0.582,0.619,0.577"
,80e7c0203,2026-07-13T05:15:22,,test_swap_loading_time[wallet_load_alex_user],passed,0.562,1.035,0.669,5,"1.035,0.578,0.57,0.599,0.562"
,9fc679ad3,2026-07-13T10:14:59,,test_wallet_loading_time[wallet_load_alex_user],passed,0.613,0.904,0.685,5,"0.904,0.653,0.627,0.628,0.613"
,9fc679ad3,2026-07-13T10:14:59,,test_status_community_first_open_loading_time[user_data0-user_account0],passed,2.836,2.836,2.836,1,2.836
,9fc679ad3,2026-07-13T10:14:59,,test_swap_loading_time[wallet_load_alex_user],passed,0.532,1.637,0.77,5,"1.637,0.544,0.555,0.582,0.532"
,9fc679ad3,2026-07-13T10:14:59,,test_wallet_assets_loading_time[wallet_load_user],passed,0.548,0.635,0.604,10,"0.628,0.585,0.569,0.635,0.556,0.591,0.562,0.601,0.548,0.606"
,9fc679ad3,2026-07-13T10:14:59,,test_wallet_assets_loading_time[wallet_load_alex_user],passed,0.347,0.665,0.357,10,"0.641,0.372,0.622,0.347,0.64,0.354,0.665,0.356,0.628,0.357"
,9fc679ad3,2026-07-13T10:14:59,,test_swap_loading_time[wallet_load_user],passed,0.551,1.497,0.802,5,"1.497,0.803,0.578,0.58,0.551"
,9fc679ad3,2026-07-13T10:14:59,,test_wallet_loading_time[wallet_load_user],passed,0.641,0.789,0.691,5,"0.663,0.641,0.789,0.667,0.695"
,9fc679ad3,2026-07-13T10:14:59,,test_status_community_second_open_loading_time[user_data0-user_account0],passed,2.092,2.171,2.136,5,"2.147,2.135,2.171,2.092,2.133"
,3ae7c370c,2026-07-13T12:35:40,,test_swap_loading_time[wallet_load_user],passed,0.571,1.113,0.691,5,"1.113,0.597,0.576,0.571,0.6"
,3ae7c370c,2026-07-13T12:35:40,,test_wallet_loading_time[wallet_load_user],passed,0.65,0.73,0.686,5,"0.65,0.678,0.705,0.665,0.73"
,3ae7c370c,2026-07-13T12:35:40,,test_wallet_assets_loading_time[wallet_load_user],passed,0.545,1.329,0.608,10,"1.329,0.579,0.565,0.643,0.545,0.602,0.564,0.588,0.577,0.63"
,3ae7c370c,2026-07-13T12:35:40,,test_status_community_first_open_loading_time[user_data0-user_account0],passed,4.42,4.42,4.42,1,4.42
,3ae7c370c,2026-07-13T12:35:40,,test_wallet_assets_loading_time[wallet_load_alex_user],passed,0.34,1.179,0.356,10,"1.179,0.367,0.65,0.376,0.675,0.351,0.639,0.34,0.649,0.347"
,3ae7c370c,2026-07-13T12:35:40,,test_wallet_loading_time[wallet_load_alex_user],passed,0.624,0.73,0.691,5,"0.701,0.624,0.689,0.73,0.712"
,3ae7c370c,2026-07-13T12:35:40,,test_status_community_second_open_loading_time[user_data0-user_account0],passed,2.091,2.189,2.127,5,"2.115,2.095,2.189,2.145,2.091"
,3ae7c370c,2026-07-13T12:35:40,,test_swap_loading_time[wallet_load_alex_user],passed,0.548,1.363,0.726,5,"1.363,0.568,0.565,0.584,0.548"
,e1dd32c18,2026-07-13T13:03:30,,test_wallet_loading_time[wallet_load_user],passed,0.635,0.714,0.658,5,"0.648,0.639,0.714,0.654,0.635"
,e1dd32c18,2026-07-13T13:03:30,,test_wallet_assets_loading_time[wallet_load_user],passed,0.573,0.681,0.622,10,"0.681,0.581,0.597,0.603,0.584,0.666,0.573,0.614,0.61,0.648"
,e1dd32c18,2026-07-13T13:03:30,,test_swap_loading_time[wallet_load_user],passed,0.565,1.113,0.693,5,"1.113,0.602,0.604,0.581,0.565"
,e1dd32c18,2026-07-13T13:03:30,,test_status_community_first_open_loading_time[user_data0-user_account0],passed,4.461,4.461,4.461,1,4.461
,e1dd32c18,2026-07-13T13:03:30,,test_wallet_assets_loading_time[wallet_load_alex_user],passed,0.359,0.752,0.365,10,"0.752,0.365,0.651,0.359,0.681,0.367,0.637,0.363,0.653,0.371"
,e1dd32c18,2026-07-13T13:03:30,,test_status_community_second_open_loading_time[user_data0-user_account0],passed,2.115,2.214,2.149,5,"2.131,2.115,2.146,2.214,2.137"
,e1dd32c18,2026-07-13T13:03:30,,test_swap_loading_time[wallet_load_alex_user],passed,0.557,1.31,0.71,5,"1.31,0.562,0.558,0.561,0.557"
,e1dd32c18,2026-07-13T13:03:30,,test_wallet_loading_time[wallet_load_alex_user],passed,0.647,0.72,0.695,5,"0.707,0.72,0.647,0.705,0.697"
,69f3330f1,2026-07-13T16:54:06,,test_wallet_assets_loading_time[wallet_load_user],passed,0.558,0.727,0.64,10,"0.727,0.558,0.588,0.652,0.577,0.706,0.6,0.618,0.606,0.666"
,69f3330f1,2026-07-13T16:54:06,,test_status_community_second_open_loading_time[user_data0-user_account0],passed,2.088,2.133,2.114,5,"2.104,2.088,2.126,2.12,2.133"
,69f3330f1,2026-07-13T16:54:06,,test_wallet_loading_time[wallet_load_user],passed,0.587,0.667,0.644,5,"0.661,0.65,0.587,0.667,0.656"
,69f3330f1,2026-07-13T16:54:06,,test_swap_loading_time[wallet_load_user],passed,0.721,1.605,0.901,5,"1.605,0.722,0.721,0.738,0.721"
,69f3330f1,2026-07-13T16:54:06,,test_wallet_loading_time[wallet_load_alex_user],passed,0.633,0.709,0.668,5,"0.668,0.639,0.692,0.709,0.633"
,69f3330f1,2026-07-13T16:54:06,,test_swap_loading_time[wallet_load_alex_user],passed,0.708,1.534,0.884,5,"1.534,0.738,0.709,0.708,0.73"
,69f3330f1,2026-07-13T16:54:06,,test_status_community_first_open_loading_time[user_data0-user_account0],passed,2.752,2.752,2.752,1,2.752
,69f3330f1,2026-07-13T16:54:06,,test_wallet_assets_loading_time[wallet_load_alex_user],passed,0.325,1.082,0.347,10,"1.082,0.395,0.631,0.326,0.676,0.338,0.64,0.325,0.667,0.354"
,69f3330f1,2026-07-14T05:29:06,,test_wallet_assets_loading_time[wallet_load_user],passed,0.557,0.659,0.628,10,"0.592,0.596,0.599,0.63,0.563,0.659,0.561,0.632,0.557,0.625"
,69f3330f1,2026-07-14T05:29:06,,test_wallet_assets_loading_time[wallet_load_alex_user],passed,0.334,0.684,0.354,10,"0.665,0.334,0.635,0.356,0.684,0.337,0.644,0.384,0.669,0.36"
,69f3330f1,2026-07-14T05:29:06,,test_status_community_first_open_loading_time[user_data0-user_account0],passed,3.57,3.57,3.57,1,3.57
,69f3330f1,2026-07-14T05:29:06,,test_status_community_second_open_loading_time[user_data0-user_account0],passed,2.05,2.168,2.104,5,"2.168,2.05,2.1,2.113,2.088"
,69f3330f1,2026-07-14T05:29:06,,test_swap_loading_time[wallet_load_alex_user],passed,0.693,1.11,0.804,5,"1.11,0.734,0.695,0.785,0.693"
,69f3330f1,2026-07-14T05:29:06,,test_swap_loading_time[wallet_load_user],passed,0.695,1.167,0.804,5,"1.167,0.707,0.707,0.746,0.695"
,69f3330f1,2026-07-14T05:29:06,,test_wallet_loading_time[wallet_load_user],passed,0.517,0.749,0.673,5,"0.517,0.727,0.657,0.712,0.749"
,69f3330f1,2026-07-14T05:29:06,,test_wallet_loading_time[wallet_load_alex_user],passed,0.562,0.772,0.65,5,"0.669,0.562,0.609,0.772,0.636"
,69f3330f1,2026-07-14T10:04:05,,test_status_community_first_open_loading_time[user_data0-user_account0],passed,4.754,4.754,4.754,1,4.754
,69f3330f1,2026-07-14T10:04:05,,test_swap_loading_time[wallet_load_user],passed,0.717,1.203,0.824,5,"1.203,0.717,0.742,0.738,0.721"
,69f3330f1,2026-07-14T10:04:05,,test_wallet_loading_time[wallet_load_user],passed,0.637,0.715,0.67,5,"0.637,0.655,0.689,0.715,0.656"
,69f3330f1,2026-07-14T10:04:05,,test_wallet_assets_loading_time[wallet_load_user],passed,0.54,0.649,0.614,10,"0.616,0.589,0.568,0.631,0.549,0.649,0.553,0.59,0.54,0.612"
,69f3330f1,2026-07-14T10:04:05,,test_wallet_assets_loading_time[wallet_load_alex_user],passed,0.347,0.692,0.363,10,"0.692,0.388,0.679,0.347,0.627,0.35,0.605,0.369,0.635,0.358"
,69f3330f1,2026-07-14T10:04:05,,test_swap_loading_time[wallet_load_alex_user],passed,0.685,1.123,0.785,5,"1.123,0.689,0.715,0.685,0.714"
,69f3330f1,2026-07-14T10:04:05,,test_status_community_second_open_loading_time[user_data0-user_account0],passed,2.095,2.142,2.115,5,"2.128,2.116,2.095,2.095,2.142"
,69f3330f1,2026-07-14T10:04:05,,test_wallet_loading_time[wallet_load_alex_user],passed,0.649,0.83,0.721,5,"0.682,0.83,0.649,0.738,0.704"
,4068ddda5,2026-07-14T13:38:22,,test_wallet_assets_loading_time[wallet_load_user],passed,0.576,0.678,0.625,10,"0.678,0.59,0.599,0.628,0.576,0.667,0.59,0.642,0.576,0.599"
,4068ddda5,2026-07-14T13:38:22,,test_wallet_loading_time[wallet_load_user],passed,0.363,0.696,0.608,5,"0.621,0.696,0.676,0.685,0.363"
,4068ddda5,2026-07-14T13:38:22,,test_swap_loading_time[wallet_load_user],passed,0.689,1.185,0.814,5,"1.185,0.718,0.738,0.739,0.689"
,4068ddda5,2026-07-14T13:38:22,,test_wallet_assets_loading_time[wallet_load_alex_user],passed,0.346,1.106,0.364,10,"1.106,0.369,0.61,0.354,0.634,0.381,0.663,0.346,0.647,0.37"
,4068ddda5,2026-07-14T13:38:22,,test_swap_loading_time[wallet_load_alex_user],passed,0.686,1.498,0.912,5,"1.498,0.743,0.686,0.925,0.709"
,4068ddda5,2026-07-14T13:38:22,,test_status_community_first_open_loading_time[user_data0-user_account0],passed,4.337,4.337,4.337,1,4.337
,4068ddda5,2026-07-14T13:38:22,,test_wallet_loading_time[wallet_load_alex_user],passed,0.54,0.764,0.672,5,"0.54,0.671,0.701,0.764,0.684"
,4068ddda5,2026-07-14T13:38:22,,test_status_community_second_open_loading_time[user_data0-user_account0],passed,2.085,2.138,2.118,5,"2.124,2.085,2.114,2.138,2.129"
,b5cde8a91,2026-07-14T15:16:43,,test_status_community_first_open_loading_time[user_data0-user_account0],passed,3.766,3.766,3.766,1,3.766
,b5cde8a91,2026-07-14T15:16:43,,test_swap_loading_time[wallet_load_alex_user],passed,0.677,1.137,0.834,5,"1.137,0.722,0.909,0.677,0.728"
,b5cde8a91,2026-07-14T15:16:43,,test_swap_loading_time[wallet_load_user],passed,0.705,1.226,0.831,5,"1.226,0.706,0.705,0.744,0.774"
,b5cde8a91,2026-07-14T15:16:43,,test_wallet_assets_loading_time[wallet_load_alex_user],passed,0.334,0.684,0.36,10,"0.684,0.358,0.619,0.334,0.649,0.363,0.612,0.386,0.632,0.358"
,b5cde8a91,2026-07-14T15:16:43,,test_wallet_loading_time[wallet_load_alex_user],passed,0.628,0.798,0.71,5,"0.628,0.629,0.798,0.768,0.724"
,b5cde8a91,2026-07-14T15:16:43,,test_wallet_loading_time[wallet_load_user],passed,0.648,0.753,0.708,5,"0.696,0.735,0.648,0.71,0.753"
,b5cde8a91,2026-07-14T15:16:43,,test_wallet_assets_loading_time[wallet_load_user],passed,0.524,0.654,0.601,10,"0.654,0.571,0.559,0.601,0.54,0.651,0.524,0.611,0.639,0.573"
,b5cde8a91,2026-07-14T15:16:43,,test_status_community_second_open_loading_time[user_data0-user_account0],passed,2.047,2.158,2.124,5,"2.132,2.047,2.158,2.124,2.158"
,4c6eafbe8,2026-07-14T16:04:33,,test_wallet_assets_loading_time[wallet_load_alex_user],passed,0.336,0.639,0.354,10,"0.613,0.349,0.623,0.349,0.639,0.336,0.622,0.352,0.624,0.384"
,4c6eafbe8,2026-07-14T16:04:33,,test_swap_loading_time[wallet_load_alex_user],passed,0.689,1.148,0.8,5,"1.148,0.734,0.689,0.723,0.704"
,4c6eafbe8,2026-07-14T16:04:33,,test_wallet_assets_loading_time[wallet_load_user],passed,0.553,0.72,0.612,10,"0.72,0.573,0.589,0.596,0.553,0.652,0.557,0.619,0.563,0.619"
,4c6eafbe8,2026-07-14T16:04:33,,test_status_community_second_open_loading_time[user_data0-user_account0],passed,2.075,2.138,2.111,5,"2.12,2.075,2.097,2.138,2.129"
,4c6eafbe8,2026-07-14T16:04:33,,test_status_community_first_open_loading_time[user_data0-user_account0],passed,4.066,4.066,4.066,1,4.066
,4c6eafbe8,2026-07-14T16:04:33,,test_wallet_loading_time[wallet_load_user],passed,0.621,0.792,0.698,5,"0.621,0.683,0.725,0.671,0.792"
,4c6eafbe8,2026-07-14T16:04:33,,test_wallet_loading_time[wallet_load_alex_user],passed,0.697,0.755,0.732,5,"0.755,0.741,0.755,0.697,0.713"
,4c6eafbe8,2026-07-14T16:04:33,,test_swap_loading_time[wallet_load_user],passed,0.697,1.555,0.883,5,"1.555,0.716,0.697,0.72,0.726"
,4c6eafbe8,2026-07-15T05:15:58,,test_swap_loading_time[wallet_load_alex_user],passed,0.697,1.535,0.883,5,"1.535,0.701,0.697,0.731,0.749"
,4c6eafbe8,2026-07-15T05:15:58,,test_wallet_assets_loading_time[wallet_load_alex_user],passed,0.35,0.693,0.356,10,"0.627,0.365,0.693,0.353,0.638,0.351,0.614,0.36,0.622,0.35"
,4c6eafbe8,2026-07-15T05:15:58,,test_status_community_second_open_loading_time[user_data0-user_account0],passed,2.075,2.195,2.14,5,"2.195,2.075,2.148,2.105,2.178"
,4c6eafbe8,2026-07-15T05:15:58,,test_wallet_loading_time[wallet_load_alex_user],passed,0.685,0.764,0.716,5,"0.764,0.685,0.692,0.741,0.699"
,4c6eafbe8,2026-07-15T05:15:58,,test_wallet_assets_loading_time[wallet_load_user],passed,0.548,0.687,0.627,10,"0.644,0.56,0.561,0.619,0.564,0.659,0.548,0.609,0.61,0.687"
,4c6eafbe8,2026-07-15T05:15:58,,test_swap_loading_time[wallet_load_user],passed,0.695,1.09,0.782,5,"1.09,0.707,0.719,0.695,0.699"
,4c6eafbe8,2026-07-15T05:15:58,,test_status_community_first_open_loading_time[user_data0-user_account0],passed,5.391,5.391,5.391,1,5.391
,4c6eafbe8,2026-07-15T05:15:58,,test_wallet_loading_time[wallet_load_user],passed,0.615,0.75,0.656,5,"0.655,0.75,0.615,0.627,0.633"
,e2ca9c790,2026-07-16T05:15:05,,test_swap_loading_time[wallet_load_user],passed,0.704,1.465,0.867,5,"1.465,0.704,0.737,0.722,0.708"
,e2ca9c790,2026-07-16T05:15:05,,test_wallet_assets_loading_time[wallet_load_user],passed,0.556,0.708,0.622,10,"0.708,0.596,0.592,0.627,0.556,0.65,0.6,0.622,0.568,0.615"
,e2ca9c790,2026-07-16T05:15:05,,test_status_community_second_open_loading_time[user_data0-user_account0],passed,2.09,2.133,2.118,5,"2.133,2.119,2.126,2.09,2.122"
,e2ca9c790,2026-07-16T05:15:05,,test_swap_loading_time[wallet_load_alex_user],passed,0.694,1.147,0.804,5,"1.147,0.73,0.694,0.746,0.704"
,e2ca9c790,2026-07-16T05:15:05,,test_wallet_assets_loading_time[wallet_load_alex_user],passed,0.345,1.062,0.36,10,"1.062,0.345,0.639,0.348,0.673,0.357,0.642,0.364,0.641,0.388"
,e2ca9c790,2026-07-16T05:15:05,,test_wallet_loading_time[wallet_load_user],passed,0.599,0.725,0.639,5,"0.635,0.725,0.607,0.629,0.599"
,e2ca9c790,2026-07-16T05:15:05,,test_wallet_loading_time[wallet_load_alex_user],passed,0.58,0.755,0.672,5,"0.68,0.614,0.755,0.73,0.58"
,e2ca9c790,2026-07-16T05:15:05,,test_status_community_first_open_loading_time[user_data0-user_account0],passed,5.381,5.381,5.381,1,5.381
,df161fdc6,2026-07-16T08:38:17,,test_wallet_assets_loading_time[wallet_load_user],passed,0.543,0.745,0.595,10,"0.745,0.577,0.562,0.566,0.546,0.636,0.543,0.582,0.616,0.613"
,df161fdc6,2026-07-16T08:38:17,,test_swap_loading_time[wallet_load_user],passed,0.709,1.151,0.81,5,"1.151,0.709,0.738,0.737,0.716"
,df161fdc6,2026-07-16T08:38:17,,test_swap_loading_time[fresh_user],passed,0.616,1.131,0.727,5,"1.131,0.616,0.641,0.619,0.631"
,df161fdc6,2026-07-16T08:38:17,,test_wallet_loading_time[wallet_load_user],passed,0.657,0.8,0.728,5,"0.657,0.701,0.751,0.8,0.734"
,df161fdc6,2026-07-16T08:38:17,,test_swap_loading_time[wallet_load_alex_user],passed,0.711,1.513,0.881,5,"1.513,0.721,0.711,0.73,0.732"
,df161fdc6,2026-07-16T08:38:17,,test_wallet_assets_loading_time[wallet_load_alex_user],passed,0.35,0.657,0.366,10,"0.635,0.391,0.641,0.354,0.657,0.371,0.605,0.366,0.632,0.35"
,df161fdc6,2026-07-16T08:38:17,,test_wallet_assets_loading_time[fresh_user],passed,0.236,0.688,0.593,5,"0.236,0.686,0.668,0.687,0.688"
,df161fdc6,2026-07-16T08:38:17,,test_wallet_loading_time[fresh_user],passed,0.413,0.484,0.454,5,"0.476,0.476,0.484,0.422,0.413"
,df161fdc6,2026-07-16T08:38:17,,test_wallet_loading_time[wallet_load_alex_user],passed,0.633,0.747,0.691,5,"0.747,0.701,0.633,0.721,0.651"
,df161fdc6,2026-07-16T08:38:17,,test_status_community_first_open_loading_time[user_data0-user_account0],passed,3.173,3.173,3.173,1,3.173
,df161fdc6,2026-07-16T08:38:17,,test_status_community_second_open_loading_time[user_data0-user_account0],passed,2.105,2.17,2.133,5,"2.123,2.125,2.17,2.143,2.105"
,df161fdc6,2026-07-16T09:47:50,,test_status_community_second_open_loading_time[user_data0-user_account0],passed,2.082,2.122,2.11,5,"2.117,2.082,2.122,2.109,2.122"
,df161fdc6,2026-07-16T09:47:50,,test_wallet_assets_loading_time[fresh_user],passed,0.236,0.702,0.602,5,"0.236,0.695,0.69,0.688,0.702"
,df161fdc6,2026-07-16T09:47:50,,test_wallet_loading_time[wallet_load_user],passed,0.625,0.715,0.665,5,"0.625,0.715,0.7,0.649,0.637"
,df161fdc6,2026-07-16T09:47:50,,test_swap_loading_time[fresh_user],passed,0.623,1.213,0.75,5,"1.213,0.623,0.645,0.633,0.637"
,df161fdc6,2026-07-16T09:47:50,,test_wallet_loading_time[fresh_user],passed,0.454,0.51,0.481,5,"0.49,0.476,0.51,0.476,0.454"
,df161fdc6,2026-07-16T09:47:50,,test_wallet_loading_time[wallet_load_alex_user],passed,0.55,0.721,0.641,5,"0.674,0.55,0.636,0.721,0.621"
,df161fdc6,2026-07-16T09:47:50,,test_status_community_first_open_loading_time[user_data0-user_account0],passed,4.546,4.546,4.546,1,4.546
,df161fdc6,2026-07-16T09:47:50,,test_wallet_assets_loading_time[wallet_load_alex_user],passed,0.332,0.648,0.34,10,"0.624,0.347,0.63,0.332,0.648,0.333,0.636,0.344,0.625,0.343"
,df161fdc6,2026-07-16T09:47:50,,test_wallet_assets_loading_time[wallet_load_user],passed,0.566,0.682,0.617,10,"0.682,0.566,0.592,0.606,0.577,0.651,0.584,0.633,0.568,0.627"
,df161fdc6,2026-07-16T09:47:50,,test_swap_loading_time[wallet_load_alex_user],passed,0.689,1.513,0.883,5,"1.513,0.735,0.689,0.771,0.707"
,df161fdc6,2026-07-16T09:47:50,,test_swap_loading_time[wallet_load_user],passed,0.7,1.207,0.821,5,"1.207,0.721,0.751,0.7,0.727"
,5f66de,2026-07-16T10:08:15,,test_swap_loading_time[fresh_user],passed,0.62,1.074,0.719,5,"1.074,0.62,0.65,0.621,0.631"
,5f66de,2026-07-16T10:08:15,,test_status_community_second_open_loading_time[user_data0-user_account0],passed,2.077,2.127,2.102,5,"2.095,2.127,2.125,2.084,2.077"
,5f66de,2026-07-16T10:08:15,,test_status_community_first_open_loading_time[user_data0-user_account0],passed,3.775,3.775,3.775,1,3.775
,df161fdc6,2026-07-16T13:38:02,,test_wallet_assets_loading_time[wallet_load_user],passed,0.541,0.745,0.615,10,"0.745,0.603,0.595,0.562,0.567,0.645,0.541,0.654,0.546,0.61"
,df161fdc6,2026-07-16T13:38:02,,test_swap_loading_time[wallet_load_alex_user],passed,0.687,1.113,0.794,5,"1.113,0.709,0.734,0.687,0.727"
,df161fdc6,2026-07-16T13:38:02,,test_wallet_loading_time[wallet_load_user],passed,0.663,0.728,0.696,5,"0.663,0.698,0.728,0.692,0.7"
,df161fdc6,2026-07-16T13:38:02,,test_status_community_second_open_loading_time[user_data0-user_account0],passed,2.073,2.201,2.115,5,"2.073,2.126,2.085,2.201,2.088"
,df161fdc6,2026-07-16T13:38:02,,test_wallet_assets_loading_time[fresh_user],passed,0.233,0.704,0.603,5,"0.233,0.704,0.7,0.69,0.689"
,df161fdc6,2026-07-16T13:38:02,,test_swap_loading_time[fresh_user],passed,0.614,1.068,0.714,5,"1.068,0.614,0.631,0.624,0.634"
,df161fdc6,2026-07-16T13:38:02,,test_wallet_loading_time[fresh_user],passed,0.454,0.488,0.472,5,"0.454,0.478,0.488,0.47,0.468"
,df161fdc6,2026-07-16T13:38:02,,test_status_community_first_open_loading_time[user_data0-user_account0],passed,2.796,2.796,2.796,1,2.796
,df161fdc6,2026-07-16T13:38:02,,test_swap_loading_time[wallet_load_user],passed,0.701,1.128,0.803,5,"1.128,0.716,0.733,0.738,0.701"
,df161fdc6,2026-07-16T13:38:02,,test_wallet_assets_loading_time[wallet_load_alex_user],passed,0.341,0.663,0.356,10,"0.627,0.371,0.657,0.356,0.663,0.347,0.64,0.365,0.645,0.341"
,df161fdc6,2026-07-16T13:38:02,,test_wallet_loading_time[wallet_load_alex_user],passed,0.643,0.69,0.658,5,"0.65,0.651,0.69,0.643,0.658"
,5dae9b2ba,2026-07-17T05:16:52,,test_swap_loading_time[fresh_user],passed,0.617,1.097,0.724,5,"1.097,0.631,0.645,0.617,0.631"
,5dae9b2ba,2026-07-17T05:16:52,,test_wallet_assets_loading_time[fresh_user],passed,0.243,0.701,0.604,5,"0.243,0.689,0.695,0.701,0.691"
,5dae9b2ba,2026-07-17T05:16:52,,test_wallet_loading_time[wallet_load_user],passed,0.635,0.851,0.718,5,"0.684,0.674,0.744,0.635,0.851"
,5dae9b2ba,2026-07-17T05:16:52,,test_status_community_second_open_loading_time[user_data0-user_account0],passed,2.096,2.738,2.26,5,"2.096,2.738,2.17,2.14,2.157"
,5dae9b2ba,2026-07-17T05:16:52,,test_swap_loading_time[wallet_load_user],passed,0.711,1.106,0.794,5,"1.106,0.717,0.712,0.725,0.711"
,5dae9b2ba,2026-07-17T05:16:52,,test_status_community_first_open_loading_time[user_data0-user_account0],passed,3.451,3.451,3.451,1,3.451
,5dae9b2ba,2026-07-17T05:16:52,,test_wallet_loading_time[fresh_user],passed,0.484,0.903,0.58,5,"0.484,0.499,0.532,0.484,0.903"
,5dae9b2ba,2026-07-17T05:16:52,,test_swap_loading_time[wallet_load_alex_user],passed,0.699,1.119,0.794,5,"1.119,0.699,0.729,0.721,0.703"
,5dae9b2ba,2026-07-17T05:16:52,,test_wallet_assets_loading_time[wallet_load_alex_user],passed,0.33,1.021,0.344,10,"1.021,0.383,0.652,0.334,0.632,0.336,0.668,0.339,0.636,0.33"
,5dae9b2ba,2026-07-17T05:16:52,,test_wallet_assets_loading_time[wallet_load_user],passed,0.584,0.7,0.641,10,"0.7,0.589,0.635,0.626,0.602,0.677,0.631,0.617,0.584,0.697"
,5dae9b2ba,2026-07-17T05:16:52,,test_wallet_loading_time[wallet_load_alex_user],passed,0.613,0.74,0.663,5,"0.666,0.613,0.626,0.669,0.74"
,e05886b4e,2026-07-17T12:12:05,,test_status_community_first_open_loading_time[user_data0-user_account0],passed,4.269,4.269,4.269,1,4.269
,e05886b4e,2026-07-17T12:12:05,,test_swap_loading_time[wallet_load_alex_user],passed,0.693,1.107,0.787,5,"1.107,0.693,0.711,0.695,0.728"
,e05886b4e,2026-07-17T12:12:05,,test_swap_loading_time[wallet_load_user],passed,0.72,1.199,0.829,5,"1.199,0.72,0.751,0.737,0.737"
,e05886b4e,2026-07-17T12:12:05,,test_wallet_assets_loading_time[wallet_load_user],passed,0.565,1.295,0.649,10,"1.295,0.565,0.606,0.679,0.61,0.623,0.624,0.668,0.6,0.707"
,e05886b4e,2026-07-17T12:12:05,,test_wallet_assets_loading_time[wallet_load_alex_user],passed,0.329,0.658,0.348,10,"0.571,0.37,0.61,0.329,0.658,0.337,0.627,0.356,0.634,0.346"
,e05886b4e,2026-07-17T12:12:05,,test_wallet_loading_time[wallet_load_alex_user],passed,0.607,0.722,0.678,5,"0.701,0.607,0.722,0.67,0.69"
,e05886b4e,2026-07-17T12:12:05,,test_wallet_loading_time[wallet_load_user],passed,0.641,0.728,0.68,5,"0.641,0.715,0.728,0.667,0.649"
,e05886b4e,2026-07-17T12:12:05,,test_status_community_second_open_loading_time[user_data0-user_account0],passed,2.09,2.514,2.196,5,"2.131,2.108,2.09,2.138,2.514"
,e05886b4e,2026-07-17T12:12:05,,test_wallet_assets_loading_time[fresh_user],passed,0.236,0.695,0.598,5,"0.236,0.695,0.677,0.689,0.694"
,e05886b4e,2026-07-17T12:12:05,,test_wallet_loading_time[fresh_user],passed,0.436,0.491,0.464,5,"0.474,0.491,0.481,0.436,0.439"
,e05886b4e,2026-07-17T12:12:05,,test_swap_loading_time[fresh_user],passed,0.619,1.268,0.755,5,"1.268,0.628,0.636,0.619,0.625"
,0e23fd3cc,2026-07-17T20:28:29,,test_wallet_first_open_loading_time[wallet_load_user],passed,0.593,0.593,0.593,1,0.593
,0e23fd3cc,2026-07-17T20:28:29,,test_status_community_second_open_loading_time[user_data0-user_account0],passed,2.084,2.541,2.181,5,"2.087,2.541,2.103,2.084,2.088"
,0e23fd3cc,2026-07-17T20:28:29,,test_status_community_first_open_loading_time[user_data0-user_account0],passed,3.989,3.989,3.989,1,3.989
,0e23fd3cc,2026-07-17T20:28:29,,test_wallet_first_open_loading_time[fresh_user],passed,0.458,0.458,0.458,1,0.458
,0e23fd3cc,2026-07-17T20:28:29,,test_wallet_first_open_loading_time[wallet_load_alex_user],passed,0.312,0.312,0.312,1,0.312
,0e23fd3cc,2026-07-17T20:28:29,,test_wallet_account_open_loading_time[wallet_load_alex_user],passed,0.327,0.327,0.327,1,0.327
,0e23fd3cc,2026-07-17T20:28:29,,test_wallet_repeat_open_loading_time[wallet_load_user],passed,0.638,0.745,0.691,5,"0.638,0.709,0.745,0.676,0.685"
,0e23fd3cc,2026-07-17T20:28:29,,test_wallet_account_open_loading_time[wallet_load_user],passed,0.378,0.378,0.378,1,0.378
,0e23fd3cc,2026-07-17T20:28:29,,test_wallet_repeat_open_loading_time[fresh_user],passed,0.466,0.547,0.499,5,"0.484,0.487,0.547,0.51,0.466"
,0e23fd3cc,2026-07-17T20:28:29,,test_wallet_repeat_open_loading_time[wallet_load_alex_user],passed,0.678,0.933,0.776,5,"0.736,0.725,0.806,0.933,0.678"
,0e23fd3cc,2026-07-17T20:28:29,,test_wallet_account_open_loading_time[fresh_user],passed,0.158,0.158,0.158,1,0.158
,0e23fd3cc,2026-07-17T20:52:53,,test_wallet_add_account_first_open_loading_time[wallet_load_alex_user],passed,0.962,0.962,0.962,1,0.962
,0e23fd3cc,2026-07-17T20:52:53,,test_wallet_add_account_loading_time[wallet_load_alex_user],passed,0.491,0.503,0.497,5,"0.493,0.503,0.503,0.491,0.497"
,0e23fd3cc,2026-07-17T20:52:53,,test_wallet_assets_tab_loading_time[wallet_load_user],passed,0.68,0.751,0.705,5,"0.751,0.694,0.694,0.68,0.705"
,0e23fd3cc,2026-07-17T20:52:53,,test_wallet_repeat_open_loading_time[wallet_load_user],passed,0.644,0.77,0.698,5,"0.644,0.662,0.77,0.675,0.741"
,0e23fd3cc,2026-07-17T20:52:53,,test_wallet_add_account_first_open_loading_time[wallet_load_user],passed,0.605,0.605,0.605,1,0.605
,0e23fd3cc,2026-07-17T20:52:53,,test_wallet_add_account_loading_time[wallet_load_user],passed,0.48,0.522,0.5,5,"0.48,0.494,0.506,0.522,0.499"
,0e23fd3cc,2026-07-17T20:52:53,,test_wallet_send_first_open_loading_time[wallet_load_user],passed,1.492,1.492,1.492,1,1.492
,0e23fd3cc,2026-07-17T20:52:53,,test_wallet_send_loading_time[wallet_load_user],passed,0.791,1.256,0.995,5,"1.236,0.791,0.814,1.256,0.878"
,0e23fd3cc,2026-07-17T20:52:53,,test_wallet_assets_tab_loading_time[fresh_user],passed,0.289,0.346,0.316,5,"0.345,0.346,0.289,0.3,0.299"
,0e23fd3cc,2026-07-17T20:52:53,,test_wallet_collectibles_tab_first_open_loading_time[wallet_load_alex_user],passed,41.0,41.0,41.0,1,41.0
,0e23fd3cc,2026-07-17T20:52:53,,test_wallet_collectibles_tab_loading_time[wallet_load_alex_user],passed,1.268,5.877,2.545,5,"1.268,1.306,5.877,2.118,2.156"
,0e23fd3cc,2026-07-17T20:52:53,,test_wallet_swap_first_open_loading_time[fresh_user],passed,1.63,1.63,1.63,1,1.63
,0e23fd3cc,2026-07-17T20:52:53,,test_wallet_swap_loading_time[fresh_user],passed,0.635,0.914,0.709,5,"0.914,0.635,0.646,0.693,0.657"
,0e23fd3cc,2026-07-17T20:52:53,,test_wallet_first_open_loading_time[fresh_user],passed,0.473,0.473,0.473,1,0.473
,0e23fd3cc,2026-07-17T20:52:53,,test_wallet_receive_first_open_loading_time[wallet_load_user],passed,0.537,0.537,0.537,1,0.537
,0e23fd3cc,2026-07-17T20:52:53,,test_wallet_receive_loading_time[wallet_load_user],passed,0.333,0.345,0.339,5,"0.341,0.333,0.345,0.336,0.339"
,0e23fd3cc,2026-07-17T20:52:53,,test_wallet_add_account_first_open_loading_time[fresh_user],passed,0.582,0.582,0.582,1,0.582
,0e23fd3cc,2026-07-17T20:52:53,,test_wallet_add_account_loading_time[fresh_user],passed,0.473,0.494,0.487,5,"0.473,0.494,0.492,0.483,0.492"
,0e23fd3cc,2026-07-17T20:52:53,,test_wallet_account_open_loading_time[wallet_load_alex_user],passed,0.366,0.366,0.366,1,0.366
,0e23fd3cc,2026-07-17T20:52:53,,test_wallet_account_open_loading_time[fresh_user],passed,0.165,0.165,0.165,1,0.165
,0e23fd3cc,2026-07-17T20:52:53,,test_wallet_repeat_open_loading_time[wallet_load_alex_user],passed,0.644,0.981,0.753,5,"0.67,0.981,0.757,0.644,0.711"
,0e23fd3cc,2026-07-17T20:52:53,,test_wallet_swap_first_open_loading_time[wallet_load_user],passed,1.154,1.154,1.154,1,1.154
,0e23fd3cc,2026-07-17T20:52:53,,test_wallet_swap_loading_time[wallet_load_user],passed,0.709,0.743,0.728,5,"0.709,0.731,0.743,0.73,0.727"
,0e23fd3cc,2026-07-17T20:52:53,,test_wallet_receive_first_open_loading_time[fresh_user],passed,0.895,0.895,0.895,1,0.895
,0e23fd3cc,2026-07-17T20:52:53,,test_wallet_receive_loading_time[fresh_user],passed,0.29,0.334,0.309,5,"0.334,0.306,0.31,0.305,0.29"
,0e23fd3cc,2026-07-17T20:52:53,,test_wallet_send_first_open_loading_time[fresh_user],passed,1.503,1.503,1.503,1,1.503
,0e23fd3cc,2026-07-17T20:52:53,,test_wallet_send_loading_time[fresh_user],passed,0.592,0.622,0.607,5,"0.598,0.592,0.622,0.607,0.617"
,0e23fd3cc,2026-07-17T20:52:53,,test_wallet_activity_tab_first_open_loading_time[wallet_load_user],passed,0.79,0.79,0.79,1,0.79
,0e23fd3cc,2026-07-17T20:52:53,,test_wallet_activity_tab_loading_time[wallet_load_user],passed,0.731,0.85,0.77,5,"0.755,0.731,0.756,0.85,0.758"
,0e23fd3cc,2026-07-17T20:52:53,,test_status_community_second_open_loading_time[user_data0-user_account0],passed,2.097,3.392,2.392,5,"2.197,3.392,2.16,2.114,2.097"
,0e23fd3cc,2026-07-17T20:52:53,,test_wallet_collectibles_tab_first_open_loading_time[wallet_load_user],passed,20.407,20.407,20.407,1,20.407
,0e23fd3cc,2026-07-17T20:52:53,,test_wallet_collectibles_tab_loading_time[wallet_load_user],passed,0.481,1.038,0.76,5,"0.481,1.038,0.748,0.826,0.708"
,0e23fd3cc,2026-07-17T20:52:53,,test_wallet_collectibles_tab_first_open_loading_time[fresh_user],passed,17.036,17.036,17.036,1,17.036
,0e23fd3cc,2026-07-17T20:52:53,,test_wallet_collectibles_tab_loading_time[fresh_user],passed,0.157,0.228,0.192,5,"0.171,0.21,0.157,0.194,0.228"
,0e23fd3cc,2026-07-17T20:52:53,,test_wallet_send_first_open_loading_time[wallet_load_alex_user],passed,2.019,2.019,2.019,1,2.019
,0e23fd3cc,2026-07-17T20:52:53,,test_wallet_send_loading_time[wallet_load_alex_user],passed,0.749,1.339,0.974,5,"0.788,0.76,0.749,1.339,1.235"
,0e23fd3cc,2026-07-17T20:52:53,,test_wallet_assets_tab_loading_time[wallet_load_alex_user],passed,0.856,1.268,0.952,5,"1.268,0.856,0.864,0.861,0.912"
,0e23fd3cc,2026-07-17T20:52:53,,test_wallet_account_open_loading_time[wallet_load_user],passed,0.436,0.436,0.436,1,0.436
,0e23fd3cc,2026-07-17T20:52:53,,test_status_community_first_open_loading_time[user_data0-user_account0],passed,3.918,3.918,3.918,1,3.918
,0e23fd3cc,2026-07-17T20:52:53,,test_wallet_first_open_loading_time[wallet_load_user],passed,0.702,0.702,0.702,1,0.702
,0e23fd3cc,2026-07-17T20:52:53,,test_wallet_repeat_open_loading_time[fresh_user],passed,0.457,0.47,0.465,5,"0.46,0.467,0.457,0.47,0.468"
,0e23fd3cc,2026-07-17T20:52:53,,test_wallet_first_open_loading_time[wallet_load_alex_user],passed,0.363,0.363,0.363,1,0.363
,0e23fd3cc,2026-07-17T20:52:53,,test_wallet_swap_first_open_loading_time[wallet_load_alex_user],passed,1.569,1.569,1.569,1,1.569
,0e23fd3cc,2026-07-17T20:52:53,,test_wallet_swap_loading_time[wallet_load_alex_user],passed,0.715,0.749,0.734,5,"0.715,0.743,0.733,0.729,0.749"
,0e23fd3cc,2026-07-17T20:52:53,,test_wallet_receive_first_open_loading_time[wallet_load_alex_user],passed,1.355,1.355,1.355,1,1.355
,0e23fd3cc,2026-07-17T20:52:53,,test_wallet_receive_loading_time[wallet_load_alex_user],passed,0.338,0.349,0.345,5,"0.349,0.348,0.338,0.344,0.347"
,0e23fd3cc,2026-07-17T20:52:53,,test_wallet_activity_tab_first_open_loading_time[wallet_load_alex_user],passed,0.757,0.757,0.757,1,0.757
,0e23fd3cc,2026-07-17T20:52:53,,test_wallet_activity_tab_loading_time[wallet_load_alex_user],passed,0.688,0.775,0.726,5,"0.731,0.688,0.775,0.695,0.739"
,0e23fd3cc,2026-07-17T20:52:53,,test_wallet_activity_tab_first_open_loading_time[fresh_user],passed,0.135,0.135,0.135,1,0.135
,0e23fd3cc,2026-07-17T20:52:53,,test_wallet_activity_tab_loading_time[fresh_user],passed,0.167,0.211,0.192,5,"0.192,0.198,0.211,0.167,0.189"
,50ded3fa4,2026-07-20T11:05:07,,test_status_community_first_open_loading_time[user_data0-user_account0],passed,4.549,4.549,4.549,1,4.549
,50ded3fa4,2026-07-20T11:05:07,,test_wallet_assets_tab_loading_time[wallet_load_user],passed,0.674,1.679,1.011,5,"0.742,0.78,0.674,1.679,1.181"
,50ded3fa4,2026-07-20T11:05:07,,test_wallet_repeat_open_loading_time[fresh_user],passed,0.442,0.486,0.463,5,"0.486,0.463,0.466,0.442,0.458"
,50ded3fa4,2026-07-20T11:05:07,,test_wallet_collectibles_tab_first_open_loading_time[wallet_load_user],passed,21.089,21.089,21.089,1,21.089
,50ded3fa4,2026-07-20T11:05:07,,test_wallet_collectibles_tab_loading_time[wallet_load_user],passed,0.658,1.656,1.02,5,"0.685,0.658,0.785,1.656,1.316"
,50ded3fa4,2026-07-20T11:05:07,,test_wallet_account_open_loading_time[wallet_load_alex_user],passed,0.838,0.838,0.838,1,0.838
,50ded3fa4,2026-07-20T11:05:07,,test_wallet_swap_first_open_loading_time[wallet_load_user],passed,1.217,1.217,1.217,1,1.217
,50ded3fa4,2026-07-20T11:05:07,,test_wallet_swap_loading_time[wallet_load_user],passed,0.715,0.937,0.784,5,"0.717,0.747,0.715,0.802,0.937"
,50ded3fa4,2026-07-20T11:05:07,,test_wallet_send_first_open_loading_time[wallet_load_alex_user],passed,1.47,1.47,1.47,1,1.47
,50ded3fa4,2026-07-20T11:05:07,,test_wallet_send_loading_time[wallet_load_alex_user],passed,0.775,1.076,0.854,5,"1.076,0.775,0.784,0.807,0.829"
,50ded3fa4,2026-07-20T11:05:07,,test_wallet_send_first_open_loading_time[wallet_load_user],passed,1.688,1.688,1.688,1,1.688
,50ded3fa4,2026-07-20T11:05:07,,test_wallet_send_loading_time[wallet_load_user],passed,0.815,0.951,0.853,5,"0.835,0.815,0.83,0.837,0.951"
,50ded3fa4,2026-07-20T11:05:07,,test_wallet_repeat_open_loading_time[wallet_load_user],passed,0.616,0.735,0.681,5,"0.616,0.644,0.735,0.689,0.721"
,50ded3fa4,2026-07-20T11:05:07,,test_wallet_receive_first_open_loading_time[wallet_load_alex_user],passed,0.967,0.967,0.967,1,0.967
,50ded3fa4,2026-07-20T11:05:07,,test_wallet_receive_loading_time[wallet_load_alex_user],passed,0.34,0.918,0.463,5,"0.347,0.345,0.918,0.34,0.367"
,50ded3fa4,2026-07-20T11:05:07,,test_wallet_account_open_loading_time[fresh_user],passed,0.162,0.162,0.162,1,0.162
,50ded3fa4,2026-07-20T11:05:07,,test_wallet_repeat_open_loading_time[wallet_load_alex_user],passed,0.633,0.764,0.697,5,"0.683,0.633,0.764,0.662,0.744"
,50ded3fa4,2026-07-20T11:05:07,,test_wallet_add_account_first_open_loading_time[fresh_user],passed,0.609,0.609,0.609,1,0.609
,50ded3fa4,2026-07-20T11:05:07,,test_wallet_add_account_loading_time[fresh_user],passed,0.464,1.165,0.615,5,"0.47,0.464,0.493,0.481,1.165"
,50ded3fa4,2026-07-20T11:05:07,,test_wallet_collectibles_tab_first_open_loading_time[fresh_user],passed,16.92,16.92,16.92,1,16.92
,50ded3fa4,2026-07-20T11:05:07,,test_wallet_collectibles_tab_loading_time[fresh_user],passed,0.153,0.22,0.18,5,"0.172,0.193,0.22,0.153,0.162"
,50ded3fa4,2026-07-20T11:05:07,,test_wallet_swap_first_open_loading_time[fresh_user],passed,1.645,1.645,1.645,1,1.645
,50ded3fa4,2026-07-20T11:05:07,,test_wallet_swap_loading_time[fresh_user],passed,0.629,0.666,0.643,5,"0.629,0.666,0.644,0.641,0.633"
,50ded3fa4,2026-07-20T11:05:07,,test_wallet_activity_tab_first_open_loading_time[wallet_load_alex_user],passed,0.802,0.802,0.802,1,0.802
,50ded3fa4,2026-07-20T11:05:07,,test_wallet_activity_tab_loading_time[wallet_load_alex_user],passed,0.702,0.988,0.808,5,"0.717,0.702,0.763,0.988,0.868"
,50ded3fa4,2026-07-20T11:05:07,,test_wallet_first_open_loading_time[wallet_load_user],passed,0.623,0.623,0.623,1,0.623
,50ded3fa4,2026-07-20T11:05:07,,test_wallet_receive_first_open_loading_time[fresh_user],passed,0.907,0.907,0.907,1,0.907
,50ded3fa4,2026-07-20T11:05:07,,test_wallet_receive_loading_time[fresh_user],passed,0.303,0.338,0.314,5,"0.338,0.311,0.304,0.303,0.313"
,50ded3fa4,2026-07-20T11:05:07,,test_wallet_activity_tab_first_open_loading_time[wallet_load_user],passed,0.746,0.746,0.746,1,0.746
,50ded3fa4,2026-07-20T11:05:07,,test_wallet_activity_tab_loading_time[wallet_load_user],passed,0.713,0.749,0.733,5,"0.735,0.713,0.749,0.747,0.72"
,50ded3fa4,2026-07-20T11:05:07,,test_wallet_first_open_loading_time[fresh_user],passed,0.472,0.472,0.472,1,0.472
,50ded3fa4,2026-07-20T11:05:07,,test_wallet_collectibles_tab_first_open_loading_time[wallet_load_alex_user],passed,55.025,55.025,55.025,1,55.025
,50ded3fa4,2026-07-20T11:05:07,,test_wallet_collectibles_tab_loading_time[wallet_load_alex_user],passed,0.215,0.289,0.25,5,"0.289,0.247,0.249,0.249,0.215"
,50ded3fa4,2026-07-20T11:05:07,,test_wallet_swap_first_open_loading_time[wallet_load_alex_user],passed,1.759,1.759,1.759,1,1.759
,50ded3fa4,2026-07-20T11:05:07,,test_wallet_swap_loading_time[wallet_load_alex_user],passed,0.712,0.753,0.728,5,"0.753,0.727,0.712,0.721,0.725"
,50ded3fa4,2026-07-20T11:05:07,,test_status_community_second_open_loading_time[user_data0-user_account0],passed,2.081,2.207,2.148,5,"2.207,2.081,2.108,2.16,2.182"
,50ded3fa4,2026-07-20T11:05:07,,test_wallet_add_account_first_open_loading_time[wallet_load_alex_user],passed,0.603,0.603,0.603,1,0.603
,50ded3fa4,2026-07-20T11:05:07,,test_wallet_add_account_loading_time[wallet_load_alex_user],passed,0.491,0.524,0.508,5,"0.491,0.497,0.516,0.515,0.524"
,50ded3fa4,2026-07-20T11:05:07,,test_wallet_assets_tab_loading_time[fresh_user],passed,0.265,0.397,0.342,5,"0.389,0.397,0.332,0.325,0.265"
,50ded3fa4,2026-07-20T11:05:07,,test_wallet_receive_first_open_loading_time[wallet_load_user],passed,0.942,0.942,0.942,1,0.942
,50ded3fa4,2026-07-20T11:05:07,,test_wallet_receive_loading_time[wallet_load_user],passed,0.339,0.356,0.345,5,"0.344,0.345,0.341,0.356,0.339"
,50ded3fa4,2026-07-20T11:05:07,,test_wallet_account_open_loading_time[wallet_load_user],passed,0.459,0.459,0.459,1,0.459
,50ded3fa4,2026-07-20T11:05:07,,test_wallet_first_open_loading_time[wallet_load_alex_user],passed,0.374,0.374,0.374,1,0.374
,50ded3fa4,2026-07-20T11:05:07,,test_wallet_add_account_first_open_loading_time[wallet_load_user],passed,0.577,0.577,0.577,1,0.577
,50ded3fa4,2026-07-20T11:05:07,,test_wallet_add_account_loading_time[wallet_load_user],passed,0.493,0.539,0.511,5,"0.512,0.493,0.512,0.498,0.539"
,50ded3fa4,2026-07-20T11:05:07,,test_wallet_activity_tab_first_open_loading_time[fresh_user],passed,0.15,0.15,0.15,1,0.15
,50ded3fa4,2026-07-20T11:05:07,,test_wallet_activity_tab_loading_time[fresh_user],passed,0.169,0.177,0.171,5,"0.172,0.177,0.17,0.169,0.169"
,50ded3fa4,2026-07-20T11:05:07,,test_wallet_assets_tab_loading_time[wallet_load_alex_user],passed,0.8,1.349,0.949,5,"1.349,0.8,0.893,0.804,0.9"
,50ded3fa4,2026-07-20T11:05:07,,test_wallet_send_first_open_loading_time[fresh_user],passed,1.693,1.693,1.693,1,1.693
,50ded3fa4,2026-07-20T11:05:07,,test_wallet_send_loading_time[fresh_user],passed,0.583,0.606,0.594,5,"0.595,0.606,0.593,0.592,0.583"
,5f66de,2026-07-20T13:06:04,,test_wallet_add_account_first_open_loading_time[wallet_load_user],passed,0.749,0.749,0.749,1,0.749
,5f66de,2026-07-20T13:06:04,,test_wallet_add_account_loading_time[wallet_load_user],passed,0.414,0.561,0.465,5,"0.414,0.418,0.561,0.419,0.512"
,5f66de,2026-07-20T13:06:04,,test_wallet_send_first_open_loading_time[fresh_user],passed,0.888,0.888,0.888,1,0.888
,5f66de,2026-07-20T13:06:04,,test_wallet_send_loading_time[fresh_user],passed,0.479,0.524,0.498,5,"0.495,0.48,0.51,0.524,0.479"
,5f66de,2026-07-20T13:06:04,,test_wallet_repeat_open_loading_time[wallet_load_alex_user],passed,0.531,0.614,0.583,5,"0.576,0.531,0.594,0.599,0.614"
,5f66de,2026-07-20T13:06:04,,test_wallet_account_open_loading_time[wallet_load_alex_user],passed,0.347,0.347,0.347,1,0.347
,5f66de,2026-07-20T13:06:04,,test_wallet_first_open_loading_time[fresh_user],passed,0.372,0.372,0.372,1,0.372
,5f66de,2026-07-20T13:06:04,,test_wallet_receive_first_open_loading_time[wallet_load_alex_user],passed,0.95,0.95,0.95,1,0.95
,5f66de,2026-07-20T13:06:04,,test_wallet_receive_loading_time[wallet_load_alex_user],passed,0.322,0.334,0.328,5,"0.334,0.326,0.326,0.322,0.333"
,5f66de,2026-07-20T13:06:04,,test_wallet_receive_first_open_loading_time[wallet_load_user],passed,0.922,0.922,0.922,1,0.922
,5f66de,2026-07-20T13:06:04,,test_wallet_receive_loading_time[wallet_load_user],passed,0.319,0.482,0.363,5,"0.342,0.342,0.482,0.319,0.328"
,5f66de,2026-07-20T13:06:04,,test_wallet_send_first_open_loading_time[wallet_load_alex_user],passed,1.77,1.77,1.77,1,1.77
,5f66de,2026-07-20T13:06:04,,test_wallet_send_loading_time[wallet_load_alex_user],passed,0.654,0.672,0.663,5,"0.672,0.658,0.657,0.672,0.654"
,5f66de,2026-07-20T13:06:04,,test_wallet_add_account_first_open_loading_time[wallet_load_alex_user],passed,0.809,0.809,0.809,1,0.809
,5f66de,2026-07-20T13:06:04,,test_wallet_add_account_loading_time[wallet_load_alex_user],passed,0.417,0.48,0.435,5,"0.422,0.417,0.435,0.421,0.48"
,5f66de,2026-07-20T13:06:04,,test_wallet_assets_tab_loading_time[wallet_load_user],passed,0.621,1.457,0.923,5,"0.847,1.457,0.621,0.671,1.021"
,5f66de,2026-07-20T13:06:04,,test_wallet_swap_first_open_loading_time[wallet_load_user],passed,1.367,1.367,1.367,1,1.367
,5f66de,2026-07-20T13:06:04,,test_wallet_swap_loading_time[wallet_load_user],passed,0.514,0.562,0.532,5,"0.514,0.519,0.537,0.562,0.527"
,5f66de,2026-07-20T13:06:04,,test_wallet_activity_tab_first_open_loading_time[fresh_user],passed,0.167,0.167,0.167,1,0.167
,5f66de,2026-07-20T13:06:04,,test_wallet_activity_tab_loading_time[fresh_user],passed,0.13,0.165,0.141,5,"0.137,0.138,0.165,0.138,0.13"
,5f66de,2026-07-20T13:06:04,,test_wallet_first_open_loading_time[wallet_load_user],passed,0.484,0.484,0.484,1,0.484
,5f66de,2026-07-20T13:06:04,,test_wallet_activity_tab_first_open_loading_time[wallet_load_user],passed,0.627,0.627,0.627,1,0.627
,5f66de,2026-07-20T13:06:04,,test_wallet_activity_tab_loading_time[wallet_load_user],passed,0.505,0.567,0.538,5,"0.566,0.511,0.567,0.505,0.542"
,5f66de,2026-07-20T13:06:04,,test_wallet_swap_first_open_loading_time[fresh_user],passed,1.559,1.559,1.559,1,1.559
,5f66de,2026-07-20T13:06:04,,test_wallet_swap_loading_time[fresh_user],passed,0.4,0.436,0.418,5,"0.412,0.4,0.429,0.436,0.412"
,5f66de,2026-07-20T13:06:04,,test_wallet_receive_first_open_loading_time[fresh_user],passed,0.471,0.471,0.471,1,0.471
,5f66de,2026-07-20T13:06:04,,test_wallet_receive_loading_time[fresh_user],passed,0.286,0.336,0.302,5,"0.3,0.293,0.336,0.292,0.286"
,5f66de,2026-07-20T13:06:04,,test_wallet_repeat_open_loading_time[fresh_user],passed,0.343,0.425,0.379,5,"0.349,0.425,0.394,0.343,0.381"
,5f66de,2026-07-20T13:06:04,,test_wallet_collectibles_tab_first_open_loading_time[fresh_user],passed,0.417,0.417,0.417,1,0.417
,5f66de,2026-07-20T13:06:04,,test_wallet_collectibles_tab_loading_time[fresh_user],passed,0.414,0.444,0.423,5,"0.417,0.422,0.414,0.416,0.444"
,5f66de,2026-07-20T13:06:04,,test_wallet_collectibles_tab_first_open_loading_time[wallet_load_user],passed,0.881,0.881,0.881,1,0.881
,5f66de,2026-07-20T13:06:04,,test_wallet_collectibles_tab_loading_time[wallet_load_user],passed,0.42,0.482,0.445,5,"0.42,0.461,0.432,0.432,0.482"
,5f66de,2026-07-20T13:06:04,,test_wallet_account_open_loading_time[wallet_load_user],passed,0.402,0.402,0.402,1,0.402
,5f66de,2026-07-20T13:06:04,,test_wallet_collectibles_tab_first_open_loading_time[wallet_load_alex_user],passed,0.621,0.621,0.621,1,0.621
,5f66de,2026-07-20T13:06:04,,test_wallet_collectibles_tab_loading_time[wallet_load_alex_user],passed,0.429,0.469,0.452,5,"0.437,0.469,0.465,0.429,0.46"
,5f66de,2026-07-20T13:06:04,,test_wallet_assets_tab_loading_time[wallet_load_alex_user],passed,0.563,1.142,0.707,5,"1.142,0.563,0.655,0.608,0.568"
,5f66de,2026-07-20T13:06:04,,test_wallet_swap_first_open_loading_time[wallet_load_alex_user],passed,1.298,1.298,1.298,1,1.298
,5f66de,2026-07-20T13:06:04,,test_wallet_swap_loading_time[wallet_load_alex_user],passed,0.484,0.548,0.514,5,"0.5,0.533,0.548,0.484,0.505"
,5f66de,2026-07-20T13:06:04,,test_wallet_send_first_open_loading_time[wallet_load_user],passed,1.79,1.79,1.79,1,1.79
,5f66de,2026-07-20T13:06:04,,test_wallet_send_loading_time[wallet_load_user],passed,0.663,0.725,0.681,5,"0.666,0.663,0.725,0.684,0.666"
,5f66de,2026-07-20T13:06:04,,test_wallet_first_open_loading_time[wallet_load_alex_user],passed,0.225,0.225,0.225,1,0.225
,5f66de,2026-07-20T13:06:04,,test_wallet_activity_tab_first_open_loading_time[wallet_load_alex_user],passed,0.653,0.653,0.653,1,0.653
,5f66de,2026-07-20T13:06:04,,test_wallet_activity_tab_loading_time[wallet_load_alex_user],passed,0.521,0.597,0.548,5,"0.521,0.551,0.54,0.532,0.597"
,5f66de,2026-07-20T13:06:04,,test_wallet_add_account_first_open_loading_time[fresh_user],passed,0.611,0.611,0.611,1,0.611
,5f66de,2026-07-20T13:06:04,,test_wallet_add_account_loading_time[fresh_user],passed,0.398,0.434,0.414,5,"0.412,0.398,0.423,0.403,0.434"
,5f66de,2026-07-20T13:06:04,,test_wallet_account_open_loading_time[fresh_user],passed,0.157,0.157,0.157,1,0.157
,5f66de,2026-07-20T13:06:04,,test_wallet_assets_tab_loading_time[fresh_user],passed,0.221,0.337,0.292,5,"0.328,0.337,0.221,0.313,0.261"
,5f66de,2026-07-20T13:06:04,,test_wallet_repeat_open_loading_time[wallet_load_user],passed,0.539,0.64,0.58,5,"0.539,0.603,0.561,0.64,0.555"
,384d3f0f3,2026-07-20T15:42:36,,test_wallet_receive_first_open_loading_time[wallet_load_alex_user],passed,0.959,0.959,0.959,1,0.959
,384d3f0f3,2026-07-20T15:42:36,,test_wallet_receive_loading_time[wallet_load_alex_user],passed,0.335,0.36,0.349,5,"0.343,0.355,0.36,0.335,0.349"
,384d3f0f3,2026-07-20T15:42:36,,test_wallet_repeat_open_loading_time[wallet_load_alex_user],passed,0.659,0.739,0.711,5,"0.728,0.659,0.739,0.724,0.706"
,384d3f0f3,2026-07-20T15:42:36,,test_wallet_repeat_open_loading_time[wallet_load_user],passed,0.618,0.795,0.714,5,"0.67,0.795,0.762,0.618,0.726"
,384d3f0f3,2026-07-20T15:42:36,,test_wallet_activity_tab_first_open_loading_time[wallet_load_user],passed,0.769,0.769,0.769,1,0.769
,384d3f0f3,2026-07-20T15:42:36,,test_wallet_activity_tab_loading_time[wallet_load_user],passed,0.726,0.779,0.749,5,"0.76,0.75,0.726,0.779,0.73"
,384d3f0f3,2026-07-20T15:42:36,,test_wallet_receive_first_open_loading_time[fresh_user],passed,0.484,0.484,0.484,1,0.484
,384d3f0f3,2026-07-20T15:42:36,,test_wallet_receive_loading_time[fresh_user],passed,0.301,0.342,0.317,5,"0.342,0.309,0.321,0.301,0.312"
,384d3f0f3,2026-07-20T15:42:36,,test_wallet_activity_tab_first_open_loading_time[wallet_load_alex_user],passed,0.858,0.858,0.858,1,0.858
,384d3f0f3,2026-07-20T15:42:36,,test_wallet_activity_tab_loading_time[wallet_load_alex_user],passed,0.684,1.224,0.839,5,"0.754,0.684,0.761,1.224,0.775"
,384d3f0f3,2026-07-20T15:42:36,,test_wallet_account_open_loading_time[wallet_load_user],passed,0.431,0.431,0.431,1,0.431
,384d3f0f3,2026-07-20T15:42:36,,test_wallet_receive_first_open_loading_time[wallet_load_user],passed,0.536,0.536,0.536,1,0.536
,384d3f0f3,2026-07-20T15:42:36,,test_wallet_receive_loading_time[wallet_load_user],passed,0.338,0.351,0.344,5,"0.351,0.338,0.345,0.343,0.345"
,384d3f0f3,2026-07-20T15:42:36,,test_wallet_add_account_first_open_loading_time[fresh_user],passed,0.694,0.694,0.694,1,0.694
,384d3f0f3,2026-07-20T15:42:36,,test_wallet_add_account_loading_time[fresh_user],passed,0.479,0.525,0.493,5,"0.486,0.479,0.493,0.525,0.484"
,384d3f0f3,2026-07-20T15:42:36,,test_wallet_send_first_open_loading_time[wallet_load_user],passed,1.591,1.591,1.591,1,1.591
,384d3f0f3,2026-07-20T15:42:36,,test_wallet_send_loading_time[wallet_load_user],passed,0.796,0.85,0.817,5,"0.816,0.796,0.816,0.85,0.808"
,384d3f0f3,2026-07-20T15:42:36,,test_wallet_first_open_loading_time[wallet_load_alex_user],passed,0.377,0.377,0.377,1,0.377
,384d3f0f3,2026-07-20T15:42:36,,test_wallet_add_account_first_open_loading_time[wallet_load_alex_user],passed,0.623,0.623,0.623,1,0.623
,384d3f0f3,2026-07-20T15:42:36,,test_wallet_add_account_loading_time[wallet_load_alex_user],passed,0.494,0.549,0.51,5,"0.494,0.494,0.549,0.511,0.503"
,384d3f0f3,2026-07-20T15:42:36,,test_wallet_swap_first_open_loading_time[fresh_user],passed,1.688,1.688,1.688,1,1.688
,384d3f0f3,2026-07-20T15:42:36,,test_wallet_swap_loading_time[fresh_user],passed,0.628,0.888,0.694,5,"0.634,0.652,0.667,0.888,0.628"
,384d3f0f3,2026-07-20T15:42:36,,test_wallet_swap_first_open_loading_time[wallet_load_alex_user],passed,1.706,1.706,1.706,1,1.706
,384d3f0f3,2026-07-20T15:42:36,,test_wallet_swap_loading_time[wallet_load_alex_user],passed,0.737,1.521,0.946,5,"0.737,1.521,0.965,0.758,0.748"
,384d3f0f3,2026-07-20T15:42:36,,test_wallet_first_open_loading_time[wallet_load_user],passed,0.694,0.694,0.694,1,0.694
,384d3f0f3,2026-07-20T15:42:36,,test_wallet_collectibles_tab_first_open_loading_time[wallet_load_alex_user],passed,0.76,0.76,0.76,1,0.76
,384d3f0f3,2026-07-20T15:42:36,,test_wallet_collectibles_tab_loading_time[wallet_load_alex_user],passed,0.593,0.666,0.624,5,"0.605,0.666,0.593,0.62,0.637"
,384d3f0f3,2026-07-20T15:42:36,,test_wallet_assets_tab_loading_time[wallet_load_alex_user],passed,0.814,1.389,1.003,5,"1.389,1.098,0.846,0.814,0.867"
,384d3f0f3,2026-07-20T15:42:36,,test_wallet_repeat_open_loading_time[fresh_user],passed,0.464,0.758,0.559,5,"0.758,0.518,0.464,0.554,0.501"
,384d3f0f3,2026-07-20T15:42:36,,test_wallet_assets_tab_loading_time[wallet_load_user],passed,0.676,1.116,0.841,5,"0.676,0.71,0.71,1.116,0.992"
,384d3f0f3,2026-07-20T15:42:36,,test_wallet_first_open_loading_time[fresh_user],passed,0.458,0.458,0.458,1,0.458
,384d3f0f3,2026-07-20T15:42:36,,test_wallet_send_first_open_loading_time[fresh_user],passed,1.51,1.51,1.51,1,1.51
,384d3f0f3,2026-07-20T15:42:36,,test_wallet_send_loading_time[fresh_user],passed,0.595,1.324,0.751,5,"0.595,0.615,0.6,0.623,1.324"
,384d3f0f3,2026-07-20T15:42:36,,test_wallet_add_account_first_open_loading_time[wallet_load_user],passed,0.669,0.669,0.669,1,0.669
,384d3f0f3,2026-07-20T15:42:36,,test_wallet_add_account_loading_time[wallet_load_user],passed,0.472,0.528,0.508,5,"0.505,0.528,0.506,0.472,0.527"
,384d3f0f3,2026-07-20T15:42:36,,test_wallet_activity_tab_first_open_loading_time[fresh_user],passed,0.161,0.161,0.161,1,0.161
,384d3f0f3,2026-07-20T15:42:36,,test_wallet_activity_tab_loading_time[fresh_user],passed,0.14,0.181,0.165,5,"0.14,0.167,0.181,0.17,0.168"
,384d3f0f3,2026-07-20T15:42:36,,test_wallet_assets_tab_loading_time[fresh_user],passed,0.255,0.363,0.324,5,"0.363,0.34,0.328,0.255,0.336"
,384d3f0f3,2026-07-20T15:42:36,,test_status_community_first_open_loading_time[user_data0-user_account0],passed,4.468,4.468,4.468,1,4.468
,384d3f0f3,2026-07-20T15:42:36,,test_wallet_collectibles_tab_first_open_loading_time[fresh_user],passed,0.501,0.501,0.501,1,0.501
,384d3f0f3,2026-07-20T15:42:36,,test_wallet_collectibles_tab_loading_time[fresh_user],passed,0.558,0.601,0.576,5,"0.558,0.571,0.564,0.587,0.601"
,384d3f0f3,2026-07-20T15:42:36,,test_wallet_account_open_loading_time[wallet_load_alex_user],passed,0.349,0.349,0.349,1,0.349
,384d3f0f3,2026-07-20T15:42:36,,test_wallet_collectibles_tab_first_open_loading_time[wallet_load_user],passed,0.759,0.759,0.759,1,0.759
,384d3f0f3,2026-07-20T15:42:36,,test_wallet_collectibles_tab_loading_time[wallet_load_user],passed,0.614,0.679,0.649,5,"0.679,0.621,0.655,0.614,0.676"
,384d3f0f3,2026-07-20T15:42:36,,test_status_community_second_open_loading_time[user_data0-user_account0],passed,2.102,3.775,2.466,5,"2.146,2.102,2.136,2.169,3.775"
,384d3f0f3,2026-07-20T15:42:36,,test_wallet_account_open_loading_time[fresh_user],passed,0.161,0.161,0.161,1,0.161
,384d3f0f3,2026-07-20T15:42:36,,test_wallet_swap_first_open_loading_time[wallet_load_user],passed,1.603,1.603,1.603,1,1.603
,384d3f0f3,2026-07-20T15:42:36,,test_wallet_swap_loading_time[wallet_load_user],passed,0.724,0.778,0.746,5,"0.731,0.757,0.741,0.778,0.724"
,384d3f0f3,2026-07-20T15:42:36,,test_wallet_send_first_open_loading_time[wallet_load_alex_user],passed,1.647,1.647,1.647,1,1.647
,384d3f0f3,2026-07-20T15:42:36,,test_wallet_send_loading_time[wallet_load_alex_user],passed,0.781,1.347,0.918,5,"0.81,0.781,0.787,1.347,0.862"
,f71e0573d,2026-07-21T11:20:30,,test_wallet_swap_first_open_loading_time[wallet_load_user],passed,1.653,1.653,1.653,1,1.653
,f71e0573d,2026-07-21T11:20:30,,test_wallet_swap_loading_time[wallet_load_user],passed,0.714,0.844,0.748,5,"0.714,0.743,0.724,0.844,0.717"
,f71e0573d,2026-07-21T11:20:30,,test_wallet_send_first_open_loading_time[wallet_load_alex_user],passed,1.506,1.506,1.506,1,1.506
,f71e0573d,2026-07-21T11:20:30,,test_wallet_send_loading_time[wallet_load_alex_user],passed,0.754,0.795,0.775,5,"0.767,0.754,0.795,0.787,0.771"
,f71e0573d,2026-07-21T11:20:30,,test_status_community_second_open_loading_time[user_data0-user_account0],passed,2.058,2.146,2.123,5,"2.131,2.058,2.146,2.137,2.14"
,f71e0573d,2026-07-21T11:20:30,,test_wallet_account_open_loading_time[wallet_load_user],passed,0.371,0.371,0.371,1,0.371
,f71e0573d,2026-07-21T11:20:30,,test_wallet_account_open_loading_time[fresh_user],passed,0.17,0.17,0.17,1,0.17
,f71e0573d,2026-07-21T11:20:30,,test_wallet_swap_first_open_loading_time[wallet_load_alex_user],passed,1.189,1.189,1.189,1,1.189
,f71e0573d,2026-07-21T11:20:30,,test_wallet_swap_loading_time[wallet_load_alex_user],passed,0.704,0.746,0.725,5,"0.728,0.723,0.724,0.746,0.704"
,f71e0573d,2026-07-21T11:20:30,,test_wallet_repeat_open_loading_time[wallet_load_user],passed,0.625,0.755,0.686,5,"0.654,0.692,0.706,0.625,0.755"
,f71e0573d,2026-07-21T11:20:30,,test_wallet_add_account_first_open_loading_time[fresh_user],passed,0.685,0.685,0.685,1,0.685
,f71e0573d,2026-07-21T11:20:30,,test_wallet_add_account_loading_time[fresh_user],passed,0.472,0.491,0.484,5,"0.472,0.485,0.481,0.491,0.489"
,f71e0573d,2026-07-21T11:20:30,,test_wallet_receive_first_open_loading_time[fresh_user],passed,0.892,0.892,0.892,1,0.892
,f71e0573d,2026-07-21T11:20:30,,test_wallet_receive_loading_time[fresh_user],passed,0.304,0.329,0.312,5,"0.329,0.308,0.311,0.304,0.307"
,f71e0573d,2026-07-21T11:20:30,,test_wallet_collectibles_tab_first_open_loading_time[wallet_load_alex_user],passed,0.787,0.787,0.787,1,0.787
,f71e0573d,2026-07-21T11:20:30,,test_wallet_collectibles_tab_loading_time[wallet_load_alex_user],passed,0.656,0.729,0.68,5,"0.729,0.658,0.656,0.674,0.686"
,f71e0573d,2026-07-21T11:20:30,,test_wallet_swap_first_open_loading_time[fresh_user],passed,1.467,1.467,1.467,1,1.467
,f71e0573d,2026-07-21T11:20:30,,test_wallet_swap_loading_time[fresh_user],passed,0.628,0.688,0.651,5,"0.628,0.656,0.688,0.64,0.642"
,f71e0573d,2026-07-21T11:20:30,,test_wallet_activity_tab_first_open_loading_time[wallet_load_user],passed,0.763,0.763,0.763,1,0.763
,f71e0573d,2026-07-21T11:20:30,,test_wallet_activity_tab_loading_time[wallet_load_user],passed,0.689,0.752,0.729,5,"0.744,0.709,0.752,0.75,0.689"
,f71e0573d,2026-07-21T11:20:30,,test_status_community_first_open_loading_time[user_data0-user_account0],passed,4.591,4.591,4.591,1,4.591
,f71e0573d,2026-07-21T11:20:30,,test_wallet_send_first_open_loading_time[wallet_load_user],passed,1.554,1.554,1.554,1,1.554
,f71e0573d,2026-07-21T11:20:30,,test_wallet_send_loading_time[wallet_load_user],passed,0.799,1.242,0.913,5,"0.808,0.799,0.812,1.242,0.907"
,f71e0573d,2026-07-21T11:20:30,,test_wallet_receive_first_open_loading_time[wallet_load_user],passed,0.469,0.469,0.469,1,0.469
,f71e0573d,2026-07-21T11:20:30,,test_wallet_receive_loading_time[wallet_load_user],passed,0.347,0.379,0.364,5,"0.379,0.357,0.378,0.358,0.347"
,f71e0573d,2026-07-21T11:20:30,,test_wallet_assets_tab_loading_time[wallet_load_user],passed,0.455,0.524,0.487,5,"0.512,0.455,0.481,0.465,0.524"
,f71e0573d,2026-07-21T11:20:30,,test_wallet_collectibles_tab_first_open_loading_time[wallet_load_user],passed,0.77,0.77,0.77,1,0.77
,f71e0573d,2026-07-21T11:20:30,,test_wallet_collectibles_tab_loading_time[wallet_load_user],passed,0.649,0.721,0.682,5,"0.686,0.721,0.681,0.649,0.675"
,f71e0573d,2026-07-21T11:20:30,,test_wallet_send_first_open_loading_time[fresh_user],passed,1.505,1.505,1.505,1,1.505
,f71e0573d,2026-07-21T11:20:30,,test_wallet_send_loading_time[fresh_user],passed,0.593,0.61,0.603,5,"0.601,0.593,0.608,0.61,0.603"
,f71e0573d,2026-07-21T11:20:30,,test_wallet_account_open_loading_time[wallet_load_alex_user],passed,0.391,0.391,0.391,1,0.391
,f71e0573d,2026-07-21T11:20:30,,test_wallet_first_open_loading_time[wallet_load_alex_user],passed,0.754,0.754,0.754,1,0.754
,f71e0573d,2026-07-21T11:20:30,,test_wallet_add_account_first_open_loading_time[wallet_load_alex_user],passed,1.26,1.26,1.26,1,1.26
,f71e0573d,2026-07-21T11:20:30,,test_wallet_add_account_loading_time[wallet_load_alex_user],passed,0.499,0.603,0.524,5,"0.603,0.499,0.501,0.516,0.499"
,f71e0573d,2026-07-21T11:20:30,,test_wallet_first_open_loading_time[wallet_load_user],passed,0.738,0.738,0.738,1,0.738
,f71e0573d,2026-07-21T11:20:30,,test_wallet_assets_tab_loading_time[wallet_load_alex_user],passed,0.476,0.56,0.524,5,"0.549,0.476,0.542,0.493,0.56"
,f71e0573d,2026-07-21T11:20:30,,test_wallet_receive_first_open_loading_time[wallet_load_alex_user],passed,0.539,0.539,0.539,1,0.539
,f71e0573d,2026-07-21T11:20:30,,test_wallet_receive_loading_time[wallet_load_alex_user],passed,0.344,0.352,0.347,5,"0.347,0.352,0.344,0.344,0.347"
,f71e0573d,2026-07-21T11:20:30,,test_wallet_repeat_open_loading_time[fresh_user],passed,0.464,0.576,0.507,5,"0.466,0.576,0.51,0.464,0.519"
,f71e0573d,2026-07-21T11:20:30,,test_wallet_collectibles_tab_first_open_loading_time[fresh_user],passed,0.792,0.792,0.792,1,0.792
,f71e0573d,2026-07-21T11:20:30,,test_wallet_collectibles_tab_loading_time[fresh_user],passed,0.557,0.85,0.629,5,"0.571,0.557,0.577,0.589,0.85"
,f71e0573d,2026-07-21T11:20:30,,test_wallet_repeat_open_loading_time[wallet_load_alex_user],passed,0.677,0.821,0.734,5,"0.677,0.713,0.768,0.821,0.693"
,f71e0573d,2026-07-21T11:20:30,,test_wallet_first_open_loading_time[fresh_user],passed,0.664,0.664,0.664,1,0.664
,f71e0573d,2026-07-21T11:20:30,,test_wallet_add_account_first_open_loading_time[wallet_load_user],passed,0.558,0.558,0.558,1,0.558
,f71e0573d,2026-07-21T11:20:30,,test_wallet_add_account_loading_time[wallet_load_user],passed,0.491,0.534,0.507,5,"0.5,0.497,0.515,0.491,0.534"
,f71e0573d,2026-07-21T11:20:30,,test_wallet_assets_tab_loading_time[fresh_user],passed,0.304,0.579,0.377,5,"0.351,0.319,0.331,0.304,0.579"
,f71e0573d,2026-07-21T11:20:30,,test_wallet_activity_tab_first_open_loading_time[wallet_load_alex_user],passed,0.814,0.814,0.814,1,0.814
,f71e0573d,2026-07-21T11:20:30,,test_wallet_activity_tab_loading_time[wallet_load_alex_user],passed,0.737,0.862,0.779,5,"0.76,0.757,0.737,0.862,0.778"
,f71e0573d,2026-07-21T11:20:30,,test_wallet_activity_tab_first_open_loading_time[fresh_user],passed,0.169,0.169,0.169,1,0.169
,f71e0573d,2026-07-21T11:20:30,,test_wallet_activity_tab_loading_time[fresh_user],passed,0.166,0.191,0.174,5,"0.167,0.166,0.191,0.173,0.171"
,abe104848,2026-07-22T05:24:46,,test_wallet_receive_first_open_loading_time[wallet_load_user],passed,0.942,0.942,0.942,1,0.942
,abe104848,2026-07-22T05:24:46,,test_wallet_receive_loading_time[wallet_load_user],passed,0.343,0.38,0.355,5,"0.343,0.344,0.344,0.38,0.366"
,abe104848,2026-07-22T05:24:46,,test_wallet_account_open_loading_time[wallet_load_user],passed,0.408,0.408,0.408,1,0.408
,abe104848,2026-07-22T05:24:46,,test_wallet_send_first_open_loading_time[wallet_load_alex_user],passed,1.882,1.882,1.882,1,1.882
,abe104848,2026-07-22T05:24:46,,test_wallet_send_loading_time[wallet_load_alex_user],passed,0.803,1.799,1.224,5,"1.799,1.237,0.824,1.458,0.803"
,abe104848,2026-07-22T05:24:46,,test_wallet_assets_tab_loading_time[fresh_user],passed,0.302,0.34,0.318,5,"0.309,0.302,0.34,0.32,0.317"
,abe104848,2026-07-22T05:24:46,,test_wallet_collectibles_tab_first_open_loading_time[fresh_user],passed,0.489,0.489,0.489,1,0.489
,abe104848,2026-07-22T05:24:46,,test_wallet_collectibles_tab_loading_time[fresh_user],passed,0.576,0.877,0.638,5,"0.58,0.582,0.578,0.576,0.877"
,abe104848,2026-07-22T05:24:46,,test_status_community_second_open_loading_time[user_data0-user_account0],passed,2.086,2.222,2.119,5,"2.222,2.09,2.094,2.086,2.104"
,abe104848,2026-07-22T05:24:46,,test_wallet_send_first_open_loading_time[fresh_user],passed,1.532,1.532,1.532,1,1.532
,abe104848,2026-07-22T05:24:46,,test_wallet_send_loading_time[fresh_user],passed,0.581,0.633,0.605,5,"0.6,0.59,0.621,0.633,0.581"
,abe104848,2026-07-22T05:24:46,,test_wallet_account_open_loading_time[wallet_load_alex_user],passed,0.378,0.378,0.378,1,0.378
,abe104848,2026-07-22T05:24:46,,test_wallet_repeat_open_loading_time[fresh_user],passed,0.456,0.568,0.498,5,"0.489,0.456,0.568,0.474,0.505"
,abe104848,2026-07-22T05:24:46,,test_wallet_swap_first_open_loading_time[wallet_load_user],passed,1.537,1.537,1.537,1,1.537
,abe104848,2026-07-22T05:24:46,,test_wallet_swap_loading_time[wallet_load_user],passed,0.717,0.769,0.739,5,"0.717,0.769,0.745,0.73,0.732"
,abe104848,2026-07-22T05:24:46,,test_wallet_first_open_loading_time[wallet_load_alex_user],passed,0.331,0.331,0.331,1,0.331
,abe104848,2026-07-22T05:24:46,,test_wallet_assets_tab_loading_time[wallet_load_alex_user],passed,0.485,0.615,0.533,5,"0.615,0.524,0.485,0.496,0.545"
,abe104848,2026-07-22T05:24:46,,test_wallet_repeat_open_loading_time[wallet_load_alex_user],passed,0.676,0.796,0.724,5,"0.72,0.708,0.676,0.721,0.796"
,abe104848,2026-07-22T05:24:46,,test_wallet_account_open_loading_time[fresh_user],passed,0.158,0.158,0.158,1,0.158
,abe104848,2026-07-22T05:24:46,,test_wallet_activity_tab_first_open_loading_time[fresh_user],passed,0.177,0.177,0.177,1,0.177
,abe104848,2026-07-22T05:24:46,,test_wallet_activity_tab_loading_time[fresh_user],passed,0.152,0.192,0.171,5,"0.152,0.168,0.172,0.192,0.172"
,abe104848,2026-07-22T05:24:46,,test_wallet_first_open_loading_time[fresh_user],passed,0.542,0.542,0.542,1,0.542
,abe104848,2026-07-22T05:24:46,,test_wallet_receive_first_open_loading_time[wallet_load_alex_user],passed,1.011,1.011,1.011,1,1.011
,abe104848,2026-07-22T05:24:46,,test_wallet_receive_loading_time[wallet_load_alex_user],passed,0.351,0.415,0.369,5,"0.373,0.415,0.352,0.351,0.356"
,abe104848,2026-07-22T05:24:46,,test_wallet_swap_first_open_loading_time[fresh_user],passed,1.694,1.694,1.694,1,1.694
,abe104848,2026-07-22T05:24:46,,test_wallet_swap_loading_time[fresh_user],passed,0.621,0.645,0.631,5,"0.635,0.645,0.621,0.627,0.626"
,abe104848,2026-07-22T05:24:46,,test_wallet_activity_tab_first_open_loading_time[wallet_load_user],passed,0.777,0.777,0.777,1,0.777
,abe104848,2026-07-22T05:24:46,,test_wallet_activity_tab_loading_time[wallet_load_user],passed,0.678,0.839,0.732,5,"0.723,0.678,0.839,0.727,0.692"
,abe104848,2026-07-22T05:24:46,,test_wallet_add_account_first_open_loading_time[fresh_user],passed,1.391,1.391,1.391,1,1.391
,abe104848,2026-07-22T05:24:46,,test_wallet_add_account_loading_time[fresh_user],passed,0.463,0.488,0.475,5,"0.47,0.463,0.485,0.467,0.488"
,abe104848,2026-07-22T05:24:46,,test_wallet_add_account_first_open_loading_time[wallet_load_alex_user],passed,0.596,0.596,0.596,1,0.596
,abe104848,2026-07-22T05:24:46,,test_wallet_add_account_loading_time[wallet_load_alex_user],passed,0.501,0.629,0.535,5,"0.513,0.501,0.533,0.502,0.629"
,abe104848,2026-07-22T05:24:46,,test_wallet_swap_first_open_loading_time[wallet_load_alex_user],passed,1.588,1.588,1.588,1,1.588
,abe104848,2026-07-22T05:24:46,,test_wallet_swap_loading_time[wallet_load_alex_user],passed,0.72,1.034,0.795,5,"1.034,0.748,0.734,0.739,0.72"
,abe104848,2026-07-22T05:24:46,,test_wallet_collectibles_tab_first_open_loading_time[wallet_load_user],passed,0.753,0.753,0.753,1,0.753
,abe104848,2026-07-22T05:24:46,,test_wallet_collectibles_tab_loading_time[wallet_load_user],passed,0.631,0.729,0.674,5,"0.653,0.631,0.678,0.679,0.729"
,abe104848,2026-07-22T05:24:46,,test_wallet_first_open_loading_time[wallet_load_user],passed,0.648,0.648,0.648,1,0.648
,abe104848,2026-07-22T05:24:46,,test_wallet_receive_first_open_loading_time[fresh_user],passed,1.154,1.154,1.154,1,1.154
,abe104848,2026-07-22T05:24:46,,test_wallet_receive_loading_time[fresh_user],passed,0.297,0.341,0.312,5,"0.341,0.305,0.306,0.297,0.313"
,abe104848,2026-07-22T05:24:46,,test_wallet_add_account_first_open_loading_time[wallet_load_user],passed,1.269,1.269,1.269,1,1.269
,abe104848,2026-07-22T05:24:46,,test_wallet_add_account_loading_time[wallet_load_user],passed,0.481,0.572,0.512,5,"0.507,0.499,0.499,0.481,0.572"
,abe104848,2026-07-22T05:24:46,,test_wallet_activity_tab_first_open_loading_time[wallet_load_alex_user],passed,0.789,0.789,0.789,1,0.789
,abe104848,2026-07-22T05:24:46,,test_wallet_activity_tab_loading_time[wallet_load_alex_user],passed,0.69,1.243,0.887,5,"0.69,0.768,1.243,0.934,0.801"
,abe104848,2026-07-22T05:24:46,,test_wallet_assets_tab_loading_time[wallet_load_user],passed,0.473,0.547,0.505,5,"0.547,0.479,0.473,0.516,0.511"
,abe104848,2026-07-22T05:24:46,,test_wallet_collectibles_tab_first_open_loading_time[wallet_load_alex_user],passed,0.806,0.806,0.806,1,0.806
,abe104848,2026-07-22T05:24:46,,test_wallet_collectibles_tab_loading_time[wallet_load_alex_user],passed,0.669,1.104,0.781,5,"0.669,1.104,0.681,0.693,0.756"
,abe104848,2026-07-22T05:24:46,,test_wallet_send_first_open_loading_time[wallet_load_user],passed,1.485,1.485,1.485,1,1.485
,abe104848,2026-07-22T05:24:46,,test_wallet_send_loading_time[wallet_load_user],passed,0.8,0.848,0.826,5,"0.828,0.817,0.848,0.838,0.8"
,abe104848,2026-07-22T05:24:46,,test_status_community_first_open_loading_time[user_data0-user_account0],passed,3.531,3.531,3.531,1,3.531
,abe104848,2026-07-22T05:24:46,,test_wallet_repeat_open_loading_time[wallet_load_user],passed,0.676,0.755,0.708,5,"0.692,0.726,0.694,0.755,0.676"
,17d8a8d95,2026-07-22T10:26:37,,test_wallet_repeat_open_loading_time[wallet_load_alex_user],passed,0.76,0.889,0.815,5,"0.776,0.76,0.797,0.852,0.889"
,17d8a8d95,2026-07-22T10:26:37,,test_wallet_swap_first_open_loading_time[wallet_load_alex_user],passed,1.406,1.406,1.406,1,1.406
,17d8a8d95,2026-07-22T10:26:37,,test_wallet_swap_loading_time[wallet_load_alex_user],passed,0.751,0.95,0.84,5,"0.95,0.846,0.871,0.751,0.78"
,17d8a8d95,2026-07-22T10:26:37,,test_wallet_send_first_open_loading_time[fresh_user],passed,1.583,1.583,1.583,1,1.583
,17d8a8d95,2026-07-22T10:26:37,,test_wallet_send_loading_time[fresh_user],passed,0.597,0.65,0.62,5,"0.625,0.611,0.65,0.619,0.597"
,17d8a8d95,2026-07-22T10:26:37,,test_wallet_assets_tab_loading_time[fresh_user],passed,0.369,0.629,0.433,5,"0.385,0.369,0.401,0.382,0.629"
,17d8a8d95,2026-07-22T10:26:37,,test_wallet_account_open_loading_time[wallet_load_alex_user],passed,0.425,0.425,0.425,1,0.425
,17d8a8d95,2026-07-22T10:26:37,,test_wallet_add_account_first_open_loading_time[wallet_load_user],passed,0.583,0.583,0.583,1,0.583
,17d8a8d95,2026-07-22T10:26:37,,test_wallet_add_account_loading_time[wallet_load_user],passed,0.51,0.538,0.519,5,"0.512,0.52,0.517,0.51,0.538"
,17d8a8d95,2026-07-22T10:26:37,,test_wallet_receive_first_open_loading_time[wallet_load_alex_user],passed,0.566,0.566,0.566,1,0.566
,17d8a8d95,2026-07-22T10:26:37,,test_wallet_receive_loading_time[wallet_load_alex_user],passed,0.336,0.354,0.343,5,"0.338,0.336,0.347,0.354,0.34"
,17d8a8d95,2026-07-22T10:26:37,,test_wallet_assets_tab_loading_time[wallet_load_user],passed,1.053,1.853,1.246,5,"1.853,1.134,1.094,1.053,1.097"
,17d8a8d95,2026-07-22T10:26:37,,test_wallet_first_open_loading_time[fresh_user],passed,0.452,0.452,0.452,1,0.452
,17d8a8d95,2026-07-22T10:26:37,,test_wallet_receive_first_open_loading_time[fresh_user],passed,0.948,0.948,0.948,1,0.948
,17d8a8d95,2026-07-22T10:26:37,,test_wallet_receive_loading_time[fresh_user],passed,0.298,0.538,0.357,5,"0.538,0.298,0.317,0.304,0.329"
,17d8a8d95,2026-07-22T10:26:37,,test_wallet_assets_tab_loading_time[wallet_load_alex_user],passed,1.195,2.137,1.709,5,"2.111,1.195,1.25,1.851,2.137"
,17d8a8d95,2026-07-22T10:26:37,,test_wallet_receive_first_open_loading_time[wallet_load_user],passed,0.603,0.603,0.603,1,0.603
,17d8a8d95,2026-07-22T10:26:37,,test_wallet_receive_loading_time[wallet_load_user],passed,0.284,0.34,0.313,5,"0.34,0.31,0.307,0.284,0.325"
,17d8a8d95,2026-07-22T10:26:37,,test_wallet_account_open_loading_time[fresh_user],passed,0.168,0.168,0.168,1,0.168
,17d8a8d95,2026-07-22T10:26:37,,test_wallet_add_account_first_open_loading_time[wallet_load_alex_user],passed,0.665,0.665,0.665,1,0.665
,17d8a8d95,2026-07-22T10:26:37,,test_wallet_add_account_loading_time[wallet_load_alex_user],passed,0.488,0.515,0.497,5,"0.515,0.495,0.489,0.5,0.488"
,17d8a8d95,2026-07-22T10:26:37,,test_wallet_collectibles_tab_first_open_loading_time[wallet_load_alex_user],passed,49.759,49.759,49.759,1,49.759
,17d8a8d95,2026-07-22T10:26:37,,test_wallet_collectibles_tab_loading_time[wallet_load_alex_user],passed,3.853,22.523,7.683,5,"3.853,22.523,3.861,4.189,3.991"
,17d8a8d95,2026-07-22T10:26:37,,test_wallet_add_account_first_open_loading_time[fresh_user],passed,0.671,0.671,0.671,1,0.671
,17d8a8d95,2026-07-22T10:26:37,,test_wallet_add_account_loading_time[fresh_user],passed,0.483,1.278,0.644,5,"0.486,0.49,0.483,0.485,1.278"
,17d8a8d95,2026-07-22T10:26:37,,test_wallet_collectibles_tab_first_open_loading_time[wallet_load_user],passed,39.015,39.015,39.015,1,39.015
,17d8a8d95,2026-07-22T10:26:37,,test_wallet_collectibles_tab_loading_time[wallet_load_user],passed,1.985,2.108,2.048,5,"2.108,2.048,1.985,2.01,2.091"
,17d8a8d95,2026-07-22T10:26:37,,test_wallet_swap_first_open_loading_time[fresh_user],passed,1.79,1.79,1.79,1,1.79
,17d8a8d95,2026-07-22T10:26:37,,test_wallet_swap_loading_time[fresh_user],passed,0.622,0.667,0.648,5,"0.639,0.646,0.667,0.665,0.622"
,17d8a8d95,2026-07-22T10:26:37,,test_wallet_first_open_loading_time[wallet_load_user],passed,0.691,0.691,0.691,1,0.691
,17d8a8d95,2026-07-22T10:26:37,,test_wallet_send_first_open_loading_time[wallet_load_alex_user],passed,1.832,1.832,1.832,1,1.832
,17d8a8d95,2026-07-22T10:26:37,,test_wallet_send_loading_time[wallet_load_alex_user],passed,0.835,1.408,1.017,5,"0.973,0.987,1.408,0.881,0.835"
,17d8a8d95,2026-07-22T10:26:37,,test_wallet_send_first_open_loading_time[wallet_load_user],passed,2.176,2.176,2.176,1,2.176
,17d8a8d95,2026-07-22T10:26:37,,test_wallet_send_loading_time[wallet_load_user],passed,0.827,1.349,0.953,5,"0.86,0.827,0.892,1.349,0.839"
,17d8a8d95,2026-07-22T10:26:37,,test_wallet_first_open_loading_time[wallet_load_alex_user],passed,0.685,0.685,0.685,1,0.685
,17d8a8d95,2026-07-22T10:26:37,,test_wallet_repeat_open_loading_time[fresh_user],passed,0.441,0.554,0.513,5,"0.441,0.51,0.538,0.522,0.554"
,17d8a8d95,2026-07-22T10:26:37,,test_wallet_repeat_open_loading_time[wallet_load_user],passed,0.689,0.751,0.721,5,"0.713,0.736,0.751,0.689,0.717"
,17d8a8d95,2026-07-22T10:26:37,,test_wallet_swap_first_open_loading_time[wallet_load_user],passed,1.165,1.165,1.165,1,1.165
,17d8a8d95,2026-07-22T10:26:37,,test_wallet_swap_loading_time[wallet_load_user],passed,0.748,0.811,0.77,5,"0.748,0.783,0.754,0.811,0.751"
,17d8a8d95,2026-07-22T10:26:37,,test_wallet_account_open_loading_time[wallet_load_user],passed,0.415,0.415,0.415,1,0.415
,17d8a8d95,2026-07-22T10:26:37,,test_wallet_collectibles_tab_first_open_loading_time[fresh_user],passed,16.602,16.602,16.602,1,16.602
,17d8a8d95,2026-07-22T10:26:37,,test_wallet_collectibles_tab_loading_time[fresh_user],passed,0.202,0.215,0.208,5,"0.208,0.215,0.206,0.207,0.202"
,17d8a8d95,2026-07-22T10:26:37,,test_status_community_first_open_loading_time[user_data0-user_account0],passed,4.531,4.531,4.531,1,4.531
,17d8a8d95,2026-07-22T10:26:37,,test_status_community_second_open_loading_time[user_data0-user_account0],passed,2.07,2.178,2.132,5,"2.109,2.07,2.178,2.143,2.159"
,dbde82852,2026-07-22T14:48:18,,test_status_community_second_open_loading_time[user_data0-user_account0],passed,2.041,2.175,2.103,5,"2.055,2.041,2.175,2.139,2.102"
,dbde82852,2026-07-22T14:48:18,,test_wallet_assets_tab_loading_time[wallet_load_alex_user],passed,1.168,1.79,1.324,5,"1.79,1.234,1.168,1.203,1.225"
,dbde82852,2026-07-22T14:48:18,,test_wallet_collectibles_tab_first_open_loading_time[fresh_user],passed,16.545,16.545,16.545,1,16.545
,dbde82852,2026-07-22T14:48:18,,test_wallet_collectibles_tab_loading_time[fresh_user],passed,0.178,0.232,0.199,5,"0.178,0.186,0.232,0.201,0.197"
,dbde82852,2026-07-22T14:48:18,,test_status_community_first_open_loading_time[user_data0-user_account0],passed,3.649,3.649,3.649,1,3.649
,dbde82852,2026-07-22T14:48:18,,test_wallet_add_account_first_open_loading_time[wallet_load_alex_user],passed,0.656,0.656,0.656,1,0.656
,dbde82852,2026-07-22T14:48:18,,test_wallet_add_account_loading_time[wallet_load_alex_user],passed,0.494,0.538,0.51,5,"0.494,0.497,0.519,0.504,0.538"
,dbde82852,2026-07-22T14:48:18,,test_wallet_send_first_open_loading_time[fresh_user],passed,1.507,1.507,1.507,1,1.507
,dbde82852,2026-07-22T14:48:18,,test_wallet_send_loading_time[fresh_user],passed,0.587,0.621,0.604,5,"0.601,0.587,0.617,0.621,0.595"
,dbde82852,2026-07-22T14:48:18,,test_wallet_collectibles_tab_first_open_loading_time[wallet_load_user],passed,39.837,39.837,39.837,1,39.837
,dbde82852,2026-07-22T14:48:18,,test_wallet_collectibles_tab_loading_time[wallet_load_user],passed,1.863,2.067,1.97,5,"2.056,1.975,1.888,1.863,2.067"
,dbde82852,2026-07-22T14:48:18,,test_wallet_first_open_loading_time[wallet_load_alex_user],passed,0.316,0.316,0.316,1,0.316
,dbde82852,2026-07-22T14:48:18,,test_wallet_receive_first_open_loading_time[fresh_user],passed,0.891,0.891,0.891,1,0.891
,dbde82852,2026-07-22T14:48:18,,test_wallet_receive_loading_time[fresh_user],passed,0.295,0.332,0.308,5,"0.332,0.313,0.295,0.304,0.299"
,dbde82852,2026-07-22T14:48:18,,test_wallet_account_open_loading_time[wallet_load_alex_user],passed,0.466,0.466,0.466,1,0.466
,dbde82852,2026-07-22T14:48:18,,test_wallet_repeat_open_loading_time[wallet_load_alex_user],passed,0.767,0.812,0.783,5,"0.79,0.772,0.774,0.812,0.767"
,dbde82852,2026-07-22T14:48:18,,test_wallet_collectibles_tab_first_open_loading_time[wallet_load_alex_user],passed,49.568,49.568,49.568,1,49.568
,dbde82852,2026-07-22T14:48:18,,test_wallet_collectibles_tab_loading_time[wallet_load_alex_user],passed,3.824,22.442,7.651,5,"3.961,22.442,3.824,4.117,3.908"
,dbde82852,2026-07-22T14:48:18,,test_wallet_swap_first_open_loading_time[wallet_load_user],passed,1.541,1.541,1.541,1,1.541
,dbde82852,2026-07-22T14:48:18,,test_wallet_swap_loading_time[wallet_load_user],passed,0.741,0.79,0.763,5,"0.754,0.741,0.79,0.773,0.757"
,dbde82852,2026-07-22T14:48:18,,test_wallet_send_first_open_loading_time[wallet_load_alex_user],passed,2.049,2.049,2.049,1,2.049
,dbde82852,2026-07-22T14:48:18,,test_wallet_send_loading_time[wallet_load_alex_user],passed,0.807,1.056,0.97,5,"1.008,0.969,1.056,1.01,0.807"
,dbde82852,2026-07-22T14:48:18,,test_wallet_assets_tab_loading_time[fresh_user],passed,0.364,0.435,0.397,5,"0.388,0.364,0.435,0.402,0.396"
,dbde82852,2026-07-22T14:48:18,,test_wallet_swap_first_open_loading_time[fresh_user],passed,1.953,1.953,1.953,1,1.953
,dbde82852,2026-07-22T14:48:18,,test_wallet_swap_loading_time[fresh_user],passed,0.629,0.655,0.644,5,"0.655,0.653,0.641,0.64,0.629"
,dbde82852,2026-07-22T14:48:18,,test_wallet_receive_first_open_loading_time[wallet_load_user],passed,0.574,0.574,0.574,1,0.574
,dbde82852,2026-07-22T14:48:18,,test_wallet_receive_loading_time[wallet_load_user],passed,0.278,0.389,0.321,5,"0.332,0.278,0.389,0.283,0.323"
,dbde82852,2026-07-22T14:48:18,,test_wallet_account_open_loading_time[fresh_user],passed,0.464,0.464,0.464,1,0.464
,dbde82852,2026-07-22T14:48:18,,test_wallet_add_account_first_open_loading_time[fresh_user],passed,0.608,0.608,0.608,1,0.608
,dbde82852,2026-07-22T14:48:18,,test_wallet_add_account_loading_time[fresh_user],passed,0.471,0.492,0.482,5,"0.486,0.471,0.492,0.488,0.472"
,dbde82852,2026-07-22T14:48:18,,test_wallet_send_first_open_loading_time[wallet_load_user],passed,1.645,1.645,1.645,1,1.645
,dbde82852,2026-07-22T14:48:18,,test_wallet_send_loading_time[wallet_load_user],passed,0.87,1.427,1.097,5,"0.896,0.87,0.875,1.42,1.427"
,dbde82852,2026-07-22T14:48:18,,test_wallet_first_open_loading_time[wallet_load_user],passed,0.651,0.651,0.651,1,0.651
,dbde82852,2026-07-22T14:48:18,,test_wallet_first_open_loading_time[fresh_user],passed,0.453,0.453,0.453,1,0.453
,dbde82852,2026-07-22T14:48:18,,test_wallet_swap_first_open_loading_time[wallet_load_alex_user],passed,1.887,1.887,1.887,1,1.887
,dbde82852,2026-07-22T14:48:18,,test_wallet_swap_loading_time[wallet_load_alex_user],passed,0.767,1.123,0.878,5,"0.854,0.858,1.123,0.767,0.788"
,dbde82852,2026-07-22T14:48:18,,test_wallet_account_open_loading_time[wallet_load_user],passed,0.373,0.373,0.373,1,0.373
,dbde82852,2026-07-22T14:48:18,,test_wallet_add_account_first_open_loading_time[wallet_load_user],passed,0.649,0.649,0.649,1,0.649
,dbde82852,2026-07-22T14:48:18,,test_wallet_add_account_loading_time[wallet_load_user],passed,0.491,0.651,0.534,5,"0.508,0.491,0.506,0.513,0.651"
,dbde82852,2026-07-22T14:48:18,,test_wallet_receive_first_open_loading_time[wallet_load_alex_user],passed,0.979,0.979,0.979,1,0.979
,dbde82852,2026-07-22T14:48:18,,test_wallet_receive_loading_time[wallet_load_alex_user],passed,0.298,0.346,0.33,5,"0.331,0.338,0.346,0.338,0.298"
,dbde82852,2026-07-22T14:48:18,,test_wallet_repeat_open_loading_time[fresh_user],passed,0.447,0.578,0.486,5,"0.472,0.578,0.469,0.447,0.466"
,dbde82852,2026-07-22T14:48:18,,test_wallet_repeat_open_loading_time[wallet_load_user],passed,0.642,0.786,0.714,5,"0.642,0.667,0.726,0.748,0.786"
,dbde82852,2026-07-22T14:48:18,,test_wallet_assets_tab_loading_time[wallet_load_user],passed,1.106,1.74,1.286,5,"1.74,1.185,1.184,1.212,1.106"
,a6db0bddc7,2026-07-23T05:28:01,,test_wallet_add_account_first_open_loading_time[wallet_load_user],passed,0.877,0.877,0.877,1,0.877
,a6db0bddc7,2026-07-23T05:28:01,,test_wallet_add_account_loading_time[wallet_load_user],passed,0.471,0.517,0.489,5,"0.471,0.481,0.499,0.477,0.517"
,a6db0bddc7,2026-07-23T05:28:01,,test_wallet_repeat_open_loading_time[wallet_load_user],passed,0.608,0.722,0.664,5,"0.722,0.608,0.668,0.692,0.632"
,a6db0bddc7,2026-07-23T05:28:01,,test_wallet_assets_tab_loading_time[fresh_user],passed,0.338,0.38,0.366,5,"0.376,0.38,0.338,0.363,0.372"
,a6db0bddc7,2026-07-23T05:28:01,,test_wallet_send_first_open_loading_time[wallet_load_user],passed,1.941,1.941,1.941,1,1.941
,a6db0bddc7,2026-07-23T05:28:01,,test_wallet_send_loading_time[wallet_load_user],passed,0.743,1.201,0.953,5,"0.777,0.743,1.176,1.201,0.867"
,a6db0bddc7,2026-07-23T05:28:01,,test_wallet_account_open_loading_time[fresh_user],passed,0.163,0.163,0.163,1,0.163
,a6db0bddc7,2026-07-23T05:28:01,,test_wallet_account_open_loading_time[wallet_load_user],passed,0.378,0.378,0.378,1,0.378
,a6db0bddc7,2026-07-23T05:28:01,,test_wallet_collectibles_tab_first_open_loading_time[wallet_load_alex_user],passed,54.248,54.248,54.248,1,54.248
,a6db0bddc7,2026-07-23T05:28:01,,test_wallet_collectibles_tab_loading_time[wallet_load_alex_user],passed,4.013,16.813,7.845,5,"9.61,16.813,4.013,4.632,4.156"
,a6db0bddc7,2026-07-23T05:28:01,,test_wallet_collectibles_tab_first_open_loading_time[wallet_load_user],passed,39.471,39.471,39.471,1,39.471
,a6db0bddc7,2026-07-23T05:28:01,,test_wallet_collectibles_tab_loading_time[wallet_load_user],passed,1.661,3.677,2.239,5,"1.945,1.978,1.936,3.677,1.661"
,a6db0bddc7,2026-07-23T05:28:01,,test_wallet_receive_first_open_loading_time[wallet_load_alex_user],passed,0.943,0.943,0.943,1,0.943
,a6db0bddc7,2026-07-23T05:28:01,,test_wallet_receive_loading_time[wallet_load_alex_user],passed,0.331,0.414,0.349,5,"0.414,0.331,0.333,0.332,0.335"
,a6db0bddc7,2026-07-23T05:28:01,,test_wallet_collectibles_tab_first_open_loading_time[fresh_user],passed,17.585,17.585,17.585,1,17.585
,a6db0bddc7,2026-07-23T05:28:01,,test_wallet_collectibles_tab_loading_time[fresh_user],passed,0.152,0.202,0.175,5,"0.168,0.152,0.166,0.202,0.187"
,a6db0bddc7,2026-07-23T05:28:01,,test_wallet_swap_first_open_loading_time[wallet_load_alex_user],passed,1.332,1.332,1.332,1,1.332
,a6db0bddc7,2026-07-23T05:28:01,,test_wallet_swap_loading_time[wallet_load_alex_user],passed,0.667,0.876,0.76,5,"0.803,0.744,0.876,0.667,0.71"
,a6db0bddc7,2026-07-23T05:28:01,,test_wallet_first_open_loading_time[fresh_user],passed,0.458,0.458,0.458,1,0.458
,a6db0bddc7,2026-07-23T05:28:01,,test_wallet_receive_first_open_loading_time[fresh_user],passed,0.948,0.948,0.948,1,0.948
,a6db0bddc7,2026-07-23T05:28:01,,test_wallet_receive_loading_time[fresh_user],passed,0.299,0.317,0.305,5,"0.312,0.301,0.317,0.299,0.299"
,a6db0bddc7,2026-07-23T05:28:01,,test_wallet_send_first_open_loading_time[wallet_load_alex_user],passed,1.649,1.649,1.649,1,1.649
,a6db0bddc7,2026-07-23T05:28:01,,test_wallet_send_loading_time[wallet_load_alex_user],passed,0.765,1.261,0.9,5,"0.841,0.818,0.815,0.765,1.261"
,a6db0bddc7,2026-07-23T05:28:01,,test_wallet_swap_first_open_loading_time[wallet_load_user],passed,1.445,1.445,1.445,1,1.445
,a6db0bddc7,2026-07-23T05:28:01,,test_wallet_swap_loading_time[wallet_load_user],passed,0.657,0.664,0.66,5,"0.664,0.662,0.657,0.661,0.657"
,a6db0bddc7,2026-07-23T05:28:01,,test_wallet_send_first_open_loading_time[fresh_user],passed,1.626,1.626,1.626,1,1.626
,a6db0bddc7,2026-07-23T05:28:01,,test_wallet_send_loading_time[fresh_user],passed,0.497,0.558,0.516,5,"0.51,0.558,0.507,0.497,0.51"
,a6db0bddc7,2026-07-23T05:28:01,,test_wallet_add_account_first_open_loading_time[wallet_load_alex_user],passed,0.892,0.892,0.892,1,0.892
,a6db0bddc7,2026-07-23T05:28:01,,test_wallet_add_account_loading_time[wallet_load_alex_user],passed,0.468,0.527,0.493,5,"0.511,0.468,0.479,0.478,0.527"
,a6db0bddc7,2026-07-23T05:28:01,,test_wallet_assets_tab_loading_time[wallet_load_user],passed,0.917,1.757,1.202,5,"1.757,1.184,1.042,1.11,0.917"
,a6db0bddc7,2026-07-23T05:28:01,,test_wallet_first_open_loading_time[wallet_load_user],passed,0.542,0.542,0.542,1,0.542
,a6db0bddc7,2026-07-23T05:28:01,,test_wallet_repeat_open_loading_time[wallet_load_alex_user],passed,0.642,0.882,0.775,5,"0.786,0.642,0.796,0.768,0.882"
,a6db0bddc7,2026-07-23T05:28:01,,test_wallet_repeat_open_loading_time[fresh_user],passed,0.424,0.557,0.487,5,"0.484,0.557,0.519,0.424,0.449"
,a6db0bddc7,2026-07-23T05:28:01,,test_wallet_swap_first_open_loading_time[fresh_user],passed,1.528,1.528,1.528,1,1.528
,a6db0bddc7,2026-07-23T05:28:01,,test_wallet_swap_loading_time[fresh_user],passed,0.547,0.606,0.566,5,"0.547,0.564,0.554,0.606,0.559"
,a6db0bddc7,2026-07-23T05:28:01,,test_wallet_assets_tab_loading_time[wallet_load_alex_user],passed,1.337,1.972,1.56,5,"1.972,1.337,1.761,1.338,1.391"
,a6db0bddc7,2026-07-23T05:28:01,,test_status_community_first_open_loading_time[user_data0-user_account0],passed,4.27,4.27,4.27,1,4.27
,a6db0bddc7,2026-07-23T05:28:01,,test_wallet_receive_first_open_loading_time[wallet_load_user],passed,0.993,0.993,0.993,1,0.993
,a6db0bddc7,2026-07-23T05:28:01,,test_wallet_receive_loading_time[wallet_load_user],passed,0.278,0.317,0.291,5,"0.317,0.281,0.293,0.287,0.278"
,a6db0bddc7,2026-07-23T05:28:01,,test_status_community_second_open_loading_time[user_data0-user_account0],passed,2.085,2.14,2.124,5,"2.138,2.085,2.136,2.121,2.14"
,a6db0bddc7,2026-07-23T05:28:01,,test_wallet_account_open_loading_time[wallet_load_alex_user],passed,0.509,0.509,0.509,1,0.509
,a6db0bddc7,2026-07-23T05:28:01,,test_wallet_first_open_loading_time[wallet_load_alex_user],passed,0.518,0.518,0.518,1,0.518
,a6db0bddc7,2026-07-23T05:28:01,,test_wallet_add_account_first_open_loading_time[fresh_user],passed,0.672,0.672,0.672,1,0.672
,a6db0bddc7,2026-07-23T05:28:01,,test_wallet_add_account_loading_time[fresh_user],passed,0.459,0.53,0.487,5,"0.465,0.459,0.466,0.53,0.516"
,e05186176a,2026-07-23T11:39:31,,test_wallet_receive_first_open_loading_time[fresh_user],passed,0.897,0.897,0.897,1,0.897
,e05186176a,2026-07-23T11:39:31,,test_wallet_receive_loading_time[fresh_user],passed,0.302,0.316,0.307,5,"0.31,0.302,0.303,0.303,0.316"
,e05186176a,2026-07-23T11:39:31,,test_wallet_assets_tab_loading_time[fresh_user],passed,0.339,0.373,0.356,5,"0.373,0.339,0.353,0.35,0.366"
,e05186176a,2026-07-23T11:39:31,,test_wallet_repeat_open_loading_time[wallet_load_user],passed,0.609,0.739,0.666,5,"0.609,0.694,0.739,0.649,0.638"
,e05186176a,2026-07-23T11:39:31,,test_wallet_assets_tab_loading_time[wallet_load_alex_user],passed,1.098,1.441,1.227,5,"1.441,1.123,1.323,1.149,1.098"
,e05186176a,2026-07-23T11:39:31,,test_wallet_activity_tab_first_open_loading_time[wallet_load_user],passed,0.706,0.706,0.706,1,0.706
,e05186176a,2026-07-23T11:39:31,,test_wallet_activity_tab_loading_time[wallet_load_user],passed,0.65,0.884,0.736,5,"0.671,0.65,0.799,0.884,0.676"
,e05186176a,2026-07-23T11:39:31,,test_wallet_first_open_loading_time[wallet_load_alex_user],passed,0.262,0.262,0.262,1,0.262
,e05186176a,2026-07-23T11:39:31,,test_wallet_repeat_open_loading_time[wallet_load_alex_user],passed,0.681,0.735,0.709,5,"0.721,0.717,0.735,0.681,0.69"
,e05186176a,2026-07-23T11:39:31,,test_wallet_first_open_loading_time[wallet_load_user],passed,0.316,0.316,0.316,1,0.316
,e05186176a,2026-07-23T11:39:31,,test_wallet_first_open_loading_time[fresh_user],passed,0.433,0.433,0.433,1,0.433
,e05186176a,2026-07-23T11:39:31,,test_wallet_send_first_open_loading_time[wallet_load_alex_user],passed,1.839,1.839,1.839,1,1.839
,e05186176a,2026-07-23T11:39:31,,test_wallet_send_loading_time[wallet_load_alex_user],passed,0.776,1.389,1.042,5,"1.389,1.171,1.01,0.865,0.776"
,e05186176a,2026-07-23T11:39:31,,test_status_community_second_open_loading_time[user_data0-user_account0],passed,2.052,2.134,2.096,5,"2.112,2.052,2.093,2.134,2.088"
,e05186176a,2026-07-23T11:39:31,,test_wallet_add_account_first_open_loading_time[wallet_load_user],passed,1.201,1.201,1.201,1,1.201
,e05186176a,2026-07-23T11:39:31,,test_wallet_add_account_loading_time[wallet_load_user],passed,0.47,0.51,0.481,5,"0.471,0.47,0.471,0.481,0.51"
,e05186176a,2026-07-23T11:39:31,,test_wallet_account_open_loading_time[wallet_load_user],passed,0.421,0.421,0.421,1,0.421
,e05186176a,2026-07-23T11:39:31,,test_wallet_send_first_open_loading_time[wallet_load_user],passed,1.967,1.967,1.967,1,1.967
,e05186176a,2026-07-23T11:39:31,,test_wallet_send_loading_time[wallet_load_user],passed,0.73,0.771,0.749,5,"0.748,0.735,0.771,0.759,0.73"
,e05186176a,2026-07-23T11:39:31,,test_wallet_activity_tab_first_open_loading_time[wallet_load_alex_user],passed,0.701,0.701,0.701,1,0.701
,e05186176a,2026-07-23T11:39:31,,test_wallet_activity_tab_loading_time[wallet_load_alex_user],passed,0.623,0.718,0.678,5,"0.63,0.712,0.718,0.623,0.707"
,e05186176a,2026-07-23T11:39:31,,test_wallet_assets_tab_loading_time[wallet_load_user],passed,1.001,1.278,1.161,5,"1.278,1.248,1.176,1.102,1.001"
,e05186176a,2026-07-23T11:39:31,,test_wallet_receive_first_open_loading_time[wallet_load_user],passed,0.584,0.584,0.584,1,0.584
,e05186176a,2026-07-23T11:39:31,,test_wallet_receive_loading_time[wallet_load_user],passed,0.274,0.387,0.314,5,"0.328,0.274,0.302,0.387,0.278"
,e05186176a,2026-07-23T11:39:31,,test_wallet_swap_first_open_loading_time[fresh_user],passed,1.484,1.484,1.484,1,1.484
,e05186176a,2026-07-23T11:39:31,,test_wallet_swap_loading_time[fresh_user],passed,0.549,0.558,0.554,5,"0.553,0.558,0.549,0.551,0.558"
,e05186176a,2026-07-23T11:39:31,,test_wallet_account_open_loading_time[fresh_user],passed,0.162,0.162,0.162,1,0.162
,e05186176a,2026-07-23T11:39:31,,test_wallet_swap_first_open_loading_time[wallet_load_user],passed,1.082,1.082,1.082,1,1.082
,e05186176a,2026-07-23T11:39:31,,test_wallet_swap_loading_time[wallet_load_user],passed,0.659,0.674,0.667,5,"0.671,0.659,0.67,0.674,0.662"
,e05186176a,2026-07-23T11:39:31,,test_wallet_send_first_open_loading_time[fresh_user],passed,0.894,0.894,0.894,1,0.894
,e05186176a,2026-07-23T11:39:31,,test_wallet_send_loading_time[fresh_user],passed,0.505,0.525,0.513,5,"0.509,0.508,0.505,0.516,0.525"
,e05186176a,2026-07-23T11:39:31,,test_wallet_add_account_first_open_loading_time[fresh_user],passed,0.555,0.555,0.555,1,0.555
,e05186176a,2026-07-23T11:39:31,,test_wallet_add_account_loading_time[fresh_user],passed,0.463,1.189,0.621,5,"1.189,0.465,0.463,0.463,0.525"
,e05186176a,2026-07-23T11:39:31,,test_wallet_collectibles_tab_first_open_loading_time[wallet_load_user],passed,39.54,39.54,39.54,1,39.54
,e05186176a,2026-07-23T11:39:31,,test_wallet_collectibles_tab_loading_time[wallet_load_user],passed,1.632,1.99,1.828,5,"1.632,1.758,1.99,1.928,1.834"
,e05186176a,2026-07-23T11:39:31,,test_wallet_collectibles_tab_first_open_loading_time[fresh_user],passed,17.396,17.396,17.396,1,17.396
,e05186176a,2026-07-23T11:39:31,,test_wallet_collectibles_tab_loading_time[fresh_user],passed,0.142,0.179,0.158,5,"0.169,0.155,0.148,0.142,0.179"
,e05186176a,2026-07-23T11:39:31,,test_wallet_repeat_open_loading_time[fresh_user],passed,0.423,0.501,0.454,5,"0.469,0.501,0.436,0.423,0.44"
,e05186176a,2026-07-23T11:39:31,,test_wallet_add_account_first_open_loading_time[wallet_load_alex_user],passed,0.617,0.617,0.617,1,0.617
,e05186176a,2026-07-23T11:39:31,,test_wallet_add_account_loading_time[wallet_load_alex_user],passed,0.462,0.475,0.469,5,"0.473,0.47,0.475,0.462,0.464"
,e05186176a,2026-07-23T11:39:31,,test_wallet_swap_first_open_loading_time[wallet_load_alex_user],passed,2.342,2.342,2.342,1,2.342
,e05186176a,2026-07-23T11:39:31,,test_wallet_swap_loading_time[wallet_load_alex_user],passed,0.749,0.763,0.756,5,"0.76,0.763,0.751,0.749,0.758"
,e05186176a,2026-07-23T11:39:31,,test_wallet_receive_first_open_loading_time[wallet_load_alex_user],passed,0.534,0.534,0.534,1,0.534
,e05186176a,2026-07-23T11:39:31,,test_wallet_receive_loading_time[wallet_load_alex_user],passed,0.33,0.368,0.344,5,"0.33,0.368,0.343,0.341,0.338"
,e05186176a,2026-07-23T11:39:31,,test_wallet_account_open_loading_time[wallet_load_alex_user],passed,0.439,0.439,0.439,1,0.439
,e05186176a,2026-07-23T11:39:31,,test_status_community_first_open_loading_time[user_data0-user_account0],passed,4.172,4.172,4.172,1,4.172
,e05186176a,2026-07-23T11:39:31,,test_wallet_collectibles_tab_first_open_loading_time[wallet_load_alex_user],passed,48.873,48.873,48.873,1,48.873
,e05186176a,2026-07-23T11:39:31,,test_wallet_collectibles_tab_loading_time[wallet_load_alex_user],passed,4.028,20.651,10.768,5,"20.651,4.028,4.03,20.496,4.638"
,115c87f7b5,2026-07-23T13:49:03,,test_wallet_repeat_open_loading_time[fresh_user],passed,0.446,0.697,0.518,5,"0.458,0.465,0.446,0.524,0.697"
,115c87f7b5,2026-07-23T13:49:03,,test_status_community_second_open_loading_time[user_data0-user_account0],passed,2.105,2.146,2.13,5,"2.12,2.142,2.146,2.137,2.105"
,115c87f7b5,2026-07-23T13:49:03,,test_wallet_assets_tab_loading_time[fresh_user],passed,0.339,0.354,0.348,5,"0.354,0.339,0.354,0.349,0.342"
,115c87f7b5,2026-07-23T13:49:03,,test_wallet_account_open_loading_time[fresh_user],passed,0.156,0.156,0.156,1,0.156
,115c87f7b5,2026-07-23T13:49:03,,test_wallet_assets_tab_loading_time[wallet_load_alex_user],passed,1.109,1.86,1.416,5,"1.86,1.109,1.381,1.171,1.563"
,115c87f7b5,2026-07-23T13:49:03,,test_wallet_receive_first_open_loading_time[wallet_load_user],passed,0.972,0.972,0.972,1,0.972
,115c87f7b5,2026-07-23T13:49:03,,test_wallet_receive_loading_time[wallet_load_user],passed,0.271,0.308,0.287,5,"0.307,0.272,0.276,0.271,0.308"
,115c87f7b5,2026-07-23T13:49:03,,test_wallet_send_first_open_loading_time[wallet_load_user],passed,2.033,2.033,2.033,1,2.033
,115c87f7b5,2026-07-23T13:49:03,,test_wallet_send_loading_time[wallet_load_user],passed,0.756,1.371,0.974,5,"1.194,0.756,0.779,0.768,1.371"
,115c87f7b5,2026-07-23T13:49:03,,test_wallet_collectibles_tab_first_open_loading_time[wallet_load_alex_user],passed,52.431,52.431,52.431,1,52.431
,115c87f7b5,2026-07-23T13:49:03,,test_wallet_collectibles_tab_loading_time[wallet_load_alex_user],passed,3.822,20.857,10.301,5,"18.91,3.996,3.918,3.822,20.857"
,115c87f7b5,2026-07-23T13:49:03,,test_wallet_repeat_open_loading_time[wallet_load_user],passed,0.61,0.701,0.657,5,"0.61,0.646,0.693,0.701,0.637"
,115c87f7b5,2026-07-23T13:49:03,,test_wallet_send_first_open_loading_time[fresh_user],passed,1.426,1.426,1.426,1,1.426
,115c87f7b5,2026-07-23T13:49:03,,test_wallet_send_loading_time[fresh_user],passed,0.494,0.779,0.574,5,"0.494,0.779,0.519,0.503,0.573"
,115c87f7b5,2026-07-23T13:49:03,,test_wallet_first_open_loading_time[wallet_load_alex_user],passed,0.565,0.565,0.565,1,0.565
,115c87f7b5,2026-07-23T13:49:03,,test_status_community_first_open_loading_time[user_data0-user_account0],passed,3.911,3.911,3.911,1,3.911
,115c87f7b5,2026-07-23T13:49:03,,test_wallet_repeat_open_loading_time[wallet_load_alex_user],passed,0.702,0.779,0.727,5,"0.734,0.702,0.714,0.707,0.779"
,115c87f7b5,2026-07-23T13:49:03,,test_wallet_account_open_loading_time[wallet_load_alex_user],passed,0.425,0.425,0.425,1,0.425
,115c87f7b5,2026-07-23T13:49:03,,test_wallet_activity_tab_first_open_loading_time[wallet_load_alex_user],passed,0.723,0.723,0.723,1,0.723
,115c87f7b5,2026-07-23T13:49:03,,test_wallet_activity_tab_loading_time[wallet_load_alex_user],passed,0.642,0.705,0.665,5,"0.665,0.642,0.655,0.705,0.656"
,115c87f7b5,2026-07-23T13:49:03,,test_wallet_receive_first_open_loading_time[wallet_load_alex_user],passed,0.985,0.985,0.985,1,0.985
,115c87f7b5,2026-07-23T13:49:03,,test_wallet_receive_loading_time[wallet_load_alex_user],passed,0.278,0.365,0.331,5,"0.344,0.329,0.365,0.339,0.278"
,115c87f7b5,2026-07-23T13:49:03,,test_wallet_add_account_first_open_loading_time[wallet_load_alex_user],passed,1.28,1.28,1.28,1,1.28
,115c87f7b5,2026-07-23T13:49:03,,test_wallet_add_account_loading_time[wallet_load_alex_user],passed,0.461,0.51,0.479,5,"0.51,0.461,0.485,0.474,0.465"
,115c87f7b5,2026-07-23T13:49:03,,test_wallet_swap_first_open_loading_time[wallet_load_user],passed,2.03,2.03,2.03,1,2.03
,115c87f7b5,2026-07-23T13:49:03,,test_wallet_swap_loading_time[wallet_load_user],passed,0.657,0.683,0.667,5,"0.673,0.662,0.683,0.657,0.662"
,115c87f7b5,2026-07-23T13:49:03,,test_wallet_swap_first_open_loading_time[wallet_load_alex_user],passed,1.516,1.516,1.516,1,1.516
,115c87f7b5,2026-07-23T13:49:03,,test_wallet_swap_loading_time[wallet_load_alex_user],passed,0.75,0.81,0.771,5,"0.768,0.767,0.81,0.761,0.75"
,115c87f7b5,2026-07-23T13:49:03,,test_wallet_collectibles_tab_first_open_loading_time[fresh_user],passed,17.384,17.384,17.384,1,17.384
,115c87f7b5,2026-07-23T13:49:03,,test_wallet_collectibles_tab_loading_time[fresh_user],passed,0.149,0.204,0.176,5,"0.159,0.182,0.149,0.186,0.204"
,115c87f7b5,2026-07-23T13:49:03,,test_wallet_first_open_loading_time[fresh_user],passed,0.429,0.429,0.429,1,0.429
,115c87f7b5,2026-07-23T13:49:03,,test_wallet_send_first_open_loading_time[wallet_load_alex_user],passed,2.459,2.459,2.459,1,2.459
,115c87f7b5,2026-07-23T13:49:03,,test_wallet_send_loading_time[wallet_load_alex_user],passed,0.69,0.972,0.84,5,"0.883,0.868,0.972,0.784,0.69"
,115c87f7b5,2026-07-23T13:49:03,,test_wallet_collectibles_tab_first_open_loading_time[wallet_load_user],passed,39.5,39.5,39.5,1,39.5
,115c87f7b5,2026-07-23T13:49:03,,test_wallet_collectibles_tab_loading_time[wallet_load_user],passed,1.619,3.845,2.233,5,"1.906,1.934,1.858,3.845,1.619"
,115c87f7b5,2026-07-23T13:49:03,,test_wallet_receive_first_open_loading_time[fresh_user],passed,0.894,0.894,0.894,1,0.894
,115c87f7b5,2026-07-23T13:49:03,,test_wallet_receive_loading_time[fresh_user],passed,0.297,0.328,0.309,5,"0.328,0.31,0.302,0.308,0.297"
,115c87f7b5,2026-07-23T13:49:03,,test_wallet_account_open_loading_time[wallet_load_user],passed,0.462,0.462,0.462,1,0.462
,115c87f7b5,2026-07-23T13:49:03,,test_wallet_first_open_loading_time[wallet_load_user],passed,0.877,0.877,0.877,1,0.877
,115c87f7b5,2026-07-23T13:49:03,,test_wallet_assets_tab_loading_time[wallet_load_user],passed,1.008,1.848,1.262,5,"1.848,1.008,1.204,1.091,1.161"
,115c87f7b5,2026-07-23T13:49:03,,test_wallet_add_account_first_open_loading_time[fresh_user],passed,0.668,0.668,0.668,1,0.668
,115c87f7b5,2026-07-23T13:49:03,,test_wallet_add_account_loading_time[fresh_user],passed,0.461,0.796,0.535,5,"0.461,0.469,0.477,0.471,0.796"
,115c87f7b5,2026-07-23T13:49:03,,test_wallet_add_account_first_open_loading_time[wallet_load_user],passed,0.899,0.899,0.899,1,0.899
,115c87f7b5,2026-07-23T13:49:03,,test_wallet_add_account_loading_time[wallet_load_user],passed,0.477,0.516,0.491,5,"0.477,0.479,0.477,0.508,0.516"
,115c87f7b5,2026-07-23T13:49:03,,test_wallet_swap_first_open_loading_time[fresh_user],passed,1.556,1.556,1.556,1,1.556
,115c87f7b5,2026-07-23T13:49:03,,test_wallet_swap_loading_time[fresh_user],passed,0.544,0.599,0.564,5,"0.562,0.568,0.548,0.599,0.544"
,115c87f7b5,2026-07-23T13:49:03,,test_wallet_activity_tab_first_open_loading_time[wallet_load_user],passed,0.755,0.755,0.755,1,0.755
,115c87f7b5,2026-07-23T13:49:03,,test_wallet_activity_tab_loading_time[wallet_load_user],passed,0.594,0.731,0.68,5,"0.697,0.698,0.678,0.594,0.731"
,0c1c2b0287,2026-07-24T05:26:18,,test_wallet_activity_tab_first_open_loading_time[wallet_load_alex_user],passed,0.692,0.692,0.692,1,0.692
,0c1c2b0287,2026-07-24T05:26:18,,test_wallet_activity_tab_loading_time[wallet_load_alex_user],passed,0.688,0.775,0.72,5,"0.713,0.775,0.71,0.688,0.714"
,0c1c2b0287,2026-07-24T05:26:18,,test_wallet_account_open_loading_time[wallet_load_alex_user],passed,0.419,0.419,0.419,1,0.419
,0c1c2b0287,2026-07-24T05:26:18,,test_wallet_receive_first_open_loading_time[fresh_user],passed,0.432,0.432,0.432,1,0.432
,0c1c2b0287,2026-07-24T05:26:18,,test_wallet_receive_loading_time[fresh_user],passed,0.305,0.353,0.32,5,"0.353,0.305,0.314,0.317,0.311"
,0c1c2b0287,2026-07-24T05:26:18,,test_wallet_first_open_loading_time[wallet_load_user],passed,0.25,0.25,0.25,1,0.25
,0c1c2b0287,2026-07-24T05:26:18,,test_wallet_repeat_open_loading_time[wallet_load_user],passed,0.574,0.776,0.679,5,"0.676,0.669,0.776,0.701,0.574"
,0c1c2b0287,2026-07-24T05:26:18,,test_status_community_first_open_loading_time[user_data0-user_account0],passed,4.167,4.167,4.167,1,4.167
,0c1c2b0287,2026-07-24T05:26:18,,test_wallet_account_open_loading_time[fresh_user],passed,0.164,0.164,0.164,1,0.164
,0c1c2b0287,2026-07-24T05:26:18,,test_wallet_assets_tab_loading_time[fresh_user],passed,0.346,0.667,0.414,5,"0.35,0.348,0.346,0.667,0.36"
,0c1c2b0287,2026-07-24T05:26:18,,test_wallet_swap_first_open_loading_time[fresh_user],passed,1.457,1.457,1.457,1,1.457
,0c1c2b0287,2026-07-24T05:26:18,,test_wallet_swap_loading_time[fresh_user],passed,0.563,0.865,0.652,5,"0.865,0.679,0.563,0.592,0.564"
,0c1c2b0287,2026-07-24T05:26:18,,test_wallet_receive_first_open_loading_time[wallet_load_user],passed,0.56,0.56,0.56,1,0.56
,0c1c2b0287,2026-07-24T05:26:18,,test_wallet_receive_loading_time[wallet_load_user],passed,0.276,0.429,0.369,5,"0.367,0.276,0.392,0.381,0.429"
,0c1c2b0287,2026-07-24T05:26:18,,test_wallet_receive_first_open_loading_time[wallet_load_alex_user],passed,0.486,0.486,0.486,1,0.486
,0c1c2b0287,2026-07-24T05:26:18,,test_wallet_receive_loading_time[wallet_load_alex_user],passed,0.328,0.378,0.352,5,"0.337,0.378,0.357,0.328,0.361"
,0c1c2b0287,2026-07-24T05:26:18,,test_wallet_add_account_first_open_loading_time[wallet_load_user],passed,0.707,0.707,0.707,1,0.707
,0c1c2b0287,2026-07-24T05:26:18,,test_wallet_add_account_loading_time[wallet_load_user],passed,0.456,0.515,0.501,5,"0.515,0.515,0.515,0.456,0.507"
,0c1c2b0287,2026-07-24T05:26:18,,test_wallet_send_first_open_loading_time[wallet_load_alex_user],passed,1.899,1.899,1.899,1,1.899
,0c1c2b0287,2026-07-24T05:26:18,,test_wallet_send_loading_time[wallet_load_alex_user],passed,0.683,1.341,0.925,5,"0.928,0.89,1.341,0.783,0.683"
,0c1c2b0287,2026-07-24T05:26:18,,test_wallet_send_first_open_loading_time[wallet_load_user],passed,2.069,2.069,2.069,1,2.069
,0c1c2b0287,2026-07-24T05:26:18,,test_wallet_send_loading_time[wallet_load_user],passed,0.74,0.897,0.807,5,"0.897,0.745,0.789,0.865,0.74"
,0c1c2b0287,2026-07-24T05:26:18,,test_wallet_send_first_open_loading_time[fresh_user],passed,1.373,1.373,1.373,1,1.373
,0c1c2b0287,2026-07-24T05:26:18,,test_wallet_send_loading_time[fresh_user],passed,0.524,1.181,0.663,5,"1.181,0.524,0.532,0.546,0.529"
,0c1c2b0287,2026-07-24T05:26:18,,test_wallet_swap_first_open_loading_time[wallet_load_user],passed,1.51,1.51,1.51,1,1.51
,0c1c2b0287,2026-07-24T05:26:18,,test_wallet_swap_loading_time[wallet_load_user],passed,0.664,0.791,0.721,5,"0.791,0.789,0.684,0.664,0.675"
,0c1c2b0287,2026-07-24T05:26:18,,test_wallet_activity_tab_first_open_loading_time[fresh_user],passed,0.203,0.203,0.203,1,0.203
,0c1c2b0287,2026-07-24T05:26:18,,test_wallet_activity_tab_loading_time[fresh_user],passed,0.198,0.234,0.221,5,"0.222,0.23,0.234,0.198,0.219"
,0c1c2b0287,2026-07-24T05:26:18,,test_wallet_repeat_open_loading_time[fresh_user],passed,0.422,0.536,0.473,5,"0.455,0.536,0.494,0.457,0.422"
,0c1c2b0287,2026-07-24T05:26:18,,test_status_community_second_open_loading_time[user_data0-user_account0],passed,2.08,2.145,2.106,5,"2.145,2.08,2.112,2.098,2.094"
,0c1c2b0287,2026-07-24T05:26:18,,test_wallet_repeat_open_loading_time[wallet_load_alex_user],passed,0.687,0.787,0.743,5,"0.687,0.756,0.787,0.753,0.731"
,0c1c2b0287,2026-07-24T05:26:18,,test_wallet_collectibles_tab_first_open_loading_time[wallet_load_user],passed,39.15,39.15,39.15,1,39.15
,0c1c2b0287,2026-07-24T05:26:18,,test_wallet_collectibles_tab_loading_time[wallet_load_user],passed,1.831,2.041,1.946,5,"2.041,1.944,1.97,1.946,1.831"
,0c1c2b0287,2026-07-24T05:26:18,,test_wallet_account_open_loading_time[wallet_load_user],passed,0.449,0.449,0.449,1,0.449
,0c1c2b0287,2026-07-24T05:26:18,,test_wallet_assets_tab_loading_time[wallet_load_user],passed,0.981,1.921,1.248,5,"1.921,1.267,1.04,1.032,0.981"
,0c1c2b0287,2026-07-24T05:26:18,,test_wallet_add_account_first_open_loading_time[fresh_user],passed,1.093,1.093,1.093,1,1.093
,0c1c2b0287,2026-07-24T05:26:18,,test_wallet_add_account_loading_time[fresh_user],passed,0.461,0.51,0.477,5,"0.469,0.464,0.48,0.461,0.51"
,0c1c2b0287,2026-07-24T05:26:18,,test_wallet_collectibles_tab_first_open_loading_time[fresh_user],passed,16.402,16.402,16.402,1,16.402
,0c1c2b0287,2026-07-24T05:26:18,,test_wallet_collectibles_tab_loading_time[fresh_user],passed,0.151,0.216,0.184,5,"0.172,0.185,0.151,0.196,0.216"
,0c1c2b0287,2026-07-24T05:26:18,,test_wallet_first_open_loading_time[wallet_load_alex_user],passed,0.538,0.538,0.538,1,0.538
,0c1c2b0287,2026-07-24T05:26:18,,test_wallet_assets_tab_loading_time[wallet_load_alex_user],passed,1.061,1.865,1.322,5,"1.865,1.061,1.37,1.072,1.243"
,0c1c2b0287,2026-07-24T05:26:18,,test_wallet_swap_first_open_loading_time[wallet_load_alex_user],passed,1.998,1.998,1.998,1,1.998
,0c1c2b0287,2026-07-24T05:26:18,,test_wallet_swap_loading_time[wallet_load_alex_user],passed,0.701,0.86,0.765,5,"0.83,0.701,0.729,0.705,0.86"
,0c1c2b0287,2026-07-24T05:26:18,,test_wallet_add_account_first_open_loading_time[wallet_load_alex_user],passed,0.841,0.841,0.841,1,0.841
,0c1c2b0287,2026-07-24T05:26:18,,test_wallet_add_account_loading_time[wallet_load_alex_user],passed,0.397,0.511,0.459,5,"0.49,0.48,0.511,0.397,0.415"
,0c1c2b0287,2026-07-24T05:26:18,,test_wallet_activity_tab_first_open_loading_time[wallet_load_user],passed,1.052,1.052,1.052,1,1.052
,0c1c2b0287,2026-07-24T05:26:18,,test_wallet_activity_tab_loading_time[wallet_load_user],passed,0.648,0.87,0.732,5,"0.731,0.648,0.708,0.704,0.87"
,0c1c2b0287,2026-07-24T05:26:18,,test_wallet_collectibles_tab_first_open_loading_time[wallet_load_alex_user],passed,52.066,52.066,52.066,1,52.066
,0c1c2b0287,2026-07-24T05:26:18,,test_wallet_collectibles_tab_loading_time[wallet_load_alex_user],passed,3.973,25.041,11.603,5,"25.041,3.996,3.973,4.171,20.836"
,0c1c2b0287,2026-07-24T05:26:18,,test_wallet_first_open_loading_time[fresh_user],passed,0.43,0.43,0.43,1,0.43
,0b7c6c3241,2026-07-27T16:22:31,,test_wallet_receive_first_open_loading_time[wallet_load_user],passed,0.518,0.518,0.518,1,0.518
,0b7c6c3241,2026-07-27T16:22:31,,test_wallet_receive_loading_time[wallet_load_user],passed,0.278,0.371,0.304,5,"0.282,0.278,0.283,0.371,0.305"
,0b7c6c3241,2026-07-27T16:22:31,,test_wallet_send_first_open_loading_time[wallet_load_alex_user],passed,2.148,2.148,2.148,1,2.148
,0b7c6c3241,2026-07-27T16:22:31,,test_wallet_send_loading_time[wallet_load_alex_user],passed,0.721,0.75,0.728,5,"0.722,0.721,0.75,0.724,0.723"
,0b7c6c3241,2026-07-27T16:22:31,,test_wallet_account_open_loading_time[wallet_load_user],passed,0.852,0.852,0.852,1,0.852
,0b7c6c3241,2026-07-27T16:22:31,,test_status_community_first_open_loading_time[user_data0-user_account0],passed,3.209,3.209,3.209,1,3.209
,0b7c6c3241,2026-07-27T16:22:31,,test_wallet_first_open_loading_time[wallet_load_alex_user],passed,0.31,0.31,0.31,1,0.31
,0b7c6c3241,2026-07-27T16:22:31,,test_wallet_repeat_open_loading_time[wallet_load_user],passed,0.541,0.668,0.594,5,"0.579,0.541,0.668,0.588,0.595"
,0b7c6c3241,2026-07-27T16:22:31,,test_wallet_send_first_open_loading_time[wallet_load_user],passed,1.728,1.728,1.728,1,1.728
,0b7c6c3241,2026-07-27T16:22:31,,test_wallet_send_loading_time[wallet_load_user],passed,0.556,1.173,0.704,5,"0.606,0.556,0.583,1.173,0.601"
,0b7c6c3241,2026-07-27T16:22:31,,test_wallet_swap_first_open_loading_time[fresh_user],passed,0.986,0.986,0.986,1,0.986
,0b7c6c3241,2026-07-27T16:22:31,,test_wallet_swap_loading_time[fresh_user],passed,0.45,0.72,0.509,5,"0.72,0.462,0.458,0.455,0.45"
,0b7c6c3241,2026-07-27T16:22:31,,test_wallet_activity_tab_first_open_loading_time[wallet_load_user],passed,0.629,0.629,0.629,1,0.629
,0b7c6c3241,2026-07-27T16:22:31,,test_wallet_activity_tab_loading_time[wallet_load_user],passed,0.613,0.766,0.694,5,"0.613,0.766,0.704,0.643,0.746"
,0b7c6c3241,2026-07-27T16:22:31,,test_wallet_collectibles_tab_first_open_loading_time[wallet_load_alex_user],passed,48.217,48.217,48.217,1,48.217
,0b7c6c3241,2026-07-27T16:22:31,,test_wallet_collectibles_tab_loading_time[wallet_load_alex_user],passed,3.747,16.172,6.345,5,"16.172,3.747,3.955,3.892,3.961"
,0b7c6c3241,2026-07-27T16:22:31,,test_wallet_assets_tab_loading_time[fresh_user],passed,0.333,0.643,0.414,5,"0.364,0.361,0.369,0.643,0.333"
,0b7c6c3241,2026-07-27T16:22:31,,test_wallet_add_account_first_open_loading_time[wallet_load_user],passed,0.862,0.862,0.862,1,0.862
,0b7c6c3241,2026-07-27T16:22:31,,test_wallet_add_account_loading_time[wallet_load_user],passed,0.477,0.644,0.532,5,"0.516,0.522,0.644,0.477,0.503"
,0b7c6c3241,2026-07-27T16:22:31,,test_wallet_repeat_open_loading_time[wallet_load_alex_user],passed,0.775,0.897,0.832,5,"0.836,0.775,0.897,0.842,0.811"
,0b7c6c3241,2026-07-27T16:22:31,,test_wallet_activity_tab_first_open_loading_time[wallet_load_alex_user],passed,0.77,0.77,0.77,1,0.77
,0b7c6c3241,2026-07-27T16:22:31,,test_wallet_activity_tab_loading_time[wallet_load_alex_user],passed,0.642,0.72,0.679,5,"0.656,0.642,0.72,0.679,0.696"
,0b7c6c3241,2026-07-27T16:22:31,,test_wallet_collectibles_tab_first_open_loading_time[fresh_user],passed,17.506,17.506,17.506,1,17.506
,0b7c6c3241,2026-07-27T16:22:31,,test_wallet_collectibles_tab_loading_time[fresh_user],passed,0.143,0.198,0.167,5,"0.173,0.143,0.176,0.198,0.147"
,0b7c6c3241,2026-07-27T16:22:31,,test_wallet_activity_tab_first_open_loading_time[fresh_user],passed,0.231,0.231,0.231,1,0.231
,0b7c6c3241,2026-07-27T16:22:31,,test_wallet_activity_tab_loading_time[fresh_user],passed,0.199,0.276,0.232,5,"0.261,0.201,0.276,0.222,0.199"
,0b7c6c3241,2026-07-27T16:22:31,,test_wallet_receive_first_open_loading_time[wallet_load_alex_user],passed,0.508,0.508,0.508,1,0.508
,0b7c6c3241,2026-07-27T16:22:31,,test_wallet_receive_loading_time[wallet_load_alex_user],passed,0.302,0.373,0.343,5,"0.333,0.373,0.369,0.339,0.302"
,0b7c6c3241,2026-07-27T16:22:31,,test_wallet_first_open_loading_time[wallet_load_user],passed,0.381,0.381,0.381,1,0.381
,0b7c6c3241,2026-07-27T16:22:31,,test_wallet_collectibles_tab_first_open_loading_time[wallet_load_user],passed,40.064,40.064,40.064,1,40.064
,0b7c6c3241,2026-07-27T16:22:31,,test_wallet_collectibles_tab_loading_time[wallet_load_user],passed,1.815,4.073,2.31,5,"1.943,1.823,1.815,4.073,1.893"
,0b7c6c3241,2026-07-27T16:22:31,,test_wallet_swap_first_open_loading_time[wallet_load_user],passed,1.271,1.271,1.271,1,1.271
,0b7c6c3241,2026-07-27T16:22:31,,test_wallet_swap_loading_time[wallet_load_user],passed,0.552,0.589,0.57,5,"0.557,0.574,0.579,0.552,0.589"
,0b7c6c3241,2026-07-27T16:22:31,,test_wallet_first_open_loading_time[fresh_user],passed,0.675,0.675,0.675,1,0.675
,0b7c6c3241,2026-07-27T16:22:31,,test_wallet_receive_first_open_loading_time[fresh_user],passed,0.471,0.471,0.471,1,0.471
,0b7c6c3241,2026-07-27T16:22:31,,test_wallet_receive_loading_time[fresh_user],passed,0.304,0.335,0.314,5,"0.316,0.335,0.31,0.304,0.308"
,0b7c6c3241,2026-07-27T16:22:31,,test_wallet_add_account_first_open_loading_time[wallet_load_alex_user],passed,1.211,1.211,1.211,1,1.211
,0b7c6c3241,2026-07-27T16:22:31,,test_wallet_add_account_loading_time[wallet_load_alex_user],passed,0.469,0.507,0.486,5,"0.486,0.494,0.507,0.469,0.475"
,0b7c6c3241,2026-07-27T16:22:31,,test_wallet_send_first_open_loading_time[fresh_user],passed,1.256,1.256,1.256,1,1.256
,0b7c6c3241,2026-07-27T16:22:31,,test_wallet_send_loading_time[fresh_user],passed,0.397,0.474,0.42,5,"0.474,0.406,0.416,0.397,0.406"
,0b7c6c3241,2026-07-27T16:22:31,,test_wallet_account_open_loading_time[fresh_user],passed,0.152,0.152,0.152,1,0.152
,0b7c6c3241,2026-07-27T16:22:31,,test_wallet_repeat_open_loading_time[fresh_user],passed,0.42,0.477,0.448,5,"0.45,0.45,0.477,0.445,0.42"
,0b7c6c3241,2026-07-27T16:22:31,,test_status_community_second_open_loading_time[user_data0-user_account0],passed,2.097,2.219,2.141,5,"2.126,2.097,2.121,2.219,2.143"
,0b7c6c3241,2026-07-27T16:22:31,,test_wallet_add_account_first_open_loading_time[fresh_user],passed,0.656,0.656,0.656,1,0.656
,0b7c6c3241,2026-07-27T16:22:31,,test_wallet_add_account_loading_time[fresh_user],passed,0.459,0.478,0.466,5,"0.478,0.463,0.464,0.464,0.459"
,0b7c6c3241,2026-07-27T16:22:31,,test_wallet_assets_tab_loading_time[wallet_load_alex_user],passed,1.16,1.873,1.429,5,"1.873,1.16,1.316,1.594,1.202"
,0b7c6c3241,2026-07-27T16:22:31,,test_wallet_assets_tab_loading_time[wallet_load_user],passed,1.025,1.854,1.24,5,"1.854,1.086,1.072,1.025,1.161"
,0b7c6c3241,2026-07-27T16:22:31,,test_wallet_account_open_loading_time[wallet_load_alex_user],passed,0.474,0.474,0.474,1,0.474
,0b7c6c3241,2026-07-27T16:22:31,,test_wallet_swap_first_open_loading_time[wallet_load_alex_user],passed,1.383,1.383,1.383,1,1.383
,0b7c6c3241,2026-07-27T16:22:31,,test_wallet_swap_loading_time[wallet_load_alex_user],passed,0.569,0.744,0.649,5,"0.66,0.744,0.657,0.569,0.615"
,cf137ac677,2026-07-28T05:35:30,,test_wallet_receive_first_open_loading_time[wallet_load_alex_user],passed,0.952,0.952,0.952,1,0.952
,cf137ac677,2026-07-28T05:35:30,,test_wallet_receive_loading_time[wallet_load_alex_user],passed,0.323,0.346,0.337,5,"0.332,0.341,0.346,0.341,0.323"
,cf137ac677,2026-07-28T05:35:30,,test_wallet_collectibles_tab_first_open_loading_time[fresh_user],passed,17.456,17.456,17.456,1,17.456
,cf137ac677,2026-07-28T05:35:30,,test_wallet_collectibles_tab_loading_time[fresh_user],passed,0.144,0.192,0.164,5,"0.165,0.148,0.172,0.192,0.144"
,cf137ac677,2026-07-28T05:35:30,,test_wallet_send_first_open_loading_time[fresh_user],passed,0.718,0.718,0.718,1,0.718
,cf137ac677,2026-07-28T05:35:30,,test_wallet_send_loading_time[fresh_user],passed,0.392,0.412,0.404,5,"0.412,0.392,0.411,0.398,0.406"
,cf137ac677,2026-07-28T05:35:30,,test_wallet_receive_first_open_loading_time[wallet_load_user],passed,0.514,0.514,0.514,1,0.514
,cf137ac677,2026-07-28T05:35:30,,test_wallet_receive_loading_time[wallet_load_user],passed,0.281,0.333,0.309,5,"0.281,0.282,0.333,0.32,0.328"
,cf137ac677,2026-07-28T05:35:30,,test_wallet_account_open_loading_time[fresh_user],passed,0.176,0.176,0.176,1,0.176
,cf137ac677,2026-07-28T05:35:30,,test_wallet_send_first_open_loading_time[wallet_load_alex_user],passed,1.415,1.415,1.415,1,1.415
,cf137ac677,2026-07-28T05:35:30,,test_wallet_send_loading_time[wallet_load_alex_user],passed,0.469,0.626,0.563,5,"0.572,0.573,0.572,0.626,0.469"
,cf137ac677,2026-07-28T05:35:30,,test_status_community_second_open_loading_time[user_data0-user_account0],passed,2.063,2.181,2.13,5,"2.063,2.089,2.16,2.158,2.181"
,cf137ac677,2026-07-28T05:35:30,,test_wallet_assets_tab_loading_time[wallet_load_user],passed,0.864,1.644,1.096,5,"1.644,1.01,0.864,0.972,0.991"
,cf137ac677,2026-07-28T05:35:30,,test_status_community_first_open_loading_time[user_data0-user_account0],passed,3.251,3.251,3.251,1,3.251
,cf137ac677,2026-07-28T05:35:30,,test_wallet_repeat_open_loading_time[fresh_user],passed,0.396,0.501,0.437,5,"0.501,0.396,0.467,0.413,0.41"
,cf137ac677,2026-07-28T05:35:30,,test_wallet_assets_tab_loading_time[fresh_user],passed,0.346,0.376,0.358,5,"0.346,0.353,0.361,0.376,0.353"
,cf137ac677,2026-07-28T05:35:30,,test_wallet_receive_first_open_loading_time[fresh_user],passed,0.423,0.423,0.423,1,0.423
,cf137ac677,2026-07-28T05:35:30,,test_wallet_receive_loading_time[fresh_user],passed,0.299,0.328,0.311,5,"0.313,0.328,0.307,0.308,0.299"
,cf137ac677,2026-07-28T05:35:30,,test_wallet_add_account_first_open_loading_time[fresh_user],passed,0.655,0.655,0.655,1,0.655
,cf137ac677,2026-07-28T05:35:30,,test_wallet_add_account_loading_time[fresh_user],passed,0.45,0.492,0.47,5,"0.469,0.462,0.476,0.45,0.492"
,cf137ac677,2026-07-28T05:35:30,,test_wallet_activity_tab_first_open_loading_time[wallet_load_alex_user],passed,0.597,0.597,0.597,1,0.597
,cf137ac677,2026-07-28T05:35:30,,test_wallet_activity_tab_loading_time[wallet_load_alex_user],passed,0.614,0.682,0.638,5,"0.636,0.614,0.614,0.645,0.682"
,cf137ac677,2026-07-28T05:35:30,,test_wallet_repeat_open_loading_time[wallet_load_alex_user],passed,0.544,0.66,0.61,5,"0.544,0.576,0.654,0.616,0.66"
,cf137ac677,2026-07-28T05:35:30,,test_wallet_add_account_first_open_loading_time[wallet_load_alex_user],passed,0.614,0.614,0.614,1,0.614
,cf137ac677,2026-07-28T05:35:30,,test_wallet_add_account_loading_time[wallet_load_alex_user],passed,0.371,0.498,0.451,5,"0.498,0.476,0.471,0.371,0.44"
,cf137ac677,2026-07-28T05:35:30,,test_wallet_account_open_loading_time[wallet_load_user],passed,0.416,0.416,0.416,1,0.416
,cf137ac677,2026-07-28T05:35:30,,test_wallet_swap_first_open_loading_time[wallet_load_alex_user],passed,1.249,1.249,1.249,1,1.249
,cf137ac677,2026-07-28T05:35:30,,test_wallet_swap_loading_time[wallet_load_alex_user],passed,0.475,0.531,0.497,5,"0.492,0.498,0.531,0.49,0.475"
,cf137ac677,2026-07-28T05:35:30,,test_wallet_collectibles_tab_first_open_loading_time[wallet_load_user],passed,41.414,41.414,41.414,1,41.414
,cf137ac677,2026-07-28T05:35:30,,test_wallet_collectibles_tab_loading_time[wallet_load_user],passed,1.683,3.726,2.45,5,"1.723,3.726,3.131,1.986,1.683"
,cf137ac677,2026-07-28T05:35:30,,test_wallet_swap_first_open_loading_time[fresh_user],passed,1.359,1.359,1.359,1,1.359
,cf137ac677,2026-07-28T05:35:30,,test_wallet_swap_loading_time[fresh_user],passed,0.377,0.404,0.389,5,"0.392,0.384,0.386,0.377,0.404"
,cf137ac677,2026-07-28T05:35:30,,test_wallet_activity_tab_first_open_loading_time[fresh_user],passed,0.21,0.21,0.21,1,0.21
,cf137ac677,2026-07-28T05:35:30,,test_wallet_activity_tab_loading_time[fresh_user],passed,0.192,0.236,0.213,5,"0.218,0.194,0.192,0.226,0.236"
,cf137ac677,2026-07-28T05:35:30,,test_wallet_repeat_open_loading_time[wallet_load_user],passed,0.496,0.6,0.556,5,"0.496,0.504,0.598,0.6,0.584"
,cf137ac677,2026-07-28T05:35:30,,test_wallet_first_open_loading_time[fresh_user],passed,0.398,0.398,0.398,1,0.398
,cf137ac677,2026-07-28T05:35:30,,test_wallet_assets_tab_loading_time[wallet_load_alex_user],passed,1.023,1.516,1.268,5,"1.516,1.023,1.444,1.195,1.163"
,cf137ac677,2026-07-28T05:35:30,,test_wallet_activity_tab_first_open_loading_time[wallet_load_user],passed,0.682,0.682,0.682,1,0.682
,cf137ac677,2026-07-28T05:35:30,,test_wallet_activity_tab_loading_time[wallet_load_user],passed,0.593,0.658,0.631,5,"0.658,0.593,0.645,0.615,0.645"
,cf137ac677,2026-07-28T05:35:30,,test_wallet_first_open_loading_time[wallet_load_user],passed,0.307,0.307,0.307,1,0.307
,cf137ac677,2026-07-28T05:35:30,,test_wallet_account_open_loading_time[wallet_load_alex_user],passed,0.437,0.437,0.437,1,0.437
,cf137ac677,2026-07-28T05:35:30,,test_wallet_send_first_open_loading_time[wallet_load_user],passed,1.821,1.821,1.821,1,1.821
,cf137ac677,2026-07-28T05:35:30,,test_wallet_send_loading_time[wallet_load_user],passed,0.533,0.596,0.558,5,"0.596,0.556,0.547,0.557,0.533"
,cf137ac677,2026-07-28T05:35:30,,test_wallet_add_account_first_open_loading_time[wallet_load_user],passed,0.577,0.577,0.577,1,0.577
,cf137ac677,2026-07-28T05:35:30,,test_wallet_add_account_loading_time[wallet_load_user],passed,0.475,0.511,0.486,5,"0.481,0.477,0.487,0.511,0.475"
,cf137ac677,2026-07-28T05:35:30,,test_wallet_first_open_loading_time[wallet_load_alex_user],passed,0.218,0.218,0.218,1,0.218
,cf137ac677,2026-07-28T05:35:30,,test_wallet_swap_first_open_loading_time[wallet_load_user],passed,1.43,1.43,1.43,1,1.43
,cf137ac677,2026-07-28T05:35:30,,test_wallet_swap_loading_time[wallet_load_user],passed,0.448,0.57,0.475,5,"0.453,0.454,0.57,0.448,0.451"
,8b23a3fe3d,2026-07-29T04:47:11,,test_wallet_repeat_open_loading_time[wallet_load_alex_user],passed,0.565,0.643,0.597,5,"0.565,0.643,0.586,0.603,0.588"
,8b23a3fe3d,2026-07-29T04:47:11,,test_wallet_receive_first_open_loading_time[wallet_load_alex_user],passed,0.622,0.622,0.622,1,0.622
,8b23a3fe3d,2026-07-29T04:47:11,,test_wallet_receive_loading_time[wallet_load_alex_user],passed,0.328,0.402,0.356,5,"0.328,0.358,0.402,0.338,0.354"
,8b23a3fe3d,2026-07-29T04:47:11,,test_status_community_first_open_loading_time[user_data0-user_account0],passed,3.531,3.531,3.531,1,3.531
,8b23a3fe3d,2026-07-29T04:47:11,,test_wallet_send_first_open_loading_time[wallet_load_alex_user],passed,1.617,1.617,1.617,1,1.617
,8b23a3fe3d,2026-07-29T04:47:11,,test_wallet_send_loading_time[wallet_load_alex_user],passed,0.518,0.585,0.546,5,"0.518,0.577,0.585,0.521,0.531"
,8b23a3fe3d,2026-07-29T04:47:11,,test_wallet_assets_tab_loading_time[wallet_load_user],passed,0.888,1.716,1.113,5,"1.716,0.966,1.064,0.93,0.888"
,8b23a3fe3d,2026-07-29T04:47:11,,test_wallet_add_account_first_open_loading_time[fresh_user],passed,0.666,0.666,0.666,1,0.666
,8b23a3fe3d,2026-07-29T04:47:11,,test_wallet_add_account_loading_time[fresh_user],passed,0.464,0.493,0.473,5,"0.466,0.475,0.464,0.493,0.467"
,8b23a3fe3d,2026-07-29T04:47:11,,test_wallet_account_open_loading_time[fresh_user],passed,0.168,0.168,0.168,1,0.168
,8b23a3fe3d,2026-07-29T04:47:11,,test_wallet_first_open_loading_time[fresh_user],passed,0.431,0.431,0.431,1,0.431
,8b23a3fe3d,2026-07-29T04:47:11,,test_wallet_repeat_open_loading_time[wallet_load_user],passed,0.542,0.668,0.592,5,"0.542,0.582,0.668,0.585,0.581"
,8b23a3fe3d,2026-07-29T04:47:11,,test_wallet_swap_first_open_loading_time[fresh_user],passed,1.442,1.442,1.442,1,1.442
,8b23a3fe3d,2026-07-29T04:47:11,,test_wallet_swap_loading_time[fresh_user],passed,0.36,1.08,0.517,5,"0.395,0.36,1.08,0.373,0.377"
,8b23a3fe3d,2026-07-29T04:47:11,,test_wallet_send_first_open_loading_time[fresh_user],passed,1.157,1.157,1.157,1,1.157
,8b23a3fe3d,2026-07-29T04:47:11,,test_wallet_send_loading_time[fresh_user],passed,0.355,1.082,0.51,5,"0.381,0.366,1.082,0.355,0.367"
,8b23a3fe3d,2026-07-29T04:47:11,,test_wallet_activity_tab_first_open_loading_time[fresh_user],passed,0.23,0.23,0.23,1,0.23
,8b23a3fe3d,2026-07-29T04:47:11,,test_wallet_activity_tab_loading_time[fresh_user],passed,0.192,0.238,0.205,5,"0.193,0.192,0.195,0.238,0.206"
,8b23a3fe3d,2026-07-29T04:47:11,,test_wallet_activity_tab_first_open_loading_time[wallet_load_alex_user],passed,0.647,0.647,0.647,1,0.647
,8b23a3fe3d,2026-07-29T04:47:11,,test_wallet_activity_tab_loading_time[wallet_load_alex_user],passed,0.593,0.607,0.599,5,"0.607,0.595,0.598,0.603,0.593"
,8b23a3fe3d,2026-07-29T04:47:11,,test_wallet_first_open_loading_time[wallet_load_alex_user],passed,0.27,0.27,0.27,1,0.27
,8b23a3fe3d,2026-07-29T04:47:11,,test_wallet_add_account_first_open_loading_time[wallet_load_alex_user],passed,0.672,0.672,0.672,1,0.672
,8b23a3fe3d,2026-07-29T04:47:11,,test_wallet_add_account_loading_time[wallet_load_alex_user],passed,0.456,0.508,0.486,5,"0.49,0.487,0.491,0.508,0.456"
,8b23a3fe3d,2026-07-29T04:47:11,,test_wallet_account_open_loading_time[wallet_load_user],passed,0.44,0.44,0.44,1,0.44
,8b23a3fe3d,2026-07-29T04:47:11,,test_wallet_collectibles_tab_first_open_loading_time[fresh_user],passed,16.435,16.435,16.435,1,16.435
,8b23a3fe3d,2026-07-29T04:47:11,,test_wallet_collectibles_tab_loading_time[fresh_user],passed,0.146,0.198,0.178,5,"0.158,0.198,0.146,0.197,0.19"
,8b23a3fe3d,2026-07-29T04:47:11,,test_wallet_swap_first_open_loading_time[wallet_load_user],passed,0.794,0.794,0.794,1,0.794
,8b23a3fe3d,2026-07-29T04:47:11,,test_wallet_swap_loading_time[wallet_load_user],passed,0.404,0.452,0.424,5,"0.404,0.414,0.423,0.452,0.426"
,8b23a3fe3d,2026-07-29T04:47:11,,test_wallet_account_open_loading_time[wallet_load_alex_user],passed,0.442,0.442,0.442,1,0.442
,8b23a3fe3d,2026-07-29T04:47:11,,test_wallet_receive_first_open_loading_time[fresh_user],passed,0.477,0.477,0.477,1,0.477
,8b23a3fe3d,2026-07-29T04:47:11,,test_wallet_receive_loading_time[fresh_user],passed,0.303,0.331,0.317,5,"0.331,0.303,0.319,0.318,0.314"
,8b23a3fe3d,2026-07-29T04:47:11,,test_wallet_repeat_open_loading_time[fresh_user],passed,0.402,0.463,0.433,5,"0.433,0.402,0.439,0.426,0.463"
,8b23a3fe3d,2026-07-29T04:47:11,,test_wallet_first_open_loading_time[wallet_load_user],passed,0.344,0.344,0.344,1,0.344
,8b23a3fe3d,2026-07-29T04:47:11,,test_wallet_assets_tab_loading_time[fresh_user],passed,0.348,0.364,0.357,5,"0.362,0.35,0.363,0.364,0.348"
,8b23a3fe3d,2026-07-29T04:47:11,,test_wallet_collectibles_tab_first_open_loading_time[wallet_load_alex_user],passed,56.774,56.774,56.774,1,56.774
,8b23a3fe3d,2026-07-29T04:47:11,,test_wallet_collectibles_tab_loading_time[wallet_load_alex_user],passed,8.055,23.312,16.857,5,"8.055,11.827,23.312,19.934,21.159"
,8b23a3fe3d,2026-07-29T04:47:11,,test_wallet_add_account_first_open_loading_time[wallet_load_user],passed,0.626,0.626,0.626,1,0.626
,8b23a3fe3d,2026-07-29T04:47:11,,test_wallet_add_account_loading_time[wallet_load_user],passed,0.482,0.549,0.498,5,"0.484,0.482,0.549,0.491,0.486"
,8b23a3fe3d,2026-07-29T04:47:11,,test_wallet_send_first_open_loading_time[wallet_load_user],passed,1.269,1.269,1.269,1,1.269
,8b23a3fe3d,2026-07-29T04:47:11,,test_wallet_send_loading_time[wallet_load_user],passed,0.506,0.584,0.538,5,"0.512,0.584,0.565,0.506,0.521"
,8b23a3fe3d,2026-07-29T04:47:11,,test_wallet_assets_tab_loading_time[wallet_load_alex_user],passed,1.0,1.734,1.234,5,"1.734,1.028,1.0,1.033,1.373"
,8b23a3fe3d,2026-07-29T04:47:11,,test_wallet_swap_first_open_loading_time[wallet_load_alex_user],passed,0.729,0.729,0.729,1,0.729
,8b23a3fe3d,2026-07-29T04:47:11,,test_wallet_swap_loading_time[wallet_load_alex_user],passed,0.407,0.422,0.414,5,"0.422,0.413,0.412,0.415,0.407"
,8b23a3fe3d,2026-07-29T04:47:11,,test_wallet_receive_first_open_loading_time[wallet_load_user],passed,0.489,0.489,0.489,1,0.489
,8b23a3fe3d,2026-07-29T04:47:11,,test_wallet_receive_loading_time[wallet_load_user],passed,0.285,0.323,0.304,5,"0.308,0.285,0.286,0.317,0.323"
,8b23a3fe3d,2026-07-29T04:47:11,,test_wallet_collectibles_tab_first_open_loading_time[wallet_load_user],passed,40.209,40.209,40.209,1,40.209
,8b23a3fe3d,2026-07-29T04:47:11,,test_wallet_collectibles_tab_loading_time[wallet_load_user],passed,1.558,3.099,1.963,5,"1.558,1.58,1.803,3.099,1.773"
,8b23a3fe3d,2026-07-29T04:47:11,,test_wallet_activity_tab_first_open_loading_time[wallet_load_user],passed,0.616,0.616,0.616,1,0.616
,8b23a3fe3d,2026-07-29T04:47:11,,test_wallet_activity_tab_loading_time[wallet_load_user],passed,0.588,0.764,0.667,5,"0.648,0.678,0.764,0.588,0.659"
,8b23a3fe3d,2026-07-29T04:47:11,,test_status_community_second_open_loading_time[user_data0-user_account0],passed,2.082,2.18,2.13,5,"2.083,2.082,2.18,2.144,2.16"
,8762ea257f,2026-07-29T08:45:47,,test_wallet_collectibles_tab_first_open_loading_time[fresh_user],passed,16.618,16.618,16.618,1,16.618
,8762ea257f,2026-07-29T08:45:47,,test_wallet_collectibles_tab_loading_time[fresh_user],passed,0.156,0.199,0.173,5,"0.177,0.174,0.199,0.156,0.159"
,8762ea257f,2026-07-29T08:45:47,,test_wallet_account_open_loading_time[wallet_load_user],passed,0.435,0.435,0.435,1,0.435
,8762ea257f,2026-07-29T08:45:47,,test_wallet_swap_first_open_loading_time[fresh_user],passed,1.326,1.326,1.326,1,1.326
,8762ea257f,2026-07-29T08:45:47,,test_wallet_swap_loading_time[fresh_user],passed,0.362,0.393,0.376,5,"0.375,0.393,0.374,0.376,0.362"
,8762ea257f,2026-07-29T08:45:47,,test_wallet_assets_tab_first_open_loading_time[fresh_user],passed,15.516,15.516,15.516,1,15.516
,8762ea257f,2026-07-29T08:45:47,,test_wallet_assets_tab_loading_time[fresh_user],passed,0.282,0.357,0.34,5,"0.357,0.355,0.357,0.348,0.282"
,8762ea257f,2026-07-29T08:45:47,,test_wallet_collectibles_tab_first_open_loading_time[wallet_load_alex_user],passed,49.575,49.575,49.575,1,49.575
,8762ea257f,2026-07-29T08:45:47,,test_wallet_collectibles_tab_loading_time[wallet_load_alex_user],passed,4.891,43.735,19.21,5,"18.653,13.674,4.891,15.1,43.735"
,8762ea257f,2026-07-29T08:45:47,,test_wallet_swap_first_open_loading_time[wallet_load_user],passed,1.304,1.304,1.304,1,1.304
,8762ea257f,2026-07-29T08:45:47,,test_wallet_swap_loading_time[wallet_load_user],passed,0.396,0.445,0.416,5,"0.402,0.396,0.445,0.4,0.435"
,8762ea257f,2026-07-29T08:45:47,,test_wallet_first_open_loading_time[fresh_user],passed,0.502,0.502,0.502,1,0.502
,8762ea257f,2026-07-29T08:45:47,,test_wallet_send_first_open_loading_time[wallet_load_alex_user],passed,1.732,1.732,1.732,1,1.732
,8762ea257f,2026-07-29T08:45:47,,test_wallet_send_loading_time[wallet_load_alex_user],passed,0.462,0.546,0.5,5,"0.47,0.462,0.478,0.546,0.545"
,8762ea257f,2026-07-29T08:45:47,,test_wallet_add_account_first_open_loading_time[fresh_user],passed,1.236,1.236,1.236,1,1.236
,8762ea257f,2026-07-29T08:45:47,,test_wallet_add_account_loading_time[fresh_user],passed,0.455,1.154,0.605,5,"0.475,0.455,0.468,1.154,0.474"
,8762ea257f,2026-07-29T08:45:47,,test_wallet_add_account_first_open_loading_time[wallet_load_user],passed,0.564,0.564,0.564,1,0.564
,8762ea257f,2026-07-29T08:45:47,,test_wallet_add_account_loading_time[wallet_load_user],passed,0.478,0.524,0.49,5,"0.478,0.483,0.486,0.524,0.478"
,8762ea257f,2026-07-29T08:45:47,,test_wallet_account_open_loading_time[fresh_user],passed,0.162,0.162,0.162,1,0.162
,8762ea257f,2026-07-29T08:45:47,,test_status_community_second_open_loading_time[user_data0-user_account0],passed,2.087,2.24,2.119,5,"2.24,2.087,2.087,2.09,2.094"
,8762ea257f,2026-07-29T08:45:47,,test_wallet_repeat_open_loading_time[wallet_load_alex_user],passed,0.543,0.629,0.571,5,"0.552,0.579,0.543,0.55,0.629"
,8762ea257f,2026-07-29T08:45:47,,test_wallet_collectibles_tab_first_open_loading_time[wallet_load_user],passed,40.635,40.635,40.635,1,40.635
,8762ea257f,2026-07-29T08:45:47,,test_wallet_collectibles_tab_loading_time[wallet_load_user],passed,1.443,3.375,1.937,5,"1.667,3.375,1.443,1.756,1.445"
,8762ea257f,2026-07-29T08:45:47,,test_wallet_receive_first_open_loading_time[wallet_load_alex_user],passed,0.969,0.969,0.969,1,0.969
,8762ea257f,2026-07-29T08:45:47,,test_wallet_receive_loading_time[wallet_load_alex_user],passed,0.327,0.374,0.342,5,"0.33,0.327,0.334,0.345,0.374"
,8762ea257f,2026-07-29T08:45:47,,test_wallet_swap_first_open_loading_time[wallet_load_alex_user],passed,1.275,1.275,1.275,1,1.275
,8762ea257f,2026-07-29T08:45:47,,test_wallet_swap_loading_time[wallet_load_alex_user],passed,0.413,0.466,0.433,5,"0.423,0.414,0.466,0.449,0.413"
,8762ea257f,2026-07-29T08:45:47,,test_wallet_first_open_loading_time[wallet_load_alex_user],passed,0.351,0.351,0.351,1,0.351
,8762ea257f,2026-07-29T08:45:47,,test_wallet_activity_tab_first_open_loading_time[wallet_load_user],passed,0.667,0.667,0.667,1,0.667
,8762ea257f,2026-07-29T08:45:47,,test_wallet_activity_tab_loading_time[wallet_load_user],passed,0.61,0.86,0.708,5,"0.639,0.659,0.77,0.61,0.86"
,8762ea257f,2026-07-29T08:45:47,,test_wallet_assets_tab_first_open_loading_time[wallet_load_user],passed,22.868,22.868,22.868,1,22.868
,8762ea257f,2026-07-29T08:45:47,,test_wallet_assets_tab_loading_time[wallet_load_user],passed,0.945,1.499,1.16,5,"1.499,1.067,0.945,1.006,1.285"
,8762ea257f,2026-07-29T08:45:47,,test_wallet_activity_tab_first_open_loading_time[wallet_load_alex_user],passed,0.646,0.646,0.646,1,0.646
,8762ea257f,2026-07-29T08:45:47,,test_wallet_activity_tab_loading_time[wallet_load_alex_user],passed,0.602,0.66,0.635,5,"0.649,0.609,0.655,0.602,0.66"
,8762ea257f,2026-07-29T08:45:47,,test_wallet_send_first_open_loading_time[wallet_load_user],passed,1.203,1.203,1.203,1,1.203
,8762ea257f,2026-07-29T08:45:47,,test_wallet_send_loading_time[wallet_load_user],passed,0.494,0.999,0.617,5,"0.999,0.52,0.547,0.526,0.494"
,8762ea257f,2026-07-29T08:45:47,,test_wallet_receive_first_open_loading_time[fresh_user],passed,0.5,0.5,0.5,1,0.5
,8762ea257f,2026-07-29T08:45:47,,test_wallet_receive_loading_time[fresh_user],passed,0.3,0.322,0.314,5,"0.322,0.315,0.31,0.32,0.3"
,8762ea257f,2026-07-29T08:45:47,,test_wallet_assets_tab_first_open_loading_time[wallet_load_alex_user],passed,0.808,0.808,0.808,1,0.808
,8762ea257f,2026-07-29T08:45:47,,test_wallet_assets_tab_loading_time[wallet_load_alex_user],passed,1.218,1.796,1.374,5,"1.796,1.218,1.32,1.224,1.312"
,8762ea257f,2026-07-29T08:45:47,,test_wallet_first_open_loading_time[wallet_load_user],passed,0.515,0.515,0.515,1,0.515
,8762ea257f,2026-07-29T08:45:47,,test_wallet_repeat_open_loading_time[fresh_user],passed,0.412,0.469,0.438,5,"0.441,0.444,0.425,0.412,0.469"
,8762ea257f,2026-07-29T08:45:47,,test_wallet_account_open_loading_time[wallet_load_alex_user],passed,0.45,0.45,0.45,1,0.45
,8762ea257f,2026-07-29T08:45:47,,test_wallet_receive_first_open_loading_time[wallet_load_user],passed,0.991,0.991,0.991,1,0.991
,8762ea257f,2026-07-29T08:45:47,,test_wallet_receive_loading_time[wallet_load_user],passed,0.278,0.343,0.313,5,"0.296,0.278,0.343,0.321,0.325"
,8762ea257f,2026-07-29T08:45:47,,test_status_community_first_open_loading_time[user_data0-user_account0],passed,2.298,2.298,2.298,1,2.298
,8762ea257f,2026-07-29T08:45:47,,test_wallet_send_first_open_loading_time[fresh_user],passed,1.101,1.101,1.101,1,1.101
,8762ea257f,2026-07-29T08:45:47,,test_wallet_send_loading_time[fresh_user],passed,0.365,0.379,0.372,5,"0.375,0.372,0.379,0.367,0.365"
,8762ea257f,2026-07-29T08:45:47,,test_wallet_repeat_open_loading_time[wallet_load_user],passed,0.575,0.646,0.617,5,"0.575,0.636,0.645,0.646,0.582"
,8762ea257f,2026-07-29T08:45:47,,test_wallet_add_account_first_open_loading_time[wallet_load_alex_user],passed,0.523,0.523,0.523,1,0.523
,8762ea257f,2026-07-29T08:45:47,,test_wallet_add_account_loading_time[wallet_load_alex_user],passed,0.487,0.577,0.507,5,"0.577,0.491,0.492,0.487,0.489"
,8762ea257f,2026-07-29T08:45:47,,test_wallet_activity_tab_first_open_loading_time[fresh_user],passed,0.224,0.224,0.224,1,0.224
,8762ea257f,2026-07-29T08:45:47,,test_wallet_activity_tab_loading_time[fresh_user],passed,0.189,0.503,0.276,5,"0.222,0.503,0.232,0.189,0.235"
,8762ea257f,2026-07-29T09:58:07,,test_wallet_swap_first_open_loading_time[wallet_load_user],passed,1.262,1.262,1.262,1,1.262
,8762ea257f,2026-07-29T09:58:07,,test_wallet_swap_loading_time[wallet_load_user],passed,0.409,0.445,0.42,5,"0.416,0.42,0.409,0.445,0.412"
,8762ea257f,2026-07-29T09:58:07,,test_wallet_collectibles_tab_first_open_loading_time[fresh_user],passed,16.655,16.655,16.655,1,16.655
,8762ea257f,2026-07-29T09:58:07,,test_wallet_collectibles_tab_loading_time[fresh_user],passed,0.146,0.194,0.168,5,"0.154,0.146,0.16,0.184,0.194"
,8762ea257f,2026-07-29T09:58:07,,test_wallet_assets_tab_first_open_loading_time[fresh_user],passed,12.863,12.863,12.863,1,12.863
,8762ea257f,2026-07-29T09:58:07,,test_wallet_assets_tab_loading_time[fresh_user],passed,0.268,0.374,0.324,5,"0.342,0.374,0.344,0.29,0.268"
,8762ea257f,2026-07-29T09:58:07,,test_wallet_receive_first_open_loading_time[fresh_user],passed,0.423,0.423,0.423,1,0.423
,8762ea257f,2026-07-29T09:58:07,,test_wallet_receive_loading_time[fresh_user],passed,0.285,0.567,0.355,5,"0.323,0.304,0.567,0.295,0.285"
,8762ea257f,2026-07-29T09:58:07,,test_wallet_receive_first_open_loading_time[wallet_load_user],passed,0.543,0.543,0.543,1,0.543
,8762ea257f,2026-07-29T09:58:07,,test_wallet_receive_loading_time[wallet_load_user],passed,0.278,0.377,0.327,5,"0.289,0.278,0.334,0.359,0.377"
,8762ea257f,2026-07-29T09:58:07,,test_wallet_receive_first_open_loading_time[wallet_load_alex_user],passed,0.558,0.558,0.558,1,0.558
,8762ea257f,2026-07-29T09:58:07,,test_wallet_receive_loading_time[wallet_load_alex_user],passed,0.36,0.37,0.365,5,"0.36,0.36,0.368,0.37,0.369"
,8762ea257f,2026-07-29T09:58:07,,test_wallet_account_open_loading_time[wallet_load_user],passed,0.409,0.409,0.409,1,0.409
,8762ea257f,2026-07-29T09:58:07,,test_wallet_first_open_loading_time[fresh_user],passed,0.399,0.399,0.399,1,0.399
,8762ea257f,2026-07-29T09:58:07,,test_wallet_account_open_loading_time[wallet_load_alex_user],passed,0.429,0.429,0.429,1,0.429
,8762ea257f,2026-07-29T09:58:07,,test_wallet_repeat_open_loading_time[wallet_load_alex_user],passed,0.503,0.655,0.589,5,"0.568,0.625,0.595,0.503,0.655"
,8762ea257f,2026-07-29T09:58:07,,test_wallet_activity_tab_first_open_loading_time[wallet_load_alex_user],passed,0.667,0.667,0.667,1,0.667
,8762ea257f,2026-07-29T09:58:07,,test_wallet_activity_tab_loading_time[wallet_load_alex_user],passed,0.603,0.682,0.638,5,"0.616,0.603,0.682,0.605,0.682"
,8762ea257f,2026-07-29T09:58:07,,test_wallet_activity_tab_first_open_loading_time[wallet_load_user],passed,0.648,0.648,0.648,1,0.648
,8762ea257f,2026-07-29T09:58:07,,test_wallet_activity_tab_loading_time[wallet_load_user],passed,0.599,0.861,0.714,5,"0.65,0.599,0.779,0.682,0.861"
,8762ea257f,2026-07-29T09:58:07,,test_status_community_second_open_loading_time[user_data0-user_account0],passed,2.114,2.154,2.138,5,"2.14,2.114,2.15,2.131,2.154"
,8762ea257f,2026-07-29T09:58:07,,test_wallet_add_account_first_open_loading_time[wallet_load_alex_user],passed,0.533,0.533,0.533,1,0.533
,8762ea257f,2026-07-29T09:58:07,,test_wallet_add_account_loading_time[wallet_load_alex_user],passed,0.459,0.493,0.481,5,"0.48,0.484,0.493,0.49,0.459"
,8762ea257f,2026-07-29T09:58:07,,test_wallet_swap_first_open_loading_time[fresh_user],passed,1.318,1.318,1.318,1,1.318
,8762ea257f,2026-07-29T09:58:07,,test_wallet_swap_loading_time[fresh_user],passed,0.36,0.373,0.367,5,"0.367,0.36,0.373,0.362,0.373"
,8762ea257f,2026-07-29T09:58:07,,test_wallet_send_first_open_loading_time[fresh_user],passed,1.14,1.14,1.14,1,1.14
,8762ea257f,2026-07-29T09:58:07,,test_wallet_send_loading_time[fresh_user],passed,0.353,0.384,0.365,5,"0.365,0.368,0.384,0.353,0.357"
,8762ea257f,2026-07-29T09:58:07,,test_wallet_first_open_loading_time[wallet_load_alex_user],passed,0.293,0.293,0.293,1,0.293
,8762ea257f,2026-07-29T09:58:07,,test_wallet_send_first_open_loading_time[wallet_load_user],passed,1.162,1.162,1.162,1,1.162
,8762ea257f,2026-07-29T09:58:07,,test_wallet_send_loading_time[wallet_load_user],passed,0.512,1.124,0.658,5,"1.124,0.607,0.512,0.52,0.527"
,8762ea257f,2026-07-29T09:58:07,,test_wallet_add_account_first_open_loading_time[wallet_load_user],passed,0.564,0.564,0.564,1,0.564
,8762ea257f,2026-07-29T09:58:07,,test_wallet_add_account_loading_time[wallet_load_user],passed,0.469,0.497,0.484,5,"0.476,0.497,0.481,0.497,0.469"
,8762ea257f,2026-07-29T09:58:07,,test_wallet_swap_first_open_loading_time[wallet_load_alex_user],passed,0.805,0.805,0.805,1,0.805
,8762ea257f,2026-07-29T09:58:07,,test_wallet_swap_loading_time[wallet_load_alex_user],passed,0.401,0.474,0.43,5,"0.422,0.474,0.407,0.401,0.445"
,8762ea257f,2026-07-29T09:58:07,,test_wallet_repeat_open_loading_time[wallet_load_user],passed,0.497,0.625,0.561,5,"0.555,0.535,0.625,0.497,0.591"
,8762ea257f,2026-07-29T09:58:07,,test_wallet_account_open_loading_time[fresh_user],passed,0.159,0.159,0.159,1,0.159
,8762ea257f,2026-07-29T09:58:07,,test_wallet_activity_tab_first_open_loading_time[fresh_user],passed,0.221,0.221,0.221,1,0.221
,8762ea257f,2026-07-29T09:58:07,,test_wallet_activity_tab_loading_time[fresh_user],passed,0.195,0.224,0.209,5,"0.205,0.195,0.218,0.224,0.204"
,8762ea257f,2026-07-29T09:58:07,,test_wallet_repeat_open_loading_time[fresh_user],passed,0.377,0.528,0.443,5,"0.377,0.528,0.413,0.482,0.417"
,8762ea257f,2026-07-29T09:58:07,,test_wallet_assets_tab_first_open_loading_time[wallet_load_user],passed,19.519,19.519,19.519,1,19.519
,8762ea257f,2026-07-29T09:58:07,,test_wallet_assets_tab_loading_time[wallet_load_user],passed,0.836,1.704,1.121,5,"1.704,0.836,1.054,1.066,0.944"
,8762ea257f,2026-07-29T09:58:07,,test_status_community_first_open_loading_time[user_data0-user_account0],passed,3.739,3.739,3.739,1,3.739
,8762ea257f,2026-07-29T09:58:07,,test_wallet_collectibles_tab_first_open_loading_time[wallet_load_user],passed,40.732,40.732,40.732,1,40.732
,8762ea257f,2026-07-29T09:58:07,,test_wallet_collectibles_tab_loading_time[wallet_load_user],passed,1.616,2.983,2.009,5,"1.616,2.983,1.739,1.943,1.763"
,8762ea257f,2026-07-29T09:58:07,,test_wallet_assets_tab_first_open_loading_time[wallet_load_alex_user],passed,0.614,0.614,0.614,1,0.614
,8762ea257f,2026-07-29T09:58:07,,test_wallet_assets_tab_loading_time[wallet_load_alex_user],passed,1.144,1.725,1.383,5,"1.725,1.203,1.144,1.273,1.57"
,8762ea257f,2026-07-29T09:58:07,,test_wallet_add_account_first_open_loading_time[fresh_user],passed,0.67,0.67,0.67,1,0.67
,8762ea257f,2026-07-29T09:58:07,,test_wallet_add_account_loading_time[fresh_user],passed,0.461,1.159,0.607,5,"0.467,0.461,0.465,1.159,0.483"
,8762ea257f,2026-07-29T09:58:07,,test_wallet_collectibles_tab_first_open_loading_time[wallet_load_alex_user],passed,78.429,78.429,78.429,1,78.429
,8762ea257f,2026-07-29T09:58:07,,test_wallet_collectibles_tab_loading_time[wallet_load_alex_user],passed,0.198,21.331,5.287,5,"4.492,21.331,0.208,0.198,0.207"
,8762ea257f,2026-07-29T09:58:07,,test_wallet_send_first_open_loading_time[wallet_load_alex_user],passed,1.623,1.623,1.623,1,1.623
,8762ea257f,2026-07-29T09:58:07,,test_wallet_send_loading_time[wallet_load_alex_user],passed,0.427,0.5,0.47,5,"0.499,0.485,0.5,0.437,0.427"
,8762ea257f,2026-07-29T09:58:07,,test_wallet_first_open_loading_time[wallet_load_user],passed,0.554,0.554,0.554,1,0.554
,f4cbae9d7f,2026-07-29T15:19:55,,test_wallet_activity_tab_first_open_loading_time[wallet_load_alex_user],passed,0.685,0.685,0.685,1,0.685
,f4cbae9d7f,2026-07-29T15:19:55,,test_wallet_activity_tab_loading_time[wallet_load_alex_user],passed,0.6,0.627,0.611,5,"0.611,0.605,0.6,0.614,0.627"
,f4cbae9d7f,2026-07-29T15:19:55,,test_wallet_first_open_loading_time[wallet_load_alex_user],passed,0.354,0.354,0.354,1,0.354
,f4cbae9d7f,2026-07-29T15:19:55,,test_wallet_send_first_open_loading_time[wallet_load_alex_user],passed,1.153,1.153,1.153,1,1.153
,f4cbae9d7f,2026-07-29T15:19:55,,test_wallet_send_loading_time[wallet_load_alex_user],passed,0.511,0.566,0.532,5,"0.52,0.566,0.511,0.54,0.522"
,f4cbae9d7f,2026-07-29T15:19:55,,test_wallet_collectibles_tab_first_open_loading_time[fresh_user],passed,16.59,16.59,16.59,1,16.59
,f4cbae9d7f,2026-07-29T15:19:55,,test_wallet_collectibles_tab_loading_time[fresh_user],passed,0.151,0.202,0.179,5,"0.18,0.188,0.151,0.172,0.202"
,f4cbae9d7f,2026-07-29T15:19:55,,test_wallet_collectibles_tab_first_open_loading_time[wallet_load_alex_user],passed,80.555,80.555,80.555,1,80.555
,f4cbae9d7f,2026-07-29T15:19:55,,test_wallet_collectibles_tab_loading_time[wallet_load_alex_user],passed,4.325,17.926,9.754,5,"17.926,4.325,13.584,4.836,8.102"
,f4cbae9d7f,2026-07-29T15:19:55,,test_wallet_assets_tab_first_open_loading_time[fresh_user],passed,12.866,12.866,12.866,1,12.866
,f4cbae9d7f,2026-07-29T15:19:55,,test_wallet_assets_tab_loading_time[fresh_user],passed,0.353,0.38,0.367,5,"0.362,0.373,0.369,0.353,0.38"
,f4cbae9d7f,2026-07-29T15:19:55,,test_wallet_repeat_open_loading_time[fresh_user],passed,0.402,0.456,0.432,5,"0.444,0.456,0.421,0.402,0.436"
,f4cbae9d7f,2026-07-29T15:19:55,,test_wallet_activity_tab_first_open_loading_time[fresh_user],passed,0.209,0.209,0.209,1,0.209
,f4cbae9d7f,2026-07-29T15:19:55,,test_wallet_activity_tab_loading_time[fresh_user],passed,0.22,0.23,0.224,5,"0.221,0.22,0.222,0.225,0.23"
,f4cbae9d7f,2026-07-29T15:19:55,,test_wallet_account_open_loading_time[wallet_load_user],passed,0.418,0.418,0.418,1,0.418
,f4cbae9d7f,2026-07-29T15:19:55,,test_wallet_assets_tab_first_open_loading_time[wallet_load_alex_user],passed,1.638,1.638,1.638,1,1.638
,f4cbae9d7f,2026-07-29T15:19:55,,test_wallet_assets_tab_loading_time[wallet_load_alex_user],passed,1.252,2.749,1.877,5,"1.774,2.085,1.252,1.524,2.749"
,f4cbae9d7f,2026-07-29T15:19:55,,test_status_community_second_open_loading_time[user_data0-user_account0],passed,2.087,2.201,2.138,5,"2.201,2.087,2.106,2.16,2.137"
,f4cbae9d7f,2026-07-29T15:19:55,,test_wallet_add_account_first_open_loading_time[wallet_load_alex_user],passed,0.539,0.539,0.539,1,0.539
,f4cbae9d7f,2026-07-29T15:19:55,,test_wallet_add_account_loading_time[wallet_load_alex_user],passed,0.484,0.574,0.514,5,"0.492,0.513,0.574,0.484,0.507"
,f4cbae9d7f,2026-07-29T15:19:55,,test_wallet_add_account_first_open_loading_time[wallet_load_user],passed,0.678,0.678,0.678,1,0.678
,f4cbae9d7f,2026-07-29T15:19:55,,test_wallet_add_account_loading_time[wallet_load_user],passed,0.482,0.541,0.5,5,"0.482,0.482,0.541,0.508,0.489"
,f4cbae9d7f,2026-07-29T15:19:55,,test_wallet_swap_first_open_loading_time[wallet_load_user],passed,1.183,1.183,1.183,1,1.183
,f4cbae9d7f,2026-07-29T15:19:55,,test_wallet_swap_loading_time[wallet_load_user],passed,0.404,0.438,0.417,5,"0.415,0.417,0.404,0.438,0.409"
,f4cbae9d7f,2026-07-29T15:19:55,,test_wallet_send_first_open_loading_time[fresh_user],passed,0.6,0.6,0.6,1,0.6
,f4cbae9d7f,2026-07-29T15:19:55,,test_wallet_send_loading_time[fresh_user],passed,0.373,0.388,0.377,5,"0.388,0.373,0.376,0.375,0.375"
,f4cbae9d7f,2026-07-29T15:19:55,,test_wallet_receive_first_open_loading_time[wallet_load_user],passed,0.524,0.524,0.524,1,0.524
,f4cbae9d7f,2026-07-29T15:19:55,,test_wallet_receive_loading_time[wallet_load_user],passed,0.279,0.365,0.316,5,"0.326,0.299,0.279,0.365,0.309"
,f4cbae9d7f,2026-07-29T15:19:55,,test_wallet_add_account_first_open_loading_time[fresh_user],passed,0.645,0.645,0.645,1,0.645
,f4cbae9d7f,2026-07-29T15:19:55,,test_wallet_add_account_loading_time[fresh_user],passed,0.46,0.487,0.469,5,"0.46,0.467,0.487,0.465,0.466"
,f4cbae9d7f,2026-07-29T15:19:55,,test_wallet_activity_tab_first_open_loading_time[wallet_load_user],passed,0.623,0.623,0.623,1,0.623
,f4cbae9d7f,2026-07-29T15:19:55,,test_wallet_activity_tab_loading_time[wallet_load_user],passed,0.584,0.844,0.662,5,"0.634,0.584,0.66,0.589,0.844"
,f4cbae9d7f,2026-07-29T15:19:55,,test_wallet_send_first_open_loading_time[wallet_load_user],passed,1.329,1.329,1.329,1,1.329
,f4cbae9d7f,2026-07-29T15:19:55,,test_wallet_send_loading_time[wallet_load_user],passed,0.505,1.112,0.74,5,"0.505,0.505,0.512,1.112,1.063"
,f4cbae9d7f,2026-07-29T15:19:55,,test_wallet_account_open_loading_time[wallet_load_alex_user],passed,0.397,0.397,0.397,1,0.397
,f4cbae9d7f,2026-07-29T15:19:55,,test_wallet_swap_first_open_loading_time[wallet_load_alex_user],passed,1.394,1.394,1.394,1,1.394
,f4cbae9d7f,2026-07-29T15:19:55,,test_wallet_swap_loading_time[wallet_load_alex_user],passed,0.425,0.495,0.458,5,"0.425,0.495,0.471,0.472,0.43"
,f4cbae9d7f,2026-07-29T15:19:55,,test_wallet_account_open_loading_time[fresh_user],passed,0.161,0.161,0.161,1,0.161
,f4cbae9d7f,2026-07-29T15:19:55,,test_wallet_first_open_loading_time[fresh_user],passed,0.395,0.395,0.395,1,0.395
,f4cbae9d7f,2026-07-29T15:19:55,,test_wallet_receive_first_open_loading_time[wallet_load_alex_user],passed,0.976,0.976,0.976,1,0.976
,f4cbae9d7f,2026-07-29T15:19:55,,test_wallet_receive_loading_time[wallet_load_alex_user],passed,0.336,0.367,0.35,5,"0.362,0.367,0.336,0.341,0.343"
,f4cbae9d7f,2026-07-29T15:19:55,,test_wallet_repeat_open_loading_time[wallet_load_user],passed,0.548,0.637,0.584,5,"0.569,0.548,0.637,0.588,0.576"
,f4cbae9d7f,2026-07-29T15:19:55,,test_wallet_repeat_open_loading_time[wallet_load_alex_user],passed,0.547,0.666,0.59,5,"0.585,0.594,0.558,0.547,0.666"
,f4cbae9d7f,2026-07-29T15:19:55,,test_wallet_receive_first_open_loading_time[fresh_user],passed,0.47,0.47,0.47,1,0.47
,f4cbae9d7f,2026-07-29T15:19:55,,test_wallet_receive_loading_time[fresh_user],passed,0.306,0.99,0.447,5,"0.99,0.308,0.321,0.306,0.308"
,f4cbae9d7f,2026-07-29T15:19:55,,test_wallet_first_open_loading_time[wallet_load_user],passed,0.335,0.335,0.335,1,0.335
,f4cbae9d7f,2026-07-29T15:19:55,,test_wallet_collectibles_tab_first_open_loading_time[wallet_load_user],passed,40.45,40.45,40.45,1,40.45
,f4cbae9d7f,2026-07-29T15:19:55,,test_wallet_collectibles_tab_loading_time[wallet_load_user],passed,1.316,3.395,2.251,5,"1.563,3.395,3.354,1.628,1.316"
,f4cbae9d7f,2026-07-29T15:19:55,,test_status_community_first_open_loading_time[user_data0-user_account0],passed,3.027,3.027,3.027,1,3.027
,f4cbae9d7f,2026-07-29T15:19:55,,test_wallet_swap_first_open_loading_time[fresh_user],passed,1.303,1.303,1.303,1,1.303
,f4cbae9d7f,2026-07-29T15:19:55,,test_wallet_swap_loading_time[fresh_user],passed,0.358,0.397,0.373,5,"0.369,0.397,0.358,0.363,0.377"
,f4cbae9d7f,2026-07-29T15:19:55,,test_wallet_assets_tab_first_open_loading_time[wallet_load_user],passed,24.149,24.149,24.149,1,24.149
,f4cbae9d7f,2026-07-29T15:19:55,,test_wallet_assets_tab_loading_time[wallet_load_user],passed,0.78,1.806,1.117,5,"1.806,1.079,0.78,0.859,1.058"
,cd4b4e1aa0,2026-07-30T05:40:44,,test_wallet_assets_tab_first_open_loading_time[wallet_load_alex_user],passed,1.526,1.526,1.526,1,1.526
,cd4b4e1aa0,2026-07-30T05:40:44,,test_wallet_assets_tab_loading_time[wallet_load_alex_user],passed,1.208,2.066,1.472,5,"2.066,1.223,1.571,1.29,1.208"
,cd4b4e1aa0,2026-07-30T05:40:44,,test_wallet_first_open_loading_time[wallet_load_alex_user],passed,0.155,0.155,0.155,1,0.155
,cd4b4e1aa0,2026-07-30T05:40:44,,test_wallet_repeat_open_loading_time[fresh_user],passed,0.4,0.528,0.462,5,"0.528,0.52,0.453,0.406,0.4"
,cd4b4e1aa0,2026-07-30T05:40:44,,test_wallet_first_open_loading_time[wallet_load_user],passed,0.215,0.215,0.215,1,0.215
,cd4b4e1aa0,2026-07-30T05:40:44,,test_wallet_swap_first_open_loading_time[wallet_load_alex_user],passed,0.721,0.721,0.721,1,0.721
,cd4b4e1aa0,2026-07-30T05:40:44,,test_wallet_swap_loading_time[wallet_load_alex_user],passed,0.414,0.489,0.445,5,"0.445,0.489,0.442,0.437,0.414"
,cd4b4e1aa0,2026-07-30T05:40:44,,test_wallet_account_open_loading_time[wallet_load_alex_user],passed,0.485,0.485,0.485,1,0.485
,cd4b4e1aa0,2026-07-30T05:40:44,,test_wallet_receive_first_open_loading_time[wallet_load_alex_user],passed,0.595,0.595,0.595,1,0.595
,cd4b4e1aa0,2026-07-30T05:40:44,,test_wallet_receive_loading_time[wallet_load_alex_user],passed,0.336,0.377,0.355,5,"0.341,0.377,0.374,0.336,0.345"
,cd4b4e1aa0,2026-07-30T05:40:44,,test_wallet_collectibles_tab_first_open_loading_time[wallet_load_alex_user],passed,60.579,60.579,60.579,1,60.579
,cd4b4e1aa0,2026-07-30T05:40:44,,test_wallet_collectibles_tab_loading_time[wallet_load_alex_user],passed,6.58,90.584,27.102,5,"6.58,17.213,11.594,90.584,9.539"
,cd4b4e1aa0,2026-07-30T05:40:44,,test_wallet_receive_first_open_loading_time[fresh_user],passed,0.474,0.474,0.474,1,0.474
,cd4b4e1aa0,2026-07-30T05:40:44,,test_wallet_receive_loading_time[fresh_user],passed,0.306,0.991,0.447,5,"0.312,0.312,0.313,0.306,0.991"
,cd4b4e1aa0,2026-07-30T05:40:44,,test_wallet_receive_first_open_loading_time[wallet_load_user],passed,0.638,0.638,0.638,1,0.638
,cd4b4e1aa0,2026-07-30T05:40:44,,test_wallet_receive_loading_time[wallet_load_user],passed,0.282,0.356,0.315,5,"0.284,0.282,0.356,0.321,0.33"
,cd4b4e1aa0,2026-07-30T05:40:44,,test_wallet_first_open_loading_time[fresh_user],passed,0.391,0.391,0.391,1,0.391
,cd4b4e1aa0,2026-07-30T05:40:44,,test_wallet_send_first_open_loading_time[wallet_load_alex_user],passed,1.631,1.631,1.631,1,1.631
,cd4b4e1aa0,2026-07-30T05:40:44,,test_wallet_send_loading_time[wallet_load_alex_user],passed,0.477,0.565,0.52,5,"0.519,0.528,0.511,0.565,0.477"
,cd4b4e1aa0,2026-07-30T05:40:44,,test_wallet_account_open_loading_time[wallet_load_user],passed,0.436,0.436,0.436,1,0.436
,cd4b4e1aa0,2026-07-30T05:40:44,,test_status_community_second_open_loading_time[user_data0-user_account0],passed,2.112,2.212,2.163,5,"2.153,2.137,2.112,2.212,2.203"
,cd4b4e1aa0,2026-07-30T05:40:44,,test_wallet_add_account_first_open_loading_time[wallet_load_alex_user],passed,0.599,0.599,0.599,1,0.599
,cd4b4e1aa0,2026-07-30T05:40:44,,test_wallet_add_account_loading_time[wallet_load_alex_user],passed,0.494,0.62,0.541,5,"0.514,0.494,0.562,0.512,0.62"
,cd4b4e1aa0,2026-07-30T05:40:44,,test_status_community_first_open_loading_time[user_data0-user_account0],passed,3.574,3.574,3.574,1,3.574
,cd4b4e1aa0,2026-07-30T05:40:44,,test_wallet_swap_first_open_loading_time[fresh_user],passed,1.315,1.315,1.315,1,1.315
,cd4b4e1aa0,2026-07-30T05:40:44,,test_wallet_swap_loading_time[fresh_user],passed,0.367,0.713,0.444,5,"0.403,0.713,0.368,0.369,0.367"
,cd4b4e1aa0,2026-07-30T05:40:44,,test_wallet_collectibles_tab_first_open_loading_time[fresh_user],passed,16.599,16.599,16.599,1,16.599
,cd4b4e1aa0,2026-07-30T05:40:44,,test_wallet_collectibles_tab_loading_time[fresh_user],passed,0.144,0.194,0.162,5,"0.164,0.194,0.153,0.156,0.144"
,cd4b4e1aa0,2026-07-30T05:40:44,,test_wallet_assets_tab_first_open_loading_time[fresh_user],passed,14.119,14.119,14.119,1,14.119
,cd4b4e1aa0,2026-07-30T05:40:44,,test_wallet_assets_tab_loading_time[fresh_user],passed,0.29,0.407,0.341,5,"0.351,0.358,0.407,0.298,0.29"
,cd4b4e1aa0,2026-07-30T05:40:44,,test_wallet_repeat_open_loading_time[wallet_load_alex_user],passed,0.519,0.651,0.587,5,"0.519,0.651,0.58,0.594,0.591"
,cd4b4e1aa0,2026-07-30T05:40:44,,test_wallet_send_first_open_loading_time[fresh_user],passed,0.644,0.644,0.644,1,0.644
,cd4b4e1aa0,2026-07-30T05:40:44,,test_wallet_send_loading_time[fresh_user],passed,0.362,0.655,0.424,5,"0.37,0.371,0.655,0.362,0.362"
,cd4b4e1aa0,2026-07-30T05:40:44,,test_wallet_repeat_open_loading_time[wallet_load_user],passed,0.534,0.635,0.575,5,"0.534,0.571,0.635,0.564,0.572"
,cd4b4e1aa0,2026-07-30T05:40:44,,test_wallet_add_account_first_open_loading_time[wallet_load_user],passed,0.544,0.544,0.544,1,0.544
,cd4b4e1aa0,2026-07-30T05:40:44,,test_wallet_add_account_loading_time[wallet_load_user],passed,0.482,0.518,0.497,5,"0.488,0.484,0.513,0.518,0.482"
,cd4b4e1aa0,2026-07-30T05:40:44,,test_wallet_collectibles_tab_first_open_loading_time[wallet_load_user],passed,40.546,40.546,40.546,1,40.546
,cd4b4e1aa0,2026-07-30T05:40:44,,test_wallet_collectibles_tab_loading_time[wallet_load_user],passed,1.313,3.075,1.905,5,"1.632,3.075,1.313,1.575,1.929"
,cd4b4e1aa0,2026-07-30T05:40:44,,test_wallet_assets_tab_first_open_loading_time[wallet_load_user],passed,22.402,22.402,22.402,1,22.402
,cd4b4e1aa0,2026-07-30T05:40:44,,test_wallet_assets_tab_loading_time[wallet_load_user],passed,0.884,1.794,1.126,5,"1.794,0.884,1.037,0.936,0.977"
,cd4b4e1aa0,2026-07-30T05:40:44,,test_wallet_activity_tab_first_open_loading_time[wallet_load_user],passed,0.694,0.694,0.694,1,0.694
,cd4b4e1aa0,2026-07-30T05:40:44,,test_wallet_activity_tab_loading_time[wallet_load_user],passed,0.612,0.696,0.655,5,"0.652,0.696,0.66,0.612,0.656"
,cd4b4e1aa0,2026-07-30T05:40:44,,test_wallet_add_account_first_open_loading_time[fresh_user],passed,0.572,0.572,0.572,1,0.572
,cd4b4e1aa0,2026-07-30T05:40:44,,test_wallet_add_account_loading_time[fresh_user],passed,0.458,0.529,0.481,5,"0.47,0.474,0.529,0.458,0.473"
,cd4b4e1aa0,2026-07-30T05:40:44,,test_wallet_activity_tab_first_open_loading_time[wallet_load_alex_user],passed,0.71,0.71,0.71,1,0.71
,cd4b4e1aa0,2026-07-30T05:40:44,,test_wallet_activity_tab_loading_time[wallet_load_alex_user],passed,0.59,0.663,0.642,5,"0.663,0.59,0.649,0.646,0.663"
,cd4b4e1aa0,2026-07-30T05:40:44,,test_wallet_send_first_open_loading_time[wallet_load_user],passed,1.61,1.61,1.61,1,1.61
,cd4b4e1aa0,2026-07-30T05:40:44,,test_wallet_send_loading_time[wallet_load_user],passed,0.504,1.057,0.641,5,"0.61,0.511,1.057,0.524,0.504"
,cd4b4e1aa0,2026-07-30T05:40:44,,test_wallet_swap_first_open_loading_time[wallet_load_user],passed,0.758,0.758,0.758,1,0.758
,cd4b4e1aa0,2026-07-30T05:40:44,,test_wallet_swap_loading_time[wallet_load_user],passed,0.43,0.498,0.453,5,"0.435,0.498,0.43,0.433,0.469"
,cd4b4e1aa0,2026-07-30T05:40:44,,test_wallet_account_open_loading_time[fresh_user],passed,0.16,0.16,0.16,1,0.16
,cd4b4e1aa0,2026-07-30T05:40:44,,test_wallet_activity_tab_first_open_loading_time[fresh_user],passed,0.223,0.223,0.223,1,0.223
,cd4b4e1aa0,2026-07-30T05:40:44,,test_wallet_activity_tab_loading_time[fresh_user],passed,0.194,0.241,0.225,5,"0.194,0.236,0.215,0.241,0.24"
,6eedb01da6,2026-07-30T15:35:01,,test_wallet_repeat_open_loading_time[wallet_load_alex_user],passed,0.545,0.596,0.572,5,"0.558,0.583,0.596,0.576,0.545"
,6eedb01da6,2026-07-30T15:35:01,,test_wallet_send_first_open_loading_time[fresh_user],passed,1.102,1.102,1.102,1,1.102
,6eedb01da6,2026-07-30T15:35:01,,test_wallet_send_loading_time[fresh_user],passed,0.362,0.391,0.372,5,"0.381,0.365,0.391,0.363,0.362"
,6eedb01da6,2026-07-30T15:35:01,,test_wallet_activity_tab_first_open_loading_time[fresh_user],passed,0.228,0.228,0.228,1,0.228
,6eedb01da6,2026-07-30T15:35:01,,test_wallet_activity_tab_loading_time[fresh_user],passed,0.192,0.243,0.219,5,"0.219,0.243,0.221,0.219,0.192"
,6eedb01da6,2026-07-30T15:35:01,,test_wallet_first_open_loading_time[wallet_load_user],passed,0.431,0.431,0.431,1,0.431
,6eedb01da6,2026-07-30T15:35:01,,test_wallet_account_open_loading_time[fresh_user],passed,0.162,0.162,0.162,1,0.162
,6eedb01da6,2026-07-30T15:35:01,,test_wallet_account_open_loading_time[wallet_load_alex_user],passed,0.594,0.594,0.594,1,0.594
,6eedb01da6,2026-07-30T15:35:01,,test_status_community_second_open_loading_time[user_data0-user_account0],passed,2.106,2.26,2.152,5,"2.26,2.106,2.131,2.119,2.145"
,6eedb01da6,2026-07-30T15:35:01,,test_wallet_send_first_open_loading_time[wallet_load_user],passed,1.171,1.171,1.171,1,1.171
,6eedb01da6,2026-07-30T15:35:01,,test_wallet_send_loading_time[wallet_load_user],passed,0.502,0.524,0.513,5,"0.513,0.521,0.504,0.524,0.502"
,6eedb01da6,2026-07-30T15:35:01,,test_wallet_assets_tab_first_open_loading_time[fresh_user],passed,15.364,15.364,15.364,1,15.364
,6eedb01da6,2026-07-30T15:35:01,,test_wallet_assets_tab_loading_time[fresh_user],passed,0.267,0.363,0.313,5,"0.338,0.325,0.363,0.271,0.267"
,6eedb01da6,2026-07-30T15:35:01,,test_wallet_swap_first_open_loading_time[wallet_load_user],passed,0.855,0.855,0.855,1,0.855
,6eedb01da6,2026-07-30T15:35:01,,test_wallet_swap_loading_time[wallet_load_user],passed,0.397,0.442,0.418,5,"0.412,0.397,0.413,0.442,0.424"
,6eedb01da6,2026-07-30T15:35:01,,test_wallet_collectibles_tab_first_open_loading_time[wallet_load_user],passed,39.197,39.197,39.197,1,39.197
,6eedb01da6,2026-07-30T15:35:01,,test_wallet_collectibles_tab_loading_time[wallet_load_user],passed,1.379,3.196,1.965,5,"1.379,3.196,1.827,1.679,1.746"
,6eedb01da6,2026-07-30T15:35:01,,test_wallet_receive_first_open_loading_time[wallet_load_alex_user],passed,0.69,0.69,0.69,1,0.69
,6eedb01da6,2026-07-30T15:35:01,,test_wallet_receive_loading_time[wallet_load_alex_user],passed,0.331,0.35,0.338,5,"0.332,0.34,0.335,0.35,0.331"
,6eedb01da6,2026-07-30T15:35:01,,test_wallet_swap_first_open_loading_time[fresh_user],passed,1.326,1.326,1.326,1,1.326
,6eedb01da6,2026-07-30T15:35:01,,test_wallet_swap_loading_time[fresh_user],passed,0.366,1.124,0.524,5,"0.388,1.124,0.369,0.37,0.366"
,6eedb01da6,2026-07-30T15:35:01,,test_status_community_first_open_loading_time[user_data0-user_account0],passed,3.062,3.062,3.062,1,3.062
,6eedb01da6,2026-07-30T15:35:01,,test_wallet_first_open_loading_time[fresh_user],passed,0.395,0.395,0.395,1,0.395
,6eedb01da6,2026-07-30T15:35:01,,test_wallet_assets_tab_first_open_loading_time[wallet_load_alex_user],passed,0.668,0.668,0.668,1,0.668
,6eedb01da6,2026-07-30T15:35:01,,test_wallet_assets_tab_loading_time[wallet_load_alex_user],passed,1.226,1.968,1.459,5,"1.968,1.578,1.289,1.232,1.226"
,6eedb01da6,2026-07-30T15:35:01,,test_wallet_add_account_first_open_loading_time[fresh_user],passed,0.667,0.667,0.667,1,0.667
,6eedb01da6,2026-07-30T15:35:01,,test_wallet_add_account_loading_time[fresh_user],passed,0.458,0.758,0.525,5,"0.471,0.458,0.476,0.758,0.462"
,6eedb01da6,2026-07-30T15:35:01,,test_wallet_receive_first_open_loading_time[fresh_user],passed,0.476,0.476,0.476,1,0.476
,6eedb01da6,2026-07-30T15:35:01,,test_wallet_receive_loading_time[fresh_user],passed,0.298,0.343,0.312,5,"0.343,0.304,0.31,0.304,0.298"
,6eedb01da6,2026-07-30T15:35:01,,test_wallet_send_first_open_loading_time[wallet_load_alex_user],passed,1.214,1.214,1.214,1,1.214
,6eedb01da6,2026-07-30T15:35:01,,test_wallet_send_loading_time[wallet_load_alex_user],passed,0.515,0.614,0.541,5,"0.515,0.614,0.546,0.515,0.517"
,6eedb01da6,2026-07-30T15:35:01,,test_wallet_first_open_loading_time[wallet_load_alex_user],passed,0.243,0.243,0.243,1,0.243
,6eedb01da6,2026-07-30T15:35:01,,test_wallet_assets_tab_first_open_loading_time[wallet_load_user],passed,21.541,21.541,21.541,1,21.541
,6eedb01da6,2026-07-30T15:35:01,,test_wallet_assets_tab_loading_time[wallet_load_user],passed,0.895,1.595,1.133,5,"1.595,0.938,0.895,1.295,0.945"
,6eedb01da6,2026-07-30T15:35:01,,test_wallet_account_open_loading_time[wallet_load_user],passed,0.434,0.434,0.434,1,0.434
,6eedb01da6,2026-07-30T15:35:01,,test_wallet_collectibles_tab_first_open_loading_time[wallet_load_alex_user],passed,63.799,63.799,63.799,1,63.799
,6eedb01da6,2026-07-30T15:35:01,,test_wallet_collectibles_tab_loading_time[wallet_load_alex_user],passed,0.195,0.218,0.207,5,"0.195,0.218,0.201,0.212,0.207"
,6eedb01da6,2026-07-30T15:35:01,,test_wallet_collectibles_tab_first_open_loading_time[fresh_user],passed,16.328,16.328,16.328,1,16.328
,6eedb01da6,2026-07-30T15:35:01,,test_wallet_collectibles_tab_loading_time[fresh_user],passed,0.15,0.186,0.172,5,"0.158,0.183,0.15,0.182,0.186"
,6eedb01da6,2026-07-30T15:35:01,,test_wallet_activity_tab_first_open_loading_time[wallet_load_alex_user],passed,0.656,0.656,0.656,1,0.656
,6eedb01da6,2026-07-30T15:35:01,,test_wallet_activity_tab_loading_time[wallet_load_alex_user],passed,0.592,0.624,0.607,5,"0.613,0.592,0.606,0.601,0.624"
,6eedb01da6,2026-07-30T15:35:01,,test_wallet_add_account_first_open_loading_time[wallet_load_user],passed,0.537,0.537,0.537,1,0.537
,6eedb01da6,2026-07-30T15:35:01,,test_wallet_add_account_loading_time[wallet_load_user],passed,0.479,0.523,0.498,5,"0.479,0.479,0.523,0.507,0.5"
,6eedb01da6,2026-07-30T15:35:01,,test_wallet_add_account_first_open_loading_time[wallet_load_alex_user],passed,0.646,0.646,0.646,1,0.646
,6eedb01da6,2026-07-30T15:35:01,,test_wallet_add_account_loading_time[wallet_load_alex_user],passed,0.48,0.57,0.51,5,"0.494,0.504,0.57,0.502,0.48"
,6eedb01da6,2026-07-30T15:35:01,,test_wallet_activity_tab_first_open_loading_time[wallet_load_user],passed,0.689,0.689,0.689,1,0.689
,6eedb01da6,2026-07-30T15:35:01,,test_wallet_activity_tab_loading_time[wallet_load_user],passed,0.616,0.86,0.674,5,"0.633,0.616,0.639,0.622,0.86"
,6eedb01da6,2026-07-30T15:35:01,,test_wallet_swap_first_open_loading_time[wallet_load_alex_user],passed,0.888,0.888,0.888,1,0.888
,6eedb01da6,2026-07-30T15:35:01,,test_wallet_swap_loading_time[wallet_load_alex_user],passed,0.405,0.513,0.439,5,"0.432,0.405,0.513,0.438,0.409"
,6eedb01da6,2026-07-30T15:35:01,,test_wallet_receive_first_open_loading_time[wallet_load_user],passed,0.978,0.978,0.978,1,0.978
,6eedb01da6,2026-07-30T15:35:01,,test_wallet_receive_loading_time[wallet_load_user],passed,0.275,0.357,0.307,5,"0.293,0.275,0.357,0.311,0.301"
,6eedb01da6,2026-07-30T15:35:01,,test_wallet_repeat_open_loading_time[wallet_load_user],passed,0.561,0.663,0.614,5,"0.663,0.561,0.625,0.598,0.625"
,6eedb01da6,2026-07-30T15:35:01,,test_wallet_repeat_open_loading_time[fresh_user],passed,0.396,0.452,0.42,5,"0.413,0.396,0.452,0.408,0.431"
,512bba730f,2026-07-31T04:49:19,,test_wallet_receive_first_open_loading_time[wallet_load_user],passed,0.534,0.534,0.534,1,0.534
,512bba730f,2026-07-31T04:49:19,,test_wallet_receive_loading_time[wallet_load_user],passed,0.304,0.355,0.328,5,"0.304,0.304,0.347,0.355,0.33"
,512bba730f,2026-07-31T04:49:19,,test_wallet_repeat_open_loading_time[fresh_user],passed,0.371,0.463,0.437,5,"0.371,0.44,0.451,0.463,0.459"
,512bba730f,2026-07-31T04:49:19,,test_wallet_assets_tab_first_open_loading_time[wallet_load_user],passed,20.684,20.684,20.684,1,20.684
,512bba730f,2026-07-31T04:49:19,,test_wallet_assets_tab_loading_time[wallet_load_user],passed,0.794,1.699,1.041,5,"1.699,0.989,0.871,0.794,0.851"
,512bba730f,2026-07-31T04:49:19,,test_wallet_first_open_loading_time[wallet_load_alex_user],passed,0.491,0.491,0.491,1,0.491
,512bba730f,2026-07-31T04:49:19,,test_status_community_first_open_loading_time[user_data0-user_account0],passed,3.598,3.598,3.598,1,3.598
,512bba730f,2026-07-31T04:49:19,,test_wallet_add_account_first_open_loading_time[fresh_user],passed,0.677,0.677,0.677,1,0.677
,512bba730f,2026-07-31T04:49:19,,test_wallet_add_account_loading_time[fresh_user],passed,0.468,0.488,0.474,5,"0.47,0.47,0.468,0.488,0.473"
,512bba730f,2026-07-31T04:49:19,,test_wallet_send_first_open_loading_time[wallet_load_user],passed,1.116,1.116,1.116,1,1.116
,512bba730f,2026-07-31T04:49:19,,test_wallet_send_loading_time[wallet_load_user],passed,0.507,1.079,0.635,5,"0.512,0.507,0.522,0.556,1.079"
,512bba730f,2026-07-31T04:49:19,,test_wallet_first_open_loading_time[fresh_user],passed,0.625,0.625,0.625,1,0.625
,512bba730f,2026-07-31T04:49:19,,test_status_community_second_open_loading_time[user_data0-user_account0],passed,2.076,2.125,2.104,5,"2.117,2.076,2.116,2.125,2.087"
,512bba730f,2026-07-31T04:49:19,,test_wallet_add_account_first_open_loading_time[wallet_load_user],passed,0.57,0.57,0.57,1,0.57
,512bba730f,2026-07-31T04:49:19,,test_wallet_add_account_loading_time[wallet_load_user],passed,0.48,0.509,0.492,5,"0.483,0.48,0.506,0.509,0.485"
,512bba730f,2026-07-31T04:49:19,,test_wallet_activity_tab_first_open_loading_time[wallet_load_alex_user],passed,0.66,0.66,0.66,1,0.66
,512bba730f,2026-07-31T04:49:19,,test_wallet_activity_tab_loading_time[wallet_load_alex_user],passed,0.605,0.665,0.646,5,"0.657,0.639,0.662,0.605,0.665"
,512bba730f,2026-07-31T04:49:19,,test_wallet_assets_tab_first_open_loading_time[fresh_user],passed,14.08,14.08,14.08,1,14.08
,512bba730f,2026-07-31T04:49:19,,test_wallet_assets_tab_loading_time[fresh_user],passed,0.315,0.392,0.347,5,"0.35,0.392,0.363,0.315,0.315"
,512bba730f,2026-07-31T04:49:19,,test_wallet_repeat_open_loading_time[wallet_load_user],passed,0.245,0.673,0.528,5,"0.673,0.52,0.586,0.245,0.614"
,512bba730f,2026-07-31T04:49:19,,test_wallet_activity_tab_first_open_loading_time[fresh_user],passed,0.216,0.216,0.216,1,0.216
,512bba730f,2026-07-31T04:49:19,,test_wallet_activity_tab_loading_time[fresh_user],passed,0.193,0.246,0.22,5,"0.224,0.193,0.219,0.246,0.218"
,512bba730f,2026-07-31T04:49:19,,test_wallet_repeat_open_loading_time[wallet_load_alex_user],passed,0.586,0.702,0.62,5,"0.586,0.612,0.599,0.601,0.702"
,512bba730f,2026-07-31T04:49:19,,test_wallet_account_open_loading_time[fresh_user],passed,0.175,0.175,0.175,1,0.175
,512bba730f,2026-07-31T04:49:19,,test_wallet_collectibles_tab_first_open_loading_time[wallet_load_user],passed,41.085,41.085,41.085,1,41.085
,512bba730f,2026-07-31T04:49:19,,test_wallet_collectibles_tab_loading_time[wallet_load_user],passed,1.69,3.206,2.07,5,"1.769,1.69,1.822,3.206,1.863"
,512bba730f,2026-07-31T04:49:19,,test_wallet_receive_first_open_loading_time[fresh_user],passed,0.463,0.463,0.463,1,0.463
,512bba730f,2026-07-31T04:49:19,,test_wallet_receive_loading_time[fresh_user],passed,0.304,0.566,0.359,5,"0.309,0.304,0.315,0.304,0.566"
,512bba730f,2026-07-31T04:49:19,,test_wallet_send_first_open_loading_time[wallet_load_alex_user],passed,1.168,1.168,1.168,1,1.168
,512bba730f,2026-07-31T04:49:19,,test_wallet_send_loading_time[wallet_load_alex_user],passed,0.516,0.544,0.524,5,"0.517,0.516,0.516,0.544,0.527"
,512bba730f,2026-07-31T04:49:19,,test_wallet_collectibles_tab_first_open_loading_time[wallet_load_alex_user],passed,69.752,69.752,69.752,1,69.752
,512bba730f,2026-07-31T04:49:19,,test_wallet_collectibles_tab_loading_time[wallet_load_alex_user],passed,4.368,28.578,14.104,5,"4.368,28.578,5.164,16.022,16.388"
,512bba730f,2026-07-31T04:49:19,,test_wallet_swap_first_open_loading_time[fresh_user],passed,1.42,1.42,1.42,1,1.42
,512bba730f,2026-07-31T04:49:19,,test_wallet_swap_loading_time[fresh_user],passed,0.358,0.378,0.365,5,"0.362,0.378,0.359,0.371,0.358"
,512bba730f,2026-07-31T04:49:19,,test_wallet_account_open_loading_time[wallet_load_alex_user],passed,0.405,0.405,0.405,1,0.405
,512bba730f,2026-07-31T04:49:19,,test_wallet_send_first_open_loading_time[fresh_user],passed,1.101,1.101,1.101,1,1.101
,512bba730f,2026-07-31T04:49:19,,test_wallet_send_loading_time[fresh_user],passed,0.361,0.621,0.422,5,"0.376,0.621,0.383,0.361,0.37"
,512bba730f,2026-07-31T04:49:19,,test_wallet_swap_first_open_loading_time[wallet_load_alex_user],passed,1.167,1.167,1.167,1,1.167
,512bba730f,2026-07-31T04:49:19,,test_wallet_swap_loading_time[wallet_load_alex_user],passed,0.4,0.438,0.417,5,"0.432,0.409,0.406,0.438,0.4"
,512bba730f,2026-07-31T04:49:19,,test_wallet_add_account_first_open_loading_time[wallet_load_alex_user],passed,0.554,0.554,0.554,1,0.554
,512bba730f,2026-07-31T04:49:19,,test_wallet_add_account_loading_time[wallet_load_alex_user],passed,0.423,0.517,0.482,5,"0.49,0.517,0.481,0.497,0.423"
,512bba730f,2026-07-31T04:49:19,,test_wallet_collectibles_tab_first_open_loading_time[fresh_user],passed,16.462,16.462,16.462,1,16.462
,512bba730f,2026-07-31T04:49:19,,test_wallet_collectibles_tab_loading_time[fresh_user],passed,0.148,0.19,0.17,5,"0.177,0.185,0.149,0.19,0.148"
,512bba730f,2026-07-31T04:49:19,,test_wallet_receive_first_open_loading_time[wallet_load_alex_user],passed,0.515,0.515,0.515,1,0.515
,512bba730f,2026-07-31T04:49:19,,test_wallet_receive_loading_time[wallet_load_alex_user],passed,0.329,0.349,0.342,5,"0.329,0.349,0.346,0.341,0.343"
,512bba730f,2026-07-31T04:49:19,,test_wallet_first_open_loading_time[wallet_load_user],passed,0.356,0.356,0.356,1,0.356
,512bba730f,2026-07-31T04:49:19,,test_wallet_swap_first_open_loading_time[wallet_load_user],passed,0.772,0.772,0.772,1,0.772
,512bba730f,2026-07-31T04:49:19,,test_wallet_swap_loading_time[wallet_load_user],passed,0.389,0.423,0.41,5,"0.389,0.4,0.417,0.42,0.423"
,512bba730f,2026-07-31T04:49:19,,test_wallet_account_open_loading_time[wallet_load_user],passed,0.462,0.462,0.462,1,0.462
,512bba730f,2026-07-31T04:49:19,,test_wallet_activity_tab_first_open_loading_time[wallet_load_user],passed,0.654,0.654,0.654,1,0.654
,512bba730f,2026-07-31T04:49:19,,test_wallet_activity_tab_loading_time[wallet_load_user],passed,0.593,0.819,0.653,5,"0.598,0.593,0.598,0.819,0.658"
,512bba730f,2026-07-31T04:49:19,,test_wallet_assets_tab_first_open_loading_time[wallet_load_alex_user],passed,0.611,0.611,0.611,1,0.611
,512bba730f,2026-07-31T04:49:19,,test_wallet_assets_tab_loading_time[wallet_load_alex_user],passed,1.137,1.825,1.316,5,"1.825,1.338,1.143,1.138,1.137"
,4d5f214a13,2026-07-31T09:31:40,,test_wallet_activity_tab_first_open_loading_time[fresh_user],passed,0.22,0.22,0.22,1,0.22
,4d5f214a13,2026-07-31T09:31:40,,test_wallet_activity_tab_loading_time[fresh_user],passed,0.195,0.222,0.213,5,"0.218,0.214,0.218,0.195,0.222"
,4d5f214a13,2026-07-31T09:31:40,,test_wallet_repeat_open_loading_time[wallet_load_alex_user],passed,0.561,0.736,0.62,5,"0.565,0.628,0.61,0.561,0.736"
,4d5f214a13,2026-07-31T09:31:40,,test_wallet_add_account_first_open_loading_time[wallet_load_alex_user],passed,0.623,0.623,0.623,1,0.623
,4d5f214a13,2026-07-31T09:31:40,,test_wallet_add_account_loading_time[wallet_load_alex_user],passed,0.434,0.5,0.47,5,"0.477,0.465,0.473,0.5,0.434"
,4d5f214a13,2026-07-31T09:31:40,,test_wallet_account_open_loading_time[fresh_user],passed,0.16,0.16,0.16,1,0.16
,4d5f214a13,2026-07-31T09:31:40,,test_wallet_send_first_open_loading_time[wallet_load_alex_user],passed,1.173,1.173,1.173,1,1.173
,4d5f214a13,2026-07-31T09:31:40,,test_wallet_send_loading_time[wallet_load_alex_user],passed,0.402,0.521,0.49,5,"0.506,0.521,0.518,0.501,0.402"
,4d5f214a13,2026-07-31T09:31:40,,test_status_community_second_open_loading_time[user_data0-user_account0],passed,2.094,2.159,2.129,5,"2.116,2.132,2.094,2.141,2.159"
,4d5f214a13,2026-07-31T09:31:40,,test_wallet_collectibles_tab_first_open_loading_time[wallet_load_user],passed,40.689,40.689,40.689,1,40.689
,4d5f214a13,2026-07-31T09:31:40,,test_wallet_collectibles_tab_loading_time[wallet_load_user],passed,1.54,1.997,1.734,5,"1.852,1.637,1.54,1.642,1.997"
,4d5f214a13,2026-07-31T09:31:40,,test_wallet_receive_first_open_loading_time[fresh_user],passed,0.46,0.46,0.46,1,0.46
,4d5f214a13,2026-07-31T09:31:40,,test_wallet_receive_loading_time[fresh_user],passed,0.302,0.559,0.368,5,"0.331,0.338,0.559,0.31,0.302"
,4d5f214a13,2026-07-31T09:31:40,,test_wallet_add_account_first_open_loading_time[wallet_load_user],passed,0.594,0.594,0.594,1,0.594
,4d5f214a13,2026-07-31T09:31:40,,test_wallet_add_account_loading_time[wallet_load_user],passed,0.474,0.51,0.488,5,"0.486,0.474,0.494,0.478,0.51"
,4d5f214a13,2026-07-31T09:31:40,,test_status_community_first_open_loading_time[user_data0-user_account0],passed,2.839,2.839,2.839,1,2.839
,4d5f214a13,2026-07-31T09:31:40,,test_wallet_receive_first_open_loading_time[wallet_load_user],passed,0.736,0.736,0.736,1,0.736
,4d5f214a13,2026-07-31T09:31:40,,test_wallet_receive_loading_time[wallet_load_user],passed,0.293,0.337,0.316,5,"0.317,0.293,0.314,0.337,0.319"
,4d5f214a13,2026-07-31T09:31:40,,test_wallet_collectibles_tab_first_open_loading_time[wallet_load_alex_user],passed,69.592,69.592,69.592,1,69.592
,4d5f214a13,2026-07-31T09:31:40,,test_wallet_collectibles_tab_loading_time[wallet_load_alex_user],passed,4.891,66.485,21.113,5,"11.677,10.979,4.891,11.533,66.485"
,4d5f214a13,2026-07-31T09:31:40,,test_wallet_assets_tab_first_open_loading_time[wallet_load_user],passed,21.523,21.523,21.523,1,21.523
,4d5f214a13,2026-07-31T09:31:40,,test_wallet_assets_tab_loading_time[wallet_load_user],passed,0.824,1.742,1.055,5,"1.742,0.889,0.884,0.938,0.824"
,4d5f214a13,2026-07-31T09:31:40,,test_wallet_activity_tab_first_open_loading_time[wallet_load_alex_user],passed,0.733,0.733,0.733,1,0.733
,4d5f214a13,2026-07-31T09:31:40,,test_wallet_activity_tab_loading_time[wallet_load_alex_user],passed,0.598,0.88,0.676,5,"0.659,0.598,0.641,0.602,0.88"
,4d5f214a13,2026-07-31T09:31:40,,test_wallet_first_open_loading_time[wallet_load_user],passed,0.334,0.334,0.334,1,0.334
,4d5f214a13,2026-07-31T09:31:40,,test_wallet_repeat_open_loading_time[wallet_load_user],passed,0.527,0.667,0.575,5,"0.538,0.667,0.569,0.527,0.571"
,4d5f214a13,2026-07-31T09:31:40,,test_wallet_account_open_loading_time[wallet_load_user],passed,0.405,0.405,0.405,1,0.405
,4d5f214a13,2026-07-31T09:31:40,,test_wallet_repeat_open_loading_time[fresh_user],passed,0.414,0.809,0.518,5,"0.414,0.436,0.445,0.809,0.485"
,4d5f214a13,2026-07-31T09:31:40,,test_wallet_send_first_open_loading_time[fresh_user],passed,1.078,1.078,1.078,1,1.078
,4d5f214a13,2026-07-31T09:31:40,,test_wallet_send_loading_time[fresh_user],passed,0.365,0.387,0.377,5,"0.381,0.378,0.387,0.365,0.372"
,4d5f214a13,2026-07-31T09:31:40,,test_wallet_account_open_loading_time[wallet_load_alex_user],passed,0.418,0.418,0.418,1,0.418
,4d5f214a13,2026-07-31T09:31:40,,test_wallet_send_first_open_loading_time[wallet_load_user],passed,1.507,1.507,1.507,1,1.507
,4d5f214a13,2026-07-31T09:31:40,,test_wallet_send_loading_time[wallet_load_user],passed,0.507,1.102,0.743,5,"0.512,0.507,0.51,1.102,1.086"
,4d5f214a13,2026-07-31T09:31:40,,test_wallet_first_open_loading_time[fresh_user],passed,0.42,0.42,0.42,1,0.42
,4d5f214a13,2026-07-31T09:31:40,,test_wallet_swap_first_open_loading_time[wallet_load_alex_user],passed,0.777,0.777,0.777,1,0.777
,4d5f214a13,2026-07-31T09:31:40,,test_wallet_swap_loading_time[wallet_load_alex_user],passed,0.418,0.438,0.426,5,"0.421,0.428,0.438,0.418,0.422"
,4d5f214a13,2026-07-31T09:31:40,,test_wallet_collectibles_tab_first_open_loading_time[fresh_user],passed,16.008,16.008,16.008,1,16.008
,4d5f214a13,2026-07-31T09:31:40,,test_wallet_collectibles_tab_loading_time[fresh_user],passed,0.154,0.193,0.176,5,"0.154,0.19,0.157,0.193,0.184"
,4d5f214a13,2026-07-31T09:31:40,,test_wallet_swap_first_open_loading_time[wallet_load_user],passed,1.246,1.246,1.246,1,1.246
,4d5f214a13,2026-07-31T09:31:40,,test_wallet_swap_loading_time[wallet_load_user],passed,0.405,0.432,0.415,5,"0.416,0.406,0.405,0.432,0.416"
,4d5f214a13,2026-07-31T09:31:40,,test_wallet_receive_first_open_loading_time[wallet_load_alex_user],passed,0.513,0.513,0.513,1,0.513
,4d5f214a13,2026-07-31T09:31:40,,test_wallet_receive_loading_time[wallet_load_alex_user],passed,0.284,0.326,0.311,5,"0.321,0.326,0.284,0.299,0.326"
,4d5f214a13,2026-07-31T09:31:40,,test_wallet_swap_first_open_loading_time[fresh_user],passed,1.318,1.318,1.318,1,1.318
,4d5f214a13,2026-07-31T09:31:40,,test_wallet_swap_loading_time[fresh_user],passed,0.359,0.378,0.368,5,"0.365,0.359,0.372,0.378,0.364"
,4d5f214a13,2026-07-31T09:31:40,,test_wallet_activity_tab_first_open_loading_time[wallet_load_user],passed,0.74,0.74,0.74,1,0.74
,4d5f214a13,2026-07-31T09:31:40,,test_wallet_activity_tab_loading_time[wallet_load_user],passed,0.622,0.858,0.683,5,"0.624,0.642,0.622,0.668,0.858"
,4d5f214a13,2026-07-31T09:31:40,,test_wallet_add_account_first_open_loading_time[fresh_user],passed,0.682,0.682,0.682,1,0.682
,4d5f214a13,2026-07-31T09:31:40,,test_wallet_add_account_loading_time[fresh_user],passed,0.448,1.207,0.612,5,"0.466,0.459,0.481,0.448,1.207"
,4d5f214a13,2026-07-31T09:31:40,,test_wallet_assets_tab_first_open_loading_time[fresh_user],passed,13.547,13.547,13.547,1,13.547
,4d5f214a13,2026-07-31T09:31:40,,test_wallet_assets_tab_loading_time[fresh_user],passed,0.325,0.378,0.344,5,"0.338,0.344,0.337,0.378,0.325"
,4d5f214a13,2026-07-31T09:31:40,,test_wallet_first_open_loading_time[wallet_load_alex_user],passed,0.282,0.282,0.282,1,0.282
,4d5f214a13,2026-07-31T09:31:40,,test_wallet_assets_tab_first_open_loading_time[wallet_load_alex_user],passed,0.554,0.554,0.554,1,0.554
,4d5f214a13,2026-07-31T09:31:40,,test_wallet_assets_tab_loading_time[wallet_load_alex_user],passed,1.036,2.0,1.309,5,"2.0,1.036,1.138,1.109,1.263"
,3959f84669,2026-07-31T12:14:46,,test_wallet_activity_tab_first_open_loading_time[fresh_user],passed,0.322,0.322,0.322,1,0.322
,3959f84669,2026-07-31T12:14:46,,test_wallet_activity_tab_loading_time[fresh_user],passed,0.201,0.234,0.215,5,"0.201,0.214,0.22,0.204,0.234"
,3959f84669,2026-07-31T12:14:46,,test_wallet_swap_first_open_loading_time[fresh_user],passed,1.338,1.338,1.338,1,1.338
,3959f84669,2026-07-31T12:14:46,,test_wallet_swap_loading_time[fresh_user],passed,0.352,0.375,0.363,5,"0.361,0.352,0.364,0.363,0.375"
,3959f84669,2026-07-31T12:14:46,,test_wallet_assets_tab_first_open_loading_time[wallet_load_user],passed,25.227,25.227,25.227,1,25.227
,3959f84669,2026-07-31T12:14:46,,test_wallet_assets_tab_loading_time[wallet_load_user],passed,0.849,1.74,1.104,5,"1.74,0.991,0.851,0.849,1.089"
,3959f84669,2026-07-31T12:14:46,,test_wallet_add_account_first_open_loading_time[wallet_load_alex_user],passed,0.586,0.586,0.586,1,0.586
,3959f84669,2026-07-31T12:14:46,,test_wallet_add_account_loading_time[wallet_load_alex_user],passed,0.433,0.512,0.476,5,"0.487,0.477,0.512,0.472,0.433"
,3959f84669,2026-07-31T12:14:46,,test_wallet_first_open_loading_time[wallet_load_alex_user],passed,0.274,0.274,0.274,1,0.274
,3959f84669,2026-07-31T12:14:46,,test_wallet_account_open_loading_time[wallet_load_alex_user],passed,0.696,0.696,0.696,1,0.696
,3959f84669,2026-07-31T12:14:46,,test_wallet_first_open_loading_time[fresh_user],passed,0.398,0.398,0.398,1,0.398
,3959f84669,2026-07-31T12:14:46,,test_wallet_assets_tab_first_open_loading_time[fresh_user],passed,14.885,14.885,14.885,1,14.885
,3959f84669,2026-07-31T12:14:46,,test_wallet_assets_tab_loading_time[fresh_user],passed,0.324,0.373,0.356,5,"0.373,0.364,0.372,0.348,0.324"
,3959f84669,2026-07-31T12:14:46,,test_status_community_second_open_loading_time[user_data0-user_account0],passed,2.051,2.138,2.102,5,"2.116,2.051,2.089,2.117,2.138"
,3959f84669,2026-07-31T12:14:46,,test_status_community_first_open_loading_time[user_data0-user_account0],passed,3.532,3.532,3.532,1,3.532
,3959f84669,2026-07-31T12:14:46,,test_wallet_add_account_first_open_loading_time[fresh_user],passed,0.653,0.653,0.653,1,0.653
,3959f84669,2026-07-31T12:14:46,,test_wallet_add_account_loading_time[fresh_user],passed,0.444,1.167,0.607,5,"0.477,1.167,0.473,0.444,0.473"
,3959f84669,2026-07-31T12:14:46,,test_wallet_swap_first_open_loading_time[wallet_load_alex_user],passed,0.839,0.839,0.839,1,0.839
,3959f84669,2026-07-31T12:14:46,,test_wallet_swap_loading_time[wallet_load_alex_user],passed,0.394,0.536,0.43,5,"0.536,0.394,0.402,0.417,0.404"
,3959f84669,2026-07-31T12:14:46,,test_wallet_repeat_open_loading_time[wallet_load_user],passed,0.554,0.664,0.598,5,"0.554,0.631,0.571,0.572,0.664"
,3959f84669,2026-07-31T12:14:46,,test_wallet_collectibles_tab_first_open_loading_time[fresh_user],passed,16.348,16.348,16.348,1,16.348
,3959f84669,2026-07-31T12:14:46,,test_wallet_collectibles_tab_loading_time[fresh_user],passed,0.173,0.196,0.187,5,"0.188,0.195,0.185,0.173,0.196"
,3959f84669,2026-07-31T12:14:46,,test_wallet_receive_first_open_loading_time[wallet_load_alex_user],passed,0.486,0.486,0.486,1,0.486
,3959f84669,2026-07-31T12:14:46,,test_wallet_receive_loading_time[wallet_load_alex_user],passed,0.326,0.345,0.336,5,"0.326,0.334,0.345,0.336,0.339"
,3959f84669,2026-07-31T12:14:46,,test_wallet_collectibles_tab_first_open_loading_time[wallet_load_alex_user],passed,69.663,69.663,69.663,1,69.663
,3959f84669,2026-07-31T12:14:46,,test_wallet_collectibles_tab_loading_time[wallet_load_alex_user],passed,5.205,47.525,17.877,5,"12.491,8.43,5.205,15.735,47.525"
,3959f84669,2026-07-31T12:14:46,,test_wallet_swap_first_open_loading_time[wallet_load_user],passed,1.198,1.198,1.198,1,1.198
,3959f84669,2026-07-31T12:14:46,,test_wallet_swap_loading_time[wallet_load_user],passed,0.392,0.429,0.414,5,"0.425,0.392,0.415,0.429,0.41"
,3959f84669,2026-07-31T12:14:46,,test_wallet_add_account_first_open_loading_time[wallet_load_user],passed,0.611,0.611,0.611,1,0.611
,3959f84669,2026-07-31T12:14:46,,test_wallet_add_account_loading_time[wallet_load_user],passed,0.475,0.502,0.489,5,"0.475,0.486,0.502,0.49,0.49"
,3959f84669,2026-07-31T12:14:46,,test_wallet_receive_first_open_loading_time[wallet_load_user],passed,0.562,0.562,0.562,1,0.562
,3959f84669,2026-07-31T12:14:46,,test_wallet_receive_loading_time[wallet_load_user],passed,0.28,0.323,0.297,5,"0.281,0.28,0.282,0.323,0.318"
,3959f84669,2026-07-31T12:14:46,,test_wallet_activity_tab_first_open_loading_time[wallet_load_user],passed,0.62,0.62,0.62,1,0.62
,3959f84669,2026-07-31T12:14:46,,test_wallet_activity_tab_loading_time[wallet_load_user],passed,0.593,0.837,0.678,5,"0.65,0.661,0.651,0.593,0.837"
,3959f84669,2026-07-31T12:14:46,,test_wallet_repeat_open_loading_time[wallet_load_alex_user],passed,0.533,0.595,0.568,5,"0.594,0.533,0.595,0.577,0.539"
,3959f84669,2026-07-31T12:14:46,,test_wallet_receive_first_open_loading_time[fresh_user],passed,0.508,0.508,0.508,1,0.508
,3959f84669,2026-07-31T12:14:46,,test_wallet_receive_loading_time[fresh_user],passed,0.298,0.336,0.313,5,"0.336,0.317,0.313,0.302,0.298"
,3959f84669,2026-07-31T12:14:46,,test_wallet_collectibles_tab_first_open_loading_time[wallet_load_user],passed,40.013,40.013,40.013,1,40.013
,3959f84669,2026-07-31T12:14:46,,test_wallet_collectibles_tab_loading_time[wallet_load_user],passed,1.396,3.637,2.324,5,"1.599,3.233,1.396,3.637,1.755"
,3959f84669,2026-07-31T12:14:46,,test_wallet_activity_tab_first_open_loading_time[wallet_load_alex_user],passed,0.735,0.735,0.735,1,0.735
,3959f84669,2026-07-31T12:14:46,,test_wallet_activity_tab_loading_time[wallet_load_alex_user],passed,0.576,0.608,0.592,5,"0.596,0.581,0.576,0.608,0.598"
,3959f84669,2026-07-31T12:14:46,,test_wallet_account_open_loading_time[wallet_load_user],passed,0.465,0.465,0.465,1,0.465
,3959f84669,2026-07-31T12:14:46,,test_wallet_send_first_open_loading_time[fresh_user],passed,1.076,1.076,1.076,1,1.076
,3959f84669,2026-07-31T12:14:46,,test_wallet_send_loading_time[fresh_user],passed,0.362,0.384,0.377,5,"0.384,0.38,0.383,0.362,0.374"
,3959f84669,2026-07-31T12:14:46,,test_wallet_send_first_open_loading_time[wallet_load_alex_user],passed,1.17,1.17,1.17,1,1.17
,3959f84669,2026-07-31T12:14:46,,test_wallet_send_loading_time[wallet_load_alex_user],passed,0.512,0.544,0.522,5,"0.544,0.517,0.514,0.512,0.525"
,3959f84669,2026-07-31T12:14:46,,test_wallet_account_open_loading_time[fresh_user],passed,0.177,0.177,0.177,1,0.177
,3959f84669,2026-07-31T12:14:46,,test_wallet_assets_tab_first_open_loading_time[wallet_load_alex_user],passed,1.46,1.46,1.46,1,1.46
,3959f84669,2026-07-31T12:14:46,,test_wallet_assets_tab_loading_time[wallet_load_alex_user],passed,1.091,1.68,1.353,5,"1.68,1.091,1.574,1.166,1.254"
,3959f84669,2026-07-31T12:14:46,,test_wallet_send_first_open_loading_time[wallet_load_user],passed,1.653,1.653,1.653,1,1.653
,3959f84669,2026-07-31T12:14:46,,test_wallet_send_loading_time[wallet_load_user],passed,0.503,0.526,0.512,5,"0.504,0.51,0.518,0.503,0.526"
,3959f84669,2026-07-31T12:14:46,,test_wallet_first_open_loading_time[wallet_load_user],passed,0.274,0.274,0.274,1,0.274
,3959f84669,2026-07-31T12:14:46,,test_wallet_repeat_open_loading_time[fresh_user],passed,0.405,0.487,0.448,5,"0.458,0.405,0.446,0.445,0.487"
,ad6f081d3d,2026-07-31T15:04:42,,test_wallet_send_first_open_loading_time[wallet_load_alex_user],passed,1.269,1.269,1.269,1,1.269
,ad6f081d3d,2026-07-31T15:04:42,,test_wallet_send_loading_time[wallet_load_alex_user],passed,0.444,0.539,0.491,5,"0.501,0.49,0.539,0.482,0.444"
,ad6f081d3d,2026-07-31T15:04:42,,test_wallet_account_open_loading_time[wallet_load_alex_user],passed,0.482,0.482,0.482,1,0.482
,ad6f081d3d,2026-07-31T15:04:42,,test_wallet_receive_first_open_loading_time[fresh_user],passed,0.931,0.931,0.931,1,0.931
,ad6f081d3d,2026-07-31T15:04:42,,test_wallet_receive_loading_time[fresh_user],passed,0.291,0.328,0.31,5,"0.309,0.328,0.318,0.303,0.291"
,ad6f081d3d,2026-07-31T15:04:42,,test_wallet_receive_first_open_loading_time[wallet_load_alex_user],passed,0.531,0.531,0.531,1,0.531
,ad6f081d3d,2026-07-31T15:04:42,,test_wallet_receive_loading_time[wallet_load_alex_user],passed,0.329,0.357,0.34,5,"0.329,0.337,0.345,0.332,0.357"
,ad6f081d3d,2026-07-31T15:04:42,,test_wallet_first_open_loading_time[wallet_load_user],passed,0.256,0.256,0.256,1,0.256
,ad6f081d3d,2026-07-31T15:04:42,,test_wallet_activity_tab_first_open_loading_time[wallet_load_alex_user],passed,0.698,0.698,0.698,1,0.698
,ad6f081d3d,2026-07-31T15:04:42,,test_wallet_activity_tab_loading_time[wallet_load_alex_user],passed,0.604,0.646,0.621,5,"0.62,0.604,0.612,0.646,0.623"
,ad6f081d3d,2026-07-31T15:04:42,,test_wallet_add_account_first_open_loading_time[wallet_load_user],passed,0.533,0.533,0.533,1,0.533
,ad6f081d3d,2026-07-31T15:04:42,,test_wallet_add_account_loading_time[wallet_load_user],passed,0.465,0.5,0.486,5,"0.473,0.492,0.498,0.465,0.5"
,ad6f081d3d,2026-07-31T15:04:42,,test_wallet_first_open_loading_time[wallet_load_alex_user],passed,0.265,0.265,0.265,1,0.265
,ad6f081d3d,2026-07-31T15:04:42,,test_wallet_activity_tab_first_open_loading_time[fresh_user],passed,0.219,0.219,0.219,1,0.219
,ad6f081d3d,2026-07-31T15:04:42,,test_wallet_activity_tab_loading_time[fresh_user],passed,0.204,0.227,0.22,5,"0.227,0.204,0.218,0.226,0.226"
,ad6f081d3d,2026-07-31T15:04:42,,test_wallet_assets_tab_first_open_loading_time[wallet_load_user],passed,22.203,22.203,22.203,1,22.203
,ad6f081d3d,2026-07-31T15:04:42,,test_wallet_assets_tab_loading_time[wallet_load_user],passed,0.843,1.558,1.043,5,"1.558,0.843,0.917,0.961,0.938"
,ad6f081d3d,2026-07-31T15:04:42,,test_wallet_swap_first_open_loading_time[wallet_load_alex_user],passed,1.233,1.233,1.233,1,1.233
,ad6f081d3d,2026-07-31T15:04:42,,test_wallet_swap_loading_time[wallet_load_alex_user],passed,0.392,0.424,0.413,5,"0.392,0.424,0.414,0.422,0.413"
,ad6f081d3d,2026-07-31T15:04:42,,test_wallet_assets_tab_first_open_loading_time[fresh_user],passed,14.032,14.032,14.032,1,14.032
,ad6f081d3d,2026-07-31T15:04:42,,test_wallet_assets_tab_loading_time[fresh_user],passed,0.275,0.351,0.323,5,"0.348,0.346,0.351,0.296,0.275"
,ad6f081d3d,2026-07-31T15:04:42,,test_wallet_repeat_open_loading_time[wallet_load_alex_user],passed,0.589,0.692,0.631,5,"0.589,0.692,0.611,0.644,0.617"
,ad6f081d3d,2026-07-31T15:04:42,,test_wallet_send_first_open_loading_time[wallet_load_user],passed,1.47,1.47,1.47,1,1.47
,ad6f081d3d,2026-07-31T15:04:42,,test_wallet_send_loading_time[wallet_load_user],passed,0.507,0.53,0.516,5,"0.513,0.507,0.511,0.521,0.53"
,ad6f081d3d,2026-07-31T15:04:42,,test_wallet_account_open_loading_time[wallet_load_user],passed,0.429,0.429,0.429,1,0.429
,ad6f081d3d,2026-07-31T15:04:42,,test_status_community_first_open_loading_time[user_data0-user_account0],passed,2.381,2.381,2.381,1,2.381
,ad6f081d3d,2026-07-31T15:04:42,,test_wallet_collectibles_tab_first_open_loading_time[fresh_user],passed,16.149,16.149,16.149,1,16.149
,ad6f081d3d,2026-07-31T15:04:42,,test_wallet_collectibles_tab_loading_time[fresh_user],passed,0.154,0.219,0.173,5,"0.159,0.154,0.155,0.177,0.219"
,ad6f081d3d,2026-07-31T15:04:42,,test_wallet_add_account_first_open_loading_time[wallet_load_alex_user],passed,0.542,0.542,0.542,1,0.542
,ad6f081d3d,2026-07-31T15:04:42,,test_wallet_add_account_loading_time[wallet_load_alex_user],passed,0.432,0.494,0.466,5,"0.471,0.461,0.47,0.494,0.432"
,ad6f081d3d,2026-07-31T15:04:42,,test_wallet_first_open_loading_time[fresh_user],passed,0.386,0.386,0.386,1,0.386
,ad6f081d3d,2026-07-31T15:04:42,,test_wallet_collectibles_tab_first_open_loading_time[wallet_load_user],passed,40.246,40.246,40.246,1,40.246
,ad6f081d3d,2026-07-31T15:04:42,,test_wallet_collectibles_tab_loading_time[wallet_load_user],passed,1.393,3.241,2.138,5,"1.579,3.241,1.393,2.898,1.577"
,ad6f081d3d,2026-07-31T15:04:42,,test_wallet_repeat_open_loading_time[wallet_load_user],passed,0.569,0.632,0.596,5,"0.569,0.632,0.609,0.578,0.589"
,ad6f081d3d,2026-07-31T15:04:42,,test_wallet_account_open_loading_time[fresh_user],passed,0.163,0.163,0.163,1,0.163
,ad6f081d3d,2026-07-31T15:04:42,,test_wallet_swap_first_open_loading_time[fresh_user],passed,1.376,1.376,1.376,1,1.376
,ad6f081d3d,2026-07-31T15:04:42,,test_wallet_swap_loading_time[fresh_user],passed,0.364,0.378,0.37,5,"0.365,0.369,0.375,0.378,0.364"
,ad6f081d3d,2026-07-31T15:04:42,,test_wallet_send_first_open_loading_time[fresh_user],passed,1.076,1.076,1.076,1,1.076
,ad6f081d3d,2026-07-31T15:04:42,,test_wallet_send_loading_time[fresh_user],passed,0.364,0.663,0.435,5,"0.364,0.389,0.663,0.377,0.383"
,ad6f081d3d,2026-07-31T15:04:42,,test_wallet_add_account_first_open_loading_time[fresh_user],passed,0.614,0.614,0.614,1,0.614
,ad6f081d3d,2026-07-31T15:04:42,,test_wallet_add_account_loading_time[fresh_user],passed,0.463,0.481,0.47,5,"0.463,0.475,0.481,0.467,0.466"
,ad6f081d3d,2026-07-31T15:04:42,,test_wallet_swap_first_open_loading_time[wallet_load_user],passed,0.801,0.801,0.801,1,0.801
,ad6f081d3d,2026-07-31T15:04:42,,test_wallet_swap_loading_time[wallet_load_user],passed,0.397,0.438,0.415,5,"0.438,0.41,0.411,0.422,0.397"
,ad6f081d3d,2026-07-31T15:04:42,,test_wallet_collectibles_tab_first_open_loading_time[wallet_load_alex_user],passed,74.828,74.828,74.828,1,74.828
,ad6f081d3d,2026-07-31T15:04:42,,test_wallet_collectibles_tab_loading_time[wallet_load_alex_user],passed,4.312,12.952,7.714,5,"4.312,4.414,12.222,12.952,4.67"
,ad6f081d3d,2026-07-31T15:04:42,,test_status_community_second_open_loading_time[user_data0-user_account0],passed,2.079,2.235,2.153,5,"2.079,2.133,2.188,2.127,2.235"
,ad6f081d3d,2026-07-31T15:04:42,,test_wallet_repeat_open_loading_time[fresh_user],passed,0.38,0.456,0.414,5,"0.431,0.456,0.395,0.38,0.407"
,ad6f081d3d,2026-07-31T15:04:42,,test_wallet_receive_first_open_loading_time[wallet_load_user],passed,0.985,0.985,0.985,1,0.985
,ad6f081d3d,2026-07-31T15:04:42,,test_wallet_receive_loading_time[wallet_load_user],passed,0.277,0.335,0.304,5,"0.28,0.277,0.302,0.335,0.327"
,ad6f081d3d,2026-07-31T15:04:42,,test_wallet_activity_tab_first_open_loading_time[wallet_load_user],passed,0.656,0.656,0.656,1,0.656
,ad6f081d3d,2026-07-31T15:04:42,,test_wallet_activity_tab_loading_time[wallet_load_user],passed,0.594,0.679,0.631,5,"0.611,0.679,0.642,0.627,0.594"
,ad6f081d3d,2026-07-31T15:04:42,,test_wallet_assets_tab_first_open_loading_time[wallet_load_alex_user],passed,0.742,0.742,0.742,1,0.742
,ad6f081d3d,2026-07-31T15:04:42,,test_wallet_assets_tab_loading_time[wallet_load_alex_user],passed,1.091,1.975,1.481,5,"1.975,1.091,1.209,1.168,1.962"
,bcb30b734c,2026-08-01T04:46:45,,test_wallet_send_first_open_loading_time[fresh_user],passed,1.107,1.107,1.107,1,1.107
,bcb30b734c,2026-08-01T04:46:45,,test_wallet_send_loading_time[fresh_user],passed,0.373,1.085,0.571,5,"0.381,0.639,0.376,1.085,0.373"
,bcb30b734c,2026-08-01T04:46:45,,test_wallet_collectibles_tab_first_open_loading_time[wallet_load_user],passed,39.155,39.155,39.155,1,39.155
,bcb30b734c,2026-08-01T04:46:45,,test_wallet_collectibles_tab_loading_time[wallet_load_user],passed,1.524,3.571,2.347,5,"3.571,1.586,1.524,3.178,1.875"
,bcb30b734c,2026-08-01T04:46:45,,test_wallet_swap_first_open_loading_time[wallet_load_user],passed,1.358,1.358,1.358,1,1.358
,bcb30b734c,2026-08-01T04:46:45,,test_wallet_swap_loading_time[wallet_load_user],passed,0.386,0.433,0.412,5,"0.4,0.386,0.423,0.433,0.417"
,bcb30b734c,2026-08-01T04:46:45,,test_wallet_receive_first_open_loading_time[wallet_load_user],passed,0.565,0.565,0.565,1,0.565
,bcb30b734c,2026-08-01T04:46:45,,test_wallet_receive_loading_time[wallet_load_user],passed,0.278,0.332,0.301,5,"0.302,0.28,0.278,0.312,0.332"
,bcb30b734c,2026-08-01T04:46:45,,test_wallet_send_first_open_loading_time[wallet_load_user],passed,1.171,1.171,1.171,1,1.171
,bcb30b734c,2026-08-01T04:46:45,,test_wallet_send_loading_time[wallet_load_user],passed,0.501,1.106,0.638,5,"0.52,0.501,0.557,1.106,0.507"
,bcb30b734c,2026-08-01T04:46:45,,test_wallet_account_open_loading_time[wallet_load_user],passed,0.364,0.364,0.364,1,0.364
,bcb30b734c,2026-08-01T04:46:45,,test_wallet_swap_first_open_loading_time[wallet_load_alex_user],passed,0.779,0.779,0.779,1,0.779
,bcb30b734c,2026-08-01T04:46:45,,test_wallet_swap_loading_time[wallet_load_alex_user],passed,0.406,0.453,0.422,5,"0.453,0.406,0.419,0.416,0.416"
,bcb30b734c,2026-08-01T04:46:45,,test_wallet_collectibles_tab_first_open_loading_time[fresh_user],passed,15.977,15.977,15.977,1,15.977
,bcb30b734c,2026-08-01T04:46:45,,test_wallet_collectibles_tab_loading_time[fresh_user],passed,0.165,0.231,0.203,5,"0.165,0.18,0.231,0.209,0.231"
,bcb30b734c,2026-08-01T04:46:45,,test_status_community_first_open_loading_time[user_data0-user_account0],passed,4.105,4.105,4.105,1,4.105
,bcb30b734c,2026-08-01T04:46:45,,test_wallet_assets_tab_first_open_loading_time[wallet_load_alex_user],passed,0.626,0.626,0.626,1,0.626
,bcb30b734c,2026-08-01T04:46:45,,test_wallet_assets_tab_loading_time[wallet_load_alex_user],passed,1.067,1.995,1.378,5,"1.995,1.167,1.067,1.262,1.4"
,bcb30b734c,2026-08-01T04:46:45,,test_wallet_repeat_open_loading_time[wallet_load_user],passed,0.562,0.72,0.612,5,"0.562,0.589,0.574,0.72,0.614"
,bcb30b734c,2026-08-01T04:46:45,,test_wallet_repeat_open_loading_time[wallet_load_alex_user],passed,0.598,0.66,0.628,5,"0.643,0.66,0.616,0.598,0.622"
,bcb30b734c,2026-08-01T04:46:45,,test_wallet_activity_tab_first_open_loading_time[fresh_user],passed,0.225,0.225,0.225,1,0.225
,bcb30b734c,2026-08-01T04:46:45,,test_wallet_activity_tab_loading_time[fresh_user],passed,0.202,0.233,0.222,5,"0.233,0.217,0.231,0.202,0.227"
,bcb30b734c,2026-08-01T04:46:45,,test_wallet_activity_tab_first_open_loading_time[wallet_load_user],passed,0.716,0.716,0.716,1,0.716
,bcb30b734c,2026-08-01T04:46:45,,test_wallet_activity_tab_loading_time[wallet_load_user],passed,0.588,0.662,0.613,5,"0.612,0.588,0.601,0.603,0.662"
,bcb30b734c,2026-08-01T04:46:45,,test_wallet_receive_first_open_loading_time[wallet_load_alex_user],passed,0.593,0.593,0.593,1,0.593
,bcb30b734c,2026-08-01T04:46:45,,test_wallet_receive_loading_time[wallet_load_alex_user],passed,0.315,0.369,0.336,5,"0.328,0.326,0.342,0.315,0.369"
,bcb30b734c,2026-08-01T04:46:45,,test_wallet_activity_tab_first_open_loading_time[wallet_load_alex_user],passed,0.622,0.622,0.622,1,0.622
,bcb30b734c,2026-08-01T04:46:45,,test_wallet_activity_tab_loading_time[wallet_load_alex_user],passed,0.592,0.632,0.613,5,"0.592,0.612,0.617,0.613,0.632"
,bcb30b734c,2026-08-01T04:46:45,,test_wallet_account_open_loading_time[wallet_load_alex_user],passed,0.532,0.532,0.532,1,0.532
,bcb30b734c,2026-08-01T04:46:45,,test_wallet_assets_tab_first_open_loading_time[wallet_load_user],passed,24.013,24.013,24.013,1,24.013
,bcb30b734c,2026-08-01T04:46:45,,test_wallet_assets_tab_loading_time[wallet_load_user],passed,0.823,2.773,1.416,5,"1.7,0.823,0.852,0.932,2.773"
,bcb30b734c,2026-08-01T04:46:45,,test_wallet_add_account_first_open_loading_time[fresh_user],passed,0.661,0.661,0.661,1,0.661
,bcb30b734c,2026-08-01T04:46:45,,test_wallet_add_account_loading_time[fresh_user],passed,0.46,0.732,0.524,5,"0.468,0.732,0.491,0.46,0.47"
,bcb30b734c,2026-08-01T04:46:45,,test_wallet_repeat_open_loading_time[fresh_user],passed,0.405,0.457,0.429,5,"0.405,0.457,0.426,0.407,0.449"
,bcb30b734c,2026-08-01T04:46:45,,test_wallet_account_open_loading_time[fresh_user],passed,0.475,0.475,0.475,1,0.475
,bcb30b734c,2026-08-01T04:46:45,,test_wallet_receive_first_open_loading_time[fresh_user],passed,0.463,0.463,0.463,1,0.463
,bcb30b734c,2026-08-01T04:46:45,,test_wallet_receive_loading_time[fresh_user],passed,0.296,0.329,0.311,5,"0.329,0.298,0.317,0.296,0.316"
,bcb30b734c,2026-08-01T04:46:45,,test_status_community_second_open_loading_time[user_data0-user_account0],passed,2.052,2.178,2.119,5,"2.108,2.052,2.178,2.171,2.087"
,bcb30b734c,2026-08-01T04:46:45,,test_wallet_collectibles_tab_first_open_loading_time[wallet_load_alex_user],passed,95.039,95.039,95.039,1,95.039
,bcb30b734c,2026-08-01T04:46:45,,test_wallet_collectibles_tab_loading_time[wallet_load_alex_user],passed,8.357,54.133,22.74,5,"17.421,54.133,19.475,14.316,8.357"
,bcb30b734c,2026-08-01T04:46:45,,test_wallet_first_open_loading_time[wallet_load_user],passed,0.398,0.398,0.398,1,0.398
,bcb30b734c,2026-08-01T04:46:45,,test_wallet_send_first_open_loading_time[wallet_load_alex_user],passed,1.747,1.747,1.747,1,1.747
,bcb30b734c,2026-08-01T04:46:45,,test_wallet_send_loading_time[wallet_load_alex_user],passed,0.528,0.577,0.548,5,"0.535,0.544,0.577,0.557,0.528"
,bcb30b734c,2026-08-01T04:46:45,,test_wallet_swap_first_open_loading_time[fresh_user],passed,1.64,1.64,1.64,1,1.64
,bcb30b734c,2026-08-01T04:46:45,,test_wallet_swap_loading_time[fresh_user],passed,0.364,0.373,0.368,5,"0.366,0.364,0.373,0.367,0.37"
,bcb30b734c,2026-08-01T04:46:45,,test_wallet_add_account_first_open_loading_time[wallet_load_alex_user],passed,0.535,0.535,0.535,1,0.535
,bcb30b734c,2026-08-01T04:46:45,,test_wallet_add_account_loading_time[wallet_load_alex_user],passed,0.465,0.541,0.497,5,"0.482,0.541,0.493,0.465,0.503"
,bcb30b734c,2026-08-01T04:46:45,,test_wallet_first_open_loading_time[fresh_user],passed,0.411,0.411,0.411,1,0.411
,bcb30b734c,2026-08-01T04:46:45,,test_wallet_first_open_loading_time[wallet_load_alex_user],passed,0.289,0.289,0.289,1,0.289
,bcb30b734c,2026-08-01T04:46:45,,test_wallet_add_account_first_open_loading_time[wallet_load_user],passed,0.539,0.539,0.539,1,0.539
,bcb30b734c,2026-08-01T04:46:45,,test_wallet_add_account_loading_time[wallet_load_user],passed,0.469,0.519,0.495,5,"0.469,0.475,0.497,0.514,0.519"
,bcb30b734c,2026-08-01T04:46:45,,test_wallet_assets_tab_first_open_loading_time[fresh_user],passed,14.229,14.229,14.229,1,14.229
,bcb30b734c,2026-08-01T04:46:45,,test_wallet_assets_tab_loading_time[fresh_user],passed,0.339,0.36,0.351,5,"0.351,0.356,0.347,0.36,0.339"
,bcb30b734c,2026-08-02T04:46:10,,test_wallet_repeat_open_loading_time[wallet_load_user],passed,0.532,0.666,0.587,5,"0.599,0.532,0.557,0.581,0.666"
,bcb30b734c,2026-08-02T04:46:10,,test_wallet_collectibles_tab_first_open_loading_time[fresh_user],passed,16.426,16.426,16.426,1,16.426
,bcb30b734c,2026-08-02T04:46:10,,test_wallet_collectibles_tab_loading_time[fresh_user],passed,0.144,0.151,0.147,5,"0.151,0.144,0.144,0.149,0.149"
,bcb30b734c,2026-08-02T04:46:10,,test_wallet_repeat_open_loading_time[fresh_user],passed,0.398,0.446,0.427,5,"0.407,0.441,0.446,0.398,0.442"
,bcb30b734c,2026-08-02T04:46:10,,test_wallet_activity_tab_first_open_loading_time[wallet_load_user],passed,0.699,0.699,0.699,1,0.699
,bcb30b734c,2026-08-02T04:46:10,,test_wallet_activity_tab_loading_time[wallet_load_user],passed,0.585,0.834,0.641,5,"0.601,0.585,0.591,0.594,0.834"
,bcb30b734c,2026-08-02T04:46:10,,test_wallet_add_account_first_open_loading_time[wallet_load_user],passed,0.558,0.558,0.558,1,0.558
,bcb30b734c,2026-08-02T04:46:10,,test_wallet_add_account_loading_time[wallet_load_user],passed,0.483,0.528,0.511,5,"0.483,0.519,0.509,0.513,0.528"
,bcb30b734c,2026-08-02T04:46:10,,test_wallet_collectibles_tab_first_open_loading_time[wallet_load_user],passed,39.243,39.243,39.243,1,39.243
,bcb30b734c,2026-08-02T04:46:10,,test_wallet_collectibles_tab_loading_time[wallet_load_user],passed,1.475,3.972,2.309,5,"1.555,2.597,1.475,3.972,1.948"
,bcb30b734c,2026-08-02T04:46:10,,test_wallet_swap_first_open_loading_time[wallet_load_alex_user],passed,0.844,0.844,0.844,1,0.844
,bcb30b734c,2026-08-02T04:46:10,,test_wallet_swap_loading_time[wallet_load_alex_user],passed,0.37,0.416,0.399,5,"0.412,0.416,0.414,0.381,0.37"
,bcb30b734c,2026-08-02T04:46:10,,test_wallet_receive_first_open_loading_time[wallet_load_alex_user],passed,0.497,0.497,0.497,1,0.497
,bcb30b734c,2026-08-02T04:46:10,,test_wallet_receive_loading_time[wallet_load_alex_user],passed,0.28,0.372,0.319,5,"0.328,0.281,0.28,0.332,0.372"
,bcb30b734c,2026-08-02T04:46:10,,test_wallet_swap_first_open_loading_time[wallet_load_user],passed,1.241,1.241,1.241,1,1.241
,bcb30b734c,2026-08-02T04:46:10,,test_wallet_swap_loading_time[wallet_load_user],passed,0.416,0.485,0.432,5,"0.417,0.416,0.423,0.418,0.485"
,bcb30b734c,2026-08-02T04:46:10,,test_wallet_first_open_loading_time[wallet_load_alex_user],passed,0.43,0.43,0.43,1,0.43
,bcb30b734c,2026-08-02T04:46:10,,test_wallet_activity_tab_first_open_loading_time[wallet_load_alex_user],passed,0.669,0.669,0.669,1,0.669
,bcb30b734c,2026-08-02T04:46:10,,test_wallet_activity_tab_loading_time[wallet_load_alex_user],passed,0.6,0.619,0.611,5,"0.609,0.616,0.613,0.6,0.619"
,bcb30b734c,2026-08-02T04:46:10,,test_status_community_first_open_loading_time[user_data0-user_account0],passed,3.181,3.181,3.181,1,3.181
,bcb30b734c,2026-08-02T04:46:10,,test_wallet_account_open_loading_time[wallet_load_user],passed,0.335,0.335,0.335,1,0.335
,bcb30b734c,2026-08-02T04:46:10,,test_wallet_first_open_loading_time[fresh_user],passed,0.66,0.66,0.66,1,0.66
,bcb30b734c,2026-08-02T04:46:10,,test_wallet_assets_tab_first_open_loading_time[wallet_load_alex_user],passed,1.041,1.041,1.041,1,1.041
,bcb30b734c,2026-08-02T04:46:10,,test_wallet_assets_tab_loading_time[wallet_load_alex_user],passed,1.045,1.992,1.319,5,"1.992,1.045,1.103,1.317,1.138"
,bcb30b734c,2026-08-02T04:46:10,,test_wallet_activity_tab_first_open_loading_time[fresh_user],passed,0.219,0.219,0.219,1,0.219
,bcb30b734c,2026-08-02T04:46:10,,test_wallet_activity_tab_loading_time[fresh_user],passed,0.196,0.229,0.21,5,"0.214,0.212,0.229,0.196,0.2"
,bcb30b734c,2026-08-02T04:46:10,,test_wallet_send_first_open_loading_time[wallet_load_user],passed,1.544,1.544,1.544,1,1.544
,bcb30b734c,2026-08-02T04:46:10,,test_wallet_send_loading_time[wallet_load_user],passed,0.502,0.532,0.516,5,"0.502,0.516,0.512,0.518,0.532"
,bcb30b734c,2026-08-02T04:46:10,,test_status_community_second_open_loading_time[user_data0-user_account0],passed,2.089,2.203,2.135,5,"2.203,2.089,2.134,2.132,2.115"
,bcb30b734c,2026-08-02T04:46:10,,test_wallet_collectibles_tab_first_open_loading_time[wallet_load_alex_user],passed,63.588,63.588,63.588,1,63.588
,bcb30b734c,2026-08-02T04:46:10,,test_wallet_collectibles_tab_loading_time[wallet_load_alex_user],passed,0.176,0.253,0.21,5,"0.213,0.253,0.201,0.208,0.176"
,bcb30b734c,2026-08-02T04:46:10,,test_wallet_assets_tab_first_open_loading_time[wallet_load_user],passed,21.138,21.138,21.138,1,21.138
,bcb30b734c,2026-08-02T04:46:10,,test_wallet_assets_tab_loading_time[wallet_load_user],passed,0.816,1.973,1.099,5,"1.973,0.916,0.828,0.816,0.962"
,bcb30b734c,2026-08-02T04:46:10,,test_wallet_swap_first_open_loading_time[fresh_user],passed,1.638,1.638,1.638,1,1.638
,bcb30b734c,2026-08-02T04:46:10,,test_wallet_swap_loading_time[fresh_user],passed,0.365,0.4,0.38,5,"0.398,0.4,0.367,0.365,0.373"
,bcb30b734c,2026-08-02T04:46:10,,test_wallet_account_open_loading_time[fresh_user],passed,0.177,0.177,0.177,1,0.177
,bcb30b734c,2026-08-02T04:46:10,,test_wallet_repeat_open_loading_time[wallet_load_alex_user],passed,0.519,0.579,0.551,5,"0.553,0.579,0.547,0.519,0.556"
,bcb30b734c,2026-08-02T04:46:10,,test_wallet_receive_first_open_loading_time[wallet_load_user],passed,0.562,0.562,0.562,1,0.562
,bcb30b734c,2026-08-02T04:46:10,,test_wallet_receive_loading_time[wallet_load_user],passed,0.279,0.346,0.315,5,"0.335,0.279,0.281,0.335,0.346"
,bcb30b734c,2026-08-02T04:46:10,,test_wallet_send_first_open_loading_time[fresh_user],passed,1.392,1.392,1.392,1,1.392
,bcb30b734c,2026-08-02T04:46:10,,test_wallet_send_loading_time[fresh_user],passed,0.367,0.684,0.436,5,"0.38,0.375,0.684,0.372,0.367"
,bcb30b734c,2026-08-02T04:46:10,,test_wallet_send_first_open_loading_time[wallet_load_alex_user],passed,1.231,1.231,1.231,1,1.231
,bcb30b734c,2026-08-02T04:46:10,,test_wallet_send_loading_time[wallet_load_alex_user],passed,0.471,0.557,0.523,5,"0.524,0.519,0.471,0.544,0.557"
,bcb30b734c,2026-08-02T04:46:10,,test_wallet_account_open_loading_time[wallet_load_alex_user],passed,0.357,0.357,0.357,1,0.357
,bcb30b734c,2026-08-02T04:46:10,,test_wallet_first_open_loading_time[wallet_load_user],passed,0.21,0.21,0.21,1,0.21
,bcb30b734c,2026-08-02T04:46:10,,test_wallet_receive_first_open_loading_time[fresh_user],passed,0.487,0.487,0.487,1,0.487
,bcb30b734c,2026-08-02T04:46:10,,test_wallet_receive_loading_time[fresh_user],passed,0.308,0.604,0.373,5,"0.33,0.308,0.308,0.316,0.604"
,bcb30b734c,2026-08-02T04:46:10,,test_wallet_assets_tab_first_open_loading_time[fresh_user],passed,13.639,13.639,13.639,1,13.639
,bcb30b734c,2026-08-02T04:46:10,,test_wallet_assets_tab_loading_time[fresh_user],passed,0.344,0.436,0.383,5,"0.344,0.346,0.397,0.436,0.39"
,bcb30b734c,2026-08-02T04:46:10,,test_wallet_add_account_first_open_loading_time[wallet_load_alex_user],passed,0.537,0.537,0.537,1,0.537
,bcb30b734c,2026-08-02T04:46:10,,test_wallet_add_account_loading_time[wallet_load_alex_user],passed,0.422,0.496,0.472,5,"0.484,0.483,0.496,0.478,0.422"
,bcb30b734c,2026-08-02T04:46:10,,test_wallet_add_account_first_open_loading_time[fresh_user],passed,0.671,0.671,0.671,1,0.671
,bcb30b734c,2026-08-02T04:46:10,,test_wallet_add_account_loading_time[fresh_user],passed,0.458,0.755,0.524,5,"0.461,0.478,0.755,0.468,0.458"
,bcb30b734c,2026-08-03T05:34:02,,test_wallet_swap_first_open_loading_time[wallet_load_user],passed,0.75,0.75,0.75,1,0.75
,bcb30b734c,2026-08-03T05:34:02,,test_wallet_swap_loading_time[wallet_load_user],passed,0.393,0.419,0.41,5,"0.419,0.393,0.416,0.406,0.416"
,bcb30b734c,2026-08-03T05:34:02,,test_wallet_add_account_first_open_loading_time[fresh_user],passed,0.666,0.666,0.666,1,0.666
,bcb30b734c,2026-08-03T05:34:02,,test_wallet_add_account_loading_time[fresh_user],passed,0.453,0.495,0.475,5,"0.453,0.484,0.495,0.468,0.477"
,bcb30b734c,2026-08-03T05:34:02,,test_wallet_add_account_first_open_loading_time[wallet_load_alex_user],passed,0.648,0.648,0.648,1,0.648
,bcb30b734c,2026-08-03T05:34:02,,test_wallet_add_account_loading_time[wallet_load_alex_user],passed,0.469,0.526,0.493,5,"0.526,0.487,0.475,0.51,0.469"
,bcb30b734c,2026-08-03T05:34:02,,test_wallet_receive_first_open_loading_time[wallet_load_alex_user],passed,0.923,0.923,0.923,1,0.923
,bcb30b734c,2026-08-03T05:34:02,,test_wallet_receive_loading_time[wallet_load_alex_user],passed,0.325,0.346,0.337,5,"0.332,0.344,0.346,0.336,0.325"
,bcb30b734c,2026-08-03T05:34:02,,test_wallet_activity_tab_first_open_loading_time[fresh_user],passed,0.225,0.225,0.225,1,0.225
,bcb30b734c,2026-08-03T05:34:02,,test_wallet_activity_tab_loading_time[fresh_user],passed,0.198,0.236,0.22,5,"0.236,0.198,0.227,0.219,0.219"
,bcb30b734c,2026-08-03T05:34:02,,test_wallet_collectibles_tab_first_open_loading_time[fresh_user],passed,16.399,16.399,16.399,1,16.399
,bcb30b734c,2026-08-03T05:34:02,,test_wallet_collectibles_tab_loading_time[fresh_user],passed,0.152,0.198,0.175,5,"0.161,0.152,0.18,0.198,0.183"
,bcb30b734c,2026-08-03T05:34:02,,test_wallet_repeat_open_loading_time[wallet_load_user],passed,0.539,0.637,0.583,5,"0.543,0.604,0.539,0.637,0.594"
,bcb30b734c,2026-08-03T05:34:02,,test_wallet_activity_tab_first_open_loading_time[wallet_load_user],passed,0.591,0.591,0.591,1,0.591
,bcb30b734c,2026-08-03T05:34:02,,test_wallet_activity_tab_loading_time[wallet_load_user],passed,0.591,0.65,0.608,5,"0.598,0.65,0.591,0.6,0.602"
,bcb30b734c,2026-08-03T05:34:02,,test_wallet_swap_first_open_loading_time[wallet_load_alex_user],passed,1.203,1.203,1.203,1,1.203
,bcb30b734c,2026-08-03T05:34:02,,test_wallet_swap_loading_time[wallet_load_alex_user],passed,0.39,0.452,0.411,5,"0.452,0.413,0.402,0.395,0.39"
,bcb30b734c,2026-08-03T05:34:02,,test_wallet_repeat_open_loading_time[wallet_load_alex_user],passed,0.558,0.652,0.609,5,"0.559,0.558,0.652,0.631,0.644"
,bcb30b734c,2026-08-03T05:34:02,,test_wallet_assets_tab_first_open_loading_time[fresh_user],passed,14.526,14.526,14.526,1,14.526
,bcb30b734c,2026-08-03T05:34:02,,test_wallet_assets_tab_loading_time[fresh_user],passed,0.328,0.42,0.367,5,"0.328,0.367,0.366,0.354,0.42"
,bcb30b734c,2026-08-03T05:34:02,,test_wallet_receive_first_open_loading_time[wallet_load_user],passed,1.169,1.169,1.169,1,1.169
,bcb30b734c,2026-08-03T05:34:02,,test_wallet_receive_loading_time[wallet_load_user],passed,0.278,0.329,0.302,5,"0.291,0.278,0.286,0.329,0.324"
,bcb30b734c,2026-08-03T05:34:02,,test_wallet_send_first_open_loading_time[fresh_user],passed,1.085,1.085,1.085,1,1.085
,bcb30b734c,2026-08-03T05:34:02,,test_wallet_send_loading_time[fresh_user],passed,0.356,0.376,0.366,5,"0.368,0.361,0.376,0.356,0.367"
,bcb30b734c,2026-08-03T05:34:02,,test_wallet_send_first_open_loading_time[wallet_load_alex_user],passed,1.086,1.086,1.086,1,1.086
,bcb30b734c,2026-08-03T05:34:02,,test_wallet_send_loading_time[wallet_load_alex_user],passed,0.396,0.495,0.433,5,"0.495,0.424,0.396,0.42,0.427"
,bcb30b734c,2026-08-03T05:34:02,,test_status_community_first_open_loading_time[user_data0-user_account0],passed,3.545,3.545,3.545,1,3.545
,bcb30b734c,2026-08-03T05:34:02,,test_wallet_first_open_loading_time[wallet_load_alex_user],passed,0.293,0.293,0.293,1,0.293
,bcb30b734c,2026-08-03T05:34:02,,test_wallet_repeat_open_loading_time[fresh_user],passed,0.405,0.44,0.422,5,"0.43,0.426,0.405,0.412,0.44"
,bcb30b734c,2026-08-03T05:34:02,,test_wallet_activity_tab_first_open_loading_time[wallet_load_alex_user],passed,0.692,0.692,0.692,1,0.692
,bcb30b734c,2026-08-03T05:34:02,,test_wallet_activity_tab_loading_time[wallet_load_alex_user],passed,0.599,0.67,0.639,5,"0.599,0.633,0.649,0.645,0.67"
,bcb30b734c,2026-08-03T05:34:02,,test_wallet_first_open_loading_time[wallet_load_user],passed,0.27,0.27,0.27,1,0.27
,bcb30b734c,2026-08-03T05:34:02,,test_wallet_first_open_loading_time[fresh_user],passed,0.397,0.397,0.397,1,0.397
,bcb30b734c,2026-08-03T05:34:02,,test_wallet_send_first_open_loading_time[wallet_load_user],passed,1.169,1.169,1.169,1,1.169
,bcb30b734c,2026-08-03T05:34:02,,test_wallet_send_loading_time[wallet_load_user],passed,0.496,0.54,0.512,5,"0.505,0.496,0.504,0.514,0.54"
,bcb30b734c,2026-08-03T05:34:02,,test_wallet_collectibles_tab_first_open_loading_time[wallet_load_alex_user],passed,72.005,72.005,72.005,1,72.005
,bcb30b734c,2026-08-03T05:34:02,,test_wallet_collectibles_tab_loading_time[wallet_load_alex_user],passed,7.405,19.129,13.65,5,"14.77,10.578,7.405,19.129,16.365"
,bcb30b734c,2026-08-03T05:34:02,,test_wallet_assets_tab_first_open_loading_time[wallet_load_user],passed,19.654,19.654,19.654,1,19.654
,bcb30b734c,2026-08-03T05:34:02,,test_wallet_assets_tab_loading_time[wallet_load_user],passed,0.841,1.406,1.059,5,"1.406,1.043,0.841,1.09,0.916"
,bcb30b734c,2026-08-03T05:34:02,,test_wallet_account_open_loading_time[wallet_load_user],passed,0.462,0.462,0.462,1,0.462
,bcb30b734c,2026-08-03T05:34:02,,test_wallet_assets_tab_first_open_loading_time[wallet_load_alex_user],passed,0.675,0.675,0.675,1,0.675
,bcb30b734c,2026-08-03T05:34:02,,test_wallet_assets_tab_loading_time[wallet_load_alex_user],passed,1.076,2.084,1.322,5,"2.084,1.094,1.092,1.076,1.263"
,bcb30b734c,2026-08-03T05:34:02,,test_wallet_add_account_first_open_loading_time[wallet_load_user],passed,0.56,0.56,0.56,1,0.56
,bcb30b734c,2026-08-03T05:34:02,,test_wallet_add_account_loading_time[wallet_load_user],passed,0.474,0.504,0.488,5,"0.487,0.481,0.491,0.504,0.474"
,bcb30b734c,2026-08-03T05:34:02,,test_wallet_receive_first_open_loading_time[fresh_user],passed,0.483,0.483,0.483,1,0.483
,bcb30b734c,2026-08-03T05:34:02,,test_wallet_receive_loading_time[fresh_user],passed,0.305,0.314,0.31,5,"0.314,0.314,0.309,0.305,0.309"
,bcb30b734c,2026-08-03T05:34:02,,test_wallet_account_open_loading_time[wallet_load_alex_user],passed,0.453,0.453,0.453,1,0.453
,bcb30b734c,2026-08-03T05:34:02,,test_wallet_account_open_loading_time[fresh_user],passed,0.179,0.179,0.179,1,0.179
,bcb30b734c,2026-08-03T05:34:02,,test_wallet_collectibles_tab_first_open_loading_time[wallet_load_user],passed,40.638,40.638,40.638,1,40.638
,bcb30b734c,2026-08-03T05:34:02,,test_wallet_collectibles_tab_loading_time[wallet_load_user],passed,1.525,3.663,2.028,5,"1.693,1.527,1.525,3.663,1.732"
,bcb30b734c,2026-08-03T05:34:02,,test_status_community_second_open_loading_time[user_data0-user_account0],passed,2.101,2.247,2.157,5,"2.247,2.145,2.15,2.142,2.101"
,bcb30b734c,2026-08-03T05:34:02,,test_wallet_swap_first_open_loading_time[fresh_user],passed,1.319,1.319,1.319,1,1.319
,bcb30b734c,2026-08-03T05:34:02,,test_wallet_swap_loading_time[fresh_user],passed,0.359,0.377,0.367,5,"0.377,0.36,0.373,0.365,0.359"
,dcaece26da,2026-08-03T10:58:29,,test_wallet_swap_first_open_loading_time[fresh_user],passed,1.755,1.755,1.755,1,1.755
,dcaece26da,2026-08-03T10:58:29,,test_wallet_swap_loading_time[fresh_user],passed,0.368,0.388,0.375,5,"0.37,0.373,0.368,0.388,0.374"
,dcaece26da,2026-08-03T10:58:29,,test_wallet_account_open_loading_time[fresh_user],passed,0.176,0.176,0.176,1,0.176
,dcaece26da,2026-08-03T10:58:29,,test_wallet_receive_first_open_loading_time[fresh_user],passed,0.478,0.478,0.478,1,0.478
,dcaece26da,2026-08-03T10:58:29,,test_wallet_receive_loading_time[fresh_user],passed,0.304,0.556,0.36,5,"0.307,0.556,0.319,0.304,0.313"
,dcaece26da,2026-08-03T10:58:29,,test_wallet_repeat_open_loading_time[wallet_load_alex_user],passed,0.56,0.661,0.596,5,"0.58,0.56,0.661,0.617,0.563"
,dcaece26da,2026-08-03T10:58:29,,test_wallet_swap_first_open_loading_time[wallet_load_alex_user],passed,0.798,0.798,0.798,1,0.798
,dcaece26da,2026-08-03T10:58:29,,test_wallet_swap_loading_time[wallet_load_alex_user],passed,0.357,0.423,0.391,5,"0.423,0.416,0.357,0.379,0.381"
,dcaece26da,2026-08-03T10:58:29,,test_wallet_first_open_loading_time[wallet_load_user],passed,0.205,0.205,0.205,1,0.205
,dcaece26da,2026-08-03T10:58:29,,test_wallet_collectibles_tab_first_open_loading_time[wallet_load_alex_user],passed,56.112,56.112,56.112,1,56.112
,dcaece26da,2026-08-03T10:58:29,,test_wallet_collectibles_tab_loading_time[wallet_load_alex_user],passed,4.04,18.228,8.192,5,"5.179,4.04,18.228,4.885,8.626"
,dcaece26da,2026-08-03T10:58:29,,test_status_community_second_open_loading_time[user_data0-user_account0],passed,2.103,2.141,2.119,5,"2.122,2.103,2.123,2.107,2.141"
,dcaece26da,2026-08-03T10:58:29,,test_wallet_first_open_loading_time[fresh_user],passed,0.464,0.464,0.464,1,0.464
,dcaece26da,2026-08-03T10:58:29,,test_wallet_assets_tab_first_open_loading_time[wallet_load_user],passed,21.698,21.698,21.698,1,21.698
,dcaece26da,2026-08-03T10:58:29,,test_wallet_assets_tab_loading_time[wallet_load_user],passed,0.771,1.919,1.057,5,"1.919,0.896,0.91,0.788,0.771"
,dcaece26da,2026-08-03T10:58:29,,test_wallet_account_open_loading_time[wallet_load_alex_user],passed,0.375,0.375,0.375,1,0.375
,dcaece26da,2026-08-03T10:58:29,,test_wallet_account_open_loading_time[wallet_load_user],passed,0.436,0.436,0.436,1,0.436
,dcaece26da,2026-08-03T10:58:29,,test_wallet_activity_tab_first_open_loading_time[wallet_load_alex_user],passed,0.733,0.733,0.733,1,0.733
,dcaece26da,2026-08-03T10:58:29,,test_wallet_activity_tab_loading_time[wallet_load_alex_user],passed,0.589,0.626,0.608,5,"0.599,0.623,0.605,0.589,0.626"
,dcaece26da,2026-08-03T10:58:29,,test_wallet_send_first_open_loading_time[fresh_user],passed,1.102,1.102,1.102,1,1.102
,dcaece26da,2026-08-03T10:58:29,,test_wallet_send_loading_time[fresh_user],passed,0.381,0.39,0.384,5,"0.381,0.39,0.387,0.381,0.382"
,dcaece26da,2026-08-03T10:58:29,,test_wallet_activity_tab_first_open_loading_time[fresh_user],passed,0.226,0.226,0.226,1,0.226
,dcaece26da,2026-08-03T10:58:29,,test_wallet_activity_tab_loading_time[fresh_user],passed,0.201,0.242,0.224,5,"0.242,0.228,0.225,0.201,0.221"
,dcaece26da,2026-08-03T10:58:29,,test_wallet_assets_tab_first_open_loading_time[fresh_user],passed,13.223,13.223,13.223,1,13.223
,dcaece26da,2026-08-03T10:58:29,,test_wallet_assets_tab_loading_time[fresh_user],passed,0.289,0.351,0.335,5,"0.351,0.343,0.341,0.35,0.289"
,dcaece26da,2026-08-03T10:58:29,,test_wallet_receive_first_open_loading_time[wallet_load_alex_user],passed,1.214,1.214,1.214,1,1.214
,dcaece26da,2026-08-03T10:58:29,,test_wallet_receive_loading_time[wallet_load_alex_user],passed,0.332,0.355,0.34,5,"0.338,0.34,0.332,0.355,0.335"
,dcaece26da,2026-08-03T10:58:29,,test_wallet_collectibles_tab_first_open_loading_time[fresh_user],passed,15.731,15.731,15.731,1,15.731
,dcaece26da,2026-08-03T10:58:29,,test_wallet_collectibles_tab_loading_time[fresh_user],passed,0.147,0.171,0.16,5,"0.154,0.157,0.147,0.17,0.171"
,dcaece26da,2026-08-03T10:58:29,,test_wallet_add_account_first_open_loading_time[wallet_load_alex_user],passed,0.564,0.564,0.564,1,0.564
,dcaece26da,2026-08-03T10:58:29,,test_wallet_add_account_loading_time[wallet_load_alex_user],passed,0.407,0.503,0.469,5,"0.476,0.472,0.487,0.503,0.407"
,dcaece26da,2026-08-03T10:58:29,,test_wallet_receive_first_open_loading_time[wallet_load_user],passed,0.495,0.495,0.495,1,0.495
,dcaece26da,2026-08-03T10:58:29,,test_wallet_receive_loading_time[wallet_load_user],passed,0.283,0.324,0.301,5,"0.324,0.286,0.283,0.31,0.301"
,dcaece26da,2026-08-03T10:58:29,,test_wallet_repeat_open_loading_time[fresh_user],passed,0.417,0.466,0.438,5,"0.423,0.466,0.444,0.417,0.438"
,dcaece26da,2026-08-03T10:58:29,,test_status_community_first_open_loading_time[user_data0-user_account0],passed,3.108,3.108,3.108,1,3.108
,dcaece26da,2026-08-03T10:58:29,,test_wallet_add_account_first_open_loading_time[wallet_load_user],passed,0.553,0.553,0.553,1,0.553
,dcaece26da,2026-08-03T10:58:29,,test_wallet_add_account_loading_time[wallet_load_user],passed,0.478,0.51,0.49,5,"0.51,0.478,0.484,0.49,0.489"
,dcaece26da,2026-08-03T10:58:29,,test_wallet_first_open_loading_time[wallet_load_alex_user],passed,0.207,0.207,0.207,1,0.207
,dcaece26da,2026-08-03T10:58:29,,test_wallet_collectibles_tab_first_open_loading_time[wallet_load_user],passed,40.346,40.346,40.346,1,40.346
,dcaece26da,2026-08-03T10:58:29,,test_wallet_collectibles_tab_loading_time[wallet_load_user],passed,1.377,1.871,1.634,5,"1.871,1.526,1.615,1.782,1.377"
,dcaece26da,2026-08-03T10:58:29,,test_wallet_send_first_open_loading_time[wallet_load_alex_user],passed,1.582,1.582,1.582,1,1.582
,dcaece26da,2026-08-03T10:58:29,,test_wallet_send_loading_time[wallet_load_alex_user],passed,0.46,0.51,0.486,5,"0.483,0.481,0.497,0.51,0.46"
,dcaece26da,2026-08-03T10:58:29,,test_wallet_repeat_open_loading_time[wallet_load_user],passed,0.551,0.634,0.583,5,"0.634,0.551,0.556,0.583,0.593"
,dcaece26da,2026-08-03T10:58:29,,test_wallet_send_first_open_loading_time[wallet_load_user],passed,1.229,1.229,1.229,1,1.229
,dcaece26da,2026-08-03T10:58:29,,test_wallet_send_loading_time[wallet_load_user],passed,0.487,0.511,0.495,5,"0.491,0.487,0.497,0.511,0.488"
,dcaece26da,2026-08-03T10:58:29,,test_wallet_swap_first_open_loading_time[wallet_load_user],passed,1.286,1.286,1.286,1,1.286
,dcaece26da,2026-08-03T10:58:29,,test_wallet_swap_loading_time[wallet_load_user],passed,0.39,0.442,0.408,5,"0.398,0.39,0.413,0.398,0.442"
,dcaece26da,2026-08-03T10:58:29,,test_wallet_assets_tab_first_open_loading_time[wallet_load_alex_user],passed,0.598,0.598,0.598,1,0.598
,dcaece26da,2026-08-03T10:58:29,,test_wallet_assets_tab_loading_time[wallet_load_alex_user],passed,1.086,1.961,1.32,5,"1.961,1.124,1.301,1.086,1.126"
,dcaece26da,2026-08-03T10:58:29,,test_wallet_add_account_first_open_loading_time[fresh_user],passed,0.631,0.631,0.631,1,0.631
,dcaece26da,2026-08-03T10:58:29,,test_wallet_add_account_loading_time[fresh_user],passed,0.448,0.473,0.461,5,"0.452,0.448,0.473,0.466,0.467"
,dcaece26da,2026-08-03T10:58:29,,test_wallet_activity_tab_first_open_loading_time[wallet_load_user],passed,0.655,0.655,0.655,1,0.655
,dcaece26da,2026-08-03T10:58:29,,test_wallet_activity_tab_loading_time[wallet_load_user],passed,0.589,0.904,0.66,5,"0.605,0.604,0.598,0.589,0.904"
,1efa7ea300,2026-08-03T15:34:11,,test_wallet_repeat_open_loading_time[wallet_load_alex_user],passed,0.52,0.613,0.585,5,"0.52,0.602,0.594,0.597,0.613"
,1efa7ea300,2026-08-03T15:34:11,,test_status_community_second_open_loading_time[user_data0-user_account0],passed,2.064,2.147,2.117,5,"2.147,2.064,2.133,2.12,2.122"
,1efa7ea300,2026-08-03T15:34:11,,test_wallet_collectibles_tab_first_open_loading_time[fresh_user],passed,16.63,16.63,16.63,1,16.63
,1efa7ea300,2026-08-03T15:34:11,,test_wallet_collectibles_tab_loading_time[fresh_user],passed,0.145,0.198,0.162,5,"0.168,0.198,0.152,0.145,0.145"
,1efa7ea300,2026-08-03T15:34:11,,test_wallet_activity_tab_first_open_loading_time[wallet_load_user],passed,0.634,0.634,0.634,1,0.634
,1efa7ea300,2026-08-03T15:34:11,,test_wallet_activity_tab_loading_time[wallet_load_user],passed,0.588,0.859,0.647,5,"0.598,0.596,0.588,0.593,0.859"
,1efa7ea300,2026-08-03T15:34:11,,test_wallet_receive_first_open_loading_time[wallet_load_user],passed,0.541,0.541,0.541,1,0.541
,1efa7ea300,2026-08-03T15:34:11,,test_wallet_receive_loading_time[wallet_load_user],passed,0.28,0.325,0.299,5,"0.297,0.28,0.286,0.308,0.325"
,1efa7ea300,2026-08-03T15:34:11,,test_wallet_collectibles_tab_first_open_loading_time[wallet_load_alex_user],passed,69.383,69.383,69.383,1,69.383
,1efa7ea300,2026-08-03T15:34:11,,test_wallet_collectibles_tab_loading_time[wallet_load_alex_user],passed,4.754,20.225,10.639,5,"20.225,14.719,4.754,8.617,4.879"
,1efa7ea300,2026-08-03T15:34:11,,test_wallet_assets_tab_first_open_loading_time[wallet_load_user],passed,23.72,23.72,23.72,1,23.72
,1efa7ea300,2026-08-03T15:34:11,,test_wallet_assets_tab_loading_time[wallet_load_user],passed,0.876,1.882,1.303,5,"1.882,1.039,0.876,1.274,1.445"
,1efa7ea300,2026-08-03T15:34:11,,test_wallet_receive_first_open_loading_time[fresh_user],passed,0.481,0.481,0.481,1,0.481
,1efa7ea300,2026-08-03T15:34:11,,test_wallet_receive_loading_time[fresh_user],passed,0.294,0.331,0.308,5,"0.331,0.311,0.304,0.298,0.294"
,1efa7ea300,2026-08-03T15:34:11,,test_wallet_assets_tab_first_open_loading_time[fresh_user],passed,14.048,14.048,14.048,1,14.048
,1efa7ea300,2026-08-03T15:34:11,,test_wallet_assets_tab_loading_time[fresh_user],passed,0.329,0.45,0.368,5,"0.358,0.351,0.352,0.45,0.329"
,1efa7ea300,2026-08-03T15:34:11,,test_wallet_swap_first_open_loading_time[wallet_load_alex_user],passed,1.041,1.041,1.041,1,1.041
,1efa7ea300,2026-08-03T15:34:11,,test_wallet_swap_loading_time[wallet_load_alex_user],passed,0.391,0.476,0.422,5,"0.476,0.414,0.412,0.42,0.391"
,1efa7ea300,2026-08-03T15:34:11,,test_wallet_account_open_loading_time[wallet_load_user],passed,0.43,0.43,0.43,1,0.43
,1efa7ea300,2026-08-03T15:34:11,,test_wallet_first_open_loading_time[wallet_load_user],passed,0.148,0.148,0.148,1,0.148
,1efa7ea300,2026-08-03T15:34:11,,test_wallet_repeat_open_loading_time[wallet_load_user],passed,0.568,0.664,0.614,5,"0.664,0.635,0.588,0.618,0.568"
,1efa7ea300,2026-08-03T15:34:11,,test_wallet_first_open_loading_time[wallet_load_alex_user],passed,0.297,0.297,0.297,1,0.297
,1efa7ea300,2026-08-03T15:34:11,,test_wallet_add_account_first_open_loading_time[wallet_load_alex_user],passed,0.557,0.557,0.557,1,0.557
,1efa7ea300,2026-08-03T15:34:11,,test_wallet_add_account_loading_time[wallet_load_alex_user],passed,0.4,0.495,0.45,5,"0.491,0.495,0.4,0.403,0.461"
,1efa7ea300,2026-08-03T15:34:11,,test_wallet_assets_tab_first_open_loading_time[wallet_load_alex_user],passed,0.497,0.497,0.497,1,0.497
,1efa7ea300,2026-08-03T15:34:11,,test_wallet_assets_tab_loading_time[wallet_load_alex_user],passed,1.1,1.583,1.305,5,"1.583,1.287,1.314,1.1,1.241"
,1efa7ea300,2026-08-03T15:34:11,,test_wallet_activity_tab_first_open_loading_time[wallet_load_alex_user],passed,0.708,0.708,0.708,1,0.708
,1efa7ea300,2026-08-03T15:34:11,,test_wallet_activity_tab_loading_time[wallet_load_alex_user],passed,0.622,0.633,0.627,5,"0.626,0.623,0.622,0.633,0.631"
,1efa7ea300,2026-08-03T15:34:11,,test_wallet_account_open_loading_time[fresh_user],passed,0.169,0.169,0.169,1,0.169
,1efa7ea300,2026-08-03T15:34:11,,test_status_community_first_open_loading_time[user_data0-user_account0],passed,3.163,3.163,3.163,1,3.163
,1efa7ea300,2026-08-03T15:34:11,,test_wallet_send_first_open_loading_time[wallet_load_user],passed,1.151,1.151,1.151,1,1.151
,1efa7ea300,2026-08-03T15:34:11,,test_wallet_send_loading_time[wallet_load_user],passed,0.488,0.506,0.496,5,"0.506,0.499,0.491,0.488,0.496"
,1efa7ea300,2026-08-03T15:34:11,,test_wallet_swap_first_open_loading_time[wallet_load_user],passed,1.192,1.192,1.192,1,1.192
,1efa7ea300,2026-08-03T15:34:11,,test_wallet_swap_loading_time[wallet_load_user],passed,0.406,0.445,0.416,5,"0.407,0.406,0.407,0.445,0.417"
,1efa7ea300,2026-08-03T15:34:11,,test_wallet_receive_first_open_loading_time[wallet_load_alex_user],passed,0.494,0.494,0.494,1,0.494
,1efa7ea300,2026-08-03T15:34:11,,test_wallet_receive_loading_time[wallet_load_alex_user],passed,0.335,0.344,0.338,5,"0.338,0.337,0.335,0.335,0.344"
,1efa7ea300,2026-08-03T15:34:11,,test_wallet_account_open_loading_time[wallet_load_alex_user],passed,0.714,0.714,0.714,1,0.714
,1efa7ea300,2026-08-03T15:34:11,,test_wallet_add_account_first_open_loading_time[fresh_user],passed,0.657,0.657,0.657,1,0.657
,1efa7ea300,2026-08-03T15:34:11,,test_wallet_add_account_loading_time[fresh_user],passed,0.46,0.482,0.465,5,"0.46,0.462,0.461,0.461,0.482"
,1efa7ea300,2026-08-03T15:34:11,,test_wallet_repeat_open_loading_time[fresh_user],passed,0.393,0.474,0.449,5,"0.473,0.393,0.474,0.447,0.46"
,1efa7ea300,2026-08-03T15:34:11,,test_wallet_collectibles_tab_first_open_loading_time[wallet_load_user],passed,40.137,40.137,40.137,1,40.137
,1efa7ea300,2026-08-03T15:34:11,,test_wallet_collectibles_tab_loading_time[wallet_load_user],passed,1.541,2.173,1.812,5,"1.554,1.541,1.803,1.991,2.173"
,1efa7ea300,2026-08-03T15:34:11,,test_wallet_swap_first_open_loading_time[fresh_user],passed,1.32,1.32,1.32,1,1.32
,1efa7ea300,2026-08-03T15:34:11,,test_wallet_swap_loading_time[fresh_user],passed,0.366,2.578,0.967,5,"0.378,0.366,0.375,1.137,2.578"
,1efa7ea300,2026-08-03T15:34:11,,test_wallet_first_open_loading_time[fresh_user],passed,0.388,0.388,0.388,1,0.388
,1efa7ea300,2026-08-03T15:34:11,,test_wallet_send_first_open_loading_time[wallet_load_alex_user],passed,1.579,1.579,1.579,1,1.579
,1efa7ea300,2026-08-03T15:34:11,,test_wallet_send_loading_time[wallet_load_alex_user],passed,0.45,0.504,0.489,5,"0.496,0.495,0.499,0.504,0.45"
,1efa7ea300,2026-08-03T15:34:11,,test_wallet_activity_tab_first_open_loading_time[fresh_user],passed,0.209,0.209,0.209,1,0.209
,1efa7ea300,2026-08-03T15:34:11,,test_wallet_activity_tab_loading_time[fresh_user],passed,0.192,0.236,0.215,5,"0.21,0.217,0.192,0.22,0.236"
,1efa7ea300,2026-08-03T15:34:11,,test_wallet_send_first_open_loading_time[fresh_user],passed,1.138,1.138,1.138,1,1.138
,1efa7ea300,2026-08-03T15:34:11,,test_wallet_send_loading_time[fresh_user],passed,0.367,0.504,0.397,5,"0.504,0.37,0.378,0.369,0.367"
,1efa7ea300,2026-08-03T15:34:11,,test_wallet_add_account_first_open_loading_time[wallet_load_user],passed,0.581,0.581,0.581,1,0.581
,1efa7ea300,2026-08-03T15:34:11,,test_wallet_add_account_loading_time[wallet_load_user],passed,0.471,0.487,0.482,5,"0.48,0.471,0.486,0.484,0.487"
,9f232d5fcb,2026-08-03T18:30:14,,test_wallet_receive_first_open_loading_time[wallet_load_user],passed,0.511,0.511,0.511,1,0.511
,9f232d5fcb,2026-08-03T18:30:14,,test_wallet_receive_loading_time[wallet_load_user],passed,0.283,0.336,0.312,5,"0.283,0.288,0.336,0.324,0.327"
,9f232d5fcb,2026-08-03T18:30:14,,test_wallet_swap_first_open_loading_time[fresh_user],passed,1.325,1.325,1.325,1,1.325
,9f232d5fcb,2026-08-03T18:30:14,,test_wallet_swap_loading_time[fresh_user],passed,0.359,0.391,0.371,5,"0.391,0.359,0.365,0.371,0.368"
,9f232d5fcb,2026-08-03T18:30:14,,test_wallet_account_open_loading_time[wallet_load_alex_user],passed,0.404,0.404,0.404,1,0.404
,9f232d5fcb,2026-08-03T18:30:14,,test_wallet_first_open_loading_time[wallet_load_user],passed,0.142,0.142,0.142,1,0.142
,9f232d5fcb,2026-08-03T18:30:14,,test_wallet_first_open_loading_time[wallet_load_alex_user],passed,0.69,0.69,0.69,1,0.69
,9f232d5fcb,2026-08-03T18:30:14,,test_status_community_first_open_loading_time[user_data0-user_account0],passed,4.475,4.475,4.475,1,4.475
,9f232d5fcb,2026-08-03T18:30:14,,test_wallet_collectibles_tab_first_open_loading_time[wallet_load_alex_user],passed,95.703,95.703,95.703,1,95.703
,9f232d5fcb,2026-08-03T18:30:14,,test_wallet_collectibles_tab_loading_time[wallet_load_alex_user],passed,7.231,54.648,21.451,5,"16.629,54.648,7.231,21.253,7.495"
,9f232d5fcb,2026-08-03T18:30:14,,test_wallet_assets_tab_first_open_loading_time[wallet_load_user],passed,21.259,21.259,21.259,1,21.259
,9f232d5fcb,2026-08-03T18:30:14,,test_wallet_assets_tab_loading_time[wallet_load_user],passed,0.826,1.61,1.166,5,"1.281,1.16,1.61,0.826,0.956"
,9f232d5fcb,2026-08-03T18:30:14,,test_wallet_first_open_loading_time[fresh_user],passed,0.395,0.395,0.395,1,0.395
,9f232d5fcb,2026-08-03T18:30:14,,test_wallet_receive_first_open_loading_time[wallet_load_alex_user],passed,0.746,0.746,0.746,1,0.746
,9f232d5fcb,2026-08-03T18:30:14,,test_wallet_receive_loading_time[wallet_load_alex_user],passed,0.334,0.428,0.358,5,"0.428,0.334,0.337,0.351,0.34"
,9f232d5fcb,2026-08-03T18:30:14,,test_wallet_receive_first_open_loading_time[fresh_user],passed,0.493,0.493,0.493,1,0.493
,9f232d5fcb,2026-08-03T18:30:14,,test_wallet_receive_loading_time[fresh_user],passed,0.301,0.36,0.32,5,"0.301,0.315,0.318,0.305,0.36"
,9f232d5fcb,2026-08-03T18:30:14,,test_wallet_assets_tab_first_open_loading_time[fresh_user],passed,13.58,13.58,13.58,1,13.58
,9f232d5fcb,2026-08-03T18:30:14,,test_wallet_assets_tab_loading_time[fresh_user],passed,0.268,0.367,0.336,5,"0.367,0.347,0.345,0.351,0.268"
,9f232d5fcb,2026-08-03T18:30:14,,test_wallet_activity_tab_first_open_loading_time[fresh_user],passed,0.209,0.209,0.209,1,0.209
,9f232d5fcb,2026-08-03T18:30:14,,test_wallet_activity_tab_loading_time[fresh_user],passed,0.193,0.226,0.217,5,"0.219,0.222,0.224,0.226,0.193"
,9f232d5fcb,2026-08-03T18:30:14,,test_wallet_account_open_loading_time[fresh_user],passed,0.17,0.17,0.17,1,0.17
,9f232d5fcb,2026-08-03T18:30:14,,test_wallet_send_first_open_loading_time[wallet_load_alex_user],passed,1.102,1.102,1.102,1,1.102
,9f232d5fcb,2026-08-03T18:30:14,,test_wallet_send_loading_time[wallet_load_alex_user],passed,0.398,0.456,0.439,5,"0.456,0.453,0.398,0.447,0.44"
,9f232d5fcb,2026-08-03T18:30:14,,test_wallet_send_first_open_loading_time[wallet_load_user],passed,2.074,2.074,2.074,1,2.074
,9f232d5fcb,2026-08-03T18:30:14,,test_wallet_send_loading_time[wallet_load_user],passed,0.492,1.09,0.729,5,"0.492,0.507,1.09,0.502,1.052"
,9f232d5fcb,2026-08-03T18:30:14,,test_wallet_repeat_open_loading_time[fresh_user],passed,0.414,0.504,0.447,5,"0.447,0.504,0.416,0.414,0.454"
,9f232d5fcb,2026-08-03T18:30:14,,test_wallet_assets_tab_first_open_loading_time[wallet_load_alex_user],passed,1.441,1.441,1.441,1,1.441
,9f232d5fcb,2026-08-03T18:30:14,,test_wallet_assets_tab_loading_time[wallet_load_alex_user],passed,0.844,2.017,1.337,5,"2.017,1.42,1.148,1.255,0.844"
,9f232d5fcb,2026-08-03T18:30:14,,test_wallet_add_account_first_open_loading_time[wallet_load_alex_user],passed,0.554,0.554,0.554,1,0.554
,9f232d5fcb,2026-08-03T18:30:14,,test_wallet_add_account_loading_time[wallet_load_alex_user],passed,0.469,0.526,0.486,5,"0.479,0.483,0.469,0.475,0.526"
,9f232d5fcb,2026-08-03T18:30:14,,test_wallet_account_open_loading_time[wallet_load_user],passed,0.408,0.408,0.408,1,0.408
,9f232d5fcb,2026-08-03T18:30:14,,test_wallet_repeat_open_loading_time[wallet_load_user],passed,0.531,0.641,0.598,5,"0.531,0.641,0.572,0.627,0.618"
,9f232d5fcb,2026-08-03T18:30:14,,test_wallet_add_account_first_open_loading_time[wallet_load_user],passed,0.59,0.59,0.59,1,0.59
,9f232d5fcb,2026-08-03T18:30:14,,test_wallet_add_account_loading_time[wallet_load_user],passed,0.477,0.493,0.484,5,"0.477,0.477,0.48,0.492,0.493"
,9f232d5fcb,2026-08-03T18:30:14,,test_wallet_send_first_open_loading_time[fresh_user],passed,1.078,1.078,1.078,1,1.078
,9f232d5fcb,2026-08-03T18:30:14,,test_wallet_send_loading_time[fresh_user],passed,0.365,0.398,0.38,5,"0.398,0.368,0.391,0.377,0.365"
,9f232d5fcb,2026-08-03T18:30:14,,test_wallet_activity_tab_first_open_loading_time[wallet_load_alex_user],passed,0.635,0.635,0.635,1,0.635
,9f232d5fcb,2026-08-03T18:30:14,,test_wallet_activity_tab_loading_time[wallet_load_alex_user],passed,0.591,0.655,0.63,5,"0.655,0.591,0.655,0.599,0.652"
,9f232d5fcb,2026-08-03T18:30:14,,test_wallet_collectibles_tab_first_open_loading_time[wallet_load_user],passed,39.878,39.878,39.878,1,39.878
,9f232d5fcb,2026-08-03T18:30:14,,test_wallet_collectibles_tab_loading_time[wallet_load_user],passed,1.405,1.684,1.568,5,"1.604,1.571,1.405,1.684,1.575"
,9f232d5fcb,2026-08-03T18:30:14,,test_status_community_second_open_loading_time[user_data0-user_account0],passed,2.041,2.316,2.17,5,"2.148,2.041,2.193,2.151,2.316"
,9f232d5fcb,2026-08-03T18:30:14,,test_wallet_activity_tab_first_open_loading_time[wallet_load_user],passed,0.624,0.624,0.624,1,0.624
,9f232d5fcb,2026-08-03T18:30:14,,test_wallet_activity_tab_loading_time[wallet_load_user],passed,0.597,0.604,0.601,5,"0.597,0.604,0.603,0.597,0.602"
,9f232d5fcb,2026-08-03T18:30:14,,test_wallet_repeat_open_loading_time[wallet_load_alex_user],passed,0.551,0.606,0.579,5,"0.551,0.59,0.581,0.606,0.569"
,9f232d5fcb,2026-08-03T18:30:14,,test_wallet_swap_first_open_loading_time[wallet_load_alex_user],passed,0.933,0.933,0.933,1,0.933
,9f232d5fcb,2026-08-03T18:30:14,,test_wallet_swap_loading_time[wallet_load_alex_user],passed,0.402,0.446,0.419,5,"0.407,0.429,0.402,0.446,0.413"
,9f232d5fcb,2026-08-03T18:30:14,,test_wallet_add_account_first_open_loading_time[fresh_user],passed,0.671,0.671,0.671,1,0.671
,9f232d5fcb,2026-08-03T18:30:14,,test_wallet_add_account_loading_time[fresh_user],passed,0.472,0.488,0.479,5,"0.472,0.48,0.488,0.477,0.476"
,9f232d5fcb,2026-08-03T18:30:14,,test_wallet_collectibles_tab_first_open_loading_time[fresh_user],passed,16.456,16.456,16.456,1,16.456
,9f232d5fcb,2026-08-03T18:30:14,,test_wallet_collectibles_tab_loading_time[fresh_user],passed,0.147,0.18,0.164,5,"0.173,0.147,0.172,0.18,0.151"
,9f232d5fcb,2026-08-03T18:30:14,,test_wallet_swap_first_open_loading_time[wallet_load_user],passed,1.076,1.076,1.076,1,1.076
,9f232d5fcb,2026-08-03T18:30:14,,test_wallet_swap_loading_time[wallet_load_user],passed,0.399,0.442,0.415,5,"0.417,0.399,0.404,0.412,0.442"
,b53180ff9e,2026-08-04T13:38:28,,test_wallet_account_open_loading_time[wallet_load_user],passed,0.927,0.927,0.927,1,0.927
,b53180ff9e,2026-08-04T13:38:28,,test_wallet_repeat_open_loading_time[fresh_user],passed,0.383,0.639,0.47,5,"0.405,0.383,0.426,0.499,0.639"
,b53180ff9e,2026-08-04T13:38:28,,test_wallet_send_first_open_loading_time[wallet_load_user],passed,1.262,1.262,1.262,1,1.262
,b53180ff9e,2026-08-04T13:38:28,,test_wallet_send_loading_time[wallet_load_user],passed,0.438,1.035,0.595,5,"1.035,0.438,0.489,0.552,0.46"
,b53180ff9e,2026-08-04T13:38:28,,test_wallet_activity_tab_first_open_loading_time[wallet_load_alex_user],passed,0.707,0.707,0.707,1,0.707
,b53180ff9e,2026-08-04T13:38:28,,test_wallet_activity_tab_loading_time[wallet_load_alex_user],passed,0.644,0.846,0.7,5,"0.677,0.846,0.675,0.644,0.658"
,b53180ff9e,2026-08-04T13:38:28,,test_wallet_add_account_first_open_loading_time[wallet_load_user],passed,0.804,0.804,0.804,1,0.804
,b53180ff9e,2026-08-04T13:38:28,,test_wallet_add_account_loading_time[wallet_load_user],passed,0.4,0.574,0.471,5,"0.491,0.45,0.44,0.574,0.4"
,b53180ff9e,2026-08-04T13:38:28,,test_wallet_swap_first_open_loading_time[fresh_user],passed,1.671,1.671,1.671,1,1.671
,b53180ff9e,2026-08-04T13:38:28,,test_wallet_swap_loading_time[fresh_user],passed,0.313,0.362,0.337,5,"0.362,0.351,0.331,0.33,0.313"
,b53180ff9e,2026-08-04T13:38:28,,test_wallet_swap_first_open_loading_time[wallet_load_alex_user],passed,0.787,0.787,0.787,1,0.787
,b53180ff9e,2026-08-04T13:38:28,,test_wallet_swap_loading_time[wallet_load_alex_user],passed,0.415,0.458,0.428,5,"0.458,0.427,0.415,0.417,0.425"
,b53180ff9e,2026-08-04T13:38:28,,test_wallet_receive_first_open_loading_time[wallet_load_alex_user],passed,0.498,0.498,0.498,1,0.498
,b53180ff9e,2026-08-04T13:38:28,,test_wallet_receive_loading_time[wallet_load_alex_user],passed,0.322,0.384,0.349,5,"0.336,0.384,0.347,0.354,0.322"
,b53180ff9e,2026-08-04T13:38:28,,test_wallet_activity_tab_first_open_loading_time[wallet_load_user],passed,0.677,0.677,0.677,1,0.677
,b53180ff9e,2026-08-04T13:38:28,,test_wallet_activity_tab_loading_time[wallet_load_user],passed,0.541,0.765,0.627,5,"0.636,0.63,0.765,0.541,0.562"
,b53180ff9e,2026-08-04T13:38:28,,test_wallet_repeat_open_loading_time[wallet_load_user],passed,0.578,0.619,0.592,5,"0.578,0.619,0.583,0.594,0.585"
,b53180ff9e,2026-08-04T13:38:28,,test_wallet_add_account_first_open_loading_time[fresh_user],passed,0.472,0.472,0.472,1,0.472
,b53180ff9e,2026-08-04T13:38:28,,test_wallet_add_account_loading_time[fresh_user],passed,0.371,0.4,0.385,5,"0.395,0.388,0.4,0.373,0.371"
,b53180ff9e,2026-08-04T13:38:28,,test_wallet_collectibles_tab_first_open_loading_time[fresh_user],passed,15.974,15.974,15.974,1,15.974
,b53180ff9e,2026-08-04T13:38:28,,test_wallet_collectibles_tab_loading_time[fresh_user],passed,0.153,0.207,0.185,5,"0.174,0.153,0.207,0.201,0.188"
,b53180ff9e,2026-08-04T13:38:28,,test_status_community_second_open_loading_time[user_data0-user_account0],passed,2.059,2.126,2.091,5,"2.059,2.069,2.087,2.126,2.115"
,b53180ff9e,2026-08-04T13:38:28,,test_wallet_send_first_open_loading_time[wallet_load_alex_user],passed,1.229,1.229,1.229,1,1.229
,b53180ff9e,2026-08-04T13:38:28,,test_wallet_send_loading_time[wallet_load_alex_user],passed,0.45,0.52,0.488,5,"0.52,0.497,0.481,0.495,0.45"
,b53180ff9e,2026-08-04T13:38:28,,test_wallet_account_open_loading_time[fresh_user],passed,0.175,0.175,0.175,1,0.175
,b53180ff9e,2026-08-04T13:38:28,,test_wallet_receive_first_open_loading_time[wallet_load_user],passed,0.702,0.702,0.702,1,0.702
,b53180ff9e,2026-08-04T13:38:28,,test_wallet_receive_loading_time[wallet_load_user],passed,0.28,0.346,0.323,5,"0.28,0.346,0.319,0.343,0.328"
,b53180ff9e,2026-08-04T13:38:28,,test_wallet_add_account_first_open_loading_time[wallet_load_alex_user],passed,0.654,0.654,0.654,1,0.654
,b53180ff9e,2026-08-04T13:38:28,,test_wallet_add_account_loading_time[wallet_load_alex_user],passed,0.411,0.523,0.479,5,"0.493,0.491,0.523,0.475,0.411"
,b53180ff9e,2026-08-04T13:38:28,,test_status_community_first_open_loading_time[user_data0-user_account0],passed,3.617,3.617,3.617,1,3.617
,b53180ff9e,2026-08-04T13:38:28,,test_wallet_first_open_loading_time[wallet_load_alex_user],passed,0.335,0.335,0.335,1,0.335
,b53180ff9e,2026-08-04T13:38:28,,test_wallet_activity_tab_first_open_loading_time[fresh_user],passed,0.195,0.195,0.195,1,0.195
,b53180ff9e,2026-08-04T13:38:28,,test_wallet_activity_tab_loading_time[fresh_user],passed,0.217,0.239,0.225,5,"0.222,0.225,0.217,0.239,0.221"
,b53180ff9e,2026-08-04T13:38:28,,test_wallet_assets_tab_first_open_loading_time[wallet_load_user],passed,0.375,0.375,0.375,1,0.375
,b53180ff9e,2026-08-04T13:38:28,,test_wallet_assets_tab_loading_time[wallet_load_user],passed,0.832,1.974,1.288,5,"1.974,1.181,0.985,0.832,1.466"
,b53180ff9e,2026-08-04T13:38:28,,test_wallet_first_open_loading_time[wallet_load_user],passed,0.334,0.334,0.334,1,0.334
,b53180ff9e,2026-08-04T13:38:28,,test_wallet_repeat_open_loading_time[wallet_load_alex_user],passed,0.562,0.679,0.612,5,"0.616,0.562,0.619,0.584,0.679"
,b53180ff9e,2026-08-04T13:38:28,,test_wallet_swap_first_open_loading_time[wallet_load_user],passed,0.77,0.77,0.77,1,0.77
,b53180ff9e,2026-08-04T13:38:28,,test_wallet_swap_loading_time[wallet_load_user],passed,0.35,0.467,0.395,5,"0.373,0.35,0.399,0.467,0.387"
,b53180ff9e,2026-08-04T13:38:28,,test_wallet_collectibles_tab_first_open_loading_time[wallet_load_alex_user],passed,37.456,37.456,37.456,1,37.456
,b53180ff9e,2026-08-04T13:38:28,,test_wallet_collectibles_tab_loading_time[wallet_load_alex_user],passed,4.085,30.281,14.54,5,"12.214,7.405,4.085,30.281,18.715"
,b53180ff9e,2026-08-04T13:38:28,,test_wallet_receive_first_open_loading_time[fresh_user],passed,0.475,0.475,0.475,1,0.475
,b53180ff9e,2026-08-04T13:38:28,,test_wallet_receive_loading_time[fresh_user],passed,0.257,0.911,0.399,5,"0.911,0.262,0.257,0.259,0.305"
,b53180ff9e,2026-08-04T13:38:28,,test_wallet_collectibles_tab_first_open_loading_time[wallet_load_user],passed,22.188,22.188,22.188,1,22.188
,b53180ff9e,2026-08-04T13:38:28,,test_wallet_collectibles_tab_loading_time[wallet_load_user],passed,1.536,3.644,2.051,5,"1.536,3.644,1.732,1.605,1.739"
,b53180ff9e,2026-08-04T13:38:28,,test_wallet_account_open_loading_time[wallet_load_alex_user],passed,0.445,0.445,0.445,1,0.445
,b53180ff9e,2026-08-04T13:38:28,,test_wallet_send_first_open_loading_time[fresh_user],passed,0.908,0.908,0.908,1,0.908
,b53180ff9e,2026-08-04T13:38:28,,test_wallet_send_loading_time[fresh_user],passed,0.349,0.393,0.379,5,"0.393,0.37,0.391,0.391,0.349"
,b53180ff9e,2026-08-04T13:38:28,,test_wallet_assets_tab_first_open_loading_time[fresh_user],passed,0.333,0.333,0.333,1,0.333
,b53180ff9e,2026-08-04T13:38:28,,test_wallet_assets_tab_loading_time[fresh_user],passed,0.344,0.389,0.358,5,"0.389,0.345,0.344,0.364,0.347"
,b53180ff9e,2026-08-04T13:38:28,,test_wallet_assets_tab_first_open_loading_time[wallet_load_alex_user],passed,1.335,1.335,1.335,1,1.335
,b53180ff9e,2026-08-04T13:38:28,,test_wallet_assets_tab_loading_time[wallet_load_alex_user],passed,0.962,1.927,1.316,5,"1.927,1.235,1.284,1.169,0.962"
,b53180ff9e,2026-08-04T13:38:28,,test_wallet_first_open_loading_time[fresh_user],passed,0.402,0.402,0.402,1,0.402
,549dc1ab51,2026-08-05T05:38:00,,test_wallet_swap_first_open_loading_time[fresh_user],passed,1.242,1.242,1.242,1,1.242
,549dc1ab51,2026-08-05T05:38:00,,test_wallet_swap_loading_time[fresh_user],passed,0.326,0.355,0.339,5,"0.344,0.331,0.337,0.326,0.355"
,549dc1ab51,2026-08-05T05:38:00,,test_wallet_activity_tab_first_open_loading_time[fresh_user],passed,0.196,0.196,0.196,1,0.196
,549dc1ab51,2026-08-05T05:38:00,,test_wallet_activity_tab_loading_time[fresh_user],passed,0.186,0.221,0.201,5,"0.221,0.193,0.186,0.213,0.19"
,549dc1ab51,2026-08-05T05:38:00,,test_wallet_add_account_first_open_loading_time[wallet_load_alex_user],passed,0.528,0.528,0.528,1,0.528
,549dc1ab51,2026-08-05T05:38:00,,test_wallet_add_account_loading_time[wallet_load_alex_user],passed,0.469,0.506,0.487,5,"0.506,0.469,0.479,0.484,0.499"
,549dc1ab51,2026-08-05T05:38:00,,test_wallet_swap_first_open_loading_time[wallet_load_user],passed,0.71,0.71,0.71,1,0.71
,549dc1ab51,2026-08-05T05:38:00,,test_wallet_swap_loading_time[wallet_load_user],passed,0.352,0.508,0.408,5,"0.508,0.389,0.434,0.357,0.352"
,549dc1ab51,2026-08-05T05:38:00,,test_wallet_assets_tab_first_open_loading_time[fresh_user],passed,0.312,0.312,0.312,1,0.312
,549dc1ab51,2026-08-05T05:38:00,,test_wallet_assets_tab_loading_time[fresh_user],passed,0.351,0.368,0.36,5,"0.363,0.368,0.365,0.351,0.354"
,549dc1ab51,2026-08-05T05:38:00,,test_wallet_account_open_loading_time[wallet_load_user],passed,0.455,0.455,0.455,1,0.455
,549dc1ab51,2026-08-05T05:38:00,,test_wallet_repeat_open_loading_time[wallet_load_alex_user],passed,0.58,0.686,0.626,5,"0.58,0.651,0.616,0.686,0.595"
,549dc1ab51,2026-08-05T05:38:00,,test_wallet_assets_tab_first_open_loading_time[wallet_load_user],passed,0.497,0.497,0.497,1,0.497
,549dc1ab51,2026-08-05T05:38:00,,test_wallet_assets_tab_loading_time[wallet_load_user],passed,0.861,2.012,1.183,5,"2.012,1.173,0.989,0.878,0.861"
,549dc1ab51,2026-08-05T05:38:00,,test_wallet_activity_tab_first_open_loading_time[wallet_load_user],passed,0.635,0.635,0.635,1,0.635
,549dc1ab51,2026-08-05T05:38:00,,test_wallet_activity_tab_loading_time[wallet_load_user],passed,0.578,0.883,0.667,5,"0.632,0.578,0.642,0.597,0.883"
,549dc1ab51,2026-08-05T05:38:00,,test_wallet_receive_first_open_loading_time[wallet_load_user],passed,0.681,0.681,0.681,1,0.681
,549dc1ab51,2026-08-05T05:38:00,,test_wallet_receive_loading_time[wallet_load_user],passed,0.281,0.395,0.325,5,"0.345,0.281,0.286,0.317,0.395"
,549dc1ab51,2026-08-05T05:38:00,,test_wallet_add_account_first_open_loading_time[wallet_load_user],passed,0.559,0.559,0.559,1,0.559
,549dc1ab51,2026-08-05T05:38:00,,test_wallet_add_account_loading_time[wallet_load_user],passed,0.421,0.54,0.476,5,"0.493,0.422,0.421,0.505,0.54"
,549dc1ab51,2026-08-05T05:38:00,,test_wallet_first_open_loading_time[wallet_load_user],passed,0.224,0.224,0.224,1,0.224
,549dc1ab51,2026-08-05T05:38:00,,test_wallet_send_first_open_loading_time[wallet_load_alex_user],passed,1.205,1.205,1.205,1,1.205
,549dc1ab51,2026-08-05T05:38:00,,test_wallet_send_loading_time[wallet_load_alex_user],passed,0.437,1.07,0.609,5,"1.07,0.522,0.51,0.508,0.437"
,549dc1ab51,2026-08-05T05:38:00,,test_wallet_collectibles_tab_first_open_loading_time[wallet_load_alex_user],passed,35.619,35.619,35.619,1,35.619
,549dc1ab51,2026-08-05T05:38:00,,test_wallet_collectibles_tab_loading_time[wallet_load_alex_user],passed,0.183,13.344,4.318,5,"13.344,0.204,0.212,0.183,7.648"
,549dc1ab51,2026-08-05T05:38:00,,test_wallet_repeat_open_loading_time[wallet_load_user],passed,0.516,0.631,0.576,5,"0.619,0.516,0.582,0.631,0.533"
,549dc1ab51,2026-08-05T05:38:00,,test_status_community_first_open_loading_time[user_data0-user_account0],passed,2.176,2.176,2.176,1,2.176
,549dc1ab51,2026-08-05T05:38:00,,test_wallet_add_account_first_open_loading_time[fresh_user],passed,0.678,0.678,0.678,1,0.678
,549dc1ab51,2026-08-05T05:38:00,,test_wallet_add_account_loading_time[fresh_user],passed,0.365,0.397,0.384,5,"0.395,0.365,0.397,0.379,0.381"
,549dc1ab51,2026-08-05T05:38:00,,test_wallet_activity_tab_first_open_loading_time[wallet_load_alex_user],passed,0.912,0.912,0.912,1,0.912
,549dc1ab51,2026-08-05T05:38:00,,test_wallet_activity_tab_loading_time[wallet_load_alex_user],passed,0.66,0.921,0.81,5,"0.913,0.921,0.886,0.66,0.67"
,549dc1ab51,2026-08-05T05:38:00,,test_wallet_account_open_loading_time[wallet_load_alex_user],passed,0.376,0.376,0.376,1,0.376
,549dc1ab51,2026-08-05T05:38:00,,test_wallet_send_first_open_loading_time[wallet_load_user],passed,1.163,1.163,1.163,1,1.163
,549dc1ab51,2026-08-05T05:38:00,,test_wallet_send_loading_time[wallet_load_user],passed,0.418,0.484,0.443,5,"0.418,0.422,0.457,0.484,0.434"
,549dc1ab51,2026-08-05T05:38:00,,test_wallet_assets_tab_first_open_loading_time[wallet_load_alex_user],passed,0.825,0.825,0.825,1,0.825
,549dc1ab51,2026-08-05T05:38:00,,test_wallet_assets_tab_loading_time[wallet_load_alex_user],passed,0.927,2.004,1.452,5,"2.004,1.212,1.862,1.253,0.927"
,549dc1ab51,2026-08-05T05:38:00,,test_wallet_send_first_open_loading_time[fresh_user],passed,0.582,0.582,0.582,1,0.582
,549dc1ab51,2026-08-05T05:38:00,,test_wallet_send_loading_time[fresh_user],passed,0.299,0.511,0.364,5,"0.355,0.511,0.324,0.299,0.332"
,549dc1ab51,2026-08-05T05:38:00,,test_status_community_second_open_loading_time[user_data0-user_account0],passed,2.116,2.353,2.191,5,"2.129,2.116,2.165,2.353,2.194"
,549dc1ab51,2026-08-05T05:38:00,,test_wallet_repeat_open_loading_time[fresh_user],passed,0.404,0.439,0.42,5,"0.439,0.409,0.422,0.425,0.404"
,549dc1ab51,2026-08-05T05:38:00,,test_wallet_receive_first_open_loading_time[fresh_user],passed,0.419,0.419,0.419,1,0.419
,549dc1ab51,2026-08-05T05:38:00,,test_wallet_receive_loading_time[fresh_user],passed,0.25,0.499,0.313,5,"0.254,0.25,0.278,0.499,0.284"
,549dc1ab51,2026-08-05T05:38:00,,test_wallet_swap_first_open_loading_time[wallet_load_alex_user],passed,0.887,0.887,0.887,1,0.887
,549dc1ab51,2026-08-05T05:38:00,,test_wallet_swap_loading_time[wallet_load_alex_user],passed,0.389,0.451,0.415,5,"0.427,0.451,0.411,0.389,0.399"
,549dc1ab51,2026-08-05T05:38:00,,test_wallet_receive_first_open_loading_time[wallet_load_alex_user],passed,0.506,0.506,0.506,1,0.506
,549dc1ab51,2026-08-05T05:38:00,,test_wallet_receive_loading_time[wallet_load_alex_user],passed,0.339,0.353,0.347,5,"0.353,0.339,0.348,0.35,0.347"
,549dc1ab51,2026-08-05T05:38:00,,test_wallet_account_open_loading_time[fresh_user],passed,0.197,0.197,0.197,1,0.197
,549dc1ab51,2026-08-05T05:38:00,,test_wallet_first_open_loading_time[fresh_user],passed,0.399,0.399,0.399,1,0.399
,549dc1ab51,2026-08-05T05:38:00,,test_wallet_collectibles_tab_first_open_loading_time[wallet_load_user],passed,22.125,22.125,22.125,1,22.125
,549dc1ab51,2026-08-05T05:38:00,,test_wallet_collectibles_tab_loading_time[wallet_load_user],passed,1.4,1.871,1.721,5,"1.657,1.851,1.824,1.4,1.871"
,549dc1ab51,2026-08-05T05:38:00,,test_wallet_first_open_loading_time[wallet_load_alex_user],passed,0.324,0.324,0.324,1,0.324
,549dc1ab51,2026-08-05T05:38:00,,test_wallet_collectibles_tab_first_open_loading_time[fresh_user],passed,15.632,15.632,15.632,1,15.632
,549dc1ab51,2026-08-05T05:38:00,,test_wallet_collectibles_tab_loading_time[fresh_user],passed,0.159,0.227,0.179,5,"0.163,0.227,0.176,0.172,0.159"
,629daae710,2026-08-05T09:58:58,,test_wallet_account_open_loading_time[wallet_load_alex_user],passed,0.467,0.467,0.467,1,0.467
,629daae710,2026-08-05T09:58:58,,test_wallet_repeat_open_loading_time[wallet_load_user],passed,0.534,0.684,0.594,5,"0.684,0.629,0.576,0.547,0.534"
,629daae710,2026-08-05T09:58:58,,test_wallet_collectibles_tab_first_open_loading_time[wallet_load_user],passed,21.55,21.55,21.55,1,21.55
,629daae710,2026-08-05T09:58:58,,test_wallet_collectibles_tab_loading_time[wallet_load_user],passed,1.378,2.916,1.893,5,"2.916,1.378,1.922,1.492,1.756"
,629daae710,2026-08-05T09:58:58,,test_status_community_second_open_loading_time[user_data0-user_account0],passed,2.136,19.441,6.079,5,"2.136,2.153,4.424,2.237,19.441"
,629daae710,2026-08-05T09:58:58,,test_wallet_add_account_first_open_loading_time[wallet_load_user],passed,0.51,0.51,0.51,1,0.51
,629daae710,2026-08-05T09:58:58,,test_wallet_add_account_loading_time[wallet_load_user],passed,0.429,0.491,0.462,5,"0.429,0.49,0.446,0.491,0.452"
,629daae710,2026-08-05T09:58:58,,test_wallet_send_first_open_loading_time[wallet_load_user],passed,1.564,1.564,1.564,1,1.564
,629daae710,2026-08-05T09:58:58,,test_wallet_send_loading_time[wallet_load_user],passed,0.372,0.571,0.46,5,"0.571,0.422,0.502,0.372,0.432"
,629daae710,2026-08-05T09:58:58,,test_wallet_assets_tab_first_open_loading_time[wallet_load_alex_user],passed,0.868,0.868,0.868,1,0.868
,629daae710,2026-08-05T09:58:58,,test_wallet_assets_tab_loading_time[wallet_load_alex_user],passed,1.004,1.997,1.334,5,"1.997,1.256,1.218,1.194,1.004"
,629daae710,2026-08-05T09:58:58,,test_wallet_activity_tab_first_open_loading_time[wallet_load_alex_user],passed,0.666,0.666,0.666,1,0.666
,629daae710,2026-08-05T09:58:58,,test_wallet_activity_tab_loading_time[wallet_load_alex_user],passed,0.622,0.872,0.687,5,"0.647,0.622,0.872,0.637,0.658"
,629daae710,2026-08-05T09:58:58,,test_wallet_activity_tab_first_open_loading_time[wallet_load_user],passed,0.7,0.7,0.7,1,0.7
,629daae710,2026-08-05T09:58:58,,test_wallet_activity_tab_loading_time[wallet_load_user],passed,0.528,0.891,0.649,5,"0.891,0.528,0.538,0.548,0.738"
,629daae710,2026-08-05T09:58:58,,test_wallet_assets_tab_first_open_loading_time[fresh_user],passed,3.071,3.071,3.071,1,3.071
,629daae710,2026-08-05T09:58:58,,test_wallet_assets_tab_loading_time[fresh_user],passed,0.336,0.363,0.349,5,"0.344,0.338,0.362,0.363,0.336"
,629daae710,2026-08-05T09:58:58,,test_wallet_swap_first_open_loading_time[wallet_load_alex_user],passed,0.691,0.691,0.691,1,0.691
,629daae710,2026-08-05T09:58:58,,test_wallet_swap_loading_time[wallet_load_alex_user],passed,0.405,0.453,0.428,5,"0.429,0.423,0.453,0.427,0.405"
,629daae710,2026-08-05T09:58:58,,test_wallet_account_open_loading_time[wallet_load_user],passed,0.446,0.446,0.446,1,0.446
,629daae710,2026-08-05T09:58:58,,test_wallet_assets_tab_first_open_loading_time[wallet_load_user],passed,1.038,1.038,1.038,1,1.038
,629daae710,2026-08-05T09:58:58,,test_wallet_assets_tab_loading_time[wallet_load_user],passed,0.825,1.705,1.165,5,"1.705,0.968,1.349,0.977,0.825"
,629daae710,2026-08-05T09:58:58,,test_wallet_add_account_first_open_loading_time[fresh_user],passed,0.676,0.676,0.676,1,0.676
,629daae710,2026-08-05T09:58:58,,test_wallet_add_account_loading_time[fresh_user],passed,0.367,0.454,0.408,5,"0.454,0.452,0.367,0.376,0.389"
,629daae710,2026-08-05T09:58:58,,test_wallet_send_first_open_loading_time[wallet_load_alex_user],passed,1.175,1.175,1.175,1,1.175
,629daae710,2026-08-05T09:58:58,,test_wallet_send_loading_time[wallet_load_alex_user],passed,0.517,0.595,0.548,5,"0.523,0.595,0.575,0.531,0.517"
,629daae710,2026-08-05T09:58:58,,test_wallet_receive_first_open_loading_time[wallet_load_alex_user],passed,0.548,0.548,0.548,1,0.548
,629daae710,2026-08-05T09:58:58,,test_wallet_receive_loading_time[wallet_load_alex_user],passed,0.334,0.36,0.348,5,"0.34,0.354,0.334,0.35,0.36"
,629daae710,2026-08-05T09:58:58,,test_wallet_collectibles_tab_first_open_loading_time[fresh_user],passed,15.979,15.979,15.979,1,15.979
,629daae710,2026-08-05T09:58:58,,test_wallet_collectibles_tab_loading_time[fresh_user],passed,0.171,0.196,0.182,5,"0.171,0.196,0.177,0.179,0.186"
,629daae710,2026-08-05T09:58:58,,test_status_community_first_open_loading_time[user_data0-user_account0],passed,4.115,4.115,4.115,1,4.115
,629daae710,2026-08-05T09:58:58,,test_wallet_receive_first_open_loading_time[fresh_user],passed,1.037,1.037,1.037,1,1.037
,629daae710,2026-08-05T09:58:58,,test_wallet_receive_loading_time[fresh_user],passed,0.252,0.299,0.266,5,"0.269,0.254,0.256,0.252,0.299"
,629daae710,2026-08-05T09:58:58,,test_wallet_repeat_open_loading_time[wallet_load_alex_user],passed,0.529,0.675,0.593,5,"0.675,0.63,0.559,0.57,0.529"
,629daae710,2026-08-05T09:58:58,,test_wallet_swap_first_open_loading_time[fresh_user],passed,1.231,1.231,1.231,1,1.231
,629daae710,2026-08-05T09:58:58,,test_wallet_swap_loading_time[fresh_user],passed,0.307,0.362,0.33,5,"0.345,0.362,0.311,0.307,0.324"
,629daae710,2026-08-05T09:58:58,,test_wallet_receive_first_open_loading_time[wallet_load_user],passed,0.541,0.541,0.541,1,0.541
,629daae710,2026-08-05T09:58:58,,test_wallet_receive_loading_time[wallet_load_user],passed,0.285,0.36,0.312,5,"0.29,0.299,0.285,0.36,0.326"
,629daae710,2026-08-05T09:58:58,,test_wallet_activity_tab_first_open_loading_time[fresh_user],passed,0.213,0.213,0.213,1,0.213
,629daae710,2026-08-05T09:58:58,,test_wallet_activity_tab_loading_time[fresh_user],passed,0.215,0.4,0.261,5,"0.235,0.215,0.227,0.228,0.4"
,629daae710,2026-08-05T09:58:58,,test_wallet_swap_first_open_loading_time[wallet_load_user],passed,0.754,0.754,0.754,1,0.754
,629daae710,2026-08-05T09:58:58,,test_wallet_swap_loading_time[wallet_load_user],passed,0.365,0.426,0.397,5,"0.365,0.38,0.399,0.426,0.418"
,629daae710,2026-08-05T09:58:58,,test_wallet_collectibles_tab_first_open_loading_time[wallet_load_alex_user],passed,35.97,35.97,35.97,1,35.97
,629daae710,2026-08-05T09:58:58,,test_wallet_collectibles_tab_loading_time[wallet_load_alex_user],passed,13.638,44.242,23.173,5,"13.638,27.31,15.374,15.3,44.242"
,629daae710,2026-08-05T09:58:58,,test_wallet_account_open_loading_time[fresh_user],passed,0.18,0.18,0.18,1,0.18
,629daae710,2026-08-05T09:58:58,,test_wallet_send_first_open_loading_time[fresh_user],passed,1.089,1.089,1.089,1,1.089
,629daae710,2026-08-05T09:58:58,,test_wallet_send_loading_time[fresh_user],passed,0.328,0.378,0.359,5,"0.376,0.378,0.328,0.342,0.372"
,629daae710,2026-08-05T09:58:58,,test_wallet_repeat_open_loading_time[fresh_user],passed,0.372,0.425,0.406,5,"0.402,0.425,0.409,0.423,0.372"
,629daae710,2026-08-05T09:58:58,,test_wallet_first_open_loading_time[wallet_load_user],passed,0.394,0.394,0.394,1,0.394
,629daae710,2026-08-05T09:58:58,,test_wallet_first_open_loading_time[fresh_user],passed,0.688,0.688,0.688,1,0.688
,629daae710,2026-08-05T09:58:58,,test_wallet_first_open_loading_time[wallet_load_alex_user],passed,0.441,0.441,0.441,1,0.441
,629daae710,2026-08-05T09:58:58,,test_wallet_add_account_first_open_loading_time[wallet_load_alex_user],passed,0.524,0.524,0.524,1,0.524
,629daae710,2026-08-05T09:58:58,,test_wallet_add_account_loading_time[wallet_load_alex_user],passed,0.447,0.5,0.477,5,"0.5,0.497,0.474,0.447,0.463"
,403e647e7e,2026-08-06T05:29:01,,test_wallet_assets_tab_first_open_loading_time[wallet_load_alex_user],passed,1.321,1.321,1.321,1,1.321
,403e647e7e,2026-08-06T05:29:01,,test_wallet_assets_tab_loading_time[wallet_load_alex_user],passed,0.848,2.291,1.58,5,"2.105,1.28,1.376,2.291,0.848"
,403e647e7e,2026-08-06T05:29:01,,test_wallet_repeat_open_loading_time[wallet_load_alex_user],passed,0.556,0.621,0.598,5,"0.621,0.556,0.607,0.613,0.596"
,403e647e7e,2026-08-06T05:29:01,,test_status_community_first_open_loading_time[user_data0-user_account0],passed,4.028,4.028,4.028,1,4.028
,403e647e7e,2026-08-06T05:29:01,,test_wallet_swap_first_open_loading_time[wallet_load_alex_user],passed,0.616,0.616,0.616,1,0.616
,403e647e7e,2026-08-06T05:29:01,,test_wallet_swap_loading_time[wallet_load_alex_user],passed,0.571,0.614,0.594,5,"0.614,0.605,0.584,0.571,0.599"
,403e647e7e,2026-08-06T05:29:01,,test_wallet_swap_first_open_loading_time[fresh_user],passed,1.182,1.182,1.182,1,1.182
,403e647e7e,2026-08-06T05:29:01,,test_wallet_swap_loading_time[fresh_user],passed,0.287,0.511,0.346,5,"0.323,0.288,0.32,0.287,0.511"
,403e647e7e,2026-08-06T05:29:01,,test_wallet_add_account_first_open_loading_time[fresh_user],passed,0.683,0.683,0.683,1,0.683
,403e647e7e,2026-08-06T05:29:01,,test_wallet_add_account_loading_time[fresh_user],passed,0.45,0.77,0.52,5,"0.462,0.458,0.77,0.459,0.45"
,403e647e7e,2026-08-06T05:29:01,,test_wallet_activity_tab_first_open_loading_time[wallet_load_user],passed,0.956,0.956,0.956,1,0.956
,403e647e7e,2026-08-06T05:29:01,,test_wallet_activity_tab_loading_time[wallet_load_user],passed,0.67,0.866,0.743,5,"0.676,0.866,0.689,0.812,0.67"
,403e647e7e,2026-08-06T05:29:01,,test_wallet_account_open_loading_time[fresh_user],passed,0.142,0.142,0.142,1,0.142
,403e647e7e,2026-08-06T05:29:01,,test_wallet_repeat_open_loading_time[wallet_load_user],passed,0.537,0.697,0.627,5,"0.697,0.657,0.537,0.632,0.612"
,403e647e7e,2026-08-06T05:29:01,,test_wallet_add_account_first_open_loading_time[wallet_load_user],passed,0.538,0.538,0.538,1,0.538
,403e647e7e,2026-08-06T05:29:01,,test_wallet_add_account_loading_time[wallet_load_user],passed,0.44,0.491,0.466,5,"0.491,0.478,0.457,0.44,0.463"
,403e647e7e,2026-08-06T05:29:01,,test_wallet_receive_first_open_loading_time[wallet_load_alex_user],passed,0.595,0.595,0.595,1,0.595
,403e647e7e,2026-08-06T05:29:01,,test_wallet_receive_loading_time[wallet_load_alex_user],passed,0.349,0.383,0.364,5,"0.352,0.383,0.349,0.373,0.364"
,403e647e7e,2026-08-06T05:29:01,,test_wallet_activity_tab_first_open_loading_time[fresh_user],passed,0.214,0.214,0.214,1,0.214
,403e647e7e,2026-08-06T05:29:01,,test_wallet_activity_tab_loading_time[fresh_user],passed,0.199,0.255,0.233,5,"0.216,0.255,0.254,0.241,0.199"
,403e647e7e,2026-08-06T05:29:01,,test_wallet_assets_tab_first_open_loading_time[fresh_user],passed,0.206,0.206,0.206,1,0.206
,403e647e7e,2026-08-06T05:29:01,,test_wallet_assets_tab_loading_time[fresh_user],passed,0.342,0.607,0.409,5,"0.607,0.363,0.342,0.379,0.354"
,403e647e7e,2026-08-06T05:29:01,,test_wallet_receive_first_open_loading_time[wallet_load_user],passed,0.754,0.754,0.754,1,0.754
,403e647e7e,2026-08-06T05:29:01,,test_wallet_receive_loading_time[wallet_load_user],passed,0.284,0.351,0.314,5,"0.295,0.295,0.284,0.342,0.351"
,403e647e7e,2026-08-06T05:29:01,,test_wallet_first_open_loading_time[wallet_load_user],passed,0.571,0.571,0.571,1,0.571
,403e647e7e,2026-08-06T05:29:01,,test_status_community_second_open_loading_time[user_data0-user_account0],passed,2.119,2.303,2.232,5,"2.119,2.303,2.202,2.259,2.278"
,403e647e7e,2026-08-06T05:29:01,,test_wallet_send_first_open_loading_time[wallet_load_alex_user],passed,1.195,1.195,1.195,1,1.195
,403e647e7e,2026-08-06T05:29:01,,test_wallet_send_loading_time[wallet_load_alex_user],passed,0.48,1.073,0.645,5,"0.554,0.627,1.073,0.48,0.491"
,403e647e7e,2026-08-06T05:29:01,,test_wallet_add_account_first_open_loading_time[wallet_load_alex_user],passed,0.534,0.534,0.534,1,0.534
,403e647e7e,2026-08-06T05:29:01,,test_wallet_add_account_loading_time[wallet_load_alex_user],passed,0.459,0.527,0.496,5,"0.527,0.474,0.512,0.459,0.508"
,403e647e7e,2026-08-06T05:29:01,,test_wallet_repeat_open_loading_time[fresh_user],passed,0.394,0.914,0.512,5,"0.914,0.411,0.403,0.394,0.437"
,403e647e7e,2026-08-06T05:29:01,,test_wallet_first_open_loading_time[wallet_load_alex_user],passed,0.418,0.418,0.418,1,0.418
,403e647e7e,2026-08-06T05:29:01,,test_wallet_receive_first_open_loading_time[fresh_user],passed,0.58,0.58,0.58,1,0.58
,403e647e7e,2026-08-06T05:29:01,,test_wallet_receive_loading_time[fresh_user],passed,0.255,0.27,0.262,5,"0.27,0.257,0.266,0.259,0.255"
,403e647e7e,2026-08-06T05:29:01,,test_wallet_send_first_open_loading_time[wallet_load_user],passed,1.653,1.653,1.653,1,1.653
,403e647e7e,2026-08-06T05:29:01,,test_wallet_send_loading_time[wallet_load_user],passed,0.453,0.961,0.561,5,"0.961,0.458,0.474,0.46,0.453"
,403e647e7e,2026-08-06T05:29:01,,test_wallet_account_open_loading_time[wallet_load_alex_user],passed,0.477,0.477,0.477,1,0.477
,403e647e7e,2026-08-06T05:29:01,,test_wallet_account_open_loading_time[wallet_load_user],passed,0.33,0.33,0.33,1,0.33
,403e647e7e,2026-08-06T05:29:01,,test_wallet_assets_tab_first_open_loading_time[wallet_load_user],passed,0.616,0.616,0.616,1,0.616
,403e647e7e,2026-08-06T05:29:01,,test_wallet_assets_tab_loading_time[wallet_load_user],passed,1.067,2.321,1.567,5,"1.84,1.178,2.321,1.067,1.428"
,403e647e7e,2026-08-06T05:29:01,,test_wallet_collectibles_tab_first_open_loading_time[fresh_user],passed,16.046,16.046,16.046,1,16.046
,403e647e7e,2026-08-06T05:29:01,,test_wallet_collectibles_tab_loading_time[fresh_user],passed,0.18,0.2,0.19,5,"0.196,0.18,0.187,0.188,0.2"
,403e647e7e,2026-08-06T05:29:01,,test_wallet_activity_tab_first_open_loading_time[wallet_load_alex_user],passed,0.679,0.679,0.679,1,0.679
,403e647e7e,2026-08-06T05:29:01,,test_wallet_activity_tab_loading_time[wallet_load_alex_user],passed,0.633,0.9,0.709,5,"0.64,0.633,0.9,0.649,0.723"
,403e647e7e,2026-08-06T05:29:01,,test_wallet_swap_first_open_loading_time[wallet_load_user],passed,0.48,0.48,0.48,1,0.48
,403e647e7e,2026-08-06T05:29:01,,test_wallet_swap_loading_time[wallet_load_user],passed,0.471,0.619,0.54,5,"0.471,0.619,0.512,0.57,0.526"
,403e647e7e,2026-08-06T05:29:01,,test_wallet_collectibles_tab_first_open_loading_time[wallet_load_user],passed,7.264,7.264,7.264,1,7.264
,403e647e7e,2026-08-06T05:29:01,,test_wallet_collectibles_tab_loading_time[wallet_load_user],passed,1.458,24.83,6.592,5,"24.83,3.49,1.458,1.631,1.55"
,403e647e7e,2026-08-06T05:29:01,,test_wallet_send_first_open_loading_time[fresh_user],passed,1.028,1.028,1.028,1,1.028
,403e647e7e,2026-08-06T05:29:01,,test_wallet_send_loading_time[fresh_user],passed,0.3,0.367,0.336,5,"0.367,0.3,0.321,0.333,0.358"
,403e647e7e,2026-08-06T05:29:01,,test_wallet_collectibles_tab_first_open_loading_time[wallet_load_alex_user],passed,7.016,7.016,7.016,1,7.016
,403e647e7e,2026-08-06T05:29:01,,test_wallet_collectibles_tab_loading_time[wallet_load_alex_user],passed,4.089,55.035,19.906,5,"55.035,4.089,4.344,21.055,15.01"
,403e647e7e,2026-08-06T05:29:01,,test_wallet_first_open_loading_time[fresh_user],passed,0.381,0.381,0.381,1,0.381
,fd90ae1f5f,2026-08-06T08:58:58,,test_wallet_collectibles_tab_first_open_loading_time[wallet_load_alex_user],passed,52.577,52.577,52.577,1,52.577
,fd90ae1f5f,2026-08-06T08:58:58,,test_wallet_collectibles_tab_loading_time[wallet_load_alex_user],passed,0.199,2.208,0.604,5,"2.208,0.205,0.199,0.203,0.207"
,fd90ae1f5f,2026-08-06T08:58:58,,test_wallet_activity_tab_first_open_loading_time[fresh_user],passed,0.221,0.221,0.221,1,0.221
,fd90ae1f5f,2026-08-06T08:58:58,,test_wallet_activity_tab_loading_time[fresh_user],passed,0.216,0.546,0.296,5,"0.546,0.23,0.216,0.244,0.245"
,fd90ae1f5f,2026-08-06T08:58:58,,test_wallet_repeat_open_loading_time[wallet_load_alex_user],passed,0.571,0.626,0.602,5,"0.612,0.586,0.571,0.626,0.616"
,fd90ae1f5f,2026-08-06T08:58:58,,test_wallet_swap_first_open_loading_time[wallet_load_alex_user],passed,0.542,0.542,0.542,1,0.542
,fd90ae1f5f,2026-08-06T08:58:58,,test_wallet_swap_loading_time[wallet_load_alex_user],passed,0.566,0.645,0.607,5,"0.645,0.628,0.574,0.566,0.624"
,fd90ae1f5f,2026-08-06T08:58:58,,test_wallet_add_account_first_open_loading_time[wallet_load_user],passed,0.559,0.559,0.559,1,0.559
,fd90ae1f5f,2026-08-06T08:58:58,,test_wallet_add_account_loading_time[wallet_load_user],passed,0.406,0.512,0.437,5,"0.409,0.406,0.411,0.448,0.512"
,fd90ae1f5f,2026-08-06T08:58:58,,test_wallet_assets_tab_first_open_loading_time[wallet_load_user],passed,0.861,0.861,0.861,1,0.861
,fd90ae1f5f,2026-08-06T08:58:58,,test_wallet_assets_tab_loading_time[wallet_load_user],passed,0.898,1.424,1.127,5,"1.424,0.909,0.994,0.898,1.41"
,fd90ae1f5f,2026-08-06T08:58:58,,test_wallet_receive_first_open_loading_time[wallet_load_user],passed,0.942,0.942,0.942,1,0.942
,fd90ae1f5f,2026-08-06T08:58:58,,test_wallet_receive_loading_time[wallet_load_user],passed,0.301,0.352,0.335,5,"0.301,0.33,0.342,0.349,0.352"
,fd90ae1f5f,2026-08-06T08:58:58,,test_wallet_swap_first_open_loading_time[fresh_user],passed,1.041,1.041,1.041,1,1.041
,fd90ae1f5f,2026-08-06T08:58:58,,test_wallet_swap_loading_time[fresh_user],passed,0.286,0.345,0.323,5,"0.314,0.286,0.345,0.327,0.343"
,fd90ae1f5f,2026-08-06T08:58:58,,test_wallet_account_open_loading_time[wallet_load_alex_user],passed,0.783,0.783,0.783,1,0.783
,fd90ae1f5f,2026-08-06T08:58:58,,test_status_community_first_open_loading_time[user_data0-user_account0],passed,3.805,3.805,3.805,1,3.805
,fd90ae1f5f,2026-08-06T08:58:58,,test_wallet_add_account_first_open_loading_time[fresh_user],passed,0.526,0.526,0.526,1,0.526
,fd90ae1f5f,2026-08-06T08:58:58,,test_wallet_add_account_loading_time[fresh_user],passed,0.4,0.406,0.403,5,"0.404,0.406,0.403,0.403,0.4"
,fd90ae1f5f,2026-08-06T08:58:58,,test_wallet_receive_first_open_loading_time[wallet_load_alex_user],passed,0.93,0.93,0.93,1,0.93
,fd90ae1f5f,2026-08-06T08:58:58,,test_wallet_receive_loading_time[wallet_load_alex_user],passed,0.343,0.354,0.35,5,"0.352,0.343,0.35,0.352,0.354"
,fd90ae1f5f,2026-08-06T08:58:58,,test_wallet_account_open_loading_time[wallet_load_user],passed,0.428,0.428,0.428,1,0.428
,fd90ae1f5f,2026-08-06T08:58:58,,test_wallet_assets_tab_first_open_loading_time[wallet_load_alex_user],passed,0.607,0.607,0.607,1,0.607
,fd90ae1f5f,2026-08-06T08:58:58,,test_wallet_assets_tab_loading_time[wallet_load_alex_user],passed,1.069,2.142,1.564,5,"2.142,1.39,1.798,1.422,1.069"
,fd90ae1f5f,2026-08-06T08:58:58,,test_wallet_activity_tab_first_open_loading_time[wallet_load_alex_user],passed,0.911,0.911,0.911,1,0.911
,fd90ae1f5f,2026-08-06T08:58:58,,test_wallet_activity_tab_loading_time[wallet_load_alex_user],passed,0.68,0.9,0.796,5,"0.9,0.863,0.686,0.85,0.68"
,fd90ae1f5f,2026-08-06T08:58:58,,test_wallet_send_first_open_loading_time[wallet_load_alex_user],passed,1.699,1.699,1.699,1,1.699
,fd90ae1f5f,2026-08-06T08:58:58,,test_wallet_send_loading_time[wallet_load_alex_user],passed,0.468,1.035,0.634,5,"0.558,0.582,0.529,1.035,0.468"
,fd90ae1f5f,2026-08-06T08:58:58,,test_wallet_activity_tab_first_open_loading_time[wallet_load_user],passed,0.645,0.645,0.645,1,0.645
,fd90ae1f5f,2026-08-06T08:58:58,,test_wallet_activity_tab_loading_time[wallet_load_user],passed,0.554,1.119,0.704,5,"0.62,0.641,1.119,0.554,0.589"
,fd90ae1f5f,2026-08-06T08:58:58,,test_wallet_repeat_open_loading_time[wallet_load_user],passed,0.528,0.589,0.557,5,"0.571,0.564,0.531,0.528,0.589"
,fd90ae1f5f,2026-08-06T08:58:58,,test_wallet_repeat_open_loading_time[fresh_user],passed,0.392,0.796,0.499,5,"0.796,0.461,0.392,0.414,0.433"
,fd90ae1f5f,2026-08-06T08:58:58,,test_wallet_receive_first_open_loading_time[fresh_user],passed,1.155,1.155,1.155,1,1.155
,fd90ae1f5f,2026-08-06T08:58:58,,test_wallet_receive_loading_time[fresh_user],passed,0.3,0.326,0.309,5,"0.312,0.326,0.3,0.301,0.308"
,fd90ae1f5f,2026-08-06T08:58:58,,test_wallet_send_first_open_loading_time[wallet_load_user],passed,1.654,1.654,1.654,1,1.654
,fd90ae1f5f,2026-08-06T08:58:58,,test_wallet_send_loading_time[wallet_load_user],passed,0.452,0.545,0.503,5,"0.53,0.528,0.452,0.545,0.458"
,fd90ae1f5f,2026-08-06T08:58:58,,test_wallet_send_first_open_loading_time[fresh_user],passed,1.062,1.062,1.062,1,1.062
,fd90ae1f5f,2026-08-06T08:58:58,,test_wallet_send_loading_time[fresh_user],passed,0.301,0.376,0.337,5,"0.376,0.301,0.321,0.312,0.374"
,fd90ae1f5f,2026-08-06T08:58:58,,test_wallet_first_open_loading_time[fresh_user],passed,0.409,0.409,0.409,1,0.409
,fd90ae1f5f,2026-08-06T08:58:58,,test_wallet_collectibles_tab_first_open_loading_time[wallet_load_user],passed,32.013,32.013,32.013,1,32.013
,fd90ae1f5f,2026-08-06T08:58:58,,test_wallet_collectibles_tab_loading_time[wallet_load_user],passed,1.383,4.238,2.072,5,"1.641,1.483,4.238,1.618,1.383"
,fd90ae1f5f,2026-08-06T08:58:58,,test_wallet_first_open_loading_time[wallet_load_alex_user],passed,0.404,0.404,0.404,1,0.404
,fd90ae1f5f,2026-08-06T08:58:58,,test_wallet_assets_tab_first_open_loading_time[fresh_user],passed,0.166,0.166,0.166,1,0.166
,fd90ae1f5f,2026-08-06T08:58:58,,test_wallet_assets_tab_loading_time[fresh_user],passed,0.358,0.413,0.385,5,"0.377,0.413,0.38,0.399,0.358"
,fd90ae1f5f,2026-08-06T08:58:58,,test_wallet_first_open_loading_time[wallet_load_user],passed,0.272,0.272,0.272,1,0.272
,fd90ae1f5f,2026-08-06T08:58:58,,test_wallet_add_account_first_open_loading_time[wallet_load_alex_user],passed,0.518,0.518,0.518,1,0.518
,fd90ae1f5f,2026-08-06T08:58:58,,test_wallet_add_account_loading_time[wallet_load_alex_user],passed,0.475,0.552,0.508,5,"0.552,0.475,0.498,0.491,0.522"
,fd90ae1f5f,2026-08-06T08:58:58,,test_wallet_swap_first_open_loading_time[wallet_load_user],passed,0.535,0.535,0.535,1,0.535
,fd90ae1f5f,2026-08-06T08:58:58,,test_wallet_swap_loading_time[wallet_load_user],passed,0.456,0.577,0.537,5,"0.528,0.577,0.569,0.456,0.554"
,fd90ae1f5f,2026-08-06T08:58:58,,test_wallet_collectibles_tab_first_open_loading_time[fresh_user],passed,16.168,16.168,16.168,1,16.168
,fd90ae1f5f,2026-08-06T08:58:58,,test_wallet_collectibles_tab_loading_time[fresh_user],passed,0.164,0.423,0.222,5,"0.166,0.423,0.164,0.177,0.177"
,fd90ae1f5f,2026-08-06T08:58:58,,test_status_community_second_open_loading_time[user_data0-user_account0],passed,2.111,2.532,2.3,5,"2.329,2.318,2.212,2.532,2.111"
,fd90ae1f5f,2026-08-06T08:58:58,,test_wallet_account_open_loading_time[fresh_user],passed,0.199,0.199,0.199,1,0.199
,f3ced3320d,2026-08-07T05:33:41,,test_wallet_activity_tab_first_open_loading_time[wallet_load_user],passed,0.748,0.748,0.748,1,0.748
,f3ced3320d,2026-08-07T05:33:41,,test_wallet_activity_tab_loading_time[wallet_load_user],passed,0.549,0.845,0.654,5,"0.549,0.845,0.659,0.588,0.631"
,f3ced3320d,2026-08-07T05:33:41,,test_wallet_swap_first_open_loading_time[wallet_load_user],passed,0.558,0.558,0.558,1,0.558
,f3ced3320d,2026-08-07T05:33:41,,test_wallet_swap_loading_time[wallet_load_user],passed,0.414,0.53,0.49,5,"0.414,0.53,0.486,0.497,0.521"
,f3ced3320d,2026-08-07T05:33:41,,test_wallet_repeat_open_loading_time[fresh_user],passed,0.369,0.584,0.427,5,"0.382,0.404,0.394,0.369,0.584"
,f3ced3320d,2026-08-07T05:33:41,,test_wallet_receive_first_open_loading_time[wallet_load_alex_user],passed,0.532,0.532,0.532,1,0.532
,f3ced3320d,2026-08-07T05:33:41,,test_wallet_receive_loading_time[wallet_load_alex_user],passed,0.347,0.358,0.355,5,"0.358,0.347,0.357,0.354,0.357"
,f3ced3320d,2026-08-07T05:33:41,,test_wallet_send_first_open_loading_time[wallet_load_user],passed,1.221,1.221,1.221,1,1.221
,f3ced3320d,2026-08-07T05:33:41,,test_wallet_send_loading_time[wallet_load_user],passed,0.394,0.588,0.475,5,"0.588,0.423,0.394,0.489,0.483"
,f3ced3320d,2026-08-07T05:33:41,,test_wallet_receive_first_open_loading_time[wallet_load_user],passed,0.469,0.469,0.469,1,0.469
,f3ced3320d,2026-08-07T05:33:41,,test_wallet_receive_loading_time[wallet_load_user],passed,0.3,0.359,0.331,5,"0.336,0.359,0.34,0.3,0.319"
,f3ced3320d,2026-08-07T05:33:41,,test_status_community_second_open_loading_time[user_data0-user_account0],passed,1.883,2.645,2.223,5,"1.883,2.241,2.645,2.241,2.107"
,f3ced3320d,2026-08-07T05:33:41,,test_wallet_assets_tab_first_open_loading_time[wallet_load_alex_user],passed,0.905,0.905,0.905,1,0.905
,f3ced3320d,2026-08-07T05:33:41,,test_wallet_assets_tab_loading_time[wallet_load_alex_user],passed,0.904,0.992,0.946,5,"0.904,0.992,0.929,0.946,0.958"
,f3ced3320d,2026-08-07T05:33:41,,test_wallet_send_first_open_loading_time[fresh_user],passed,1.259,1.259,1.259,1,1.259
,f3ced3320d,2026-08-07T05:33:41,,test_wallet_send_loading_time[fresh_user],passed,0.299,0.385,0.335,5,"0.33,0.348,0.314,0.299,0.385"
,f3ced3320d,2026-08-07T05:33:41,,test_wallet_first_open_loading_time[wallet_load_user],passed,0.297,0.297,0.297,1,0.297
,f3ced3320d,2026-08-07T05:33:41,,test_wallet_collectibles_tab_first_open_loading_time[fresh_user],passed,15.874,15.874,15.874,1,15.874
,f3ced3320d,2026-08-07T05:33:41,,test_wallet_collectibles_tab_loading_time[fresh_user],passed,0.139,0.193,0.156,5,"0.152,0.151,0.139,0.143,0.193"
,f3ced3320d,2026-08-07T05:33:41,,test_wallet_account_open_loading_time[fresh_user],passed,0.138,0.138,0.138,1,0.138
,f3ced3320d,2026-08-07T05:33:41,,test_wallet_first_open_loading_time[fresh_user],passed,0.401,0.401,0.401,1,0.401
,f3ced3320d,2026-08-07T05:33:41,,test_wallet_account_open_loading_time[wallet_load_user],passed,0.458,0.458,0.458,1,0.458
,f3ced3320d,2026-08-07T05:33:41,,test_wallet_repeat_open_loading_time[wallet_load_user],passed,0.55,0.601,0.572,5,"0.593,0.601,0.55,0.556,0.563"
,f3ced3320d,2026-08-07T05:33:41,,test_wallet_swap_first_open_loading_time[wallet_load_alex_user],passed,1.266,1.266,1.266,1,1.266
,f3ced3320d,2026-08-07T05:33:41,,test_wallet_swap_loading_time[wallet_load_alex_user],passed,0.569,0.658,0.596,5,"0.595,0.658,0.576,0.569,0.581"
,f3ced3320d,2026-08-07T05:33:41,,test_wallet_repeat_open_loading_time[wallet_load_alex_user],passed,0.539,0.617,0.577,5,"0.563,0.59,0.575,0.617,0.539"
,f3ced3320d,2026-08-07T05:33:41,,test_wallet_assets_tab_first_open_loading_time[wallet_load_user],passed,0.62,0.62,0.62,1,0.62
,f3ced3320d,2026-08-07T05:33:41,,test_wallet_assets_tab_loading_time[wallet_load_user],passed,0.675,1.025,0.839,5,"0.914,0.898,0.675,0.682,1.025"
,f3ced3320d,2026-08-07T05:33:41,,test_wallet_collectibles_tab_first_open_loading_time[wallet_load_user],passed,46.628,46.628,46.628,1,46.628
,f3ced3320d,2026-08-07T05:33:41,,test_wallet_collectibles_tab_loading_time[wallet_load_user],passed,0.182,0.208,0.195,5,"0.204,0.193,0.189,0.208,0.182"
,f3ced3320d,2026-08-07T05:33:41,,test_wallet_send_first_open_loading_time[wallet_load_alex_user],passed,1.686,1.686,1.686,1,1.686
,f3ced3320d,2026-08-07T05:33:41,,test_wallet_send_loading_time[wallet_load_alex_user],passed,0.52,0.612,0.559,5,"0.543,0.612,0.553,0.52,0.568"
,f3ced3320d,2026-08-07T05:33:41,,test_wallet_receive_first_open_loading_time[fresh_user],passed,0.452,0.452,0.452,1,0.452
,f3ced3320d,2026-08-07T05:33:41,,test_wallet_receive_loading_time[fresh_user],passed,0.252,0.275,0.26,5,"0.275,0.254,0.264,0.252,0.257"
,f3ced3320d,2026-08-07T05:33:41,,test_wallet_assets_tab_first_open_loading_time[fresh_user],passed,0.194,0.194,0.194,1,0.194
,f3ced3320d,2026-08-07T05:33:41,,test_wallet_assets_tab_loading_time[fresh_user],passed,0.362,0.628,0.433,5,"0.362,0.374,0.386,0.417,0.628"
,f3ced3320d,2026-08-07T05:33:41,,test_wallet_collectibles_tab_first_open_loading_time[wallet_load_alex_user],passed,84.486,84.486,84.486,1,84.486
,f3ced3320d,2026-08-07T05:33:41,,test_wallet_collectibles_tab_loading_time[wallet_load_alex_user],passed,2.192,2.482,2.357,5,"2.397,2.374,2.192,2.482,2.339"
,f3ced3320d,2026-08-07T05:33:41,,test_wallet_swap_first_open_loading_time[fresh_user],passed,0.638,0.638,0.638,1,0.638
,f3ced3320d,2026-08-07T05:33:41,,test_wallet_swap_loading_time[fresh_user],passed,0.28,0.336,0.312,5,"0.317,0.324,0.3,0.28,0.336"
,f3ced3320d,2026-08-07T05:33:41,,test_wallet_add_account_first_open_loading_time[wallet_load_user],passed,0.578,0.578,0.578,1,0.578
,f3ced3320d,2026-08-07T05:33:41,,test_wallet_add_account_loading_time[wallet_load_user],passed,0.416,0.59,0.462,5,"0.59,0.419,0.425,0.416,0.46"
,f3ced3320d,2026-08-07T05:33:41,,test_status_community_first_open_loading_time[user_data0-user_account0],passed,4.942,4.942,4.942,1,4.942
,f3ced3320d,2026-08-07T05:33:41,,test_wallet_add_account_first_open_loading_time[fresh_user],passed,0.573,0.573,0.573,1,0.573
,f3ced3320d,2026-08-07T05:33:41,,test_wallet_add_account_loading_time[fresh_user],passed,0.366,0.42,0.392,5,"0.42,0.387,0.386,0.366,0.401"
,f3ced3320d,2026-08-07T05:33:41,,test_wallet_account_open_loading_time[wallet_load_alex_user],passed,0.489,0.489,0.489,1,0.489
,f3ced3320d,2026-08-07T05:33:41,,test_wallet_add_account_first_open_loading_time[wallet_load_alex_user],passed,0.558,0.558,0.558,1,0.558
,f3ced3320d,2026-08-07T05:33:41,,test_wallet_add_account_loading_time[wallet_load_alex_user],passed,0.473,0.532,0.51,5,"0.518,0.524,0.532,0.473,0.503"
,f3ced3320d,2026-08-07T05:33:41,,test_wallet_activity_tab_first_open_loading_time[wallet_load_alex_user],passed,0.651,0.651,0.651,1,0.651
,f3ced3320d,2026-08-07T05:33:41,,test_wallet_activity_tab_loading_time[wallet_load_alex_user],passed,0.605,1.092,0.77,5,"0.858,0.657,1.092,0.64,0.605"
,f3ced3320d,2026-08-07T05:33:41,,test_wallet_activity_tab_first_open_loading_time[fresh_user],passed,0.208,0.208,0.208,1,0.208
,f3ced3320d,2026-08-07T05:33:41,,test_wallet_activity_tab_loading_time[fresh_user],passed,0.191,0.218,0.201,5,"0.191,0.191,0.194,0.218,0.213"
,f3ced3320d,2026-08-07T05:33:41,,test_wallet_first_open_loading_time[wallet_load_alex_user],passed,0.339,0.339,0.339,1,0.339
,5504680a17,2026-08-08T05:30:24,,test_wallet_assets_tab_first_open_loading_time[wallet_load_user],passed,0.483,0.483,0.483,1,0.483
,5504680a17,2026-08-08T05:30:24,,test_wallet_assets_tab_loading_time[wallet_load_user],passed,0.669,1.143,0.88,5,"1.143,0.843,0.949,0.669,0.794"
,5504680a17,2026-08-08T05:30:24,,test_wallet_send_first_open_loading_time[fresh_user],passed,1.027,1.027,1.027,1,1.027
,5504680a17,2026-08-08T05:30:24,,test_wallet_send_loading_time[fresh_user],passed,0.303,0.589,0.388,5,"0.589,0.361,0.303,0.305,0.382"
,5504680a17,2026-08-08T05:30:24,,test_wallet_swap_first_open_loading_time[wallet_load_user],passed,0.997,0.997,0.997,1,0.997
,5504680a17,2026-08-08T05:30:24,,test_wallet_swap_loading_time[wallet_load_user],passed,0.463,0.574,0.518,5,"0.482,0.521,0.463,0.574,0.552"
,5504680a17,2026-08-08T05:30:24,,test_wallet_account_open_loading_time[fresh_user],passed,0.167,0.167,0.167,1,0.167
,5504680a17,2026-08-08T05:30:24,,test_wallet_receive_first_open_loading_time[wallet_load_alex_user],passed,0.505,0.505,0.505,1,0.505
,5504680a17,2026-08-08T05:30:24,,test_wallet_receive_loading_time[wallet_load_alex_user],passed,0.335,0.357,0.349,5,"0.344,0.357,0.355,0.335,0.355"
,5504680a17,2026-08-08T05:30:24,,test_wallet_send_first_open_loading_time[wallet_load_user],passed,1.532,1.532,1.532,1,1.532
,5504680a17,2026-08-08T05:30:24,,test_wallet_send_loading_time[wallet_load_user],passed,0.435,0.936,0.574,5,"0.936,0.473,0.435,0.56,0.463"
,5504680a17,2026-08-08T05:30:24,,test_wallet_swap_first_open_loading_time[fresh_user],passed,1.043,1.043,1.043,1,1.043
,5504680a17,2026-08-08T05:30:24,,test_wallet_swap_loading_time[fresh_user],passed,0.302,0.333,0.316,5,"0.316,0.316,0.333,0.302,0.313"
,5504680a17,2026-08-08T05:30:24,,test_wallet_add_account_first_open_loading_time[wallet_load_alex_user],passed,0.548,0.548,0.548,1,0.548
,5504680a17,2026-08-08T05:30:24,,test_wallet_add_account_loading_time[wallet_load_alex_user],passed,0.47,0.509,0.491,5,"0.495,0.47,0.494,0.485,0.509"
,5504680a17,2026-08-08T05:30:24,,test_wallet_swap_first_open_loading_time[wallet_load_alex_user],passed,0.61,0.61,0.61,1,0.61
,5504680a17,2026-08-08T05:30:24,,test_wallet_swap_loading_time[wallet_load_alex_user],passed,0.582,0.637,0.618,5,"0.624,0.633,0.637,0.582,0.612"
,5504680a17,2026-08-08T05:30:24,,test_wallet_repeat_open_loading_time[wallet_load_user],passed,0.511,0.6,0.56,5,"0.597,0.574,0.6,0.511,0.518"
,5504680a17,2026-08-08T05:30:24,,test_wallet_activity_tab_first_open_loading_time[fresh_user],passed,0.217,0.217,0.217,1,0.217
,5504680a17,2026-08-08T05:30:24,,test_wallet_activity_tab_loading_time[fresh_user],passed,0.185,0.298,0.227,5,"0.298,0.21,0.185,0.25,0.193"
,5504680a17,2026-08-08T05:30:24,,test_wallet_receive_first_open_loading_time[fresh_user],passed,0.444,0.444,0.444,1,0.444
,5504680a17,2026-08-08T05:30:24,,test_wallet_receive_loading_time[fresh_user],passed,0.255,0.282,0.265,5,"0.256,0.282,0.256,0.275,0.255"
,5504680a17,2026-08-08T05:30:24,,test_wallet_activity_tab_first_open_loading_time[wallet_load_alex_user],passed,0.673,0.673,0.673,1,0.673
,5504680a17,2026-08-08T05:30:24,,test_wallet_activity_tab_loading_time[wallet_load_alex_user],passed,0.597,1.228,0.805,5,"1.228,0.597,0.709,0.819,0.674"
,5504680a17,2026-08-08T05:30:24,,test_wallet_collectibles_tab_first_open_loading_time[wallet_load_alex_user],passed,75.224,75.224,75.224,1,75.224
,5504680a17,2026-08-08T05:30:24,,test_wallet_collectibles_tab_loading_time[wallet_load_alex_user],passed,2.154,2.506,2.359,5,"2.385,2.349,2.506,2.154,2.402"
,5504680a17,2026-08-08T05:30:24,,test_wallet_repeat_open_loading_time[fresh_user],passed,0.413,0.467,0.432,5,"0.467,0.413,0.439,0.416,0.425"
,5504680a17,2026-08-08T05:30:24,,test_wallet_first_open_loading_time[wallet_load_alex_user],passed,0.298,0.298,0.298,1,0.298
,5504680a17,2026-08-08T05:30:24,,test_wallet_first_open_loading_time[wallet_load_user],passed,0.307,0.307,0.307,1,0.307
,5504680a17,2026-08-08T05:30:24,,test_wallet_collectibles_tab_first_open_loading_time[wallet_load_user],passed,46.913,46.913,46.913,1,46.913
,5504680a17,2026-08-08T05:30:24,,test_wallet_collectibles_tab_loading_time[wallet_load_user],passed,0.191,0.218,0.206,5,"0.195,0.218,0.191,0.213,0.212"
,5504680a17,2026-08-08T05:30:24,,test_wallet_send_first_open_loading_time[wallet_load_alex_user],passed,1.727,1.727,1.727,1,1.727
,5504680a17,2026-08-08T05:30:24,,test_wallet_send_loading_time[wallet_load_alex_user],passed,0.494,0.69,0.551,5,"0.518,0.532,0.69,0.494,0.521"
,5504680a17,2026-08-08T05:30:24,,test_status_community_first_open_loading_time[user_data0-user_account0],passed,2.799,2.799,2.799,1,2.799
,5504680a17,2026-08-08T05:30:24,,test_wallet_assets_tab_first_open_loading_time[fresh_user],passed,1.506,1.506,1.506,1,1.506
,5504680a17,2026-08-08T05:30:24,,test_wallet_assets_tab_loading_time[fresh_user],passed,0.346,0.404,0.372,5,"0.364,0.358,0.404,0.387,0.346"
,5504680a17,2026-08-08T05:30:24,,test_wallet_account_open_loading_time[wallet_load_user],passed,0.526,0.526,0.526,1,0.526
,5504680a17,2026-08-08T05:30:24,,test_wallet_activity_tab_first_open_loading_time[wallet_load_user],passed,0.645,0.645,0.645,1,0.645
,5504680a17,2026-08-08T05:30:24,,test_wallet_activity_tab_loading_time[wallet_load_user],passed,0.553,0.874,0.674,5,"0.573,0.808,0.874,0.562,0.553"
,5504680a17,2026-08-08T05:30:24,,test_wallet_collectibles_tab_first_open_loading_time[fresh_user],passed,16.185,16.185,16.185,1,16.185
,5504680a17,2026-08-08T05:30:24,,test_wallet_collectibles_tab_loading_time[fresh_user],passed,0.151,0.204,0.172,5,"0.151,0.17,0.154,0.204,0.18"
,5504680a17,2026-08-08T05:30:24,,test_wallet_repeat_open_loading_time[wallet_load_alex_user],passed,0.592,0.678,0.635,5,"0.592,0.593,0.653,0.659,0.678"
,5504680a17,2026-08-08T05:30:24,,test_wallet_add_account_first_open_loading_time[wallet_load_user],passed,0.533,0.533,0.533,1,0.533
,5504680a17,2026-08-08T05:30:24,,test_wallet_add_account_loading_time[wallet_load_user],passed,0.414,0.522,0.455,5,"0.522,0.416,0.414,0.436,0.486"
,5504680a17,2026-08-08T05:30:24,,test_wallet_add_account_first_open_loading_time[fresh_user],passed,1.023,1.023,1.023,1,1.023
,5504680a17,2026-08-08T05:30:24,,test_wallet_add_account_loading_time[fresh_user],passed,0.398,0.627,0.469,5,"0.483,0.627,0.43,0.398,0.409"
,5504680a17,2026-08-08T05:30:24,,test_wallet_receive_first_open_loading_time[wallet_load_user],passed,0.895,0.895,0.895,1,0.895
,5504680a17,2026-08-08T05:30:24,,test_wallet_receive_loading_time[wallet_load_user],passed,0.282,0.329,0.3,5,"0.288,0.282,0.296,0.329,0.305"
,5504680a17,2026-08-08T05:30:24,,test_wallet_account_open_loading_time[wallet_load_alex_user],passed,0.764,0.764,0.764,1,0.764
,5504680a17,2026-08-08T05:30:24,,test_wallet_assets_tab_first_open_loading_time[wallet_load_alex_user],passed,0.906,0.906,0.906,1,0.906
,5504680a17,2026-08-08T05:30:24,,test_wallet_assets_tab_loading_time[wallet_load_alex_user],passed,0.88,0.925,0.9,5,"0.899,0.911,0.925,0.88,0.886"
,5504680a17,2026-08-08T05:30:24,,test_status_community_second_open_loading_time[user_data0-user_account0],passed,2.137,2.274,2.188,5,"2.14,2.137,2.209,2.178,2.274"
,5504680a17,2026-08-08T05:30:24,,test_wallet_first_open_loading_time[fresh_user],passed,0.392,0.392,0.392,1,0.392
,e285fde4a6,2026-08-09T05:27:16,,test_wallet_assets_tab_first_open_loading_time[wallet_load_user],passed,0.966,0.966,0.966,1,0.966
,e285fde4a6,2026-08-09T05:27:16,,test_wallet_assets_tab_loading_time[wallet_load_user],passed,0.642,0.909,0.757,5,"0.862,0.909,0.704,0.67,0.642"
,e285fde4a6,2026-08-09T05:27:16,,test_wallet_first_open_loading_time[wallet_load_alex_user],passed,0.478,0.478,0.478,1,0.478
,e285fde4a6,2026-08-09T05:27:16,,test_wallet_swap_first_open_loading_time[fresh_user],passed,1.079,1.079,1.079,1,1.079
,e285fde4a6,2026-08-09T05:27:16,,test_wallet_swap_loading_time[fresh_user],passed,0.31,0.324,0.317,5,"0.322,0.316,0.31,0.316,0.324"
,e285fde4a6,2026-08-09T05:27:16,,test_wallet_repeat_open_loading_time[fresh_user],passed,0.387,0.418,0.404,5,"0.403,0.418,0.387,0.398,0.411"
,e285fde4a6,2026-08-09T05:27:16,,test_wallet_send_first_open_loading_time[wallet_load_user],passed,1.355,1.355,1.355,1,1.355
,e285fde4a6,2026-08-09T05:27:16,,test_wallet_send_loading_time[wallet_load_user],passed,0.464,0.522,0.489,5,"0.48,0.464,0.522,0.497,0.482"
,e285fde4a6,2026-08-09T05:27:16,,test_wallet_add_account_first_open_loading_time[fresh_user],passed,0.546,0.546,0.546,1,0.546
,e285fde4a6,2026-08-09T05:27:16,,test_wallet_add_account_loading_time[fresh_user],passed,0.355,0.425,0.386,5,"0.381,0.355,0.425,0.385,0.382"
,e285fde4a6,2026-08-09T05:27:16,,test_wallet_receive_first_open_loading_time[wallet_load_alex_user],passed,0.517,0.517,0.517,1,0.517
,e285fde4a6,2026-08-09T05:27:16,,test_wallet_receive_loading_time[wallet_load_alex_user],passed,0.331,0.395,0.354,5,"0.343,0.354,0.345,0.331,0.395"
,e285fde4a6,2026-08-09T05:27:16,,test_wallet_add_account_first_open_loading_time[wallet_load_alex_user],passed,0.612,0.612,0.612,1,0.612
,e285fde4a6,2026-08-09T05:27:16,,test_wallet_add_account_loading_time[wallet_load_alex_user],passed,0.48,0.586,0.518,5,"0.586,0.48,0.496,0.484,0.547"
,e285fde4a6,2026-08-09T05:27:16,,test_wallet_assets_tab_first_open_loading_time[fresh_user],passed,0.822,0.822,0.822,1,0.822
,e285fde4a6,2026-08-09T05:27:16,,test_wallet_assets_tab_loading_time[fresh_user],passed,0.349,0.421,0.368,5,"0.357,0.349,0.353,0.421,0.361"
,e285fde4a6,2026-08-09T05:27:16,,test_wallet_activity_tab_first_open_loading_time[wallet_load_user],passed,0.887,0.887,0.887,1,0.887
,e285fde4a6,2026-08-09T05:27:16,,test_wallet_activity_tab_loading_time[wallet_load_user],passed,0.546,0.816,0.649,5,"0.816,0.647,0.615,0.546,0.62"
,e285fde4a6,2026-08-09T05:27:16,,test_wallet_collectibles_tab_first_open_loading_time[fresh_user],passed,16.249,16.249,16.249,1,16.249
,e285fde4a6,2026-08-09T05:27:16,,test_wallet_collectibles_tab_loading_time[fresh_user],passed,0.146,0.21,0.171,5,"0.155,0.19,0.21,0.146,0.155"
,e285fde4a6,2026-08-09T05:27:16,,test_status_community_first_open_loading_time[user_data0-user_account0],passed,3.485,3.485,3.485,1,3.485
,e285fde4a6,2026-08-09T05:27:16,,test_wallet_add_account_first_open_loading_time[wallet_load_user],passed,0.621,0.621,0.621,1,0.621
,e285fde4a6,2026-08-09T05:27:16,,test_wallet_add_account_loading_time[wallet_load_user],passed,0.423,0.48,0.445,5,"0.454,0.423,0.428,0.44,0.48"
,e285fde4a6,2026-08-09T05:27:16,,test_wallet_first_open_loading_time[fresh_user],passed,0.457,0.457,0.457,1,0.457
,e285fde4a6,2026-08-09T05:27:16,,test_wallet_swap_first_open_loading_time[wallet_load_alex_user],passed,0.558,0.558,0.558,1,0.558
,e285fde4a6,2026-08-09T05:27:16,,test_wallet_swap_loading_time[wallet_load_alex_user],passed,0.57,0.631,0.599,5,"0.57,0.594,0.61,0.589,0.631"
,e285fde4a6,2026-08-09T05:27:16,,test_wallet_account_open_loading_time[fresh_user],passed,0.138,0.138,0.138,1,0.138
,e285fde4a6,2026-08-09T05:27:16,,test_status_community_second_open_loading_time[user_data0-user_account0],passed,2.118,2.246,2.189,5,"2.124,2.118,2.23,2.246,2.23"
,e285fde4a6,2026-08-09T05:27:16,,test_wallet_activity_tab_first_open_loading_time[wallet_load_alex_user],passed,0.775,0.775,0.775,1,0.775
,e285fde4a6,2026-08-09T05:27:16,,test_wallet_activity_tab_loading_time[wallet_load_alex_user],passed,0.629,1.135,0.881,5,"0.903,0.629,1.135,0.832,0.906"
,e285fde4a6,2026-08-09T05:27:16,,test_wallet_assets_tab_first_open_loading_time[wallet_load_alex_user],passed,0.682,0.682,0.682,1,0.682
,e285fde4a6,2026-08-09T05:27:16,,test_wallet_assets_tab_loading_time[wallet_load_alex_user],passed,0.881,0.915,0.9,5,"0.881,0.915,0.911,0.888,0.904"
,e285fde4a6,2026-08-09T05:27:16,,test_wallet_activity_tab_first_open_loading_time[fresh_user],passed,0.247,0.247,0.247,1,0.247
,e285fde4a6,2026-08-09T05:27:16,,test_wallet_activity_tab_loading_time[fresh_user],passed,0.193,0.492,0.276,5,"0.202,0.193,0.257,0.492,0.237"
,e285fde4a6,2026-08-09T05:27:16,,test_wallet_collectibles_tab_first_open_loading_time[wallet_load_alex_user],passed,84.619,84.619,84.619,1,84.619
,e285fde4a6,2026-08-09T05:27:16,,test_wallet_collectibles_tab_loading_time[wallet_load_alex_user],passed,2.193,2.38,2.276,5,"2.323,2.256,2.193,2.38,2.231"
,e285fde4a6,2026-08-09T05:27:16,,test_wallet_swap_first_open_loading_time[wallet_load_user],passed,0.673,0.673,0.673,1,0.673
,e285fde4a6,2026-08-09T05:27:16,,test_wallet_swap_loading_time[wallet_load_user],passed,0.479,0.56,0.511,5,"0.479,0.529,0.484,0.505,0.56"
,e285fde4a6,2026-08-09T05:27:16,,test_wallet_account_open_loading_time[wallet_load_alex_user],passed,0.475,0.475,0.475,1,0.475
,e285fde4a6,2026-08-09T05:27:16,,test_wallet_collectibles_tab_first_open_loading_time[wallet_load_user],passed,46.616,46.616,46.616,1,46.616
,e285fde4a6,2026-08-09T05:27:16,,test_wallet_collectibles_tab_loading_time[wallet_load_user],passed,0.187,0.228,0.203,5,"0.187,0.228,0.187,0.227,0.188"
,e285fde4a6,2026-08-09T05:27:16,,test_wallet_first_open_loading_time[wallet_load_user],passed,0.339,0.339,0.339,1,0.339
,e285fde4a6,2026-08-09T05:27:16,,test_wallet_receive_first_open_loading_time[fresh_user],passed,0.443,0.443,0.443,1,0.443
,e285fde4a6,2026-08-09T05:27:16,,test_wallet_receive_loading_time[fresh_user],passed,0.249,0.28,0.262,5,"0.263,0.28,0.265,0.249,0.253"
,e285fde4a6,2026-08-09T05:27:16,,test_wallet_receive_first_open_loading_time[wallet_load_user],passed,0.475,0.475,0.475,1,0.475
,e285fde4a6,2026-08-09T05:27:16,,test_wallet_receive_loading_time[wallet_load_user],passed,0.284,0.388,0.327,5,"0.289,0.284,0.312,0.364,0.388"
,e285fde4a6,2026-08-09T05:27:16,,test_wallet_send_first_open_loading_time[wallet_load_alex_user],passed,1.528,1.528,1.528,1,1.528
,e285fde4a6,2026-08-09T05:27:16,,test_wallet_send_loading_time[wallet_load_alex_user],passed,0.489,0.563,0.534,5,"0.563,0.54,0.532,0.546,0.489"
,e285fde4a6,2026-08-09T05:27:16,,test_wallet_repeat_open_loading_time[wallet_load_alex_user],passed,0.586,0.751,0.644,5,"0.612,0.586,0.751,0.683,0.589"
,e285fde4a6,2026-08-09T05:27:16,,test_wallet_repeat_open_loading_time[wallet_load_user],passed,0.516,0.639,0.589,5,"0.623,0.568,0.597,0.516,0.639"
,e285fde4a6,2026-08-09T05:27:16,,test_wallet_send_first_open_loading_time[fresh_user],passed,1.101,1.101,1.101,1,1.101
,e285fde4a6,2026-08-09T05:27:16,,test_wallet_send_loading_time[fresh_user],passed,0.298,0.39,0.334,5,"0.39,0.302,0.313,0.298,0.367"
,e285fde4a6,2026-08-09T05:27:16,,test_wallet_account_open_loading_time[wallet_load_user],passed,0.361,0.361,0.361,1,0.361
,f0ca5f1d08,2026-08-10T05:28:49,,test_wallet_assets_tab_first_open_loading_time[wallet_load_alex_user],passed,1.481,1.481,1.481,1,1.481
,f0ca5f1d08,2026-08-10T05:28:49,,test_wallet_assets_tab_loading_time[wallet_load_alex_user],passed,0.874,1.008,0.926,5,"1.008,0.959,0.877,0.874,0.913"
,f0ca5f1d08,2026-08-10T05:28:49,,test_wallet_add_account_first_open_loading_time[wallet_load_user],passed,0.587,0.587,0.587,1,0.587
,f0ca5f1d08,2026-08-10T05:28:49,,test_wallet_add_account_loading_time[wallet_load_user],passed,0.416,0.437,0.426,5,"0.437,0.416,0.429,0.426,0.422"
,f0ca5f1d08,2026-08-10T05:28:49,,test_wallet_swap_first_open_loading_time[wallet_load_alex_user],passed,0.567,0.567,0.567,1,0.567
,f0ca5f1d08,2026-08-10T05:28:49,,test_wallet_swap_loading_time[wallet_load_alex_user],passed,0.496,0.678,0.6,5,"0.678,0.637,0.597,0.59,0.496"
,f0ca5f1d08,2026-08-10T05:28:49,,test_wallet_swap_first_open_loading_time[wallet_load_user],passed,0.481,0.481,0.481,1,0.481
,f0ca5f1d08,2026-08-10T05:28:49,,test_wallet_swap_loading_time[wallet_load_user],passed,0.457,0.546,0.508,5,"0.457,0.504,0.506,0.528,0.546"
,f0ca5f1d08,2026-08-10T05:28:49,,test_wallet_receive_first_open_loading_time[wallet_load_alex_user],passed,0.764,0.764,0.764,1,0.764
,f0ca5f1d08,2026-08-10T05:28:49,,test_wallet_receive_loading_time[wallet_load_alex_user],passed,0.34,0.372,0.355,5,"0.372,0.358,0.345,0.361,0.34"
,f0ca5f1d08,2026-08-10T05:28:49,,test_wallet_account_open_loading_time[wallet_load_alex_user],passed,0.895,0.895,0.895,1,0.895
,f0ca5f1d08,2026-08-10T05:28:49,,test_wallet_repeat_open_loading_time[wallet_load_alex_user],passed,0.554,0.638,0.598,5,"0.638,0.589,0.599,0.554,0.61"
,f0ca5f1d08,2026-08-10T05:28:49,,test_wallet_first_open_loading_time[wallet_load_user],passed,0.6,0.6,0.6,1,0.6
,f0ca5f1d08,2026-08-10T05:28:49,,test_wallet_receive_first_open_loading_time[wallet_load_user],passed,0.458,0.458,0.458,1,0.458
,f0ca5f1d08,2026-08-10T05:28:49,,test_wallet_receive_loading_time[wallet_load_user],passed,0.309,0.343,0.329,5,"0.343,0.333,0.309,0.318,0.341"
,f0ca5f1d08,2026-08-10T05:28:49,,test_status_community_second_open_loading_time[user_data0-user_account0],passed,1.839,3.54,2.359,5,"2.106,2.105,3.54,1.839,2.203"
,f0ca5f1d08,2026-08-10T05:28:49,,test_wallet_send_first_open_loading_time[wallet_load_user],passed,2.04,2.04,2.04,1,2.04
,f0ca5f1d08,2026-08-10T05:28:49,,test_wallet_send_loading_time[wallet_load_user],passed,0.442,0.502,0.475,5,"0.502,0.477,0.442,0.498,0.457"
,f0ca5f1d08,2026-08-10T05:28:49,,test_wallet_repeat_open_loading_time[wallet_load_user],passed,0.53,0.673,0.603,5,"0.631,0.673,0.642,0.53,0.54"
,f0ca5f1d08,2026-08-10T05:28:49,,test_wallet_send_first_open_loading_time[wallet_load_alex_user],passed,1.579,1.579,1.579,1,1.579
,f0ca5f1d08,2026-08-10T05:28:49,,test_wallet_send_loading_time[wallet_load_alex_user],passed,0.477,0.649,0.541,5,"0.513,0.649,0.507,0.559,0.477"
,f0ca5f1d08,2026-08-10T05:28:49,,test_wallet_collectibles_tab_first_open_loading_time[wallet_load_user],passed,47.141,47.141,47.141,1,47.141
,f0ca5f1d08,2026-08-10T05:28:49,,test_wallet_collectibles_tab_loading_time[wallet_load_user],passed,0.192,0.257,0.219,5,"0.228,0.192,0.202,0.257,0.218"
,f0ca5f1d08,2026-08-10T05:28:49,,test_wallet_collectibles_tab_first_open_loading_time[fresh_user],passed,15.985,15.985,15.985,1,15.985
,f0ca5f1d08,2026-08-10T05:28:49,,test_wallet_collectibles_tab_loading_time[fresh_user],passed,0.152,0.195,0.18,5,"0.195,0.18,0.179,0.194,0.152"
,f0ca5f1d08,2026-08-10T05:28:49,,test_wallet_add_account_first_open_loading_time[wallet_load_alex_user],passed,0.559,0.559,0.559,1,0.559
,f0ca5f1d08,2026-08-10T05:28:49,,test_wallet_add_account_loading_time[wallet_load_alex_user],passed,0.417,0.512,0.47,5,"0.512,0.495,0.492,0.434,0.417"
,f0ca5f1d08,2026-08-10T05:28:49,,test_wallet_add_account_first_open_loading_time[fresh_user],passed,0.572,0.572,0.572,1,0.572
,f0ca5f1d08,2026-08-10T05:28:49,,test_wallet_add_account_loading_time[fresh_user],passed,0.374,0.483,0.425,5,"0.436,0.483,0.411,0.374,0.42"
,f0ca5f1d08,2026-08-10T05:28:49,,test_wallet_account_open_loading_time[fresh_user],passed,0.147,0.147,0.147,1,0.147
,f0ca5f1d08,2026-08-10T05:28:49,,test_wallet_receive_first_open_loading_time[fresh_user],passed,0.438,0.438,0.438,1,0.438
,f0ca5f1d08,2026-08-10T05:28:49,,test_wallet_receive_loading_time[fresh_user],passed,0.251,0.272,0.258,5,"0.256,0.251,0.254,0.256,0.272"
,f0ca5f1d08,2026-08-10T05:28:49,,test_wallet_activity_tab_first_open_loading_time[wallet_load_user],passed,0.685,0.685,0.685,1,0.685
,f0ca5f1d08,2026-08-10T05:28:49,,test_wallet_activity_tab_loading_time[wallet_load_user],passed,0.561,0.878,0.687,5,"0.633,0.574,0.878,0.561,0.789"
,f0ca5f1d08,2026-08-10T05:28:49,,test_wallet_assets_tab_first_open_loading_time[fresh_user],passed,0.236,0.236,0.236,1,0.236
,f0ca5f1d08,2026-08-10T05:28:49,,test_wallet_assets_tab_loading_time[fresh_user],passed,0.358,0.367,0.362,5,"0.358,0.362,0.367,0.361,0.362"
,f0ca5f1d08,2026-08-10T05:28:49,,test_wallet_activity_tab_first_open_loading_time[fresh_user],passed,0.204,0.204,0.204,1,0.204
,f0ca5f1d08,2026-08-10T05:28:49,,test_wallet_activity_tab_loading_time[fresh_user],passed,0.181,0.796,0.321,5,"0.796,0.181,0.196,0.22,0.214"
,f0ca5f1d08,2026-08-10T05:28:49,,test_status_community_first_open_loading_time[user_data0-user_account0],passed,3.395,3.395,3.395,1,3.395
,f0ca5f1d08,2026-08-10T05:28:49,,test_wallet_first_open_loading_time[wallet_load_alex_user],passed,0.172,0.172,0.172,1,0.172
,f0ca5f1d08,2026-08-10T05:28:49,,test_wallet_send_first_open_loading_time[fresh_user],passed,1.088,1.088,1.088,1,1.088
,f0ca5f1d08,2026-08-10T05:28:49,,test_wallet_send_loading_time[fresh_user],passed,0.301,0.408,0.344,5,"0.351,0.323,0.339,0.301,0.408"
,f0ca5f1d08,2026-08-10T05:28:49,,test_wallet_account_open_loading_time[wallet_load_user],passed,0.5,0.5,0.5,1,0.5
,f0ca5f1d08,2026-08-10T05:28:49,,test_wallet_repeat_open_loading_time[fresh_user],passed,0.383,0.44,0.415,5,"0.439,0.411,0.44,0.383,0.404"
,f0ca5f1d08,2026-08-10T05:28:49,,test_wallet_assets_tab_first_open_loading_time[wallet_load_user],passed,0.747,0.747,0.747,1,0.747
,f0ca5f1d08,2026-08-10T05:28:49,,test_wallet_assets_tab_loading_time[wallet_load_user],passed,0.686,0.938,0.784,5,"0.89,0.938,0.686,0.717,0.69"
,f0ca5f1d08,2026-08-10T05:28:49,,test_wallet_swap_first_open_loading_time[fresh_user],passed,1.078,1.078,1.078,1,1.078
,f0ca5f1d08,2026-08-10T05:28:49,,test_wallet_swap_loading_time[fresh_user],passed,0.309,0.333,0.319,5,"0.333,0.309,0.33,0.31,0.315"
,f0ca5f1d08,2026-08-10T05:28:49,,test_wallet_collectibles_tab_first_open_loading_time[wallet_load_alex_user],passed,84.876,84.876,84.876,1,84.876
,f0ca5f1d08,2026-08-10T05:28:49,,test_wallet_collectibles_tab_loading_time[wallet_load_alex_user],passed,2.119,2.648,2.359,5,"2.119,2.502,2.135,2.389,2.648"
,f0ca5f1d08,2026-08-10T05:28:49,,test_wallet_first_open_loading_time[fresh_user],passed,0.384,0.384,0.384,1,0.384
,f0ca5f1d08,2026-08-10T05:28:49,,test_wallet_activity_tab_first_open_loading_time[wallet_load_alex_user],passed,0.659,0.659,0.659,1,0.659
,f0ca5f1d08,2026-08-10T05:28:49,,test_wallet_activity_tab_loading_time[wallet_load_alex_user],passed,0.671,0.855,0.75,5,"0.698,0.855,0.671,0.821,0.706"
,69fe4bb384,2026-08-11T05:30:20,,test_wallet_collectibles_tab_first_open_loading_time[wallet_load_alex_user],passed,82.928,82.928,82.928,1,82.928
,69fe4bb384,2026-08-11T05:30:20,,test_wallet_collectibles_tab_loading_time[wallet_load_alex_user],passed,2.149,2.376,2.256,5,"2.283,2.299,2.17,2.149,2.376"
,69fe4bb384,2026-08-11T05:30:20,,test_wallet_first_open_loading_time[fresh_user],passed,0.483,0.483,0.483,1,0.483
,69fe4bb384,2026-08-11T05:30:20,,test_wallet_send_first_open_loading_time[wallet_load_user],passed,1.797,1.797,1.797,1,1.797
,69fe4bb384,2026-08-11T05:30:20,,test_wallet_send_loading_time[wallet_load_user],passed,0.457,0.562,0.514,5,"0.562,0.543,0.544,0.462,0.457"
,69fe4bb384,2026-08-11T05:30:20,,test_wallet_add_account_first_open_loading_time[wallet_load_alex_user],passed,0.908,0.908,0.908,1,0.908
,69fe4bb384,2026-08-11T05:30:20,,test_wallet_add_account_loading_time[wallet_load_alex_user],passed,0.478,0.496,0.486,5,"0.484,0.496,0.494,0.478,0.479"
,69fe4bb384,2026-08-11T05:30:20,,test_wallet_swap_first_open_loading_time[fresh_user],passed,0.553,0.553,0.553,1,0.553
,69fe4bb384,2026-08-11T05:30:20,,test_wallet_swap_loading_time[fresh_user],passed,0.304,0.338,0.323,5,"0.321,0.327,0.304,0.326,0.338"
,69fe4bb384,2026-08-11T05:30:20,,test_wallet_swap_first_open_loading_time[wallet_load_alex_user],passed,0.561,0.561,0.561,1,0.561
,69fe4bb384,2026-08-11T05:30:20,,test_wallet_swap_loading_time[wallet_load_alex_user],passed,0.54,0.658,0.606,5,"0.595,0.658,0.607,0.627,0.54"
,69fe4bb384,2026-08-11T05:30:20,,test_wallet_receive_first_open_loading_time[fresh_user],passed,0.438,0.438,0.438,1,0.438
,69fe4bb384,2026-08-11T05:30:20,,test_wallet_receive_loading_time[fresh_user],passed,0.257,0.943,0.403,5,"0.269,0.943,0.262,0.257,0.285"
,69fe4bb384,2026-08-11T05:30:20,,test_wallet_first_open_loading_time[wallet_load_alex_user],passed,0.592,0.592,0.592,1,0.592
,69fe4bb384,2026-08-11T05:30:20,,test_wallet_account_open_loading_time[wallet_load_alex_user],passed,0.479,0.479,0.479,1,0.479
,69fe4bb384,2026-08-11T05:30:20,,test_wallet_send_first_open_loading_time[fresh_user],passed,0.642,0.642,0.642,1,0.642
,69fe4bb384,2026-08-11T05:30:20,,test_wallet_send_loading_time[fresh_user],passed,0.363,0.396,0.38,5,"0.39,0.372,0.396,0.381,0.363"
,69fe4bb384,2026-08-11T05:30:20,,test_status_community_first_open_loading_time[user_data0-user_account0],passed,3.889,3.889,3.889,1,3.889
,69fe4bb384,2026-08-11T05:30:20,,test_wallet_add_account_first_open_loading_time[wallet_load_user],passed,0.472,0.472,0.472,1,0.472
,69fe4bb384,2026-08-11T05:30:20,,test_wallet_add_account_loading_time[wallet_load_user],passed,0.399,0.511,0.429,5,"0.399,0.421,0.408,0.511,0.406"
,69fe4bb384,2026-08-11T05:30:20,,test_wallet_assets_tab_first_open_loading_time[fresh_user],passed,0.205,0.205,0.205,1,0.205
,69fe4bb384,2026-08-11T05:30:20,,test_wallet_assets_tab_loading_time[fresh_user],passed,0.343,0.43,0.385,5,"0.43,0.395,0.355,0.343,0.402"
,69fe4bb384,2026-08-11T05:30:20,,test_wallet_collectibles_tab_first_open_loading_time[wallet_load_user],passed,45.296,45.296,45.296,1,45.296
,69fe4bb384,2026-08-11T05:30:20,,test_wallet_collectibles_tab_loading_time[wallet_load_user],passed,0.189,0.229,0.212,5,"0.189,0.211,0.229,0.202,0.226"
,69fe4bb384,2026-08-11T05:30:20,,test_wallet_repeat_open_loading_time[wallet_load_user],passed,0.52,0.591,0.557,5,"0.566,0.559,0.547,0.591,0.52"
,69fe4bb384,2026-08-11T05:30:20,,test_wallet_send_first_open_loading_time[wallet_load_alex_user],passed,1.242,1.242,1.242,1,1.242
,69fe4bb384,2026-08-11T05:30:20,,test_wallet_send_loading_time[wallet_load_alex_user],passed,0.408,0.646,0.494,5,"0.646,0.489,0.485,0.408,0.445"
,69fe4bb384,2026-08-11T05:30:20,,test_wallet_account_open_loading_time[wallet_load_user],passed,0.364,0.364,0.364,1,0.364
,69fe4bb384,2026-08-11T05:30:20,,test_wallet_collectibles_tab_first_open_loading_time[fresh_user],passed,16.276,16.276,16.276,1,16.276
,69fe4bb384,2026-08-11T05:30:20,,test_wallet_collectibles_tab_loading_time[fresh_user],passed,0.157,0.42,0.232,5,"0.17,0.42,0.157,0.164,0.247"
,69fe4bb384,2026-08-11T05:30:20,,test_wallet_activity_tab_first_open_loading_time[wallet_load_user],passed,0.902,0.902,0.902,1,0.902
,69fe4bb384,2026-08-11T05:30:20,,test_wallet_activity_tab_loading_time[wallet_load_user],passed,0.567,1.099,0.745,5,"1.099,0.833,0.615,0.567,0.611"
,69fe4bb384,2026-08-11T05:30:20,,test_wallet_assets_tab_first_open_loading_time[wallet_load_user],passed,0.555,0.555,0.555,1,0.555
,69fe4bb384,2026-08-11T05:30:20,,test_wallet_assets_tab_loading_time[wallet_load_user],passed,0.665,0.909,0.786,5,"0.764,0.868,0.724,0.665,0.909"
,69fe4bb384,2026-08-11T05:30:20,,test_wallet_account_open_loading_time[fresh_user],passed,0.172,0.172,0.172,1,0.172
,69fe4bb384,2026-08-11T05:30:20,,test_wallet_activity_tab_first_open_loading_time[wallet_load_alex_user],passed,0.748,0.748,0.748,1,0.748
,69fe4bb384,2026-08-11T05:30:20,,test_wallet_activity_tab_loading_time[wallet_load_alex_user],passed,0.655,0.835,0.703,5,"0.655,0.835,0.686,0.661,0.679"
,69fe4bb384,2026-08-11T05:30:20,,test_wallet_first_open_loading_time[wallet_load_user],passed,0.297,0.297,0.297,1,0.297
,69fe4bb384,2026-08-11T05:30:20,,test_wallet_swap_first_open_loading_time[wallet_load_user],passed,0.577,0.577,0.577,1,0.577
,69fe4bb384,2026-08-11T05:30:20,,test_wallet_swap_loading_time[wallet_load_user],passed,0.494,0.602,0.545,5,"0.494,0.602,0.556,0.577,0.496"
,69fe4bb384,2026-08-11T05:30:20,,test_wallet_add_account_first_open_loading_time[fresh_user],passed,0.461,0.461,0.461,1,0.461
,69fe4bb384,2026-08-11T05:30:20,,test_wallet_add_account_loading_time[fresh_user],passed,0.363,0.985,0.505,5,"0.373,0.374,0.985,0.363,0.431"
,69fe4bb384,2026-08-11T05:30:20,,test_wallet_repeat_open_loading_time[wallet_load_alex_user],passed,0.557,0.613,0.584,5,"0.613,0.557,0.603,0.578,0.568"
,69fe4bb384,2026-08-11T05:30:20,,test_status_community_second_open_loading_time[user_data0-user_account0],passed,2.13,3.309,2.387,5,"2.144,2.152,2.13,3.309,2.199"
,69fe4bb384,2026-08-11T05:30:20,,test_wallet_assets_tab_first_open_loading_time[wallet_load_alex_user],passed,0.722,0.722,0.722,1,0.722
,69fe4bb384,2026-08-11T05:30:20,,test_wallet_assets_tab_loading_time[wallet_load_alex_user],passed,0.788,0.963,0.874,5,"0.963,0.94,0.843,0.788,0.835"
,69fe4bb384,2026-08-11T05:30:20,,test_wallet_repeat_open_loading_time[fresh_user],passed,0.381,0.496,0.429,5,"0.455,0.42,0.381,0.392,0.496"
,69fe4bb384,2026-08-11T05:30:20,,test_wallet_receive_first_open_loading_time[wallet_load_user],passed,0.903,0.903,0.903,1,0.903
,69fe4bb384,2026-08-11T05:30:20,,test_wallet_receive_loading_time[wallet_load_user],passed,0.284,0.327,0.307,5,"0.314,0.284,0.288,0.327,0.324"
,69fe4bb384,2026-08-11T05:30:20,,test_wallet_receive_first_open_loading_time[wallet_load_alex_user],passed,0.668,0.668,0.668,1,0.668
,69fe4bb384,2026-08-11T05:30:20,,test_wallet_receive_loading_time[wallet_load_alex_user],passed,0.326,0.369,0.349,5,"0.346,0.366,0.369,0.335,0.326"
,69fe4bb384,2026-08-11T05:30:20,,test_wallet_activity_tab_first_open_loading_time[fresh_user],passed,0.478,0.478,0.478,1,0.478
,69fe4bb384,2026-08-11T05:30:20,,test_wallet_activity_tab_loading_time[fresh_user],passed,0.198,0.237,0.221,5,"0.219,0.198,0.237,0.224,0.226"
,7f5842eee1,2026-08-12T04:38:29,,test_wallet_activity_tab_first_open_loading_time[wallet_load_user],passed,0.769,0.769,0.769,1,0.769
,7f5842eee1,2026-08-12T04:38:29,,test_wallet_activity_tab_loading_time[wallet_load_user],passed,0.547,0.826,0.662,5,"0.547,0.826,0.697,0.627,0.612"
,7f5842eee1,2026-08-12T04:38:29,,test_status_community_second_open_loading_time[user_data0-user_account0],passed,2.115,2.46,2.216,5,"2.151,2.115,2.174,2.46,2.181"
,7f5842eee1,2026-08-12T04:38:29,,test_wallet_first_open_loading_time[wallet_load_user],passed,0.523,0.523,0.523,1,0.523
,7f5842eee1,2026-08-12T04:38:29,,test_wallet_swap_first_open_loading_time[wallet_load_alex_user],passed,0.563,0.563,0.563,1,0.563
,7f5842eee1,2026-08-12T04:38:29,,test_wallet_swap_loading_time[wallet_load_alex_user],passed,0.519,0.609,0.562,5,"0.57,0.609,0.567,0.546,0.519"
,7f5842eee1,2026-08-12T04:38:29,,test_wallet_assets_tab_first_open_loading_time[fresh_user],passed,0.216,0.216,0.216,1,0.216
,7f5842eee1,2026-08-12T04:38:29,,test_wallet_assets_tab_loading_time[fresh_user],passed,0.342,0.393,0.369,5,"0.357,0.365,0.388,0.342,0.393"
,7f5842eee1,2026-08-12T04:38:29,,test_wallet_assets_tab_first_open_loading_time[wallet_load_user],passed,1.005,1.005,1.005,1,1.005
,7f5842eee1,2026-08-12T04:38:29,,test_wallet_assets_tab_loading_time[wallet_load_user],passed,0.653,1.083,0.858,5,"0.886,1.083,0.653,0.749,0.918"
,7f5842eee1,2026-08-12T04:38:29,,test_wallet_receive_first_open_loading_time[wallet_load_user],passed,0.542,0.542,0.542,1,0.542
,7f5842eee1,2026-08-12T04:38:29,,test_wallet_receive_loading_time[wallet_load_user],passed,0.284,0.375,0.327,5,"0.328,0.284,0.375,0.304,0.344"
,7f5842eee1,2026-08-12T04:38:29,,test_wallet_add_account_first_open_loading_time[wallet_load_alex_user],passed,1.195,1.195,1.195,1,1.195
,7f5842eee1,2026-08-12T04:38:29,,test_wallet_add_account_loading_time[wallet_load_alex_user],passed,0.471,0.543,0.498,5,"0.486,0.494,0.543,0.496,0.471"
,7f5842eee1,2026-08-12T04:38:29,,test_wallet_repeat_open_loading_time[wallet_load_user],passed,0.572,0.672,0.609,5,"0.572,0.65,0.672,0.578,0.574"
,7f5842eee1,2026-08-12T04:38:29,,test_wallet_collectibles_tab_first_open_loading_time[wallet_load_user],passed,44.876,44.876,44.876,1,44.876
,7f5842eee1,2026-08-12T04:38:29,,test_wallet_collectibles_tab_loading_time[wallet_load_user],passed,0.202,0.867,0.339,5,"0.205,0.202,0.207,0.211,0.867"
,7f5842eee1,2026-08-12T04:38:29,,test_wallet_repeat_open_loading_time[fresh_user],passed,0.379,0.475,0.431,5,"0.451,0.475,0.405,0.379,0.447"
,7f5842eee1,2026-08-12T04:38:29,,test_wallet_swap_first_open_loading_time[wallet_load_user],passed,0.548,0.548,0.548,1,0.548
,7f5842eee1,2026-08-12T04:38:29,,test_wallet_swap_loading_time[wallet_load_user],passed,0.384,0.548,0.48,5,"0.384,0.493,0.471,0.548,0.503"
,7f5842eee1,2026-08-12T04:38:29,,test_wallet_activity_tab_first_open_loading_time[wallet_load_alex_user],passed,0.727,0.727,0.727,1,0.727
,7f5842eee1,2026-08-12T04:38:29,,test_wallet_activity_tab_loading_time[wallet_load_alex_user],passed,0.61,0.906,0.675,5,"0.906,0.61,0.634,0.611,0.616"
,7f5842eee1,2026-08-12T04:38:29,,test_wallet_swap_first_open_loading_time[fresh_user],passed,1.106,1.106,1.106,1,1.106
,7f5842eee1,2026-08-12T04:38:29,,test_wallet_swap_loading_time[fresh_user],passed,0.285,0.356,0.328,5,"0.337,0.318,0.285,0.356,0.342"
,7f5842eee1,2026-08-12T04:38:29,,test_wallet_send_first_open_loading_time[wallet_load_user],passed,1.316,1.316,1.316,1,1.316
,7f5842eee1,2026-08-12T04:38:29,,test_wallet_send_loading_time[wallet_load_user],passed,0.424,0.54,0.468,5,"0.433,0.54,0.486,0.424,0.457"
,7f5842eee1,2026-08-12T04:38:29,,test_wallet_repeat_open_loading_time[wallet_load_alex_user],passed,0.528,0.668,0.608,5,"0.592,0.592,0.663,0.528,0.668"
,7f5842eee1,2026-08-12T04:38:29,,test_wallet_account_open_loading_time[fresh_user],passed,0.141,0.141,0.141,1,0.141
,7f5842eee1,2026-08-12T04:38:29,,test_wallet_send_first_open_loading_time[wallet_load_alex_user],passed,1.235,1.235,1.235,1,1.235
,7f5842eee1,2026-08-12T04:38:29,,test_wallet_send_loading_time[wallet_load_alex_user],passed,0.442,0.681,0.548,5,"0.555,0.613,0.681,0.442,0.45"
,7f5842eee1,2026-08-12T04:38:29,,test_wallet_receive_first_open_loading_time[fresh_user],passed,0.898,0.898,0.898,1,0.898
,7f5842eee1,2026-08-12T04:38:29,,test_wallet_receive_loading_time[fresh_user],passed,0.257,0.296,0.273,5,"0.261,0.257,0.257,0.293,0.296"
,7f5842eee1,2026-08-12T04:38:29,,test_wallet_activity_tab_first_open_loading_time[fresh_user],passed,0.205,0.205,0.205,1,0.205
,7f5842eee1,2026-08-12T04:38:29,,test_wallet_activity_tab_loading_time[fresh_user],passed,0.19,0.241,0.212,5,"0.194,0.224,0.19,0.213,0.241"
,7f5842eee1,2026-08-12T04:38:29,,test_wallet_account_open_loading_time[wallet_load_alex_user],passed,0.398,0.398,0.398,1,0.398
,7f5842eee1,2026-08-12T04:38:29,,test_status_community_first_open_loading_time[user_data0-user_account0],passed,3.742,3.742,3.742,1,3.742
,7f5842eee1,2026-08-12T04:38:29,,test_wallet_first_open_loading_time[fresh_user],passed,0.414,0.414,0.414,1,0.414
,7f5842eee1,2026-08-12T04:38:29,,test_wallet_account_open_loading_time[wallet_load_user],passed,0.422,0.422,0.422,1,0.422
,7f5842eee1,2026-08-12T04:38:29,,test_wallet_receive_first_open_loading_time[wallet_load_alex_user],passed,0.551,0.551,0.551,1,0.551
,7f5842eee1,2026-08-12T04:38:29,,test_wallet_receive_loading_time[wallet_load_alex_user],passed,0.34,0.369,0.349,5,"0.343,0.34,0.351,0.344,0.369"
,7f5842eee1,2026-08-12T04:38:29,,test_wallet_collectibles_tab_first_open_loading_time[wallet_load_alex_user],passed,67.263,67.263,67.263,1,67.263
,7f5842eee1,2026-08-12T04:38:29,,test_wallet_collectibles_tab_loading_time[wallet_load_alex_user],passed,1.848,1.971,1.911,5,"1.909,1.893,1.848,1.971,1.932"
,7f5842eee1,2026-08-12T04:38:29,,test_wallet_assets_tab_first_open_loading_time[wallet_load_alex_user],passed,0.526,0.526,0.526,1,0.526
,7f5842eee1,2026-08-12T04:38:29,,test_wallet_assets_tab_loading_time[wallet_load_alex_user],passed,0.812,0.911,0.845,5,"0.834,0.846,0.911,0.825,0.812"
,7f5842eee1,2026-08-12T04:38:29,,test_wallet_add_account_first_open_loading_time[fresh_user],passed,0.584,0.584,0.584,1,0.584
,7f5842eee1,2026-08-12T04:38:29,,test_wallet_add_account_loading_time[fresh_user],passed,0.39,0.665,0.457,5,"0.39,0.665,0.408,0.426,0.398"
,7f5842eee1,2026-08-12T04:38:29,,test_wallet_send_first_open_loading_time[fresh_user],passed,1.044,1.044,1.044,1,1.044
,7f5842eee1,2026-08-12T04:38:29,,test_wallet_send_loading_time[fresh_user],passed,0.326,0.562,0.392,5,"0.562,0.36,0.356,0.354,0.326"
,7f5842eee1,2026-08-12T04:38:29,,test_wallet_add_account_first_open_loading_time[wallet_load_user],passed,0.575,0.575,0.575,1,0.575
,7f5842eee1,2026-08-12T04:38:29,,test_wallet_add_account_loading_time[wallet_load_user],passed,0.427,0.537,0.465,5,"0.489,0.441,0.43,0.537,0.427"
,7f5842eee1,2026-08-12T04:38:29,,test_wallet_first_open_loading_time[wallet_load_alex_user],passed,0.732,0.732,0.732,1,0.732
,7f5842eee1,2026-08-12T04:38:29,,test_wallet_collectibles_tab_first_open_loading_time[fresh_user],passed,16.154,16.154,16.154,1,16.154
,7f5842eee1,2026-08-12T04:38:29,,test_wallet_collectibles_tab_loading_time[fresh_user],passed,0.145,0.212,0.171,5,"0.164,0.186,0.145,0.148,0.212"
,4acdfba962,2026-08-12T12:45:46,,test_wallet_add_account_first_open_loading_time[fresh_user],passed,0.597,0.597,0.597,1,0.597
,4acdfba962,2026-08-12T12:45:46,,test_wallet_add_account_loading_time[fresh_user],passed,0.356,0.409,0.377,5,"0.367,0.356,0.409,0.387,0.365"
,4acdfba962,2026-08-12T12:45:46,,test_status_community_second_open_loading_time[user_data0-user_account0],passed,2.143,2.378,2.224,5,"2.143,2.165,2.166,2.378,2.271"
,4acdfba962,2026-08-12T12:45:46,,test_wallet_first_open_loading_time[fresh_user],passed,0.38,0.38,0.38,1,0.38
,4acdfba962,2026-08-12T12:45:46,,test_wallet_receive_first_open_loading_time[fresh_user],passed,0.422,0.422,0.422,1,0.422
,4acdfba962,2026-08-12T12:45:46,,test_wallet_receive_loading_time[fresh_user],passed,0.259,0.272,0.263,5,"0.272,0.26,0.259,0.26,0.267"
,4acdfba962,2026-08-12T12:45:46,,test_wallet_send_first_open_loading_time[wallet_load_user],passed,1.034,1.034,1.034,1,1.034
,4acdfba962,2026-08-12T12:45:46,,test_wallet_send_loading_time[wallet_load_user],passed,0.439,0.527,0.485,5,"0.512,0.47,0.527,0.439,0.475"
,4acdfba962,2026-08-12T12:45:46,,test_wallet_activity_tab_first_open_loading_time[fresh_user],passed,0.205,0.205,0.205,1,0.205
,4acdfba962,2026-08-12T12:45:46,,test_wallet_activity_tab_loading_time[fresh_user],passed,0.21,0.245,0.227,5,"0.245,0.21,0.23,0.223,0.228"
,4acdfba962,2026-08-12T12:45:46,,test_wallet_first_open_loading_time[wallet_load_user],passed,0.273,0.273,0.273,1,0.273
,4acdfba962,2026-08-12T12:45:46,,test_wallet_add_account_first_open_loading_time[wallet_load_alex_user],passed,0.553,0.553,0.553,1,0.553
,4acdfba962,2026-08-12T12:45:46,,test_wallet_add_account_loading_time[wallet_load_alex_user],passed,0.473,0.487,0.481,5,"0.481,0.473,0.482,0.483,0.487"
,4acdfba962,2026-08-12T12:45:46,,test_wallet_account_open_loading_time[wallet_load_user],passed,0.376,0.376,0.376,1,0.376
,4acdfba962,2026-08-12T12:45:46,,test_wallet_repeat_open_loading_time[fresh_user],passed,0.387,0.989,0.529,5,"0.989,0.405,0.435,0.387,0.428"
,4acdfba962,2026-08-12T12:45:46,,test_wallet_add_account_first_open_loading_time[wallet_load_user],passed,0.486,0.486,0.486,1,0.486
,4acdfba962,2026-08-12T12:45:46,,test_wallet_add_account_loading_time[wallet_load_user],passed,0.437,0.485,0.466,5,"0.485,0.467,0.458,0.482,0.437"
,4acdfba962,2026-08-12T12:45:46,,test_wallet_send_first_open_loading_time[fresh_user],passed,1.022,1.022,1.022,1,1.022
,4acdfba962,2026-08-12T12:45:46,,test_wallet_send_loading_time[fresh_user],passed,0.335,0.379,0.353,5,"0.336,0.352,0.335,0.365,0.379"
,4acdfba962,2026-08-12T12:45:46,,test_wallet_first_open_loading_time[wallet_load_alex_user],passed,0.446,0.446,0.446,1,0.446
,4acdfba962,2026-08-12T12:45:46,,test_wallet_assets_tab_first_open_loading_time[wallet_load_user],passed,0.5,0.5,0.5,1,0.5
,4acdfba962,2026-08-12T12:45:46,,test_wallet_assets_tab_loading_time[wallet_load_user],passed,0.702,0.94,0.768,5,"0.779,0.94,0.705,0.702,0.715"
,4acdfba962,2026-08-12T12:45:46,,test_wallet_assets_tab_first_open_loading_time[fresh_user],passed,0.219,0.219,0.219,1,0.219
,4acdfba962,2026-08-12T12:45:46,,test_wallet_assets_tab_loading_time[fresh_user],passed,0.344,0.657,0.434,5,"0.435,0.355,0.377,0.657,0.344"
,4acdfba962,2026-08-12T12:45:46,,test_wallet_collectibles_tab_first_open_loading_time[wallet_load_alex_user],passed,59.102,59.102,59.102,1,59.102
,4acdfba962,2026-08-12T12:45:46,,test_wallet_collectibles_tab_loading_time[wallet_load_alex_user],passed,1.998,2.092,2.051,5,"2.089,2.012,1.998,2.064,2.092"
,4acdfba962,2026-08-12T12:45:46,,test_wallet_account_open_loading_time[wallet_load_alex_user],passed,0.408,0.408,0.408,1,0.408
,4acdfba962,2026-08-12T12:45:46,,test_wallet_swap_first_open_loading_time[wallet_load_user],passed,1.011,1.011,1.011,1,1.011
,4acdfba962,2026-08-12T12:45:46,,test_wallet_swap_loading_time[wallet_load_user],passed,0.462,0.553,0.512,5,"0.462,0.527,0.503,0.553,0.517"
,4acdfba962,2026-08-12T12:45:46,,test_wallet_send_first_open_loading_time[wallet_load_alex_user],passed,1.553,1.553,1.553,1,1.553
,4acdfba962,2026-08-12T12:45:46,,test_wallet_send_loading_time[wallet_load_alex_user],passed,0.44,0.533,0.473,5,"0.533,0.486,0.452,0.453,0.44"
,4acdfba962,2026-08-12T12:45:46,,test_wallet_collectibles_tab_first_open_loading_time[fresh_user],passed,15.618,15.618,15.618,1,15.618
,4acdfba962,2026-08-12T12:45:46,,test_wallet_collectibles_tab_loading_time[fresh_user],passed,0.143,0.21,0.164,5,"0.166,0.143,0.21,0.148,0.152"
,4acdfba962,2026-08-12T12:45:46,,test_status_community_first_open_loading_time[user_data0-user_account0],passed,3.124,3.124,3.124,1,3.124
,4acdfba962,2026-08-12T12:45:46,,test_wallet_receive_first_open_loading_time[wallet_load_user],passed,0.513,0.513,0.513,1,0.513
,4acdfba962,2026-08-12T12:45:46,,test_wallet_receive_loading_time[wallet_load_user],passed,0.297,0.367,0.324,5,"0.297,0.313,0.325,0.367,0.32"
,4acdfba962,2026-08-12T12:45:46,,test_wallet_account_open_loading_time[fresh_user],passed,0.134,0.134,0.134,1,0.134
,4acdfba962,2026-08-12T12:45:46,,test_wallet_repeat_open_loading_time[wallet_load_alex_user],passed,0.537,0.735,0.659,5,"0.687,0.692,0.735,0.641,0.537"
,4acdfba962,2026-08-12T12:45:46,,test_wallet_repeat_open_loading_time[wallet_load_user],passed,0.55,0.701,0.599,5,"0.55,0.606,0.701,0.551,0.59"
,4acdfba962,2026-08-12T12:45:46,,test_wallet_swap_first_open_loading_time[wallet_load_alex_user],passed,0.561,0.561,0.561,1,0.561
,4acdfba962,2026-08-12T12:45:46,,test_wallet_swap_loading_time[wallet_load_alex_user],passed,0.572,0.642,0.609,5,"0.617,0.642,0.6,0.572,0.613"
,4acdfba962,2026-08-12T12:45:46,,test_wallet_assets_tab_first_open_loading_time[wallet_load_alex_user],passed,1.226,1.226,1.226,1,1.226
,4acdfba962,2026-08-12T12:45:46,,test_wallet_assets_tab_loading_time[wallet_load_alex_user],passed,0.774,1.005,0.885,5,"0.892,0.955,1.005,0.774,0.796"
,4acdfba962,2026-08-12T12:45:46,,test_wallet_collectibles_tab_first_open_loading_time[wallet_load_user],passed,45.455,45.455,45.455,1,45.455
,4acdfba962,2026-08-12T12:45:46,,test_wallet_collectibles_tab_loading_time[wallet_load_user],passed,0.673,0.947,0.76,5,"0.947,0.72,0.705,0.752,0.673"
,4acdfba962,2026-08-12T12:45:46,,test_wallet_swap_first_open_loading_time[fresh_user],passed,1.228,1.228,1.228,1,1.228
,4acdfba962,2026-08-12T12:45:46,,test_wallet_swap_loading_time[fresh_user],passed,0.305,0.509,0.355,5,"0.305,0.315,0.509,0.32,0.325"
,4acdfba962,2026-08-12T12:45:46,,test_wallet_activity_tab_first_open_loading_time[wallet_load_user],passed,0.648,0.648,0.648,1,0.648
,4acdfba962,2026-08-12T12:45:46,,test_wallet_activity_tab_loading_time[wallet_load_user],passed,0.543,0.834,0.627,5,"0.543,0.834,0.605,0.556,0.597"
,4acdfba962,2026-08-12T12:45:46,,test_wallet_activity_tab_first_open_loading_time[wallet_load_alex_user],passed,0.9,0.9,0.9,1,0.9
,4acdfba962,2026-08-12T12:45:46,,test_wallet_activity_tab_loading_time[wallet_load_alex_user],passed,0.638,0.938,0.85,5,"0.923,0.638,0.891,0.862,0.938"
,4acdfba962,2026-08-12T12:45:46,,test_wallet_receive_first_open_loading_time[wallet_load_alex_user],passed,1.035,1.035,1.035,1,1.035
,4acdfba962,2026-08-12T12:45:46,,test_wallet_receive_loading_time[wallet_load_alex_user],passed,0.337,0.368,0.351,5,"0.368,0.337,0.342,0.345,0.364"
,8fddc0c46e,2026-08-13T05:28:37,,test_wallet_swap_first_open_loading_time[wallet_load_user],passed,0.762,0.762,0.762,1,0.762
,8fddc0c46e,2026-08-13T05:28:37,,test_wallet_swap_loading_time[wallet_load_user],passed,0.48,0.58,0.526,5,"0.58,0.504,0.48,0.513,0.554"
,8fddc0c46e,2026-08-13T05:28:37,,test_wallet_assets_tab_first_open_loading_time[wallet_load_alex_user],passed,1.031,1.031,1.031,1,1.031
,8fddc0c46e,2026-08-13T05:28:37,,test_wallet_assets_tab_loading_time[wallet_load_alex_user],passed,0.776,0.972,0.847,5,"0.972,0.89,0.81,0.789,0.776"
,8fddc0c46e,2026-08-13T05:28:37,,test_wallet_collectibles_tab_first_open_loading_time[wallet_load_alex_user],passed,57.891,57.891,57.891,1,57.891
,8fddc0c46e,2026-08-13T05:28:37,,test_wallet_collectibles_tab_loading_time[wallet_load_alex_user],passed,1.96,2.463,2.156,5,"2.463,1.99,1.989,2.377,1.96"
,8fddc0c46e,2026-08-13T05:28:37,,test_wallet_add_account_first_open_loading_time[wallet_load_user],passed,0.54,0.54,0.54,1,0.54
,8fddc0c46e,2026-08-13T05:28:37,,test_wallet_add_account_loading_time[wallet_load_user],passed,0.449,0.55,0.498,5,"0.527,0.494,0.472,0.55,0.449"
,8fddc0c46e,2026-08-13T05:28:37,,test_wallet_activity_tab_first_open_loading_time[fresh_user],passed,0.228,0.228,0.228,1,0.228
,8fddc0c46e,2026-08-13T05:28:37,,test_wallet_activity_tab_loading_time[fresh_user],passed,0.18,0.232,0.207,5,"0.212,0.219,0.232,0.18,0.188"
,8fddc0c46e,2026-08-13T05:28:37,,test_status_community_first_open_loading_time[user_data0-user_account0],passed,3.898,3.898,3.898,1,3.898
,8fddc0c46e,2026-08-13T05:28:37,,test_wallet_activity_tab_first_open_loading_time[wallet_load_alex_user],passed,0.973,0.973,0.973,1,0.973
,8fddc0c46e,2026-08-13T05:28:37,,test_wallet_activity_tab_loading_time[wallet_load_alex_user],passed,0.632,1.111,0.734,5,"0.646,0.632,1.111,0.644,0.638"
,8fddc0c46e,2026-08-13T05:28:37,,test_wallet_swap_first_open_loading_time[wallet_load_alex_user],passed,0.645,0.645,0.645,1,0.645
,8fddc0c46e,2026-08-13T05:28:37,,test_wallet_swap_loading_time[wallet_load_alex_user],passed,0.549,0.606,0.577,5,"0.576,0.606,0.565,0.549,0.588"
,8fddc0c46e,2026-08-13T05:28:37,,test_wallet_add_account_first_open_loading_time[wallet_load_alex_user],passed,0.709,0.709,0.709,1,0.709
,8fddc0c46e,2026-08-13T05:28:37,,test_wallet_add_account_loading_time[wallet_load_alex_user],passed,0.484,0.54,0.498,5,"0.484,0.54,0.492,0.489,0.488"
,8fddc0c46e,2026-08-13T05:28:37,,test_wallet_collectibles_tab_first_open_loading_time[wallet_load_user],passed,44.734,44.734,44.734,1,44.734
,8fddc0c46e,2026-08-13T05:28:37,,test_wallet_collectibles_tab_loading_time[wallet_load_user],passed,0.189,0.243,0.208,5,"0.243,0.202,0.204,0.189,0.203"
,8fddc0c46e,2026-08-13T05:28:37,,test_wallet_receive_first_open_loading_time[fresh_user],passed,0.434,0.434,0.434,1,0.434
,8fddc0c46e,2026-08-13T05:28:37,,test_wallet_receive_loading_time[fresh_user],passed,0.249,0.28,0.266,5,"0.249,0.276,0.257,0.266,0.28"
,8fddc0c46e,2026-08-13T05:28:37,,test_wallet_first_open_loading_time[wallet_load_user],passed,0.434,0.434,0.434,1,0.434
,8fddc0c46e,2026-08-13T05:28:37,,test_wallet_account_open_loading_time[fresh_user],passed,0.143,0.143,0.143,1,0.143
,8fddc0c46e,2026-08-13T05:28:37,,test_wallet_activity_tab_first_open_loading_time[wallet_load_user],passed,0.873,0.873,0.873,1,0.873
,8fddc0c46e,2026-08-13T05:28:37,,test_wallet_activity_tab_loading_time[wallet_load_user],passed,0.526,0.896,0.664,5,"0.896,0.761,0.607,0.53,0.526"
,8fddc0c46e,2026-08-13T05:28:37,,test_wallet_first_open_loading_time[wallet_load_alex_user],passed,0.23,0.23,0.23,1,0.23
,8fddc0c46e,2026-08-13T05:28:37,,test_wallet_swap_first_open_loading_time[fresh_user],passed,1.04,1.04,1.04,1,1.04
,8fddc0c46e,2026-08-13T05:28:37,,test_wallet_swap_loading_time[fresh_user],passed,0.305,0.34,0.322,5,"0.314,0.305,0.316,0.34,0.333"
,8fddc0c46e,2026-08-13T05:28:37,,test_wallet_account_open_loading_time[wallet_load_alex_user],passed,0.313,0.313,0.313,1,0.313
,8fddc0c46e,2026-08-13T05:28:37,,test_wallet_first_open_loading_time[fresh_user],passed,0.376,0.376,0.376,1,0.376
,8fddc0c46e,2026-08-13T05:28:37,,test_wallet_send_first_open_loading_time[wallet_load_alex_user],passed,1.463,1.463,1.463,1,1.463
,8fddc0c46e,2026-08-13T05:28:37,,test_wallet_send_loading_time[wallet_load_alex_user],passed,0.483,1.022,0.597,5,"0.483,1.022,0.502,0.489,0.489"
,8fddc0c46e,2026-08-13T05:28:37,,test_wallet_receive_first_open_loading_time[wallet_load_alex_user],passed,0.916,0.916,0.916,1,0.916
,8fddc0c46e,2026-08-13T05:28:37,,test_wallet_receive_loading_time[wallet_load_alex_user],passed,0.337,0.377,0.352,5,"0.377,0.344,0.353,0.347,0.337"
,8fddc0c46e,2026-08-13T05:28:37,,test_wallet_repeat_open_loading_time[wallet_load_user],passed,0.55,0.648,0.608,5,"0.595,0.606,0.648,0.55,0.642"
,8fddc0c46e,2026-08-13T05:28:37,,test_wallet_send_first_open_loading_time[fresh_user],passed,1.279,1.279,1.279,1,1.279
,8fddc0c46e,2026-08-13T05:28:37,,test_wallet_send_loading_time[fresh_user],passed,0.303,0.396,0.346,5,"0.351,0.396,0.328,0.303,0.353"
,8fddc0c46e,2026-08-13T05:28:37,,test_wallet_collectibles_tab_first_open_loading_time[fresh_user],passed,15.632,15.632,15.632,1,15.632
,8fddc0c46e,2026-08-13T05:28:37,,test_wallet_collectibles_tab_loading_time[fresh_user],passed,0.151,0.203,0.178,5,"0.165,0.203,0.181,0.191,0.151"
,8fddc0c46e,2026-08-13T05:28:37,,test_wallet_repeat_open_loading_time[fresh_user],passed,0.431,0.479,0.446,5,"0.433,0.446,0.439,0.431,0.479"
,8fddc0c46e,2026-08-13T05:28:37,,test_status_community_second_open_loading_time[user_data0-user_account0],passed,2.101,2.452,2.243,5,"2.452,2.101,2.221,2.229,2.211"
,8fddc0c46e,2026-08-13T05:28:37,,test_wallet_assets_tab_first_open_loading_time[wallet_load_user],passed,0.419,0.419,0.419,1,0.419
,8fddc0c46e,2026-08-13T05:28:37,,test_wallet_assets_tab_loading_time[wallet_load_user],passed,0.643,0.866,0.755,5,"0.866,0.849,0.711,0.706,0.643"
,8fddc0c46e,2026-08-13T05:28:37,,test_wallet_repeat_open_loading_time[wallet_load_alex_user],passed,0.531,0.661,0.582,5,"0.601,0.539,0.661,0.578,0.531"
,8fddc0c46e,2026-08-13T05:28:37,,test_wallet_send_first_open_loading_time[wallet_load_user],passed,1.567,1.567,1.567,1,1.567
,8fddc0c46e,2026-08-13T05:28:37,,test_wallet_send_loading_time[wallet_load_user],passed,0.477,0.575,0.508,5,"0.515,0.492,0.575,0.477,0.479"
,8fddc0c46e,2026-08-13T05:28:37,,test_wallet_receive_first_open_loading_time[wallet_load_user],passed,0.893,0.893,0.893,1,0.893
,8fddc0c46e,2026-08-13T05:28:37,,test_wallet_receive_loading_time[wallet_load_user],passed,0.281,0.363,0.311,5,"0.282,0.281,0.292,0.363,0.338"
,8fddc0c46e,2026-08-13T05:28:37,,test_wallet_account_open_loading_time[wallet_load_user],passed,0.419,0.419,0.419,1,0.419
,8fddc0c46e,2026-08-13T05:28:37,,test_wallet_add_account_first_open_loading_time[fresh_user],passed,0.62,0.62,0.62,1,0.62
,8fddc0c46e,2026-08-13T05:28:37,,test_wallet_add_account_loading_time[fresh_user],passed,0.362,0.616,0.429,5,"0.399,0.362,0.616,0.374,0.394"
,8fddc0c46e,2026-08-13T05:28:37,,test_wallet_assets_tab_first_open_loading_time[fresh_user],passed,0.212,0.212,0.212,1,0.212
,8fddc0c46e,2026-08-13T05:28:37,,test_wallet_assets_tab_loading_time[fresh_user],passed,0.343,0.376,0.357,5,"0.376,0.343,0.364,0.354,0.348"
,36ff7f1308,2026-08-13T16:12:48,,test_wallet_account_open_loading_time[wallet_load_alex_user],passed,0.475,0.475,0.475,1,0.475
,36ff7f1308,2026-08-13T16:12:48,,test_wallet_send_first_open_loading_time[wallet_load_user],passed,1.515,1.515,1.515,1,1.515
,36ff7f1308,2026-08-13T16:12:48,,test_wallet_send_loading_time[wallet_load_user],passed,0.411,0.49,0.46,5,"0.49,0.479,0.483,0.411,0.436"
,36ff7f1308,2026-08-13T16:12:48,,test_wallet_send_first_open_loading_time[fresh_user],passed,1.111,1.111,1.111,1,1.111
,36ff7f1308,2026-08-13T16:12:48,,test_wallet_send_loading_time[fresh_user],passed,0.319,0.377,0.345,5,"0.353,0.377,0.351,0.323,0.319"
,36ff7f1308,2026-08-13T16:12:48,,test_wallet_account_open_loading_time[wallet_load_user],passed,0.342,0.342,0.342,1,0.342
,36ff7f1308,2026-08-13T16:12:48,,test_wallet_add_account_first_open_loading_time[fresh_user],passed,0.651,0.651,0.651,1,0.651
,36ff7f1308,2026-08-13T16:12:48,,test_wallet_add_account_loading_time[fresh_user],passed,0.362,0.496,0.41,5,"0.411,0.375,0.408,0.362,0.496"
,36ff7f1308,2026-08-13T16:12:48,,test_wallet_receive_first_open_loading_time[wallet_load_alex_user],passed,0.672,0.672,0.672,1,0.672
,36ff7f1308,2026-08-13T16:12:48,,test_wallet_receive_loading_time[wallet_load_alex_user],passed,0.33,0.362,0.344,5,"0.342,0.346,0.362,0.33,0.339"
,36ff7f1308,2026-08-13T16:12:48,,test_wallet_activity_tab_first_open_loading_time[fresh_user],passed,0.22,0.22,0.22,1,0.22
,36ff7f1308,2026-08-13T16:12:48,,test_wallet_activity_tab_loading_time[fresh_user],passed,0.194,0.499,0.282,5,"0.202,0.499,0.255,0.259,0.194"
,36ff7f1308,2026-08-13T16:12:48,,test_wallet_first_open_loading_time[wallet_load_user],passed,0.575,0.575,0.575,1,0.575
,36ff7f1308,2026-08-13T16:12:48,,test_wallet_first_open_loading_time[fresh_user],passed,0.4,0.4,0.4,1,0.4
,36ff7f1308,2026-08-13T16:12:48,,test_wallet_repeat_open_loading_time[wallet_load_user],passed,0.531,0.612,0.58,5,"0.608,0.58,0.612,0.568,0.531"
,36ff7f1308,2026-08-13T16:12:48,,test_wallet_assets_tab_first_open_loading_time[fresh_user],passed,0.196,0.196,0.196,1,0.196
,36ff7f1308,2026-08-13T16:12:48,,test_wallet_assets_tab_loading_time[fresh_user],passed,0.354,0.404,0.368,5,"0.371,0.356,0.354,0.404,0.357"
,36ff7f1308,2026-08-13T16:12:48,,test_wallet_swap_first_open_loading_time[fresh_user],passed,0.661,0.661,0.661,1,0.661
,36ff7f1308,2026-08-13T16:12:48,,test_wallet_swap_loading_time[fresh_user],passed,0.339,0.357,0.346,5,"0.339,0.344,0.357,0.344,0.347"
,36ff7f1308,2026-08-13T16:12:48,,test_wallet_swap_first_open_loading_time[wallet_load_alex_user],passed,0.58,0.58,0.58,1,0.58
,36ff7f1308,2026-08-13T16:12:48,,test_wallet_swap_loading_time[wallet_load_alex_user],passed,0.518,0.601,0.554,5,"0.601,0.568,0.538,0.518,0.546"
,36ff7f1308,2026-08-13T16:12:48,,test_wallet_assets_tab_first_open_loading_time[wallet_load_alex_user],passed,1.593,1.593,1.593,1,1.593
,36ff7f1308,2026-08-13T16:12:48,,test_wallet_assets_tab_loading_time[wallet_load_alex_user],passed,0.87,0.908,0.888,5,"0.908,0.87,0.883,0.892,0.89"
,36ff7f1308,2026-08-13T16:12:48,,test_wallet_receive_first_open_loading_time[fresh_user],passed,0.445,0.445,0.445,1,0.445
,36ff7f1308,2026-08-13T16:12:48,,test_wallet_receive_loading_time[fresh_user],passed,0.251,0.338,0.277,5,"0.257,0.251,0.281,0.257,0.338"
,36ff7f1308,2026-08-13T16:12:48,,test_wallet_add_account_first_open_loading_time[wallet_load_alex_user],passed,0.541,0.541,0.541,1,0.541
,36ff7f1308,2026-08-13T16:12:48,,test_wallet_add_account_loading_time[wallet_load_alex_user],passed,0.457,0.549,0.498,5,"0.491,0.51,0.483,0.457,0.549"
,36ff7f1308,2026-08-13T16:12:48,,test_wallet_send_first_open_loading_time[wallet_load_alex_user],passed,1.729,1.729,1.729,1,1.729
,36ff7f1308,2026-08-13T16:12:48,,test_wallet_send_loading_time[wallet_load_alex_user],passed,0.466,0.547,0.502,5,"0.497,0.488,0.512,0.466,0.547"
,36ff7f1308,2026-08-13T16:12:48,,test_wallet_collectibles_tab_first_open_loading_time[wallet_load_user],passed,45.226,45.226,45.226,1,45.226
,36ff7f1308,2026-08-13T16:12:48,,test_wallet_collectibles_tab_loading_time[wallet_load_user],passed,0.189,0.232,0.209,5,"0.193,0.198,0.189,0.231,0.232"
,36ff7f1308,2026-08-13T16:12:48,,test_wallet_receive_first_open_loading_time[wallet_load_user],passed,0.483,0.483,0.483,1,0.483
,36ff7f1308,2026-08-13T16:12:48,,test_wallet_receive_loading_time[wallet_load_user],passed,0.285,0.343,0.309,5,"0.289,0.285,0.289,0.343,0.337"
,36ff7f1308,2026-08-13T16:12:48,,test_wallet_repeat_open_loading_time[fresh_user],passed,0.38,0.563,0.468,5,"0.447,0.563,0.446,0.506,0.38"
,36ff7f1308,2026-08-13T16:12:48,,test_wallet_add_account_first_open_loading_time[wallet_load_user],passed,0.509,0.509,0.509,1,0.509
,36ff7f1308,2026-08-13T16:12:48,,test_wallet_add_account_loading_time[wallet_load_user],passed,0.399,0.576,0.473,5,"0.576,0.469,0.485,0.435,0.399"
,36ff7f1308,2026-08-13T16:12:48,,test_wallet_repeat_open_loading_time[wallet_load_alex_user],passed,0.518,0.698,0.629,5,"0.676,0.6,0.698,0.518,0.655"
,36ff7f1308,2026-08-13T16:12:48,,test_wallet_swap_first_open_loading_time[wallet_load_user],passed,0.579,0.579,0.579,1,0.579
,36ff7f1308,2026-08-13T16:12:48,,test_wallet_swap_loading_time[wallet_load_user],passed,0.401,0.556,0.494,5,"0.401,0.551,0.498,0.463,0.556"
,36ff7f1308,2026-08-13T16:12:48,,test_wallet_first_open_loading_time[wallet_load_alex_user],passed,0.852,0.852,0.852,1,0.852
,36ff7f1308,2026-08-13T16:12:48,,test_status_community_first_open_loading_time[user_data0-user_account0],passed,4.166,4.166,4.166,1,4.166
,36ff7f1308,2026-08-13T16:12:48,,test_wallet_assets_tab_first_open_loading_time[wallet_load_user],passed,0.724,0.724,0.724,1,0.724
,36ff7f1308,2026-08-13T16:12:48,,test_wallet_assets_tab_loading_time[wallet_load_user],passed,0.685,0.917,0.77,5,"0.715,0.917,0.697,0.834,0.685"
,36ff7f1308,2026-08-13T16:12:48,,test_wallet_account_open_loading_time[fresh_user],passed,0.147,0.147,0.147,1,0.147
,36ff7f1308,2026-08-13T16:12:48,,test_wallet_collectibles_tab_first_open_loading_time[fresh_user],passed,15.904,15.904,15.904,1,15.904
,36ff7f1308,2026-08-13T16:12:48,,test_wallet_collectibles_tab_loading_time[fresh_user],passed,0.15,0.191,0.162,5,"0.154,0.191,0.152,0.15,0.16"
,36ff7f1308,2026-08-13T16:12:48,,test_wallet_activity_tab_first_open_loading_time[wallet_load_alex_user],passed,0.634,0.634,0.634,1,0.634
,36ff7f1308,2026-08-13T16:12:48,,test_wallet_activity_tab_loading_time[wallet_load_alex_user],passed,0.608,0.789,0.683,5,"0.67,0.608,0.652,0.789,0.697"
,36ff7f1308,2026-08-13T16:12:48,,test_wallet_activity_tab_first_open_loading_time[wallet_load_user],passed,0.909,0.909,0.909,1,0.909
,36ff7f1308,2026-08-13T16:12:48,,test_wallet_activity_tab_loading_time[wallet_load_user],passed,0.536,0.818,0.671,5,"0.687,0.818,0.704,0.536,0.609"
,36ff7f1308,2026-08-13T16:12:48,,test_status_community_second_open_loading_time[user_data0-user_account0],passed,2.097,4.061,2.561,5,"2.122,2.097,4.061,2.173,2.35"
,36ff7f1308,2026-08-13T16:12:48,,test_wallet_collectibles_tab_first_open_loading_time[wallet_load_alex_user],passed,69.02,69.02,69.02,1,69.02
,36ff7f1308,2026-08-13T16:12:48,,test_wallet_collectibles_tab_loading_time[wallet_load_alex_user],passed,2.011,2.176,2.089,5,"2.146,2.025,2.089,2.176,2.011"
,bd84c55138,2026-08-14T07:28:56,,test_wallet_send_first_open_loading_time[wallet_load_alex_user],passed,1.283,1.283,1.283,1,1.283
,bd84c55138,2026-08-14T07:28:56,,test_wallet_send_loading_time[wallet_load_alex_user],passed,0.464,0.5,0.479,5,"0.464,0.469,0.464,0.499,0.5"
,bd84c55138,2026-08-14T07:28:56,,test_wallet_receive_first_open_loading_time[wallet_load_user],passed,0.501,0.501,0.501,1,0.501
,bd84c55138,2026-08-14T07:28:56,,test_wallet_receive_loading_time[wallet_load_user],passed,0.287,0.341,0.326,5,"0.339,0.287,0.326,0.341,0.337"
,bd84c55138,2026-08-14T07:28:56,,test_status_community_first_open_loading_time[user_data0-user_account0],passed,3.045,3.045,3.045,1,3.045
,bd84c55138,2026-08-14T07:28:56,,test_wallet_receive_first_open_loading_time[fresh_user],passed,0.444,0.444,0.444,1,0.444
,bd84c55138,2026-08-14T07:28:56,,test_wallet_receive_loading_time[fresh_user],passed,0.249,0.279,0.263,5,"0.249,0.265,0.269,0.279,0.252"
,bd84c55138,2026-08-14T07:28:56,,test_wallet_receive_first_open_loading_time[wallet_load_alex_user],passed,0.529,0.529,0.529,1,0.529
,bd84c55138,2026-08-14T07:28:56,,test_wallet_receive_loading_time[wallet_load_alex_user],passed,0.309,0.35,0.334,5,"0.349,0.337,0.35,0.309,0.324"
,bd84c55138,2026-08-14T07:28:56,,test_wallet_add_account_first_open_loading_time[wallet_load_user],passed,0.636,0.636,0.636,1,0.636
,bd84c55138,2026-08-14T07:28:56,,test_wallet_add_account_loading_time[wallet_load_user],passed,0.404,0.476,0.435,5,"0.404,0.422,0.437,0.434,0.476"
,bd84c55138,2026-08-14T07:28:56,,test_wallet_swap_first_open_loading_time[wallet_load_alex_user],passed,0.603,0.603,0.603,1,0.603
,bd84c55138,2026-08-14T07:28:56,,test_wallet_swap_loading_time[wallet_load_alex_user],passed,0.551,0.601,0.577,5,"0.601,0.568,0.598,0.564,0.551"
,bd84c55138,2026-08-14T07:28:56,,test_wallet_first_open_loading_time[wallet_load_alex_user],passed,0.642,0.642,0.642,1,0.642
,bd84c55138,2026-08-14T07:28:56,,test_wallet_assets_tab_first_open_loading_time[wallet_load_alex_user],passed,1.33,1.33,1.33,1,1.33
,bd84c55138,2026-08-14T07:28:56,,test_wallet_assets_tab_loading_time[wallet_load_alex_user],passed,0.801,0.877,0.828,5,"0.877,0.819,0.833,0.812,0.801"
,bd84c55138,2026-08-14T07:28:56,,test_wallet_activity_tab_first_open_loading_time[fresh_user],passed,0.227,0.227,0.227,1,0.227
,bd84c55138,2026-08-14T07:28:56,,test_wallet_activity_tab_loading_time[fresh_user],passed,0.201,0.249,0.229,5,"0.243,0.249,0.225,0.228,0.201"
,bd84c55138,2026-08-14T07:28:56,,test_wallet_add_account_first_open_loading_time[fresh_user],passed,0.996,0.996,0.996,1,0.996
,bd84c55138,2026-08-14T07:28:56,,test_wallet_add_account_loading_time[fresh_user],passed,0.393,0.524,0.456,5,"0.487,0.393,0.393,0.482,0.524"
,bd84c55138,2026-08-14T07:28:56,,test_wallet_activity_tab_first_open_loading_time[wallet_load_alex_user],passed,0.886,0.886,0.886,1,0.886
,bd84c55138,2026-08-14T07:28:56,,test_wallet_activity_tab_loading_time[wallet_load_alex_user],passed,0.628,0.709,0.668,5,"0.69,0.628,0.709,0.644,0.668"
,bd84c55138,2026-08-14T07:28:56,,test_wallet_first_open_loading_time[fresh_user],passed,0.419,0.419,0.419,1,0.419
,bd84c55138,2026-08-14T07:28:56,,test_wallet_collectibles_tab_first_open_loading_time[wallet_load_user],passed,44.663,44.663,44.663,1,44.663
,bd84c55138,2026-08-14T07:28:56,,test_wallet_collectibles_tab_loading_time[wallet_load_user],passed,0.182,0.229,0.201,5,"0.212,0.193,0.191,0.229,0.182"
,bd84c55138,2026-08-14T07:28:56,,test_wallet_first_open_loading_time[wallet_load_user],passed,0.524,0.524,0.524,1,0.524
,bd84c55138,2026-08-14T07:28:56,,test_wallet_collectibles_tab_first_open_loading_time[fresh_user],passed,16.143,16.143,16.143,1,16.143
,bd84c55138,2026-08-14T07:28:56,,test_wallet_collectibles_tab_loading_time[fresh_user],passed,0.143,0.197,0.164,5,"0.149,0.144,0.197,0.143,0.189"
,bd84c55138,2026-08-14T07:28:56,,test_wallet_account_open_loading_time[wallet_load_user],passed,0.514,0.514,0.514,1,0.514
,bd84c55138,2026-08-14T07:28:56,,test_wallet_swap_first_open_loading_time[wallet_load_user],passed,1.08,1.08,1.08,1,1.08
,bd84c55138,2026-08-14T07:28:56,,test_wallet_swap_loading_time[wallet_load_user],passed,0.51,0.61,0.546,5,"0.61,0.514,0.51,0.559,0.537"
,bd84c55138,2026-08-14T07:28:56,,test_wallet_repeat_open_loading_time[wallet_load_user],passed,0.562,0.608,0.583,5,"0.573,0.608,0.562,0.572,0.599"
,bd84c55138,2026-08-14T07:28:56,,test_wallet_send_first_open_loading_time[wallet_load_user],passed,1.652,1.652,1.652,1,1.652
,bd84c55138,2026-08-14T07:28:56,,test_wallet_send_loading_time[wallet_load_user],passed,0.419,0.56,0.489,5,"0.497,0.56,0.527,0.441,0.419"
,bd84c55138,2026-08-14T07:28:56,,test_wallet_swap_first_open_loading_time[fresh_user],passed,1.025,1.025,1.025,1,1.025
,bd84c55138,2026-08-14T07:28:56,,test_wallet_swap_loading_time[fresh_user],passed,0.313,1.094,0.481,5,"0.351,0.325,1.094,0.313,0.323"
,bd84c55138,2026-08-14T07:28:56,,test_wallet_account_open_loading_time[fresh_user],passed,0.155,0.155,0.155,1,0.155
,bd84c55138,2026-08-14T07:28:56,,test_wallet_collectibles_tab_first_open_loading_time[wallet_load_alex_user],passed,67.46,67.46,67.46,1,67.46
,bd84c55138,2026-08-14T07:28:56,,test_wallet_collectibles_tab_loading_time[wallet_load_alex_user],passed,1.757,2.175,1.96,5,"1.867,2.113,2.175,1.757,1.887"
,bd84c55138,2026-08-14T07:28:56,,test_wallet_add_account_first_open_loading_time[wallet_load_alex_user],passed,0.586,0.586,0.586,1,0.586
,bd84c55138,2026-08-14T07:28:56,,test_wallet_add_account_loading_time[wallet_load_alex_user],passed,0.474,0.497,0.482,5,"0.474,0.474,0.482,0.484,0.497"
,bd84c55138,2026-08-14T07:28:56,,test_status_community_second_open_loading_time[user_data0-user_account0],passed,2.125,2.193,2.16,5,"2.177,2.125,2.193,2.15,2.157"
,bd84c55138,2026-08-14T07:28:56,,test_wallet_repeat_open_loading_time[wallet_load_alex_user],passed,0.557,0.693,0.617,5,"0.563,0.693,0.557,0.622,0.65"
,bd84c55138,2026-08-14T07:28:56,,test_wallet_assets_tab_first_open_loading_time[wallet_load_user],passed,0.5,0.5,0.5,1,0.5
,bd84c55138,2026-08-14T07:28:56,,test_wallet_assets_tab_loading_time[wallet_load_user],passed,0.625,0.999,0.806,5,"0.962,0.999,0.717,0.726,0.625"
,bd84c55138,2026-08-14T07:28:56,,test_wallet_send_first_open_loading_time[fresh_user],passed,1.026,1.026,1.026,1,1.026
,bd84c55138,2026-08-14T07:28:56,,test_wallet_send_loading_time[fresh_user],passed,0.302,0.947,0.442,5,"0.342,0.302,0.311,0.309,0.947"
,bd84c55138,2026-08-14T07:28:56,,test_wallet_repeat_open_loading_time[fresh_user],passed,0.382,0.839,0.577,5,"0.43,0.78,0.452,0.839,0.382"
,bd84c55138,2026-08-14T07:28:56,,test_wallet_assets_tab_first_open_loading_time[fresh_user],passed,0.227,0.227,0.227,1,0.227
,bd84c55138,2026-08-14T07:28:56,,test_wallet_assets_tab_loading_time[fresh_user],passed,0.353,0.675,0.428,5,"0.375,0.353,0.361,0.675,0.378"
,bd84c55138,2026-08-14T07:28:56,,test_wallet_activity_tab_first_open_loading_time[wallet_load_user],passed,0.942,0.942,0.942,1,0.942
,bd84c55138,2026-08-14T07:28:56,,test_wallet_activity_tab_loading_time[wallet_load_user],passed,0.544,0.898,0.644,5,"0.898,0.566,0.544,0.633,0.581"
,bd84c55138,2026-08-14T07:28:56,,test_wallet_account_open_loading_time[wallet_load_alex_user],passed,0.488,0.488,0.488,1,0.488
nightly-0f49c7a9da-362,0f49c7a9da,2026-08-15T08:40:54,2026-08-15T08:40:54|0f49c7a9da,test_wallet_swap_first_open_loading_time[fresh_user],passed,0.9669911004602909,0.9669911004602909,0.9669911004602909,1,0.9669911004602909
nightly-0f49c7a9da-362,0f49c7a9da,2026-08-15T08:40:54,2026-08-15T08:40:54|0f49c7a9da,test_wallet_swap_loading_time[fresh_user],passed,0.2896595001220703,0.32159139961004257,0.3071250203996897,5,"0.2896595001220703,0.3163678012788296,0.32159139961004257,0.2963968999683857,0.3116095010191202"
nightly-0f49c7a9da-362,0f49c7a9da,2026-08-15T08:40:54,2026-08-15T08:40:54|0f49c7a9da,test_status_community_second_open_loading_time[user_data0-user_account0],passed,2.10795521736145,2.18514347076416,2.1588797092437746,5,"2.1605489253997803,2.18514347076416,2.10795521736145,2.1624627113342285,2.178288221359253"
nightly-0f49c7a9da-362,0f49c7a9da,2026-08-15T08:40:54,2026-08-15T08:40:54|0f49c7a9da,test_wallet_account_open_loading_time[wallet_load_alex_user],passed,0.3946682997047901,0.3946682997047901,0.3946682997047901,1,0.3946682997047901
nightly-0f49c7a9da-362,0f49c7a9da,2026-08-15T08:40:54,2026-08-15T08:40:54|0f49c7a9da,test_wallet_account_open_loading_time[wallet_load_user],passed,0.43080219998955727,0.43080219998955727,0.43080219998955727,1,0.43080219998955727
nightly-0f49c7a9da-362,0f49c7a9da,2026-08-15T08:40:54,2026-08-15T08:40:54|0f49c7a9da,test_wallet_send_first_open_loading_time[wallet_load_user],passed,1.630264101549983,1.630264101549983,1.630264101549983,1,1.630264101549983
nightly-0f49c7a9da-362,0f49c7a9da,2026-08-15T08:40:54,2026-08-15T08:40:54|0f49c7a9da,test_wallet_send_loading_time[wallet_load_user],passed,0.4157591015100479,0.6022037994116545,0.47372910007834435,5,"0.44294580072164536,0.6022037994116545,0.4402533993124962,0.4674833994358778,0.4157591015100479"
nightly-0f49c7a9da-362,0f49c7a9da,2026-08-15T08:40:54,2026-08-15T08:40:54|0f49c7a9da,test_wallet_swap_first_open_loading_time[wallet_load_alex_user],passed,0.5734732002019882,0.5734732002019882,0.5734732002019882,1,0.5734732002019882
nightly-0f49c7a9da-362,0f49c7a9da,2026-08-15T08:40:54,2026-08-15T08:40:54|0f49c7a9da,test_wallet_swap_loading_time[wallet_load_alex_user],passed,0.5594154000282288,0.6233490016311407,0.6032682806253433,5,"0.6054333001375198,0.6228577997535467,0.6233490016311407,0.5594154000282288,0.6052859015762806"
nightly-0f49c7a9da-362,0f49c7a9da,2026-08-15T08:40:54,2026-08-15T08:40:54|0f49c7a9da,test_wallet_add_account_first_open_loading_time[wallet_load_alex_user],passed,0.9907868001610041,0.9907868001610041,0.9907868001610041,1,0.9907868001610041
nightly-0f49c7a9da-362,0f49c7a9da,2026-08-15T08:40:54,2026-08-15T08:40:54|0f49c7a9da,test_wallet_add_account_loading_time[wallet_load_alex_user],passed,0.4755301997065544,0.5125919003039598,0.48557804003357885,5,"0.5125919003039598,0.4772890992462635,0.4851245004683733,0.4773545004427433,0.4755301997065544"
nightly-0f49c7a9da-362,0f49c7a9da,2026-08-15T08:40:54,2026-08-15T08:40:54|0f49c7a9da,test_wallet_activity_tab_first_open_loading_time[wallet_load_alex_user],passed,0.9231177009642124,0.9231177009642124,0.9231177009642124,1,0.9231177009642124
nightly-0f49c7a9da-362,0f49c7a9da,2026-08-15T08:40:54,2026-08-15T08:40:54|0f49c7a9da,test_wallet_activity_tab_loading_time[wallet_load_alex_user],passed,0.7041997015476227,0.9200782999396324,0.8427356000989675,5,"0.878702700138092,0.8439632002264261,0.7041997015476227,0.8667340986430645,0.9200782999396324"
nightly-0f49c7a9da-362,0f49c7a9da,2026-08-15T08:40:54,2026-08-15T08:40:54|0f49c7a9da,test_wallet_receive_first_open_loading_time[wallet_load_alex_user],passed,0.5683054998517036,0.5683054998517036,0.5683054998517036,1,0.5683054998517036
nightly-0f49c7a9da-362,0f49c7a9da,2026-08-15T08:40:54,2026-08-15T08:40:54|0f49c7a9da,test_wallet_receive_loading_time[wallet_load_alex_user],passed,0.3333777002990246,0.36854569986462593,0.3500481802970171,5,"0.3480178005993366,0.3333777002990246,0.3522886000573635,0.34801110066473484,0.36854569986462593"
nightly-0f49c7a9da-362,0f49c7a9da,2026-08-15T08:40:54,2026-08-15T08:40:54|0f49c7a9da,test_wallet_assets_tab_first_open_loading_time[fresh_user],passed,0.1815072000026703,0.1815072000026703,0.1815072000026703,1,0.1815072000026703
nightly-0f49c7a9da-362,0f49c7a9da,2026-08-15T08:40:54,2026-08-15T08:40:54|0f49c7a9da,test_wallet_assets_tab_loading_time[fresh_user],passed,0.3012701999396086,0.5787972006946802,0.3648597601801157,5,"0.3216734007000923,0.30504179932177067,0.3175162002444267,0.5787972006946802,0.3012701999396086"
nightly-0f49c7a9da-362,0f49c7a9da,2026-08-15T08:40:54,2026-08-15T08:40:54|0f49c7a9da,test_wallet_collectibles_tab_first_open_loading_time[fresh_user],passed,0.17489119991660118,0.17489119991660118,0.17489119991660118,1,0.17489119991660118
nightly-0f49c7a9da-362,0f49c7a9da,2026-08-15T08:40:54,2026-08-15T08:40:54|0f49c7a9da,test_wallet_collectibles_tab_loading_time[fresh_user],passed,0.14432179927825928,0.15176299959421158,0.1470889799296856,5,"0.1460616998374462,0.1453269012272358,0.1479714997112751,0.15176299959421158,0.14432179927825928"
nightly-0f49c7a9da-362,0f49c7a9da,2026-08-15T08:40:54,2026-08-15T08:40:54|0f49c7a9da,test_wallet_receive_first_open_loading_time[fresh_user],passed,0.28526039980351925,0.28526039980351925,0.28526039980351925,1,0.28526039980351925
nightly-0f49c7a9da-362,0f49c7a9da,2026-08-15T08:40:54,2026-08-15T08:40:54|0f49c7a9da,test_wallet_receive_loading_time[fresh_user],passed,0.2493835985660553,0.27811199985444546,0.261124699190259,5,"0.27811199985444546,0.26086749881505966,0.26474819891154766,0.2493835985660553,0.2525121998041868"
nightly-0f49c7a9da-362,0f49c7a9da,2026-08-15T08:40:54,2026-08-15T08:40:54|0f49c7a9da,test_wallet_account_open_loading_time[fresh_user],passed,0.17898469977080822,0.17898469977080822,0.17898469977080822,1,0.17898469977080822
nightly-0f49c7a9da-362,0f49c7a9da,2026-08-15T08:40:54,2026-08-15T08:40:54|0f49c7a9da,test_wallet_first_open_loading_time[wallet_load_user],passed,0.49816441535949707,0.49816441535949707,0.49816441535949707,1,0.49816441535949707
nightly-0f49c7a9da-362,0f49c7a9da,2026-08-15T08:40:54,2026-08-15T08:40:54|0f49c7a9da,test_wallet_activity_tab_first_open_loading_time[fresh_user],passed,0.2820043992251158,0.2820043992251158,0.2820043992251158,1,0.2820043992251158
nightly-0f49c7a9da-362,0f49c7a9da,2026-08-15T08:40:54,2026-08-15T08:40:54|0f49c7a9da,test_wallet_activity_tab_loading_time[fresh_user],passed,0.18309739977121353,0.22638370096683502,0.20946285985410212,5,"0.1974691990762949,0.21957690082490444,0.18309739977121353,0.22638370096683502,0.22078709863126278"
nightly-0f49c7a9da-362,0f49c7a9da,2026-08-15T08:40:54,2026-08-15T08:40:54|0f49c7a9da,test_wallet_activity_tab_first_open_loading_time[wallet_load_user],passed,0.7298900000751019,0.7298900000751019,0.7298900000751019,1,0.7298900000751019
nightly-0f49c7a9da-362,0f49c7a9da,2026-08-15T08:40:54,2026-08-15T08:40:54|0f49c7a9da,test_wallet_activity_tab_loading_time[wallet_load_user],passed,0.5092901010066271,0.6712321005761623,0.6042782004922629,5,"0.5092901010066271,0.6712321005761623,0.6158418003469706,0.6702851001173258,0.5547419004142284"
nightly-0f49c7a9da-362,0f49c7a9da,2026-08-15T08:40:54,2026-08-15T08:40:54|0f49c7a9da,test_wallet_assets_tab_first_open_loading_time[wallet_load_user],passed,0.4245782010257244,0.4245782010257244,0.4245782010257244,1,0.4245782010257244
nightly-0f49c7a9da-362,0f49c7a9da,2026-08-15T08:40:54,2026-08-15T08:40:54|0f49c7a9da,test_wallet_assets_tab_loading_time[wallet_load_user],passed,0.6635299995541573,0.8243125006556511,0.7399547602981329,5,"0.6635299995541573,0.8038076013326645,0.8243125006556511,0.7210799008607864,0.6870437990874052"
nightly-0f49c7a9da-362,0f49c7a9da,2026-08-15T08:40:54,2026-08-15T08:40:54|0f49c7a9da,test_wallet_swap_first_open_loading_time[wallet_load_user],passed,0.4635736010968685,0.4635736010968685,0.4635736010968685,1,0.4635736010968685
nightly-0f49c7a9da-362,0f49c7a9da,2026-08-15T08:40:54,2026-08-15T08:40:54|0f49c7a9da,test_wallet_swap_loading_time[wallet_load_user],passed,0.44901350140571594,0.5746187996119261,0.5227637000381946,5,"0.4618106000125408,0.562398599460721,0.44901350140571594,0.5659769997000694,0.5746187996119261"
nightly-0f49c7a9da-362,0f49c7a9da,2026-08-15T08:40:54,2026-08-15T08:40:54|0f49c7a9da,test_wallet_collectibles_tab_first_open_loading_time[wallet_load_user],passed,0.27883549965918064,0.27883549965918064,0.27883549965918064,1,0.27883549965918064
nightly-0f49c7a9da-362,0f49c7a9da,2026-08-15T08:40:54,2026-08-15T08:40:54|0f49c7a9da,test_wallet_collectibles_tab_loading_time[wallet_load_user],passed,0.16732090152800083,0.23105609975755215,0.19136912003159523,5,"0.1912434995174408,0.18385279923677444,0.23105609975755215,0.18337230011820793,0.16732090152800083"
nightly-0f49c7a9da-362,0f49c7a9da,2026-08-15T08:40:54,2026-08-15T08:40:54|0f49c7a9da,test_wallet_repeat_open_loading_time[fresh_user],passed,0.36905908584594727,0.45276880264282227,0.40545125007629396,5,"0.45276880264282227,0.3840827941894531,0.4182109832763672,0.36905908584594727,0.4031345844268799"
nightly-0f49c7a9da-362,0f49c7a9da,2026-08-15T08:40:54,2026-08-15T08:40:54|0f49c7a9da,test_wallet_assets_tab_first_open_loading_time[wallet_load_alex_user],passed,0.5463596004992723,0.5463596004992723,0.5463596004992723,1,0.5463596004992723
nightly-0f49c7a9da-362,0f49c7a9da,2026-08-15T08:40:54,2026-08-15T08:40:54|0f49c7a9da,test_wallet_assets_tab_loading_time[wallet_load_alex_user],passed,0.7819992005825043,0.896535400301218,0.8433684799820185,5,"0.7919426988810301,0.8648132998496294,0.8815518002957106,0.896535400301218,0.7819992005825043"
nightly-0f49c7a9da-362,0f49c7a9da,2026-08-15T08:40:54,2026-08-15T08:40:54|0f49c7a9da,test_status_community_first_open_loading_time[user_data0-user_account0],passed,5.485176086425781,5.485176086425781,5.485176086425781,1,5.485176086425781
nightly-0f49c7a9da-362,0f49c7a9da,2026-08-15T08:40:54,2026-08-15T08:40:54|0f49c7a9da,test_wallet_add_account_first_open_loading_time[wallet_load_user],passed,0.5685823988169432,0.5685823988169432,0.5685823988169432,1,0.5685823988169432
nightly-0f49c7a9da-362,0f49c7a9da,2026-08-15T08:40:54,2026-08-15T08:40:54|0f49c7a9da,test_wallet_add_account_loading_time[wallet_load_user],passed,0.44569369964301586,0.5111257005482912,0.4748911004513502,5,"0.44569369964301586,0.47530680149793625,0.4867317005991936,0.45559759996831417,0.5111257005482912"
nightly-0f49c7a9da-362,0f49c7a9da,2026-08-15T08:40:54,2026-08-15T08:40:54|0f49c7a9da,test_wallet_add_account_first_open_loading_time[fresh_user],passed,0.5465011987835169,0.5465011987835169,0.5465011987835169,1,0.5465011987835169
nightly-0f49c7a9da-362,0f49c7a9da,2026-08-15T08:40:54,2026-08-15T08:40:54|0f49c7a9da,test_wallet_add_account_loading_time[fresh_user],passed,0.3783903010189533,0.3952703010290861,0.38815780021250246,5,"0.39248150028288364,0.3952703010290861,0.3827147986739874,0.3783903010189533,0.39193210005760193"
nightly-0f49c7a9da-362,0f49c7a9da,2026-08-15T08:40:54,2026-08-15T08:40:54|0f49c7a9da,test_wallet_first_open_loading_time[fresh_user],passed,0.4001166820526123,0.4001166820526123,0.4001166820526123,1,0.4001166820526123
nightly-0f49c7a9da-362,0f49c7a9da,2026-08-15T08:40:54,2026-08-15T08:40:54|0f49c7a9da,test_wallet_repeat_open_loading_time[wallet_load_user],passed,0.5393593311309814,0.6542189121246338,0.5964195251464843,5,"0.6542189121246338,0.580003023147583,0.5393593311309814,0.6005551815032959,0.6079611778259277"
nightly-0f49c7a9da-362,0f49c7a9da,2026-08-15T08:40:54,2026-08-15T08:40:54|0f49c7a9da,test_wallet_receive_first_open_loading_time[wallet_load_user],passed,0.5086592007428408,0.5086592007428408,0.5086592007428408,1,0.5086592007428408
nightly-0f49c7a9da-362,0f49c7a9da,2026-08-15T08:40:54,2026-08-15T08:40:54|0f49c7a9da,test_wallet_receive_loading_time[wallet_load_user],passed,0.28562009893357754,0.3454845007508993,0.3219032000750303,5,"0.3454845007508993,0.28562009893357754,0.32627150043845177,0.33325929939746857,0.31888060085475445"
nightly-0f49c7a9da-362,0f49c7a9da,2026-08-15T08:40:54,2026-08-15T08:40:54|0f49c7a9da,test_wallet_first_open_loading_time[wallet_load_alex_user],passed,0.6230144500732422,0.6230144500732422,0.6230144500732422,1,0.6230144500732422
nightly-0f49c7a9da-362,0f49c7a9da,2026-08-15T08:40:54,2026-08-15T08:40:54|0f49c7a9da,test_wallet_send_first_open_loading_time[fresh_user],passed,0.5492348000407219,0.5492348000407219,0.5492348000407219,1,0.5492348000407219
nightly-0f49c7a9da-362,0f49c7a9da,2026-08-15T08:40:54,2026-08-15T08:40:54|0f49c7a9da,test_wallet_send_loading_time[fresh_user],passed,0.30413980036973953,0.34542750008404255,0.324026620015502,5,"0.3262936007231474,0.30413980036973953,0.34542750008404255,0.32624940015375614,0.31802279874682426"
nightly-0f49c7a9da-362,0f49c7a9da,2026-08-15T08:40:54,2026-08-15T08:40:54|0f49c7a9da,test_wallet_send_first_open_loading_time[wallet_load_alex_user],passed,1.4910911992192268,1.4910911992192268,1.4910911992192268,1,1.4910911992192268
nightly-0f49c7a9da-362,0f49c7a9da,2026-08-15T08:40:54,2026-08-15T08:40:54|0f49c7a9da,test_wallet_send_loading_time[wallet_load_alex_user],passed,0.46880589984357357,0.49599460139870644,0.47790776044130323,5,"0.49599460139870644,0.47616550140082836,0.47608689963817596,0.46880589984357357,0.47248589992523193"
nightly-0f49c7a9da-362,0f49c7a9da,2026-08-15T08:40:54,2026-08-15T08:40:54|0f49c7a9da,test_wallet_repeat_open_loading_time[wallet_load_alex_user],passed,0.5101759433746338,0.680499792098999,0.59553542137146,5,"0.680499792098999,0.6095342636108398,0.5101759433746338,0.5645549297332764,0.6129121780395508"
nightly-0f49c7a9da-362,0f49c7a9da,2026-08-15T08:40:54,2026-08-15T08:40:54|0f49c7a9da,test_wallet_collectibles_tab_first_open_loading_time[wallet_load_alex_user],passed,0.2143029998987913,0.2143029998987913,0.2143029998987913,1,0.2143029998987913
nightly-0f49c7a9da-362,0f49c7a9da,2026-08-15T08:40:54,2026-08-15T08:40:54|0f49c7a9da,test_wallet_collectibles_tab_loading_time[wallet_load_alex_user],passed,0.17095430009067059,0.21294999867677689,0.1893506795167923,5,"0.1766285002231598,0.21294999867677689,0.17949999868869781,0.17095430009067059,0.2067205999046564"
nightly-27614460fb-363,27614460fb,2026-08-16T05:28:42,2026-08-16T05:28:42|27614460fb,test_wallet_swap_first_open_loading_time[fresh_user],passed,1.0239784996956587,1.0239784996956587,1.0239784996956587,1,1.0239784996956587
nightly-27614460fb-363,27614460fb,2026-08-16T05:28:42,2026-08-16T05:28:42|27614460fb,test_wallet_swap_loading_time[fresh_user],passed,0.2915151994675398,0.9486462008208036,0.44059510007500646,5,"0.9486462008208036,0.2915151994675398,0.3197582997381687,0.33410700038075447,0.3089487999677658"
nightly-27614460fb-363,27614460fb,2026-08-16T05:28:42,2026-08-16T05:28:42|27614460fb,test_status_community_second_open_loading_time[user_data0-user_account0],passed,2.148597002029419,2.238630533218384,2.185272789001465,5,"2.238630533218384,2.1604928970336914,2.1769113540649414,2.148597002029419,2.2017321586608887"
nightly-27614460fb-363,27614460fb,2026-08-16T05:28:42,2026-08-16T05:28:42|27614460fb,test_wallet_account_open_loading_time[wallet_load_alex_user],passed,0.3762127999216318,0.3762127999216318,0.3762127999216318,1,0.3762127999216318
nightly-27614460fb-363,27614460fb,2026-08-16T05:28:42,2026-08-16T05:28:42|27614460fb,test_wallet_account_open_loading_time[wallet_load_user],passed,0.5295743998140097,0.5295743998140097,0.5295743998140097,1,0.5295743998140097
nightly-27614460fb-363,27614460fb,2026-08-16T05:28:42,2026-08-16T05:28:42|27614460fb,test_wallet_send_first_open_loading_time[wallet_load_user],passed,1.2620837017893791,1.2620837017893791,1.2620837017893791,1,1.2620837017893791
nightly-27614460fb-363,27614460fb,2026-08-16T05:28:42,2026-08-16T05:28:42|27614460fb,test_wallet_send_loading_time[wallet_load_user],passed,0.3780515994876623,0.5325392000377178,0.4568573199212551,5,"0.5325392000377178,0.4887065999209881,0.4997726008296013,0.38521659933030605,0.3780515994876623"
nightly-27614460fb-363,27614460fb,2026-08-16T05:28:42,2026-08-16T05:28:42|27614460fb,test_wallet_swap_first_open_loading_time[wallet_load_alex_user],passed,0.5356984008103609,0.5356984008103609,0.5356984008103609,1,0.5356984008103609
nightly-27614460fb-363,27614460fb,2026-08-16T05:28:42,2026-08-16T05:28:42|27614460fb,test_wallet_swap_loading_time[wallet_load_alex_user],passed,0.5455098990350962,0.6614491995424032,0.5908144198358058,5,"0.5834991987794638,0.5711078010499477,0.5925060007721186,0.6614491995424032,0.5455098990350962"
nightly-27614460fb-363,27614460fb,2026-08-16T05:28:42,2026-08-16T05:28:42|27614460fb,test_wallet_add_account_first_open_loading_time[wallet_load_alex_user],passed,0.5461729988455772,0.5461729988455772,0.5461729988455772,1,0.5461729988455772
nightly-27614460fb-363,27614460fb,2026-08-16T05:28:42,2026-08-16T05:28:42|27614460fb,test_wallet_add_account_loading_time[wallet_load_alex_user],passed,0.4653652999550104,0.4993129000067711,0.4811445400118828,5,"0.4653652999550104,0.465871499851346,0.4993129000067711,0.49391840025782585,0.48125459998846054"
nightly-27614460fb-363,27614460fb,2026-08-16T05:28:42,2026-08-16T05:28:42|27614460fb,test_wallet_activity_tab_first_open_loading_time[wallet_load_alex_user],passed,0.6366923004388809,0.6366923004388809,0.6366923004388809,1,0.6366923004388809
nightly-27614460fb-363,27614460fb,2026-08-16T05:28:42,2026-08-16T05:28:42|27614460fb,test_wallet_activity_tab_loading_time[wallet_load_alex_user],passed,0.6380120012909174,0.6726626008749008,0.651363680511713,5,"0.6407149992883205,0.638594500720501,0.6726626008749008,0.6380120012909174,0.6668343003839254"
nightly-27614460fb-363,27614460fb,2026-08-16T05:28:42,2026-08-16T05:28:42|27614460fb,test_wallet_receive_first_open_loading_time[wallet_load_alex_user],passed,0.5326879005879164,0.5326879005879164,0.5326879005879164,1,0.5326879005879164
nightly-27614460fb-363,27614460fb,2026-08-16T05:28:42,2026-08-16T05:28:42|27614460fb,test_wallet_receive_loading_time[wallet_load_alex_user],passed,0.30507029965519905,0.3761542998254299,0.35135202035307883,5,"0.3761542998254299,0.3582763001322746,0.30507029965519905,0.3567063007503748,0.3605529014021158"
nightly-27614460fb-363,27614460fb,2026-08-16T05:28:42,2026-08-16T05:28:42|27614460fb,test_wallet_assets_tab_first_open_loading_time[fresh_user],passed,0.22462630085647106,0.22462630085647106,0.22462630085647106,1,0.22462630085647106
nightly-27614460fb-363,27614460fb,2026-08-16T05:28:42,2026-08-16T05:28:42|27614460fb,test_wallet_assets_tab_loading_time[fresh_user],passed,0.30381879955530167,0.3368168007582426,0.318150419741869,5,"0.3368168007582426,0.33662370033562183,0.3055802993476391,0.30381879955530167,0.3079124987125397"
nightly-27614460fb-363,27614460fb,2026-08-16T05:28:42,2026-08-16T05:28:42|27614460fb,test_wallet_collectibles_tab_first_open_loading_time[fresh_user],passed,0.18583070114254951,0.18583070114254951,0.18583070114254951,1,0.18583070114254951
nightly-27614460fb-363,27614460fb,2026-08-16T05:28:42,2026-08-16T05:28:42|27614460fb,test_wallet_collectibles_tab_loading_time[fresh_user],passed,0.14413500018417835,0.15340209938585758,0.14865165986120701,5,"0.14742589928209782,0.1480162013322115,0.15340209938585758,0.1502790991216898,0.14413500018417835"
nightly-27614460fb-363,27614460fb,2026-08-16T05:28:42,2026-08-16T05:28:42|27614460fb,test_wallet_receive_first_open_loading_time[fresh_user],passed,0.28799179941415787,0.28799179941415787,0.28799179941415787,1,0.28799179941415787
nightly-27614460fb-363,27614460fb,2026-08-16T05:28:42,2026-08-16T05:28:42|27614460fb,test_wallet_receive_loading_time[fresh_user],passed,0.24460569955408573,0.3023824989795685,0.2741094194352627,5,"0.2782265990972519,0.2638135999441147,0.2815186996012926,0.24460569955408573,0.3023824989795685"
nightly-27614460fb-363,27614460fb,2026-08-16T05:28:42,2026-08-16T05:28:42|27614460fb,test_wallet_account_open_loading_time[fresh_user],passed,0.1359248012304306,0.1359248012304306,0.1359248012304306,1,0.1359248012304306
nightly-27614460fb-363,27614460fb,2026-08-16T05:28:42,2026-08-16T05:28:42|27614460fb,test_wallet_first_open_loading_time[wallet_load_user],passed,0.28342700004577637,0.28342700004577637,0.28342700004577637,1,0.28342700004577637
nightly-27614460fb-363,27614460fb,2026-08-16T05:28:42,2026-08-16T05:28:42|27614460fb,test_wallet_activity_tab_first_open_loading_time[fresh_user],passed,0.23620080016553402,0.23620080016553402,0.23620080016553402,1,0.23620080016553402
nightly-27614460fb-363,27614460fb,2026-08-16T05:28:42,2026-08-16T05:28:42|27614460fb,test_wallet_activity_tab_loading_time[fresh_user],passed,0.19822980090975761,0.2933964002877474,0.2387999404221773,5,"0.2933964002877474,0.23273800127208233,0.19822980090975761,0.21561679989099503,0.2540186997503042"
nightly-27614460fb-363,27614460fb,2026-08-16T05:28:42,2026-08-16T05:28:42|27614460fb,test_wallet_activity_tab_first_open_loading_time[wallet_load_user],passed,0.6974113993346691,0.6974113993346691,0.6974113993346691,1,0.6974113993346691
nightly-27614460fb-363,27614460fb,2026-08-16T05:28:42,2026-08-16T05:28:42|27614460fb,test_wallet_activity_tab_loading_time[wallet_load_user],passed,0.5807835999876261,0.8527148999273777,0.6616254400461912,5,"0.8527148999273777,0.6411725003272295,0.6179748997092247,0.5807835999876261,0.6154813002794981"
nightly-27614460fb-363,27614460fb,2026-08-16T05:28:42,2026-08-16T05:28:42|27614460fb,test_wallet_assets_tab_first_open_loading_time[wallet_load_user],passed,0.3482877016067505,0.3482877016067505,0.3482877016067505,1,0.3482877016067505
nightly-27614460fb-363,27614460fb,2026-08-16T05:28:42,2026-08-16T05:28:42|27614460fb,test_wallet_assets_tab_loading_time[wallet_load_user],passed,0.6582428999245167,0.8482796009629965,0.7579265404492617,5,"0.8482796009629965,0.8357822000980377,0.776078000664711,0.6582428999245167,0.6712500005960464"
nightly-27614460fb-363,27614460fb,2026-08-16T05:28:42,2026-08-16T05:28:42|27614460fb,test_wallet_swap_first_open_loading_time[wallet_load_user],passed,0.917009400203824,0.917009400203824,0.917009400203824,1,0.917009400203824
nightly-27614460fb-363,27614460fb,2026-08-16T05:28:42,2026-08-16T05:28:42|27614460fb,test_wallet_swap_loading_time[wallet_load_user],passed,0.5267201997339725,0.5980664994567633,0.5541016396135092,5,"0.5980664994567633,0.5576106999069452,0.5267201997339725,0.5313600990921259,0.556750699877739"
nightly-27614460fb-363,27614460fb,2026-08-16T05:28:42,2026-08-16T05:28:42|27614460fb,test_wallet_collectibles_tab_first_open_loading_time[wallet_load_user],passed,0.18320070020854473,0.18320070020854473,0.18320070020854473,1,0.18320070020854473
nightly-27614460fb-363,27614460fb,2026-08-16T05:28:42,2026-08-16T05:28:42|27614460fb,test_wallet_collectibles_tab_loading_time[wallet_load_user],passed,0.16154270060360432,0.42166910134255886,0.22943309992551802,5,"0.16154270060360432,0.42166910134255886,0.185649698600173,0.18633039854466915,0.19197360053658485"
nightly-27614460fb-363,27614460fb,2026-08-16T05:28:42,2026-08-16T05:28:42|27614460fb,test_wallet_repeat_open_loading_time[fresh_user],passed,0.44313549995422363,0.49517393112182617,0.46371612548828123,5,"0.49517393112182617,0.44313549995422363,0.4555177688598633,0.4488344192504883,0.4759190082550049"
nightly-27614460fb-363,27614460fb,2026-08-16T05:28:42,2026-08-16T05:28:42|27614460fb,test_wallet_assets_tab_first_open_loading_time[wallet_load_alex_user],passed,0.5876935999840498,0.5876935999840498,0.5876935999840498,1,0.5876935999840498
nightly-27614460fb-363,27614460fb,2026-08-16T05:28:42,2026-08-16T05:28:42|27614460fb,test_wallet_assets_tab_loading_time[wallet_load_alex_user],passed,0.7378378994762897,0.8803007006645203,0.8229618404060602,5,"0.8319688998162746,0.8193063009530306,0.8453954011201859,0.8803007006645203,0.7378378994762897"
nightly-27614460fb-363,27614460fb,2026-08-16T05:28:42,2026-08-16T05:28:42|27614460fb,test_status_community_first_open_loading_time[user_data0-user_account0],passed,3.4721672534942627,3.4721672534942627,3.4721672534942627,1,3.4721672534942627
nightly-27614460fb-363,27614460fb,2026-08-16T05:28:42,2026-08-16T05:28:42|27614460fb,test_wallet_add_account_first_open_loading_time[wallet_load_user],passed,0.5101162996143103,0.5101162996143103,0.5101162996143103,1,0.5101162996143103
nightly-27614460fb-363,27614460fb,2026-08-16T05:28:42,2026-08-16T05:28:42|27614460fb,test_wallet_add_account_loading_time[wallet_load_user],passed,0.4160895012319088,0.4936982002109289,0.4525028601288795,5,"0.4660825002938509,0.42179919965565205,0.4160895012319088,0.4936982002109289,0.4648448992520571"
nightly-27614460fb-363,27614460fb,2026-08-16T05:28:42,2026-08-16T05:28:42|27614460fb,test_wallet_add_account_first_open_loading_time[fresh_user],passed,0.5521252006292343,0.5521252006292343,0.5521252006292343,1,0.5521252006292343
nightly-27614460fb-363,27614460fb,2026-08-16T05:28:42,2026-08-16T05:28:42|27614460fb,test_wallet_add_account_loading_time[fresh_user],passed,0.3650238998234272,0.6396425999701023,0.43871638029813764,5,"0.38608490116894245,0.6396425999701023,0.4025142006576061,0.3650238998234272,0.40031629987061024"
nightly-27614460fb-363,27614460fb,2026-08-16T05:28:42,2026-08-16T05:28:42|27614460fb,test_wallet_first_open_loading_time[fresh_user],passed,0.3806309700012207,0.3806309700012207,0.3806309700012207,1,0.3806309700012207
nightly-27614460fb-363,27614460fb,2026-08-16T05:28:42,2026-08-16T05:28:42|27614460fb,test_wallet_repeat_open_loading_time[wallet_load_user],passed,0.5366623401641846,0.6361000537872314,0.5872612953186035,5,"0.6179463863372803,0.5819134712219238,0.5636842250823975,0.5366623401641846,0.6361000537872314"
nightly-27614460fb-363,27614460fb,2026-08-16T05:28:42,2026-08-16T05:28:42|27614460fb,test_wallet_receive_first_open_loading_time[wallet_load_user],passed,0.5053403005003929,0.5053403005003929,0.5053403005003929,1,0.5053403005003929
nightly-27614460fb-363,27614460fb,2026-08-16T05:28:42,2026-08-16T05:28:42|27614460fb,test_wallet_receive_loading_time[wallet_load_user],passed,0.3160586003214121,0.4028220009058714,0.3703329604119062,5,"0.3160586003214121,0.373632300645113,0.37151020020246506,0.4028220009058714,0.3876416999846697"
nightly-27614460fb-363,27614460fb,2026-08-16T05:28:42,2026-08-16T05:28:42|27614460fb,test_wallet_first_open_loading_time[wallet_load_alex_user],passed,0.540055513381958,0.540055513381958,0.540055513381958,1,0.540055513381958
nightly-27614460fb-363,27614460fb,2026-08-16T05:28:42,2026-08-16T05:28:42|27614460fb,test_wallet_send_first_open_loading_time[fresh_user],passed,1.128821898251772,1.128821898251772,1.128821898251772,1,1.128821898251772
nightly-27614460fb-363,27614460fb,2026-08-16T05:28:42,2026-08-16T05:28:42|27614460fb,test_wallet_send_loading_time[fresh_user],passed,0.38834840059280396,1.1450538001954556,0.5420596402138471,5,"0.3908038008958101,0.3928035981953144,1.1450538001954556,0.38834840059280396,0.39328860118985176"
nightly-27614460fb-363,27614460fb,2026-08-16T05:28:42,2026-08-16T05:28:42|27614460fb,test_wallet_send_first_open_loading_time[wallet_load_alex_user],passed,1.5696734003722668,1.5696734003722668,1.5696734003722668,1,1.5696734003722668
nightly-27614460fb-363,27614460fb,2026-08-16T05:28:42,2026-08-16T05:28:42|27614460fb,test_wallet_send_loading_time[wallet_load_alex_user],passed,0.47109740041196346,0.6461463999003172,0.5432663403451443,5,"0.47109740041196346,0.6461463999003172,0.573929401114583,0.5247384998947382,0.5004200004041195"
nightly-27614460fb-363,27614460fb,2026-08-16T05:28:42,2026-08-16T05:28:42|27614460fb,test_wallet_repeat_open_loading_time[wallet_load_alex_user],passed,0.5725314617156982,0.69252610206604,0.6212941646575928,5,"0.69252610206604,0.6052136421203613,0.6620619297027588,0.5725314617156982,0.5741376876831055"
nightly-27614460fb-363,27614460fb,2026-08-16T05:28:42,2026-08-16T05:28:42|27614460fb,test_wallet_collectibles_tab_first_open_loading_time[wallet_load_alex_user],passed,0.27690730057656765,0.27690730057656765,0.27690730057656765,1,0.27690730057656765
nightly-27614460fb-363,27614460fb,2026-08-16T05:28:42,2026-08-16T05:28:42|27614460fb,test_wallet_collectibles_tab_loading_time[wallet_load_alex_user],passed,0.17710769921541214,0.21684830076992512,0.1926230199635029,5,"0.183194100856781,0.18350309878587723,0.20246190018951893,0.17710769921541214,0.21684830076992512"
