run_id,commit_hash,date,build_label,test_name,metric_id,status,min_ram_mb,max_ram_mb,avg_ram_mb,run_count,all_runs
,54ab4baeb,2026-07-07T06:14:52,,test_status_community_first_open_loading_time[user_data0-user_account0],test_status_community_first_open_ram,passed,815.457,815.457,815.457,1,815.457
,54ab4baeb,2026-07-07T06:14:52,,test_status_community_second_open_loading_time[user_data0-user_account0],test_status_community_second_open_ram,passed,836.684,912.477,878.885,5,"836.684,859.706,912.477,878.067,907.491"
,8871642d2,2026-07-07T08:45:37,,test_status_community_first_open_loading_time[user_data0-user_account0],test_status_community_first_open_ram,passed,769.492,769.492,769.492,1,769.492
,8871642d2,2026-07-07T08:45:37,,test_status_community_second_open_loading_time[user_data0-user_account0],test_status_community_second_open_ram,passed,840.165,1052.739,997.881,5,"840.165,1004.453,1045.462,1052.739,1046.584"
,d39309cca,2026-07-08T05:20:26,,test_status_community_first_open_loading_time[user_data0-user_account0],test_status_community_first_open_ram,passed,907.928,907.928,907.928,1,907.928
,d39309cca,2026-07-08T05:20:26,,test_status_community_second_open_loading_time[user_data0-user_account0],test_status_community_second_open_ram,passed,900.779,1112.64,1027.092,5,"900.779,1081.653,1112.64,1035.819,1004.569"
,77c19164b,2026-07-09T05:16:15,,test_status_community_first_open_loading_time[user_data0-user_account0],test_status_community_first_open_ram,passed,764.945,764.945,764.945,1,764.945
,77c19164b,2026-07-09T05:16:15,,test_status_community_second_open_loading_time[user_data0-user_account0],test_status_community_second_open_ram,passed,801.502,979.827,888.265,5,"801.502,829.069,893.329,937.596,979.827"
,51f253eda,2026-07-10T05:16:13,,test_status_community_first_open_loading_time[user_data0-user_account0],test_status_community_first_open_ram,passed,831.945,831.945,831.945,1,831.945
,51f253eda,2026-07-10T05:16:13,,test_status_community_second_open_loading_time[user_data0-user_account0],test_status_community_second_open_ram,passed,798.469,963.572,890.64,5,"798.469,871.998,876.002,943.159,963.572"
,a23910395,2026-07-10T12:17:51,,test_status_community_first_open_loading_time[user_data0-user_account0],test_status_community_first_open_ram,passed,847.188,847.188,847.188,1,847.188
,a23910395,2026-07-10T12:17:51,,test_status_community_second_open_loading_time[user_data0-user_account0],test_status_community_second_open_ram,passed,814.763,868.54,843.346,5,"814.763,816.142,851.329,868.54,865.957"
,80e7c0203,2026-07-11T05:20:46,,test_status_community_first_open_loading_time[user_data0-user_account0],test_status_community_first_open_ram,passed,827.589,827.589,827.589,1,827.589
,80e7c0203,2026-07-11T05:20:46,,test_status_community_second_open_loading_time[user_data0-user_account0],test_status_community_second_open_ram,passed,804.334,918.216,859.402,5,"804.334,827.077,837.217,910.167,918.216"
,80e7c0203,2026-07-12T05:16:08,,test_status_community_second_open_loading_time[user_data0-user_account0],test_status_community_second_open_ram,passed,1050.022,1163.99,1129.917,5,"1050.022,1163.541,1150.657,1163.99,1121.376"
,80e7c0203,2026-07-12T05:16:08,,test_status_community_first_open_loading_time[user_data0-user_account0],test_status_community_first_open_ram,passed,802.938,802.938,802.938,1,802.938
,80e7c0203,2026-07-13T05:15:22,,test_status_community_second_open_loading_time[user_data0-user_account0],test_status_community_second_open_ram,passed,803.724,981.673,889.462,5,"803.724,848.978,889.393,923.544,981.673"
,80e7c0203,2026-07-13T05:15:22,,test_status_community_first_open_loading_time[user_data0-user_account0],test_status_community_first_open_ram,passed,746.705,746.705,746.705,1,746.705
,9fc679ad3,2026-07-13T10:14:59,,test_status_community_first_open_loading_time[user_data0-user_account0],test_status_community_first_open_ram,passed,747.602,747.602,747.602,1,747.602
,9fc679ad3,2026-07-13T10:14:59,,test_status_community_second_open_loading_time[user_data0-user_account0],test_status_community_second_open_ram,passed,818.569,890.542,853.137,5,"823.796,818.569,859.615,873.163,890.542"
,3ae7c370c,2026-07-13T12:35:40,,test_status_community_first_open_loading_time[user_data0-user_account0],test_status_community_first_open_ram,passed,789.06,789.06,789.06,1,789.06
,3ae7c370c,2026-07-13T12:35:40,,test_status_community_second_open_loading_time[user_data0-user_account0],test_status_community_second_open_ram,passed,914.649,1147.437,1039.785,5,"914.649,985.97,1035.648,1115.221,1147.437"
,e1dd32c18,2026-07-13T13:03:30,,test_status_community_first_open_loading_time[user_data0-user_account0],test_status_community_first_open_ram,passed,771.308,771.308,771.308,1,771.308
,e1dd32c18,2026-07-13T13:03:30,,test_status_community_second_open_loading_time[user_data0-user_account0],test_status_community_second_open_ram,passed,1030.066,1625.343,1256.974,5,"1030.066,1102.846,1205.131,1321.487,1625.343"
,69f3330f1,2026-07-13T16:54:06,,test_status_community_second_open_loading_time[user_data0-user_account0],test_status_community_second_open_ram,passed,879.496,1202.262,1041.871,5,"879.496,962.649,1037.273,1127.674,1202.262"
,69f3330f1,2026-07-13T16:54:06,,test_status_community_first_open_loading_time[user_data0-user_account0],test_status_community_first_open_ram,passed,745.88,745.88,745.88,1,745.88
,69f3330f1,2026-07-14T05:29:06,,test_status_community_first_open_loading_time[user_data0-user_account0],test_status_community_first_open_ram,passed,782.81,782.81,782.81,1,782.81
,69f3330f1,2026-07-14T05:29:06,,test_status_community_second_open_loading_time[user_data0-user_account0],test_status_community_second_open_ram,passed,774.348,849.64,812.862,5,"774.348,798.477,818.273,823.57,849.64"
,69f3330f1,2026-07-14T10:04:05,,test_status_community_first_open_loading_time[user_data0-user_account0],test_status_community_first_open_ram,passed,770.672,770.672,770.672,1,770.672
,69f3330f1,2026-07-14T10:04:05,,test_status_community_second_open_loading_time[user_data0-user_account0],test_status_community_second_open_ram,passed,805.083,947.703,873.379,5,"820.708,805.083,871.78,921.623,947.703"
,4068ddda5,2026-07-14T13:38:22,,test_status_community_first_open_loading_time[user_data0-user_account0],test_status_community_first_open_ram,passed,810.645,810.645,810.645,1,810.645
,4068ddda5,2026-07-14T13:38:22,,test_status_community_second_open_loading_time[user_data0-user_account0],test_status_community_second_open_ram,passed,847.751,1035.336,927.4,5,"847.751,857.277,898.411,998.227,1035.336"
,b5cde8a91,2026-07-14T15:16:43,,test_status_community_first_open_loading_time[user_data0-user_account0],test_status_community_first_open_ram,passed,731.798,731.798,731.798,1,731.798
,b5cde8a91,2026-07-14T15:16:43,,test_status_community_second_open_loading_time[user_data0-user_account0],test_status_community_second_open_ram,passed,821.829,984.811,902.083,5,"821.829,862.682,892.117,948.977,984.811"
,4c6eafbe8,2026-07-14T16:04:33,,test_status_community_second_open_loading_time[user_data0-user_account0],test_status_community_second_open_ram,passed,840.453,961.931,896.701,5,"840.453,869.119,897.029,914.974,961.931"
,4c6eafbe8,2026-07-14T16:04:33,,test_status_community_first_open_loading_time[user_data0-user_account0],test_status_community_first_open_ram,passed,773.458,773.458,773.458,1,773.458
,4c6eafbe8,2026-07-15T05:15:58,,test_status_community_second_open_loading_time[user_data0-user_account0],test_status_community_second_open_ram,passed,802.352,871.111,834.647,5,"802.352,808.926,838.104,852.745,871.111"
,4c6eafbe8,2026-07-15T05:15:58,,test_status_community_first_open_loading_time[user_data0-user_account0],test_status_community_first_open_ram,passed,740.76,740.76,740.76,1,740.76
,e2ca9c790,2026-07-16T05:15:05,,test_status_community_second_open_loading_time[user_data0-user_account0],test_status_community_second_open_ram,passed,828.122,1021.379,919.991,5,"828.122,873.338,870.291,1006.827,1021.379"
,e2ca9c790,2026-07-16T05:15:05,,test_status_community_first_open_loading_time[user_data0-user_account0],test_status_community_first_open_ram,passed,738.645,738.645,738.645,1,738.645
,df161fdc6,2026-07-16T08:38:17,,test_status_community_first_open_loading_time[user_data0-user_account0],test_status_community_first_open_ram_member,passed,786.921,786.921,786.921,1,786.921
,df161fdc6,2026-07-16T08:38:17,,test_status_community_second_open_loading_time[user_data0-user_account0],test_status_community_second_open_ram_member,passed,813.85,867.047,840.461,5,"813.85,825.755,839.688,867.047,855.963"
,df161fdc6,2026-07-16T09:47:50,,test_status_community_second_open_loading_time[user_data0-user_account0],test_status_community_second_open_ram_member,passed,1064.584,1224.355,1147.795,5,"1064.584,1128.755,1144.264,1224.355,1177.017"
,df161fdc6,2026-07-16T09:47:50,,test_status_community_first_open_loading_time[user_data0-user_account0],test_status_community_first_open_ram_member,passed,779.243,779.243,779.243,1,779.243
,5f66de,2026-07-16T10:08:15,,test_status_community_second_open_loading_time[user_data0-user_account0],test_status_community_second_open_ram_member,passed,865.851,1006.071,946.631,5,"865.851,896.922,1006.071,967.241,997.072"
,5f66de,2026-07-16T10:08:15,,test_status_community_first_open_loading_time[user_data0-user_account0],test_status_community_first_open_ram_member,passed,758.527,758.527,758.527,1,758.527
,df161fdc6,2026-07-16T13:38:02,,test_status_community_second_open_loading_time[user_data0-user_account0],test_status_community_second_open_ram_member,passed,965.304,1075.5,1019.751,5,"965.304,967.654,1032.561,1057.735,1075.5"
,df161fdc6,2026-07-16T13:38:02,,test_status_community_first_open_loading_time[user_data0-user_account0],test_status_community_first_open_ram_member,passed,766.342,766.342,766.342,1,766.342
,5dae9b2ba,2026-07-17T05:16:52,,test_status_community_second_open_loading_time[user_data0-user_account0],test_status_community_second_open_ram_member,passed,942.705,1133.191,1076.598,5,"942.705,1067.89,1133.191,1119.844,1119.359"
,5dae9b2ba,2026-07-17T05:16:52,,test_status_community_first_open_loading_time[user_data0-user_account0],test_status_community_first_open_ram_member,passed,790.621,790.621,790.621,1,790.621
,e05886b4e,2026-07-17T12:12:05,,test_status_community_first_open_loading_time[user_data0-user_account0],test_status_community_first_open_ram_member,passed,905.925,905.925,905.925,1,905.925
,e05886b4e,2026-07-17T12:12:05,,test_status_community_second_open_loading_time[user_data0-user_account0],test_status_community_second_open_ram_member,passed,787.225,1029.654,865.619,5,"787.225,805.604,822.952,882.66,1029.654"
,0e23fd3cc,2026-07-17T20:28:29,,test_wallet_first_open_loading_time[wallet_load_user],test_wallet_first_open_ram_wallet_load,passed,676.974,676.974,676.974,1,676.974
,0e23fd3cc,2026-07-17T20:28:29,,test_status_community_second_open_loading_time[user_data0-user_account0],test_status_community_second_open_ram_member,passed,852.245,1025.078,980.894,5,"852.245,1010.041,995.306,1021.802,1025.078"
,0e23fd3cc,2026-07-17T20:28:29,,test_status_community_first_open_loading_time[user_data0-user_account0],test_status_community_first_open_ram_member,passed,740.072,740.072,740.072,1,740.072
,0e23fd3cc,2026-07-17T20:28:29,,test_wallet_first_open_loading_time[fresh_user],test_wallet_first_open_ram_fresh,passed,666.973,666.973,666.973,1,666.973
,0e23fd3cc,2026-07-17T20:28:29,,test_wallet_first_open_loading_time[wallet_load_alex_user],test_wallet_first_open_ram_wallet_load_alex,passed,781.758,781.758,781.758,1,781.758
,0e23fd3cc,2026-07-17T20:28:29,,test_wallet_account_open_loading_time[wallet_load_alex_user],test_wallet_account_first_open_ram_wallet_load_alex,passed,770.355,770.355,770.355,1,770.355
,0e23fd3cc,2026-07-17T20:28:29,,test_wallet_repeat_open_loading_time[wallet_load_user],test_wallet_repeat_open_ram_wallet_load,passed,771.428,897.248,857.185,5,"771.428,859.146,897.248,871.246,886.855"
,0e23fd3cc,2026-07-17T20:28:29,,test_wallet_account_open_loading_time[wallet_load_user],test_wallet_account_first_open_ram_wallet_load,passed,696.521,696.521,696.521,1,696.521
,0e23fd3cc,2026-07-17T20:28:29,,test_wallet_repeat_open_loading_time[fresh_user],test_wallet_repeat_open_ram_fresh,passed,831.014,933.539,874.562,5,"831.014,933.539,881.969,875.752,850.539"
,0e23fd3cc,2026-07-17T20:28:29,,test_wallet_repeat_open_loading_time[wallet_load_alex_user],test_wallet_repeat_open_ram_wallet_load_alex,passed,836.818,887.375,868.99,5,"836.818,860.965,887.375,882.398,877.395"
,0e23fd3cc,2026-07-17T20:28:29,,test_wallet_account_open_loading_time[fresh_user],test_wallet_account_first_open_ram_fresh,passed,750.473,750.473,750.473,1,750.473
,0e23fd3cc,2026-07-17T20:52:53,,test_wallet_add_account_first_open_loading_time[wallet_load_alex_user],test_wallet_add_account_first_open_ram_wallet_load_alex,passed,824.193,824.193,824.193,1,824.193
,0e23fd3cc,2026-07-17T20:52:53,,test_wallet_add_account_loading_time[wallet_load_alex_user],test_wallet_add_account_ram_wallet_load_alex,passed,818.977,857.701,834.88,5,"828.152,818.977,819.795,849.777,857.701"
,0e23fd3cc,2026-07-17T20:52:53,,test_wallet_assets_tab_loading_time[wallet_load_user],test_wallet_assets_tab_ram_wallet_load,passed,765.932,804.638,786.616,5,"765.932,770.135,788.658,803.716,804.638"
,0e23fd3cc,2026-07-17T20:52:53,,test_wallet_repeat_open_loading_time[wallet_load_user],test_wallet_repeat_open_ram_wallet_load,passed,724.975,901.98,855.82,5,"724.975,877.561,879.879,894.705,901.98"
,0e23fd3cc,2026-07-17T20:52:53,,test_wallet_add_account_first_open_loading_time[wallet_load_user],test_wallet_add_account_first_open_ram_wallet_load,passed,699.436,699.436,699.436,1,699.436
,0e23fd3cc,2026-07-17T20:52:53,,test_wallet_add_account_loading_time[wallet_load_user],test_wallet_add_account_ram_wallet_load,passed,701.473,793.061,734.847,5,"701.473,703.541,741.305,734.855,793.061"
,0e23fd3cc,2026-07-17T20:52:53,,test_wallet_send_first_open_loading_time[wallet_load_user],test_wallet_send_first_open_ram_wallet_load,passed,769.389,769.389,769.389,1,769.389
,0e23fd3cc,2026-07-17T20:52:53,,test_wallet_send_loading_time[wallet_load_user],test_wallet_send_ram_wallet_load,passed,780.715,812.008,797.765,5,"787.106,780.715,800.346,808.651,812.008"
,0e23fd3cc,2026-07-17T20:52:53,,test_wallet_assets_tab_loading_time[fresh_user],test_wallet_assets_tab_ram_fresh,passed,791.035,801.598,796.938,5,"791.035,796.957,797.516,797.582,801.598"
,0e23fd3cc,2026-07-17T20:52:53,,test_wallet_collectibles_tab_first_open_loading_time[wallet_load_alex_user],test_wallet_collectibles_tab_first_open_ram_wallet_load_alex,passed,880.515,880.515,880.515,1,880.515
,0e23fd3cc,2026-07-17T20:52:53,,test_wallet_collectibles_tab_loading_time[wallet_load_alex_user],test_wallet_collectibles_tab_ram_wallet_load_alex,passed,1001.004,1322.9,1128.474,5,"1058.822,1134.418,1001.004,1125.228,1322.9"
,0e23fd3cc,2026-07-17T20:52:53,,test_wallet_swap_first_open_loading_time[fresh_user],test_wallet_swap_first_open_ram_fresh,passed,716.534,716.534,716.534,1,716.534
,0e23fd3cc,2026-07-17T20:52:53,,test_wallet_swap_loading_time[fresh_user],test_wallet_swap_ram_fresh,passed,768.979,802.516,782.537,5,"772.746,789.082,779.361,802.516,768.979"
,0e23fd3cc,2026-07-17T20:52:53,,test_wallet_first_open_loading_time[fresh_user],test_wallet_first_open_ram_fresh,passed,670.49,670.49,670.49,1,670.49
,0e23fd3cc,2026-07-17T20:52:53,,test_wallet_receive_first_open_loading_time[wallet_load_user],test_wallet_receive_first_open_ram_wallet_load,passed,694.977,694.977,694.977,1,694.977
,0e23fd3cc,2026-07-17T20:52:53,,test_wallet_receive_loading_time[wallet_load_user],test_wallet_receive_ram_wallet_load,passed,695.609,793.336,730.913,5,"695.609,696.393,732.643,736.584,793.336"
,0e23fd3cc,2026-07-17T20:52:53,,test_wallet_add_account_first_open_loading_time[fresh_user],test_wallet_add_account_first_open_ram_fresh,passed,780.203,780.203,780.203,1,780.203
,0e23fd3cc,2026-07-17T20:52:53,,test_wallet_add_account_loading_time[fresh_user],test_wallet_add_account_ram_fresh,passed,824.619,872.455,853.039,5,"839.1,865.412,872.455,863.611,824.619"
,0e23fd3cc,2026-07-17T20:52:53,,test_wallet_account_open_loading_time[wallet_load_alex_user],test_wallet_account_first_open_ram_wallet_load_alex,passed,815.863,815.863,815.863,1,815.863
,0e23fd3cc,2026-07-17T20:52:53,,test_wallet_account_open_loading_time[fresh_user],test_wallet_account_first_open_ram_fresh,passed,737.395,737.395,737.395,1,737.395
,0e23fd3cc,2026-07-17T20:52:53,,test_wallet_repeat_open_loading_time[wallet_load_alex_user],test_wallet_repeat_open_ram_wallet_load_alex,passed,811.295,970.059,898.296,5,"811.295,970.059,938.836,877.969,893.32"
,0e23fd3cc,2026-07-17T20:52:53,,test_wallet_swap_first_open_loading_time[wallet_load_user],test_wallet_swap_first_open_ram_wallet_load,passed,712.42,712.42,712.42,1,712.42
,0e23fd3cc,2026-07-17T20:52:53,,test_wallet_swap_loading_time[wallet_load_user],test_wallet_swap_ram_wallet_load,passed,739.475,840.949,795.304,5,"739.475,789.479,782.455,840.949,824.162"
,0e23fd3cc,2026-07-17T20:52:53,,test_wallet_receive_first_open_loading_time[fresh_user],test_wallet_receive_first_open_ram_fresh,passed,767.465,767.465,767.465,1,767.465
,0e23fd3cc,2026-07-17T20:52:53,,test_wallet_receive_loading_time[fresh_user],test_wallet_receive_ram_fresh,passed,749.375,789.197,775.221,5,"749.375,779.631,785.08,789.197,772.822"
,0e23fd3cc,2026-07-17T20:52:53,,test_wallet_send_first_open_loading_time[fresh_user],test_wallet_send_first_open_ram_fresh,passed,763.319,763.319,763.319,1,763.319
,0e23fd3cc,2026-07-17T20:52:53,,test_wallet_send_loading_time[fresh_user],test_wallet_send_ram_fresh,passed,772.994,886.953,808.829,5,"772.994,789.35,794.873,799.975,886.953"
,0e23fd3cc,2026-07-17T20:52:53,,test_wallet_activity_tab_first_open_loading_time[wallet_load_user],test_wallet_activity_tab_first_open_ram_wallet_load,passed,707.605,707.605,707.605,1,707.605
,0e23fd3cc,2026-07-17T20:52:53,,test_wallet_activity_tab_loading_time[wallet_load_user],test_wallet_activity_tab_ram_wallet_load,passed,727.271,845.41,777.045,5,"727.271,747.184,776.547,845.41,788.812"
,0e23fd3cc,2026-07-17T20:52:53,,test_status_community_second_open_loading_time[user_data0-user_account0],test_status_community_second_open_ram_member,passed,862.893,1056.996,997.962,5,"862.893,1041.185,1002.777,1025.962,1056.996"
,0e23fd3cc,2026-07-17T20:52:53,,test_wallet_collectibles_tab_first_open_loading_time[wallet_load_user],test_wallet_collectibles_tab_first_open_ram_wallet_load,passed,751.902,751.902,751.902,1,751.902
,0e23fd3cc,2026-07-17T20:52:53,,test_wallet_collectibles_tab_loading_time[wallet_load_user],test_wallet_collectibles_tab_ram_wallet_load,passed,814.424,926.021,875.226,5,"814.424,867.215,869.51,898.959,926.021"
,0e23fd3cc,2026-07-17T20:52:53,,test_wallet_collectibles_tab_first_open_loading_time[fresh_user],test_wallet_collectibles_tab_first_open_ram_fresh,passed,730.122,730.122,730.122,1,730.122
,0e23fd3cc,2026-07-17T20:52:53,,test_wallet_collectibles_tab_loading_time[fresh_user],test_wallet_collectibles_tab_ram_fresh,passed,737.352,746.238,742.624,5,"737.352,740.984,743.914,744.633,746.238"
,0e23fd3cc,2026-07-17T20:52:53,,test_wallet_send_first_open_loading_time[wallet_load_alex_user],test_wallet_send_first_open_ram_wallet_load_alex,passed,860.758,860.758,860.758,1,860.758
,0e23fd3cc,2026-07-17T20:52:53,,test_wallet_send_loading_time[wallet_load_alex_user],test_wallet_send_ram_wallet_load_alex,passed,860.781,899.448,875.135,5,"860.781,874.094,862.215,899.448,879.14"
,0e23fd3cc,2026-07-17T20:52:53,,test_wallet_assets_tab_loading_time[wallet_load_alex_user],test_wallet_assets_tab_ram_wallet_load_alex,passed,902.747,913.487,908.596,5,"905.432,902.747,910.391,910.923,913.487"
,0e23fd3cc,2026-07-17T20:52:53,,test_wallet_account_open_loading_time[wallet_load_user],test_wallet_account_first_open_ram_wallet_load,passed,703.875,703.875,703.875,1,703.875
,0e23fd3cc,2026-07-17T20:52:53,,test_status_community_first_open_loading_time[user_data0-user_account0],test_status_community_first_open_ram_member,passed,756.9,756.9,756.9,1,756.9
,0e23fd3cc,2026-07-17T20:52:53,,test_wallet_first_open_loading_time[wallet_load_user],test_wallet_first_open_ram_wallet_load,passed,713.219,713.219,713.219,1,713.219
,0e23fd3cc,2026-07-17T20:52:53,,test_wallet_repeat_open_loading_time[fresh_user],test_wallet_repeat_open_ram_fresh,passed,764.406,799.141,785.842,5,"788.484,785.834,764.406,791.346,799.141"
,0e23fd3cc,2026-07-17T20:52:53,,test_wallet_first_open_loading_time[wallet_load_alex_user],test_wallet_first_open_ram_wallet_load_alex,passed,833.088,833.088,833.088,1,833.088
,0e23fd3cc,2026-07-17T20:52:53,,test_wallet_swap_first_open_loading_time[wallet_load_alex_user],test_wallet_swap_first_open_ram_wallet_load_alex,passed,844.133,844.133,844.133,1,844.133
,0e23fd3cc,2026-07-17T20:52:53,,test_wallet_swap_loading_time[wallet_load_alex_user],test_wallet_swap_ram_wallet_load_alex,passed,850.584,950.197,880.098,5,"850.584,882.385,850.783,866.543,950.197"
,0e23fd3cc,2026-07-17T20:52:53,,test_wallet_receive_first_open_loading_time[wallet_load_alex_user],test_wallet_receive_first_open_ram_wallet_load_alex,passed,804.131,804.131,804.131,1,804.131
,0e23fd3cc,2026-07-17T20:52:53,,test_wallet_receive_loading_time[wallet_load_alex_user],test_wallet_receive_ram_wallet_load_alex,passed,817.326,872.467,836.076,5,"817.326,872.467,845.01,826.455,819.121"
,0e23fd3cc,2026-07-17T20:52:53,,test_wallet_activity_tab_first_open_loading_time[wallet_load_alex_user],test_wallet_activity_tab_first_open_ram_wallet_load_alex,passed,890.199,890.199,890.199,1,890.199
,0e23fd3cc,2026-07-17T20:52:53,,test_wallet_activity_tab_loading_time[wallet_load_alex_user],test_wallet_activity_tab_ram_wallet_load_alex,passed,896.516,920.914,912.584,5,"912.291,915.451,920.914,917.746,896.516"
,0e23fd3cc,2026-07-17T20:52:53,,test_wallet_activity_tab_first_open_loading_time[fresh_user],test_wallet_activity_tab_first_open_ram_fresh,passed,768.238,768.238,768.238,1,768.238
,0e23fd3cc,2026-07-17T20:52:53,,test_wallet_activity_tab_loading_time[fresh_user],test_wallet_activity_tab_ram_fresh,passed,770.152,770.352,770.285,5,"770.348,770.152,770.258,770.316,770.352"
,50ded3fa4,2026-07-20T11:05:07,,test_status_community_first_open_loading_time[user_data0-user_account0],test_status_community_first_open_ram_member,passed,761.581,761.581,761.581,1,761.581
,50ded3fa4,2026-07-20T11:05:07,,test_wallet_assets_tab_loading_time[wallet_load_user],test_wallet_assets_tab_ram_wallet_load,passed,753.799,900.406,805.996,5,"753.799,762.116,761.076,852.584,900.406"
,50ded3fa4,2026-07-20T11:05:07,,test_wallet_repeat_open_loading_time[fresh_user],test_wallet_repeat_open_ram_fresh,passed,721.277,861.686,807.442,5,"721.277,800.469,817.857,835.922,861.686"
,50ded3fa4,2026-07-20T11:05:07,,test_wallet_collectibles_tab_first_open_loading_time[wallet_load_user],test_wallet_collectibles_tab_first_open_ram_wallet_load,passed,744.229,744.229,744.229,1,744.229
,50ded3fa4,2026-07-20T11:05:07,,test_wallet_collectibles_tab_loading_time[wallet_load_user],test_wallet_collectibles_tab_ram_wallet_load,passed,833.578,1004.889,880.914,5,"838.896,867.141,860.068,1004.889,833.578"
,50ded3fa4,2026-07-20T11:05:07,,test_wallet_account_open_loading_time[wallet_load_alex_user],test_wallet_account_first_open_ram_wallet_load_alex,passed,746.951,746.951,746.951,1,746.951
,50ded3fa4,2026-07-20T11:05:07,,test_wallet_swap_first_open_loading_time[wallet_load_user],test_wallet_swap_first_open_ram_wallet_load,passed,720.182,720.182,720.182,1,720.182
,50ded3fa4,2026-07-20T11:05:07,,test_wallet_swap_loading_time[wallet_load_user],test_wallet_swap_ram_wallet_load,passed,749.146,864.223,802.828,5,"749.146,779.73,792.332,864.223,828.709"
,50ded3fa4,2026-07-20T11:05:07,,test_wallet_send_first_open_loading_time[wallet_load_alex_user],test_wallet_send_first_open_ram_wallet_load_alex,passed,880.027,880.027,880.027,1,880.027
,50ded3fa4,2026-07-20T11:05:07,,test_wallet_send_loading_time[wallet_load_alex_user],test_wallet_send_ram_wallet_load_alex,passed,865.699,929.529,890.172,5,"903.965,865.699,868.6,929.529,883.065"
,50ded3fa4,2026-07-20T11:05:07,,test_wallet_send_first_open_loading_time[wallet_load_user],test_wallet_send_first_open_ram_wallet_load,passed,699.342,699.342,699.342,1,699.342
,50ded3fa4,2026-07-20T11:05:07,,test_wallet_send_loading_time[wallet_load_user],test_wallet_send_ram_wallet_load,passed,714.885,784.344,755.352,5,"714.885,754.574,761.164,761.793,784.344"
,50ded3fa4,2026-07-20T11:05:07,,test_wallet_repeat_open_loading_time[wallet_load_user],test_wallet_repeat_open_ram_wallet_load,passed,722.613,895.332,853.995,5,"722.613,895.332,894.359,884.363,873.305"
,50ded3fa4,2026-07-20T11:05:07,,test_wallet_receive_first_open_loading_time[wallet_load_alex_user],test_wallet_receive_first_open_ram_wallet_load_alex,passed,760.831,760.831,760.831,1,760.831
,50ded3fa4,2026-07-20T11:05:07,,test_wallet_receive_loading_time[wallet_load_alex_user],test_wallet_receive_ram_wallet_load_alex,passed,808.729,889.273,855.911,5,"808.729,818.879,875.986,886.689,889.273"
,50ded3fa4,2026-07-20T11:05:07,,test_wallet_account_open_loading_time[fresh_user],test_wallet_account_first_open_ram_fresh,passed,784.895,784.895,784.895,1,784.895
,50ded3fa4,2026-07-20T11:05:07,,test_wallet_repeat_open_loading_time[wallet_load_alex_user],test_wallet_repeat_open_ram_wallet_load_alex,passed,785.459,978.668,912.206,5,"785.459,931.285,978.668,942.875,922.744"
,50ded3fa4,2026-07-20T11:05:07,,test_wallet_add_account_first_open_loading_time[fresh_user],test_wallet_add_account_first_open_ram_fresh,passed,692.904,692.904,692.904,1,692.904
,50ded3fa4,2026-07-20T11:05:07,,test_wallet_add_account_loading_time[fresh_user],test_wallet_add_account_ram_fresh,passed,747.855,790.082,773.877,5,"747.855,771.854,772.453,790.082,787.141"
,50ded3fa4,2026-07-20T11:05:07,,test_wallet_collectibles_tab_first_open_loading_time[fresh_user],test_wallet_collectibles_tab_first_open_ram_fresh,passed,735.68,735.68,735.68,1,735.68
,50ded3fa4,2026-07-20T11:05:07,,test_wallet_collectibles_tab_loading_time[fresh_user],test_wallet_collectibles_tab_ram_fresh,passed,797.75,800.402,799.212,5,"797.75,798.148,799.727,800.035,800.402"
,50ded3fa4,2026-07-20T11:05:07,,test_wallet_swap_first_open_loading_time[fresh_user],test_wallet_swap_first_open_ram_fresh,passed,693.398,693.398,693.398,1,693.398
,50ded3fa4,2026-07-20T11:05:07,,test_wallet_swap_loading_time[fresh_user],test_wallet_swap_ram_fresh,passed,696.059,778.596,739.906,5,"696.059,746.197,734.244,744.434,778.596"
,50ded3fa4,2026-07-20T11:05:07,,test_wallet_activity_tab_first_open_loading_time[wallet_load_alex_user],test_wallet_activity_tab_first_open_ram_wallet_load_alex,passed,845.787,845.787,845.787,1,845.787
,50ded3fa4,2026-07-20T11:05:07,,test_wallet_activity_tab_loading_time[wallet_load_alex_user],test_wallet_activity_tab_ram_wallet_load_alex,passed,867.771,972.291,916.212,5,"867.771,911.775,908.131,921.094,972.291"
,50ded3fa4,2026-07-20T11:05:07,,test_wallet_first_open_loading_time[wallet_load_user],test_wallet_first_open_ram_wallet_load,passed,694.49,694.49,694.49,1,694.49
,50ded3fa4,2026-07-20T11:05:07,,test_wallet_receive_first_open_loading_time[fresh_user],test_wallet_receive_first_open_ram_fresh,passed,675.89,675.89,675.89,1,675.89
,50ded3fa4,2026-07-20T11:05:07,,test_wallet_receive_loading_time[fresh_user],test_wallet_receive_ram_fresh,passed,674.842,699.02,686.494,5,"674.842,698.449,699.02,678.529,681.629"
,50ded3fa4,2026-07-20T11:05:07,,test_wallet_activity_tab_first_open_loading_time[wallet_load_user],test_wallet_activity_tab_first_open_ram_wallet_load,passed,711.781,711.781,711.781,1,711.781
,50ded3fa4,2026-07-20T11:05:07,,test_wallet_activity_tab_loading_time[wallet_load_user],test_wallet_activity_tab_ram_wallet_load,passed,736.979,830.111,783.962,5,"736.979,738.352,790.242,824.125,830.111"
,50ded3fa4,2026-07-20T11:05:07,,test_wallet_first_open_loading_time[fresh_user],test_wallet_first_open_ram_fresh,passed,793.467,793.467,793.467,1,793.467
,50ded3fa4,2026-07-20T11:05:07,,test_wallet_collectibles_tab_first_open_loading_time[wallet_load_alex_user],test_wallet_collectibles_tab_first_open_ram_wallet_load_alex,passed,920.495,920.495,920.495,1,920.495
,50ded3fa4,2026-07-20T11:05:07,,test_wallet_collectibles_tab_loading_time[wallet_load_alex_user],test_wallet_collectibles_tab_ram_wallet_load_alex,passed,912.223,918.957,916.607,5,"912.223,917.082,917.391,917.383,918.957"
,50ded3fa4,2026-07-20T11:05:07,,test_wallet_swap_first_open_loading_time[wallet_load_alex_user],test_wallet_swap_first_open_ram_wallet_load_alex,passed,883.107,883.107,883.107,1,883.107
,50ded3fa4,2026-07-20T11:05:07,,test_wallet_swap_loading_time[wallet_load_alex_user],test_wallet_swap_ram_wallet_load_alex,passed,878.477,955.246,916.93,5,"878.477,907.234,922.598,921.094,955.246"
,50ded3fa4,2026-07-20T11:05:07,,test_status_community_second_open_loading_time[user_data0-user_account0],test_status_community_second_open_ram_member,passed,779.491,858.734,825.859,5,"779.491,814.24,825.674,851.153,858.734"
,50ded3fa4,2026-07-20T11:05:07,,test_wallet_add_account_first_open_loading_time[wallet_load_alex_user],test_wallet_add_account_first_open_ram_wallet_load_alex,passed,868.998,868.998,868.998,1,868.998
,50ded3fa4,2026-07-20T11:05:07,,test_wallet_add_account_loading_time[wallet_load_alex_user],test_wallet_add_account_ram_wallet_load_alex,passed,845.32,911.467,877.35,5,"845.32,911.467,898.041,857.791,874.131"
,50ded3fa4,2026-07-20T11:05:07,,test_wallet_assets_tab_loading_time[fresh_user],test_wallet_assets_tab_ram_fresh,passed,774.926,796.578,787.586,5,"786.461,795.5,796.578,784.467,774.926"
,50ded3fa4,2026-07-20T11:05:07,,test_wallet_receive_first_open_loading_time[wallet_load_user],test_wallet_receive_first_open_ram_wallet_load,passed,693.853,693.853,693.853,1,693.853
,50ded3fa4,2026-07-20T11:05:07,,test_wallet_receive_loading_time[wallet_load_user],test_wallet_receive_ram_wallet_load,passed,694.381,773.807,740.208,5,"694.381,728.043,731.541,773.268,773.807"
,50ded3fa4,2026-07-20T11:05:07,,test_wallet_account_open_loading_time[wallet_load_user],test_wallet_account_first_open_ram_wallet_load,passed,695.414,695.414,695.414,1,695.414
,50ded3fa4,2026-07-20T11:05:07,,test_wallet_first_open_loading_time[wallet_load_alex_user],test_wallet_first_open_ram_wallet_load_alex,passed,786.309,786.309,786.309,1,786.309
,50ded3fa4,2026-07-20T11:05:07,,test_wallet_add_account_first_open_loading_time[wallet_load_user],test_wallet_add_account_first_open_ram_wallet_load,passed,693.377,693.377,693.377,1,693.377
,50ded3fa4,2026-07-20T11:05:07,,test_wallet_add_account_loading_time[wallet_load_user],test_wallet_add_account_ram_wallet_load,passed,696.342,756.9,731.721,5,"696.342,733.863,736.521,734.977,756.9"
,50ded3fa4,2026-07-20T11:05:07,,test_wallet_activity_tab_first_open_loading_time[fresh_user],test_wallet_activity_tab_first_open_ram_fresh,passed,732.398,732.398,732.398,1,732.398
,50ded3fa4,2026-07-20T11:05:07,,test_wallet_activity_tab_loading_time[fresh_user],test_wallet_activity_tab_ram_fresh,passed,724.738,729.414,728.163,5,"724.738,728.781,728.895,728.984,729.414"
,50ded3fa4,2026-07-20T11:05:07,,test_wallet_assets_tab_loading_time[wallet_load_alex_user],test_wallet_assets_tab_ram_wallet_load_alex,passed,861.641,942.845,904.914,5,"942.845,861.641,904.878,905.997,909.21"
,50ded3fa4,2026-07-20T11:05:07,,test_wallet_send_first_open_loading_time[fresh_user],test_wallet_send_first_open_ram_fresh,passed,776.766,776.766,776.766,1,776.766
,50ded3fa4,2026-07-20T11:05:07,,test_wallet_send_loading_time[fresh_user],test_wallet_send_ram_fresh,passed,769.633,838.197,786.483,5,"784.912,838.197,769.633,770.039,769.635"
,5f66de,2026-07-20T13:06:04,,test_wallet_add_account_first_open_loading_time[wallet_load_user],test_wallet_add_account_first_open_ram_wallet_load,passed,1182.719,1182.719,1182.719,1,1182.719
,5f66de,2026-07-20T13:06:04,,test_wallet_add_account_loading_time[wallet_load_user],test_wallet_add_account_ram_wallet_load,passed,1182.707,1242.32,1208.729,5,"1182.707,1184.596,1212.904,1242.32,1221.119"
,5f66de,2026-07-20T13:06:04,,test_wallet_send_first_open_loading_time[fresh_user],test_wallet_send_first_open_ram_fresh,passed,757.09,757.09,757.09,1,757.09
,5f66de,2026-07-20T13:06:04,,test_wallet_send_loading_time[fresh_user],test_wallet_send_ram_fresh,passed,760.096,811.551,787.159,5,"760.096,760.268,811.551,800.924,802.959"
,5f66de,2026-07-20T13:06:04,,test_wallet_repeat_open_loading_time[wallet_load_alex_user],test_wallet_repeat_open_ram_wallet_load_alex,passed,1111.232,1183.975,1150.825,5,"1111.232,1159.941,1183.975,1152.848,1146.127"
,5f66de,2026-07-20T13:06:04,,test_wallet_account_open_loading_time[wallet_load_alex_user],test_wallet_account_first_open_ram_wallet_load_alex,passed,1103.535,1103.535,1103.535,1,1103.535
,5f66de,2026-07-20T13:06:04,,test_wallet_first_open_loading_time[fresh_user],test_wallet_first_open_ram_fresh,passed,770.605,770.605,770.605,1,770.605
,5f66de,2026-07-20T13:06:04,,test_wallet_receive_first_open_loading_time[wallet_load_alex_user],test_wallet_receive_first_open_ram_wallet_load_alex,passed,1047.476,1047.476,1047.476,1,1047.476
,5f66de,2026-07-20T13:06:04,,test_wallet_receive_loading_time[wallet_load_alex_user],test_wallet_receive_ram_wallet_load_alex,passed,1064.281,1106.541,1090.538,5,"1086.641,1064.281,1090.609,1104.619,1106.541"
,5f66de,2026-07-20T13:06:04,,test_wallet_receive_first_open_loading_time[wallet_load_user],test_wallet_receive_first_open_ram_wallet_load,passed,937.861,937.861,937.861,1,937.861
,5f66de,2026-07-20T13:06:04,,test_wallet_receive_loading_time[wallet_load_user],test_wallet_receive_ram_wallet_load,passed,938.795,1041.307,981.293,5,"938.795,942.113,989.107,1041.307,995.145"
,5f66de,2026-07-20T13:06:04,,test_wallet_send_first_open_loading_time[wallet_load_alex_user],test_wallet_send_first_open_ram_wallet_load_alex,passed,831.615,831.615,831.615,1,831.615
,5f66de,2026-07-20T13:06:04,,test_wallet_send_loading_time[wallet_load_alex_user],test_wallet_send_ram_wallet_load_alex,passed,860.064,960.572,924.319,5,"860.064,908.852,960.572,945.705,946.402"
,5f66de,2026-07-20T13:06:04,,test_wallet_add_account_first_open_loading_time[wallet_load_alex_user],test_wallet_add_account_first_open_ram_wallet_load_alex,passed,1041.084,1041.084,1041.084,1,1041.084
,5f66de,2026-07-20T13:06:04,,test_wallet_add_account_loading_time[wallet_load_alex_user],test_wallet_add_account_ram_wallet_load_alex,passed,1047.68,1157.627,1076.913,5,"1047.68,1050.969,1054.268,1074.021,1157.627"
,5f66de,2026-07-20T13:06:04,,test_wallet_assets_tab_loading_time[wallet_load_user],test_wallet_assets_tab_ram_wallet_load,passed,1087.264,1241.34,1182.685,5,"1087.264,1137.579,1211.845,1241.34,1235.395"
,5f66de,2026-07-20T13:06:04,,test_wallet_swap_first_open_loading_time[wallet_load_user],test_wallet_swap_first_open_ram_wallet_load,passed,993.323,993.323,993.323,1,993.323
,5f66de,2026-07-20T13:06:04,,test_wallet_swap_loading_time[wallet_load_user],test_wallet_swap_ram_wallet_load,passed,1037.998,1257.107,1155.696,5,"1037.998,1089.387,1154.365,1239.621,1257.107"
,5f66de,2026-07-20T13:06:04,,test_wallet_activity_tab_first_open_loading_time[fresh_user],test_wallet_activity_tab_first_open_ram_fresh,passed,752.047,752.047,752.047,1,752.047
,5f66de,2026-07-20T13:06:04,,test_wallet_activity_tab_loading_time[fresh_user],test_wallet_activity_tab_ram_fresh,passed,735.93,752.52,741.35,5,"752.52,735.93,737.375,739.863,741.062"
,5f66de,2026-07-20T13:06:04,,test_wallet_first_open_loading_time[wallet_load_user],test_wallet_first_open_ram_wallet_load,passed,975.345,975.345,975.345,1,975.345
,5f66de,2026-07-20T13:06:04,,test_wallet_activity_tab_first_open_loading_time[wallet_load_user],test_wallet_activity_tab_first_open_ram_wallet_load,passed,981.139,981.139,981.139,1,981.139
,5f66de,2026-07-20T13:06:04,,test_wallet_activity_tab_loading_time[wallet_load_user],test_wallet_activity_tab_ram_wallet_load,passed,1007.018,1097.996,1032.16,5,"1007.848,1007.018,1015.594,1032.346,1097.996"
,5f66de,2026-07-20T13:06:04,,test_wallet_swap_first_open_loading_time[fresh_user],test_wallet_swap_first_open_ram_fresh,passed,820.393,820.393,820.393,1,820.393
,5f66de,2026-07-20T13:06:04,,test_wallet_swap_loading_time[fresh_user],test_wallet_swap_ram_fresh,passed,827.5,989.15,927.3,5,"827.5,877.006,989.15,957.494,985.348"
,5f66de,2026-07-20T13:06:04,,test_wallet_receive_first_open_loading_time[fresh_user],test_wallet_receive_first_open_ram_fresh,passed,741.174,741.174,741.174,1,741.174
,5f66de,2026-07-20T13:06:04,,test_wallet_receive_loading_time[fresh_user],test_wallet_receive_ram_fresh,passed,741.332,790.889,773.152,5,"741.332,776.604,770.414,790.889,786.52"
,5f66de,2026-07-20T13:06:04,,test_wallet_repeat_open_loading_time[fresh_user],test_wallet_repeat_open_ram_fresh,passed,797.984,829.934,821.928,5,"797.984,829.934,828.891,826.59,826.242"
,5f66de,2026-07-20T13:06:04,,test_wallet_collectibles_tab_first_open_loading_time[fresh_user],test_wallet_collectibles_tab_first_open_ram_fresh,passed,775.061,775.061,775.061,1,775.061
,5f66de,2026-07-20T13:06:04,,test_wallet_collectibles_tab_loading_time[fresh_user],test_wallet_collectibles_tab_ram_fresh,passed,783.486,828.176,809.987,5,"783.486,791.025,823.119,824.129,828.176"
,5f66de,2026-07-20T13:06:04,,test_wallet_collectibles_tab_first_open_loading_time[wallet_load_user],test_wallet_collectibles_tab_first_open_ram_wallet_load,passed,948.091,948.091,948.091,1,948.091
,5f66de,2026-07-20T13:06:04,,test_wallet_collectibles_tab_loading_time[wallet_load_user],test_wallet_collectibles_tab_ram_wallet_load,passed,959.43,1094.346,1001.411,5,"959.43,966.768,968.783,1017.729,1094.346"
,5f66de,2026-07-20T13:06:04,,test_wallet_account_open_loading_time[wallet_load_user],test_wallet_account_first_open_ram_wallet_load,passed,946.865,946.865,946.865,1,946.865
,5f66de,2026-07-20T13:06:04,,test_wallet_collectibles_tab_first_open_loading_time[wallet_load_alex_user],test_wallet_collectibles_tab_first_open_ram_wallet_load_alex,passed,1043.406,1043.406,1043.406,1,1043.406
,5f66de,2026-07-20T13:06:04,,test_wallet_collectibles_tab_loading_time[wallet_load_alex_user],test_wallet_collectibles_tab_ram_wallet_load_alex,passed,1043.705,1119.26,1073.748,5,"1043.705,1045.619,1053.373,1106.783,1119.26"
,5f66de,2026-07-20T13:06:04,,test_wallet_assets_tab_loading_time[wallet_load_alex_user],test_wallet_assets_tab_ram_wallet_load_alex,passed,1158.802,1267.117,1221.508,5,"1247.519,1261.993,1267.117,1158.802,1172.109"
,5f66de,2026-07-20T13:06:04,,test_wallet_swap_first_open_loading_time[wallet_load_alex_user],test_wallet_swap_first_open_ram_wallet_load_alex,passed,840.652,840.652,840.652,1,840.652
,5f66de,2026-07-20T13:06:04,,test_wallet_swap_loading_time[wallet_load_alex_user],test_wallet_swap_ram_wallet_load_alex,passed,882.789,1118.084,1027.814,5,"882.789,996.859,1043.732,1097.605,1118.084"
,5f66de,2026-07-20T13:06:04,,test_wallet_send_first_open_loading_time[wallet_load_user],test_wallet_send_first_open_ram_wallet_load,passed,980.348,980.348,980.348,1,980.348
,5f66de,2026-07-20T13:06:04,,test_wallet_send_loading_time[wallet_load_user],test_wallet_send_ram_wallet_load,passed,988.48,1103.922,1040.688,5,"988.48,1013.77,1103.922,1059.207,1038.061"
,5f66de,2026-07-20T13:06:04,,test_wallet_first_open_loading_time[wallet_load_alex_user],test_wallet_first_open_ram_wallet_load_alex,passed,797.59,797.59,797.59,1,797.59
,5f66de,2026-07-20T13:06:04,,test_wallet_activity_tab_first_open_loading_time[wallet_load_alex_user],test_wallet_activity_tab_first_open_ram_wallet_load_alex,passed,1027.918,1027.918,1027.918,1,1027.918
,5f66de,2026-07-20T13:06:04,,test_wallet_activity_tab_loading_time[wallet_load_alex_user],test_wallet_activity_tab_ram_wallet_load_alex,passed,1017.445,1151.865,1059.885,5,"1017.445,1028.109,1037.234,1064.77,1151.865"
,5f66de,2026-07-20T13:06:04,,test_wallet_add_account_first_open_loading_time[fresh_user],test_wallet_add_account_first_open_ram_fresh,passed,759.881,759.881,759.881,1,759.881
,5f66de,2026-07-20T13:06:04,,test_wallet_add_account_loading_time[fresh_user],test_wallet_add_account_ram_fresh,passed,760.49,807.707,783.924,5,"760.49,760.996,784.795,807.707,805.633"
,5f66de,2026-07-20T13:06:04,,test_wallet_account_open_loading_time[fresh_user],test_wallet_account_first_open_ram_fresh,passed,754.391,754.391,754.391,1,754.391
,5f66de,2026-07-20T13:06:04,,test_wallet_assets_tab_loading_time[fresh_user],test_wallet_assets_tab_ram_fresh,passed,825.004,828.738,827.277,5,"827.596,825.004,827.133,827.916,828.738"
,5f66de,2026-07-20T13:06:04,,test_wallet_repeat_open_loading_time[wallet_load_user],test_wallet_repeat_open_ram_wallet_load,passed,1095.473,1158.896,1142.781,5,"1095.473,1158.061,1144.031,1157.445,1158.896"
,384d3f0f3,2026-07-20T15:42:36,,test_wallet_receive_first_open_loading_time[wallet_load_alex_user],test_wallet_receive_first_open_ram_wallet_load_alex,passed,818.988,818.988,818.988,1,818.988
,384d3f0f3,2026-07-20T15:42:36,,test_wallet_receive_loading_time[wallet_load_alex_user],test_wallet_receive_ram_wallet_load_alex,passed,826.832,896.584,870.374,5,"826.832,884.67,888.932,896.584,854.852"
,384d3f0f3,2026-07-20T15:42:36,,test_wallet_repeat_open_loading_time[wallet_load_alex_user],test_wallet_repeat_open_ram_wallet_load_alex,passed,803.529,944.424,902.146,5,"803.529,922.256,944.424,926.67,913.852"
,384d3f0f3,2026-07-20T15:42:36,,test_wallet_repeat_open_loading_time[wallet_load_user],test_wallet_repeat_open_ram_wallet_load,passed,741.057,931.549,876.979,5,"741.057,889.457,897.912,924.918,931.549"
,384d3f0f3,2026-07-20T15:42:36,,test_wallet_activity_tab_first_open_loading_time[wallet_load_user],test_wallet_activity_tab_first_open_ram_wallet_load,passed,693.377,693.377,693.377,1,693.377
,384d3f0f3,2026-07-20T15:42:36,,test_wallet_activity_tab_loading_time[wallet_load_user],test_wallet_activity_tab_ram_wallet_load,passed,720.131,819.287,760.743,5,"720.131,725.703,765.59,773.004,819.287"
,384d3f0f3,2026-07-20T15:42:36,,test_wallet_receive_first_open_loading_time[fresh_user],test_wallet_receive_first_open_ram_fresh,passed,661.652,661.652,661.652,1,661.652
,384d3f0f3,2026-07-20T15:42:36,,test_wallet_receive_loading_time[fresh_user],test_wallet_receive_ram_fresh,passed,662.578,737.568,687.623,5,"662.578,662.648,687.547,687.775,737.568"
,384d3f0f3,2026-07-20T15:42:36,,test_wallet_activity_tab_first_open_loading_time[wallet_load_alex_user],test_wallet_activity_tab_first_open_ram_wallet_load_alex,passed,794.47,794.47,794.47,1,794.47
,384d3f0f3,2026-07-20T15:42:36,,test_wallet_activity_tab_loading_time[wallet_load_alex_user],test_wallet_activity_tab_ram_wallet_load_alex,passed,841.865,942.635,891.522,5,"841.865,845.027,889.316,942.635,938.768"
,384d3f0f3,2026-07-20T15:42:36,,test_wallet_account_open_loading_time[wallet_load_user],test_wallet_account_first_open_ram_wallet_load,passed,704.229,704.229,704.229,1,704.229
,384d3f0f3,2026-07-20T15:42:36,,test_wallet_receive_first_open_loading_time[wallet_load_user],test_wallet_receive_first_open_ram_wallet_load,passed,696.854,696.854,696.854,1,696.854
,384d3f0f3,2026-07-20T15:42:36,,test_wallet_receive_loading_time[wallet_load_user],test_wallet_receive_ram_wallet_load,passed,697.43,750.309,723.622,5,"697.43,719.793,723.062,750.309,727.518"
,384d3f0f3,2026-07-20T15:42:36,,test_wallet_add_account_first_open_loading_time[fresh_user],test_wallet_add_account_first_open_ram_fresh,passed,774.199,774.199,774.199,1,774.199
,384d3f0f3,2026-07-20T15:42:36,,test_wallet_add_account_loading_time[fresh_user],test_wallet_add_account_ram_fresh,passed,776.039,833.889,802.24,5,"776.039,794.045,833.889,828.117,779.109"
,384d3f0f3,2026-07-20T15:42:36,,test_wallet_send_first_open_loading_time[wallet_load_user],test_wallet_send_first_open_ram_wallet_load,passed,731.771,731.771,731.771,1,731.771
,384d3f0f3,2026-07-20T15:42:36,,test_wallet_send_loading_time[wallet_load_user],test_wallet_send_ram_wallet_load,passed,733.709,816.596,783.404,5,"733.709,783.402,816.596,796.508,786.805"
,384d3f0f3,2026-07-20T15:42:36,,test_wallet_first_open_loading_time[wallet_load_alex_user],test_wallet_first_open_ram_wallet_load_alex,passed,765.121,765.121,765.121,1,765.121
,384d3f0f3,2026-07-20T15:42:36,,test_wallet_add_account_first_open_loading_time[wallet_load_alex_user],test_wallet_add_account_first_open_ram_wallet_load_alex,passed,722.787,722.787,722.787,1,722.787
,384d3f0f3,2026-07-20T15:42:36,,test_wallet_add_account_loading_time[wallet_load_alex_user],test_wallet_add_account_ram_wallet_load_alex,passed,757.664,875.26,824.845,5,"757.664,767.348,869.738,875.26,854.213"
,384d3f0f3,2026-07-20T15:42:36,,test_wallet_swap_first_open_loading_time[fresh_user],test_wallet_swap_first_open_ram_fresh,passed,753.916,753.916,753.916,1,753.916
,384d3f0f3,2026-07-20T15:42:36,,test_wallet_swap_loading_time[fresh_user],test_wallet_swap_ram_fresh,passed,810.801,855.125,828.31,5,"811.504,810.801,842.689,855.125,821.432"
,384d3f0f3,2026-07-20T15:42:36,,test_wallet_swap_first_open_loading_time[wallet_load_alex_user],test_wallet_swap_first_open_ram_wallet_load_alex,passed,808.447,808.447,808.447,1,808.447
,384d3f0f3,2026-07-20T15:42:36,,test_wallet_swap_loading_time[wallet_load_alex_user],test_wallet_swap_ram_wallet_load_alex,passed,887.77,955.344,918.519,5,"887.77,892.564,955.344,921.754,935.166"
,384d3f0f3,2026-07-20T15:42:36,,test_wallet_first_open_loading_time[wallet_load_user],test_wallet_first_open_ram_wallet_load,passed,687.264,687.264,687.264,1,687.264
,384d3f0f3,2026-07-20T15:42:36,,test_wallet_collectibles_tab_first_open_loading_time[wallet_load_alex_user],test_wallet_collectibles_tab_first_open_ram_wallet_load_alex,passed,809.361,809.361,809.361,1,809.361
,384d3f0f3,2026-07-20T15:42:36,,test_wallet_collectibles_tab_loading_time[wallet_load_alex_user],test_wallet_collectibles_tab_ram_wallet_load_alex,passed,833.896,884.008,856.484,5,"833.896,858.535,884.008,847.277,858.703"
,384d3f0f3,2026-07-20T15:42:36,,test_wallet_assets_tab_loading_time[wallet_load_alex_user],test_wallet_assets_tab_ram_wallet_load_alex,passed,954.585,974.516,964.621,5,"974.516,954.585,963.212,963.59,967.202"
,384d3f0f3,2026-07-20T15:42:36,,test_wallet_repeat_open_loading_time[fresh_user],test_wallet_repeat_open_ram_fresh,passed,803.098,831.689,817.948,5,"812.588,822.15,803.098,831.689,820.213"
,384d3f0f3,2026-07-20T15:42:36,,test_wallet_assets_tab_loading_time[wallet_load_user],test_wallet_assets_tab_ram_wallet_load,passed,779.702,970.866,863.514,5,"779.702,786.648,810.38,970.866,969.972"
,384d3f0f3,2026-07-20T15:42:36,,test_wallet_first_open_loading_time[fresh_user],test_wallet_first_open_ram_fresh,passed,692.914,692.914,692.914,1,692.914
,384d3f0f3,2026-07-20T15:42:36,,test_wallet_send_first_open_loading_time[fresh_user],test_wallet_send_first_open_ram_fresh,passed,695.388,695.388,695.388,1,695.388
,384d3f0f3,2026-07-20T15:42:36,,test_wallet_send_loading_time[fresh_user],test_wallet_send_ram_fresh,passed,689.443,764.703,725.133,5,"689.443,692.795,718.512,764.703,760.213"
,384d3f0f3,2026-07-20T15:42:36,,test_wallet_add_account_first_open_loading_time[wallet_load_user],test_wallet_add_account_first_open_ram_wallet_load,passed,734.105,734.105,734.105,1,734.105
,384d3f0f3,2026-07-20T15:42:36,,test_wallet_add_account_loading_time[wallet_load_user],test_wallet_add_account_ram_wallet_load,passed,739.535,814.52,768.586,5,"739.535,743.818,771.357,773.701,814.52"
,384d3f0f3,2026-07-20T15:42:36,,test_wallet_activity_tab_first_open_loading_time[fresh_user],test_wallet_activity_tab_first_open_ram_fresh,passed,743.656,743.656,743.656,1,743.656
,384d3f0f3,2026-07-20T15:42:36,,test_wallet_activity_tab_loading_time[fresh_user],test_wallet_activity_tab_ram_fresh,passed,755.465,758.84,757.813,5,"755.465,757.559,758.551,758.652,758.84"
,384d3f0f3,2026-07-20T15:42:36,,test_wallet_assets_tab_loading_time[fresh_user],test_wallet_assets_tab_ram_fresh,passed,754.07,790.039,775.102,5,"785.23,789.922,790.039,754.07,756.25"
,384d3f0f3,2026-07-20T15:42:36,,test_status_community_first_open_loading_time[user_data0-user_account0],test_status_community_first_open_ram_member,passed,742.319,742.319,742.319,1,742.319
,384d3f0f3,2026-07-20T15:42:36,,test_wallet_collectibles_tab_first_open_loading_time[fresh_user],test_wallet_collectibles_tab_first_open_ram_fresh,passed,719.521,719.521,719.521,1,719.521
,384d3f0f3,2026-07-20T15:42:36,,test_wallet_collectibles_tab_loading_time[fresh_user],test_wallet_collectibles_tab_ram_fresh,passed,731.818,762.145,744.132,5,"733.555,731.818,741.832,751.309,762.145"
,384d3f0f3,2026-07-20T15:42:36,,test_wallet_account_open_loading_time[wallet_load_alex_user],test_wallet_account_first_open_ram_wallet_load_alex,passed,723.713,723.713,723.713,1,723.713
,384d3f0f3,2026-07-20T15:42:36,,test_wallet_collectibles_tab_first_open_loading_time[wallet_load_user],test_wallet_collectibles_tab_first_open_ram_wallet_load,passed,705.912,705.912,705.912,1,705.912
,384d3f0f3,2026-07-20T15:42:36,,test_wallet_collectibles_tab_loading_time[wallet_load_user],test_wallet_collectibles_tab_ram_wallet_load,passed,731.857,821.656,772.925,5,"734.957,731.857,787.529,788.623,821.656"
,384d3f0f3,2026-07-20T15:42:36,,test_status_community_second_open_loading_time[user_data0-user_account0],test_status_community_second_open_ram_member,passed,828.238,912.785,860.334,5,"828.238,838.956,852.914,868.777,912.785"
,384d3f0f3,2026-07-20T15:42:36,,test_wallet_account_open_loading_time[fresh_user],test_wallet_account_first_open_ram_fresh,passed,701.344,701.344,701.344,1,701.344
,384d3f0f3,2026-07-20T15:42:36,,test_wallet_swap_first_open_loading_time[wallet_load_user],test_wallet_swap_first_open_ram_wallet_load,passed,720.982,720.982,720.982,1,720.982
,384d3f0f3,2026-07-20T15:42:36,,test_wallet_swap_loading_time[wallet_load_user],test_wallet_swap_ram_wallet_load,passed,724.699,794.168,769.699,5,"724.699,764.57,794.168,772.924,792.133"
,384d3f0f3,2026-07-20T15:42:36,,test_wallet_send_first_open_loading_time[wallet_load_alex_user],test_wallet_send_first_open_ram_wallet_load_alex,passed,812.717,812.717,812.717,1,812.717
,384d3f0f3,2026-07-20T15:42:36,,test_wallet_send_loading_time[wallet_load_alex_user],test_wallet_send_ram_wallet_load_alex,passed,817.424,899.064,855.947,5,"817.424,853.174,847.576,899.064,862.5"
,f71e0573d,2026-07-21T11:20:30,,test_wallet_swap_first_open_loading_time[wallet_load_user],test_wallet_swap_first_open_ram_wallet_load,passed,734.069,734.069,734.069,1,734.069
,f71e0573d,2026-07-21T11:20:30,,test_wallet_swap_loading_time[wallet_load_user],test_wallet_swap_ram_wallet_load,passed,747.309,859.57,795.743,5,"747.309,778.395,795.045,859.57,798.396"
,f71e0573d,2026-07-21T11:20:30,,test_wallet_send_first_open_loading_time[wallet_load_alex_user],test_wallet_send_first_open_ram_wallet_load_alex,passed,800.576,800.576,800.576,1,800.576
,f71e0573d,2026-07-21T11:20:30,,test_wallet_send_loading_time[wallet_load_alex_user],test_wallet_send_ram_wallet_load_alex,passed,831.123,915.82,861.846,5,"831.123,865.688,845.111,851.49,915.82"
,f71e0573d,2026-07-21T11:20:30,,test_status_community_second_open_loading_time[user_data0-user_account0],test_status_community_second_open_ram_member,passed,791.421,879.258,840.562,5,"791.421,830.888,840.069,861.172,879.258"
,f71e0573d,2026-07-21T11:20:30,,test_wallet_account_open_loading_time[wallet_load_user],test_wallet_account_first_open_ram_wallet_load,passed,712.32,712.32,712.32,1,712.32
,f71e0573d,2026-07-21T11:20:30,,test_wallet_account_open_loading_time[fresh_user],test_wallet_account_first_open_ram_fresh,passed,753.688,753.688,753.688,1,753.688
,f71e0573d,2026-07-21T11:20:30,,test_wallet_swap_first_open_loading_time[wallet_load_alex_user],test_wallet_swap_first_open_ram_wallet_load_alex,passed,827.814,827.814,827.814,1,827.814
,f71e0573d,2026-07-21T11:20:30,,test_wallet_swap_loading_time[wallet_load_alex_user],test_wallet_swap_ram_wallet_load_alex,passed,821.686,939.703,874.93,5,"821.686,864.121,864.986,884.154,939.703"
,f71e0573d,2026-07-21T11:20:30,,test_wallet_repeat_open_loading_time[wallet_load_user],test_wallet_repeat_open_ram_wallet_load,passed,742.09,894.559,849.914,5,"742.09,890.799,894.559,877.375,844.75"
,f71e0573d,2026-07-21T11:20:30,,test_wallet_add_account_first_open_loading_time[fresh_user],test_wallet_add_account_first_open_ram_fresh,passed,783.207,783.207,783.207,1,783.207
,f71e0573d,2026-07-21T11:20:30,,test_wallet_add_account_loading_time[fresh_user],test_wallet_add_account_ram_fresh,passed,761.959,797.549,782.103,5,"784.432,784.562,782.012,797.549,761.959"
,f71e0573d,2026-07-21T11:20:30,,test_wallet_receive_first_open_loading_time[fresh_user],test_wallet_receive_first_open_ram_fresh,passed,739.128,739.128,739.128,1,739.128
,f71e0573d,2026-07-21T11:20:30,,test_wallet_receive_loading_time[fresh_user],test_wallet_receive_ram_fresh,passed,738.09,815.629,783.845,5,"738.09,773.0,815.629,799.422,793.082"
,f71e0573d,2026-07-21T11:20:30,,test_wallet_collectibles_tab_first_open_loading_time[wallet_load_alex_user],test_wallet_collectibles_tab_first_open_ram_wallet_load_alex,passed,796.574,796.574,796.574,1,796.574
,f71e0573d,2026-07-21T11:20:30,,test_wallet_collectibles_tab_loading_time[wallet_load_alex_user],test_wallet_collectibles_tab_ram_wallet_load_alex,passed,825.305,929.711,876.672,5,"825.305,843.881,861.803,922.66,929.711"
,f71e0573d,2026-07-21T11:20:30,,test_wallet_swap_first_open_loading_time[fresh_user],test_wallet_swap_first_open_ram_fresh,passed,754.352,754.352,754.352,1,754.352
,f71e0573d,2026-07-21T11:20:30,,test_wallet_swap_loading_time[fresh_user],test_wallet_swap_ram_fresh,passed,768.475,804.004,785.373,5,"768.475,777.564,775.467,801.355,804.004"
,f71e0573d,2026-07-21T11:20:30,,test_wallet_activity_tab_first_open_loading_time[wallet_load_user],test_wallet_activity_tab_first_open_ram_wallet_load,passed,753.691,753.691,753.691,1,753.691
,f71e0573d,2026-07-21T11:20:30,,test_wallet_activity_tab_loading_time[wallet_load_user],test_wallet_activity_tab_ram_wallet_load,passed,759.711,844.812,798.693,5,"759.711,769.654,798.258,821.031,844.812"
,f71e0573d,2026-07-21T11:20:30,,test_status_community_first_open_loading_time[user_data0-user_account0],test_status_community_first_open_ram_member,passed,782.723,782.723,782.723,1,782.723
,f71e0573d,2026-07-21T11:20:30,,test_wallet_send_first_open_loading_time[wallet_load_user],test_wallet_send_first_open_ram_wallet_load,passed,710.67,710.67,710.67,1,710.67
,f71e0573d,2026-07-21T11:20:30,,test_wallet_send_loading_time[wallet_load_user],test_wallet_send_ram_wallet_load,passed,723.789,816.848,773.617,5,"723.789,745.418,773.211,808.82,816.848"
,f71e0573d,2026-07-21T11:20:30,,test_wallet_receive_first_open_loading_time[wallet_load_user],test_wallet_receive_first_open_ram_wallet_load,passed,812.662,812.662,812.662,1,812.662
,f71e0573d,2026-07-21T11:20:30,,test_wallet_receive_loading_time[wallet_load_user],test_wallet_receive_ram_wallet_load,passed,781.797,813.994,802.483,5,"813.557,809.891,793.178,813.994,781.797"
,f71e0573d,2026-07-21T11:20:30,,test_wallet_assets_tab_loading_time[wallet_load_user],test_wallet_assets_tab_ram_wallet_load,passed,713.439,828.191,755.971,5,"713.439,727.166,737.502,773.559,828.191"
,f71e0573d,2026-07-21T11:20:30,,test_wallet_collectibles_tab_first_open_loading_time[wallet_load_user],test_wallet_collectibles_tab_first_open_ram_wallet_load,passed,717.311,717.311,717.311,1,717.311
,f71e0573d,2026-07-21T11:20:30,,test_wallet_collectibles_tab_loading_time[wallet_load_user],test_wallet_collectibles_tab_ram_wallet_load,passed,734.176,827.549,771.721,5,"744.225,734.176,774.104,778.555,827.549"
,f71e0573d,2026-07-21T11:20:30,,test_wallet_send_first_open_loading_time[fresh_user],test_wallet_send_first_open_ram_fresh,passed,712.655,712.655,712.655,1,712.655
,f71e0573d,2026-07-21T11:20:30,,test_wallet_send_loading_time[fresh_user],test_wallet_send_ram_fresh,passed,690.215,727.537,704.322,5,"713.65,727.537,690.215,698.117,692.092"
,f71e0573d,2026-07-21T11:20:30,,test_wallet_account_open_loading_time[wallet_load_alex_user],test_wallet_account_first_open_ram_wallet_load_alex,passed,800.33,800.33,800.33,1,800.33
,f71e0573d,2026-07-21T11:20:30,,test_wallet_first_open_loading_time[wallet_load_alex_user],test_wallet_first_open_ram_wallet_load_alex,passed,729.697,729.697,729.697,1,729.697
,f71e0573d,2026-07-21T11:20:30,,test_wallet_add_account_first_open_loading_time[wallet_load_alex_user],test_wallet_add_account_first_open_ram_wallet_load_alex,passed,776.744,776.744,776.744,1,776.744
,f71e0573d,2026-07-21T11:20:30,,test_wallet_add_account_loading_time[wallet_load_alex_user],test_wallet_add_account_ram_wallet_load_alex,passed,861.889,898.047,873.522,5,"866.859,872.898,898.047,861.889,867.916"
,f71e0573d,2026-07-21T11:20:30,,test_wallet_first_open_loading_time[wallet_load_user],test_wallet_first_open_ram_wallet_load,passed,687.297,687.297,687.297,1,687.297
,f71e0573d,2026-07-21T11:20:30,,test_wallet_assets_tab_loading_time[wallet_load_alex_user],test_wallet_assets_tab_ram_wallet_load_alex,passed,848.074,877.178,861.757,5,"848.074,850.197,877.178,867.705,865.633"
,f71e0573d,2026-07-21T11:20:30,,test_wallet_receive_first_open_loading_time[wallet_load_alex_user],test_wallet_receive_first_open_ram_wallet_load_alex,passed,790.125,790.125,790.125,1,790.125
,f71e0573d,2026-07-21T11:20:30,,test_wallet_receive_loading_time[wallet_load_alex_user],test_wallet_receive_ram_wallet_load_alex,passed,802.451,870.248,846.658,5,"802.451,842.891,863.174,870.248,854.527"
,f71e0573d,2026-07-21T11:20:30,,test_wallet_repeat_open_loading_time[fresh_user],test_wallet_repeat_open_ram_fresh,passed,782.73,879.416,814.036,5,"782.73,879.416,795.715,804.906,807.412"
,f71e0573d,2026-07-21T11:20:30,,test_wallet_collectibles_tab_first_open_loading_time[fresh_user],test_wallet_collectibles_tab_first_open_ram_fresh,passed,757.359,757.359,757.359,1,757.359
,f71e0573d,2026-07-21T11:20:30,,test_wallet_collectibles_tab_loading_time[fresh_user],test_wallet_collectibles_tab_ram_fresh,passed,765.873,837.953,784.825,5,"765.873,768.062,771.617,780.621,837.953"
,f71e0573d,2026-07-21T11:20:30,,test_wallet_repeat_open_loading_time[wallet_load_alex_user],test_wallet_repeat_open_ram_wallet_load_alex,passed,871.938,938.273,901.438,5,"871.938,882.482,885.973,938.273,928.521"
,f71e0573d,2026-07-21T11:20:30,,test_wallet_first_open_loading_time[fresh_user],test_wallet_first_open_ram_fresh,passed,743.682,743.682,743.682,1,743.682
,f71e0573d,2026-07-21T11:20:30,,test_wallet_add_account_first_open_loading_time[wallet_load_user],test_wallet_add_account_first_open_ram_wallet_load,passed,720.232,720.232,720.232,1,720.232
,f71e0573d,2026-07-21T11:20:30,,test_wallet_add_account_loading_time[wallet_load_user],test_wallet_add_account_ram_wallet_load,passed,723.607,793.084,752.537,5,"723.607,725.652,756.898,763.443,793.084"
,f71e0573d,2026-07-21T11:20:30,,test_wallet_assets_tab_loading_time[fresh_user],test_wallet_assets_tab_ram_fresh,passed,791.549,842.77,807.77,5,"791.549,796.812,798.549,809.168,842.77"
,f71e0573d,2026-07-21T11:20:30,,test_wallet_activity_tab_first_open_loading_time[wallet_load_alex_user],test_wallet_activity_tab_first_open_ram_wallet_load_alex,passed,852.041,852.041,852.041,1,852.041
,f71e0573d,2026-07-21T11:20:30,,test_wallet_activity_tab_loading_time[wallet_load_alex_user],test_wallet_activity_tab_ram_wallet_load_alex,passed,857.48,951.479,906.669,5,"857.48,891.441,899.199,951.479,933.746"
,f71e0573d,2026-07-21T11:20:30,,test_wallet_activity_tab_first_open_loading_time[fresh_user],test_wallet_activity_tab_first_open_ram_fresh,passed,674.168,674.168,674.168,1,674.168
,f71e0573d,2026-07-21T11:20:30,,test_wallet_activity_tab_loading_time[fresh_user],test_wallet_activity_tab_ram_fresh,passed,675.301,682.047,678.754,5,"675.301,677.98,679.168,679.273,682.047"
,abe104848,2026-07-22T05:24:46,,test_wallet_receive_first_open_loading_time[wallet_load_user],test_wallet_receive_first_open_ram_wallet_load,passed,712.953,712.953,712.953,1,712.953
,abe104848,2026-07-22T05:24:46,,test_wallet_receive_loading_time[wallet_load_user],test_wallet_receive_ram_wallet_load,passed,713.438,807.637,761.946,5,"713.438,733.053,752.762,802.844,807.637"
,abe104848,2026-07-22T05:24:46,,test_wallet_account_open_loading_time[wallet_load_user],test_wallet_account_first_open_ram_wallet_load,passed,714.131,714.131,714.131,1,714.131
,abe104848,2026-07-22T05:24:46,,test_wallet_send_first_open_loading_time[wallet_load_alex_user],test_wallet_send_first_open_ram_wallet_load_alex,passed,795.525,795.525,795.525,1,795.525
,abe104848,2026-07-22T05:24:46,,test_wallet_send_loading_time[wallet_load_alex_user],test_wallet_send_ram_wallet_load_alex,passed,862.742,951.967,896.128,5,"862.742,868.03,887.473,951.967,910.428"
,abe104848,2026-07-22T05:24:46,,test_wallet_assets_tab_loading_time[fresh_user],test_wallet_assets_tab_ram_fresh,passed,698.984,799.045,738.192,5,"698.984,715.373,708.094,769.465,799.045"
,abe104848,2026-07-22T05:24:46,,test_wallet_collectibles_tab_first_open_loading_time[fresh_user],test_wallet_collectibles_tab_first_open_ram_fresh,passed,692.248,692.248,692.248,1,692.248
,abe104848,2026-07-22T05:24:46,,test_wallet_collectibles_tab_loading_time[fresh_user],test_wallet_collectibles_tab_ram_fresh,passed,707.041,784.508,737.093,5,"707.041,712.09,725.062,756.766,784.508"
,abe104848,2026-07-22T05:24:46,,test_status_community_second_open_loading_time[user_data0-user_account0],test_status_community_second_open_ram_member,passed,1063.405,1196.833,1143.453,5,"1063.405,1101.809,1174.783,1196.833,1180.435"
,abe104848,2026-07-22T05:24:46,,test_wallet_send_first_open_loading_time[fresh_user],test_wallet_send_first_open_ram_fresh,passed,698.363,698.363,698.363,1,698.363
,abe104848,2026-07-22T05:24:46,,test_wallet_send_loading_time[fresh_user],test_wallet_send_ram_fresh,passed,698.994,757.52,719.823,5,"713.525,716.348,757.52,712.729,698.994"
,abe104848,2026-07-22T05:24:46,,test_wallet_account_open_loading_time[wallet_load_alex_user],test_wallet_account_first_open_ram_wallet_load_alex,passed,861.459,861.459,861.459,1,861.459
,abe104848,2026-07-22T05:24:46,,test_wallet_repeat_open_loading_time[fresh_user],test_wallet_repeat_open_ram_fresh,passed,716.789,837.172,792.046,5,"716.789,823.854,791.049,791.367,837.172"
,abe104848,2026-07-22T05:24:46,,test_wallet_swap_first_open_loading_time[wallet_load_user],test_wallet_swap_first_open_ram_wallet_load,passed,750.895,750.895,750.895,1,750.895
,abe104848,2026-07-22T05:24:46,,test_wallet_swap_loading_time[wallet_load_user],test_wallet_swap_ram_wallet_load,passed,761.018,857.373,819.836,5,"761.018,797.145,857.373,846.416,837.23"
,abe104848,2026-07-22T05:24:46,,test_wallet_first_open_loading_time[wallet_load_alex_user],test_wallet_first_open_ram_wallet_load_alex,passed,806.422,806.422,806.422,1,806.422
,abe104848,2026-07-22T05:24:46,,test_wallet_assets_tab_loading_time[wallet_load_alex_user],test_wallet_assets_tab_ram_wallet_load_alex,passed,794.033,846.041,821.29,5,"823.236,794.033,799.756,846.041,843.385"
,abe104848,2026-07-22T05:24:46,,test_wallet_repeat_open_loading_time[wallet_load_alex_user],test_wallet_repeat_open_ram_wallet_load_alex,passed,885.055,956.029,917.91,5,"885.055,943.484,904.061,900.92,956.029"
,abe104848,2026-07-22T05:24:46,,test_wallet_account_open_loading_time[fresh_user],test_wallet_account_first_open_ram_fresh,passed,753.359,753.359,753.359,1,753.359
,abe104848,2026-07-22T05:24:46,,test_wallet_activity_tab_first_open_loading_time[fresh_user],test_wallet_activity_tab_first_open_ram_fresh,passed,687.762,687.762,687.762,1,687.762
,abe104848,2026-07-22T05:24:46,,test_wallet_activity_tab_loading_time[fresh_user],test_wallet_activity_tab_ram_fresh,passed,688.02,728.715,696.687,5,"688.02,688.09,689.285,689.324,728.715"
,abe104848,2026-07-22T05:24:46,,test_wallet_first_open_loading_time[fresh_user],test_wallet_first_open_ram_fresh,passed,756.381,756.381,756.381,1,756.381
,abe104848,2026-07-22T05:24:46,,test_wallet_receive_first_open_loading_time[wallet_load_alex_user],test_wallet_receive_first_open_ram_wallet_load_alex,passed,848.189,848.189,848.189,1,848.189
,abe104848,2026-07-22T05:24:46,,test_wallet_receive_loading_time[wallet_load_alex_user],test_wallet_receive_ram_wallet_load_alex,passed,854.779,888.707,873.698,5,"857.783,854.779,888.707,878.646,888.576"
,abe104848,2026-07-22T05:24:46,,test_wallet_swap_first_open_loading_time[fresh_user],test_wallet_swap_first_open_ram_fresh,passed,844.627,844.627,844.627,1,844.627
,abe104848,2026-07-22T05:24:46,,test_wallet_swap_loading_time[fresh_user],test_wallet_swap_ram_fresh,passed,787.27,816.781,802.507,5,"804.643,816.781,801.164,802.68,787.27"
,abe104848,2026-07-22T05:24:46,,test_wallet_activity_tab_first_open_loading_time[wallet_load_user],test_wallet_activity_tab_first_open_ram_wallet_load,passed,705.006,705.006,705.006,1,705.006
,abe104848,2026-07-22T05:24:46,,test_wallet_activity_tab_loading_time[wallet_load_user],test_wallet_activity_tab_ram_wallet_load,passed,729.641,807.676,770.685,5,"729.641,733.936,781.682,800.49,807.676"
,abe104848,2026-07-22T05:24:46,,test_wallet_add_account_first_open_loading_time[fresh_user],test_wallet_add_account_first_open_ram_fresh,passed,769.937,769.937,769.937,1,769.937
,abe104848,2026-07-22T05:24:46,,test_wallet_add_account_loading_time[fresh_user],test_wallet_add_account_ram_fresh,passed,772.557,844.619,797.189,5,"772.557,773.104,796.051,799.613,844.619"
,abe104848,2026-07-22T05:24:46,,test_wallet_add_account_first_open_loading_time[wallet_load_alex_user],test_wallet_add_account_first_open_ram_wallet_load_alex,passed,879.697,879.697,879.697,1,879.697
,abe104848,2026-07-22T05:24:46,,test_wallet_add_account_loading_time[wallet_load_alex_user],test_wallet_add_account_ram_wallet_load_alex,passed,862.037,929.18,890.959,5,"882.109,898.871,862.037,882.596,929.18"
,abe104848,2026-07-22T05:24:46,,test_wallet_swap_first_open_loading_time[wallet_load_alex_user],test_wallet_swap_first_open_ram_wallet_load_alex,passed,811.095,811.095,811.095,1,811.095
,abe104848,2026-07-22T05:24:46,,test_wallet_swap_loading_time[wallet_load_alex_user],test_wallet_swap_ram_wallet_load_alex,passed,823.922,896.188,872.362,5,"823.922,875.225,877.844,896.188,888.631"
,abe104848,2026-07-22T05:24:46,,test_wallet_collectibles_tab_first_open_loading_time[wallet_load_user],test_wallet_collectibles_tab_first_open_ram_wallet_load,passed,740.631,740.631,740.631,1,740.631
,abe104848,2026-07-22T05:24:46,,test_wallet_collectibles_tab_loading_time[wallet_load_user],test_wallet_collectibles_tab_ram_wallet_load,passed,778.455,861.375,812.414,5,"778.455,792.607,807.115,861.375,822.516"
,abe104848,2026-07-22T05:24:46,,test_wallet_first_open_loading_time[wallet_load_user],test_wallet_first_open_ram_wallet_load,passed,703.622,703.622,703.622,1,703.622
,abe104848,2026-07-22T05:24:46,,test_wallet_receive_first_open_loading_time[fresh_user],test_wallet_receive_first_open_ram_fresh,passed,808.564,808.564,808.564,1,808.564
,abe104848,2026-07-22T05:24:46,,test_wallet_receive_loading_time[fresh_user],test_wallet_receive_ram_fresh,passed,756.355,785.34,773.873,5,"785.244,785.34,759.248,756.355,783.178"
,abe104848,2026-07-22T05:24:46,,test_wallet_add_account_first_open_loading_time[wallet_load_user],test_wallet_add_account_first_open_ram_wallet_load,passed,785.453,785.453,785.453,1,785.453
,abe104848,2026-07-22T05:24:46,,test_wallet_add_account_loading_time[wallet_load_user],test_wallet_add_account_ram_wallet_load,passed,788.75,859.891,809.018,5,"788.75,790.629,803.654,802.164,859.891"
,abe104848,2026-07-22T05:24:46,,test_wallet_activity_tab_first_open_loading_time[wallet_load_alex_user],test_wallet_activity_tab_first_open_ram_wallet_load_alex,passed,753.365,753.365,753.365,1,753.365
,abe104848,2026-07-22T05:24:46,,test_wallet_activity_tab_loading_time[wallet_load_alex_user],test_wallet_activity_tab_ram_wallet_load_alex,passed,765.131,926.223,867.864,5,"765.131,866.213,896.324,885.428,926.223"
,abe104848,2026-07-22T05:24:46,,test_wallet_assets_tab_loading_time[wallet_load_user],test_wallet_assets_tab_ram_wallet_load,passed,756.787,795.854,777.591,5,"756.787,770.824,769.414,795.854,795.076"
,abe104848,2026-07-22T05:24:46,,test_wallet_collectibles_tab_first_open_loading_time[wallet_load_alex_user],test_wallet_collectibles_tab_first_open_ram_wallet_load_alex,passed,817.908,817.908,817.908,1,817.908
,abe104848,2026-07-22T05:24:46,,test_wallet_collectibles_tab_loading_time[wallet_load_alex_user],test_wallet_collectibles_tab_ram_wallet_load_alex,passed,845.953,934.643,904.13,5,"845.953,919.184,912.783,908.088,934.643"
,abe104848,2026-07-22T05:24:46,,test_wallet_send_first_open_loading_time[wallet_load_user],test_wallet_send_first_open_ram_wallet_load,passed,759.625,759.625,759.625,1,759.625
,abe104848,2026-07-22T05:24:46,,test_wallet_send_loading_time[wallet_load_user],test_wallet_send_ram_wallet_load,passed,773.371,842.125,806.862,5,"773.371,794.57,842.125,807.113,817.133"
,abe104848,2026-07-22T05:24:46,,test_status_community_first_open_loading_time[user_data0-user_account0],test_status_community_first_open_ram_member,passed,752.032,752.032,752.032,1,752.032
,abe104848,2026-07-22T05:24:46,,test_wallet_repeat_open_loading_time[wallet_load_user],test_wallet_repeat_open_ram_wallet_load,passed,748.633,930.131,880.049,5,"748.633,883.145,928.43,930.131,909.908"
,17d8a8d95,2026-07-22T10:26:37,,test_wallet_repeat_open_loading_time[wallet_load_alex_user],test_wallet_repeat_open_ram_wallet_load_alex,passed,809.402,957.041,921.963,5,"809.402,950.602,948.125,957.041,944.645"
,17d8a8d95,2026-07-22T10:26:37,,test_wallet_swap_first_open_loading_time[wallet_load_alex_user],test_wallet_swap_first_open_ram_wallet_load_alex,passed,756.865,756.865,756.865,1,756.865
,17d8a8d95,2026-07-22T10:26:37,,test_wallet_swap_loading_time[wallet_load_alex_user],test_wallet_swap_ram_wallet_load_alex,passed,796.764,898.254,857.664,5,"796.764,898.254,874.629,843.895,874.777"
,17d8a8d95,2026-07-22T10:26:37,,test_wallet_send_first_open_loading_time[fresh_user],test_wallet_send_first_open_ram_fresh,passed,788.57,788.57,788.57,1,788.57
,17d8a8d95,2026-07-22T10:26:37,,test_wallet_send_loading_time[fresh_user],test_wallet_send_ram_fresh,passed,767.893,843.299,799.489,5,"794.449,819.617,843.299,772.186,767.893"
,17d8a8d95,2026-07-22T10:26:37,,test_wallet_assets_tab_loading_time[fresh_user],test_wallet_assets_tab_ram_fresh,passed,764.799,829.412,783.027,5,"764.799,775.291,771.973,773.662,829.412"
,17d8a8d95,2026-07-22T10:26:37,,test_wallet_account_open_loading_time[wallet_load_alex_user],test_wallet_account_first_open_ram_wallet_load_alex,passed,737.023,737.023,737.023,1,737.023
,17d8a8d95,2026-07-22T10:26:37,,test_wallet_add_account_first_open_loading_time[wallet_load_user],test_wallet_add_account_first_open_ram_wallet_load,passed,699.572,699.572,699.572,1,699.572
,17d8a8d95,2026-07-22T10:26:37,,test_wallet_add_account_loading_time[wallet_load_user],test_wallet_add_account_ram_wallet_load,passed,707.477,812.402,745.761,5,"707.477,711.197,747.572,750.154,812.402"
,17d8a8d95,2026-07-22T10:26:37,,test_wallet_receive_first_open_loading_time[wallet_load_alex_user],test_wallet_receive_first_open_ram_wallet_load_alex,passed,735.6,735.6,735.6,1,735.6
,17d8a8d95,2026-07-22T10:26:37,,test_wallet_receive_loading_time[wallet_load_alex_user],test_wallet_receive_ram_wallet_load_alex,passed,736.547,827.125,780.035,5,"736.547,768.98,776.951,827.125,790.57"
,17d8a8d95,2026-07-22T10:26:37,,test_wallet_assets_tab_loading_time[wallet_load_user],test_wallet_assets_tab_ram_wallet_load,passed,817.349,1193.478,1060.369,5,"817.349,1063.07,1178.426,1049.522,1193.478"
,17d8a8d95,2026-07-22T10:26:37,,test_wallet_first_open_loading_time[fresh_user],test_wallet_first_open_ram_fresh,passed,672.789,672.789,672.789,1,672.789
,17d8a8d95,2026-07-22T10:26:37,,test_wallet_receive_first_open_loading_time[fresh_user],test_wallet_receive_first_open_ram_fresh,passed,772.621,772.621,772.621,1,772.621
,17d8a8d95,2026-07-22T10:26:37,,test_wallet_receive_loading_time[fresh_user],test_wallet_receive_ram_fresh,passed,774.777,818.764,795.099,5,"800.188,803.922,777.844,774.777,818.764"
,17d8a8d95,2026-07-22T10:26:37,,test_wallet_assets_tab_loading_time[wallet_load_alex_user],test_wallet_assets_tab_ram_wallet_load_alex,passed,1021.019,1418.59,1267.81,5,"1021.019,1177.312,1359.18,1362.951,1418.59"
,17d8a8d95,2026-07-22T10:26:37,,test_wallet_receive_first_open_loading_time[wallet_load_user],test_wallet_receive_first_open_ram_wallet_load,passed,752.109,752.109,752.109,1,752.109
,17d8a8d95,2026-07-22T10:26:37,,test_wallet_receive_loading_time[wallet_load_user],test_wallet_receive_ram_wallet_load,passed,752.945,801.586,763.999,5,"754.76,756.828,752.945,753.875,801.586"
,17d8a8d95,2026-07-22T10:26:37,,test_wallet_account_open_loading_time[fresh_user],test_wallet_account_first_open_ram_fresh,passed,795.055,795.055,795.055,1,795.055
,17d8a8d95,2026-07-22T10:26:37,,test_wallet_add_account_first_open_loading_time[wallet_load_alex_user],test_wallet_add_account_first_open_ram_wallet_load_alex,passed,719.246,719.246,719.246,1,719.246
,17d8a8d95,2026-07-22T10:26:37,,test_wallet_add_account_loading_time[wallet_load_alex_user],test_wallet_add_account_ram_wallet_load_alex,passed,719.506,829.203,764.545,5,"719.506,722.051,774.146,829.203,777.82"
,17d8a8d95,2026-07-22T10:26:37,,test_wallet_collectibles_tab_first_open_loading_time[wallet_load_alex_user],test_wallet_collectibles_tab_first_open_ram_wallet_load_alex,passed,2803.571,2803.571,2803.571,1,2803.571
,17d8a8d95,2026-07-22T10:26:37,,test_wallet_collectibles_tab_loading_time[wallet_load_alex_user],test_wallet_collectibles_tab_ram_wallet_load_alex,passed,1197.173,1981.423,1707.922,5,"1570.975,1197.173,1981.423,1846.974,1943.064"
,17d8a8d95,2026-07-22T10:26:37,,test_wallet_add_account_first_open_loading_time[fresh_user],test_wallet_add_account_first_open_ram_fresh,passed,664.066,664.066,664.066,1,664.066
,17d8a8d95,2026-07-22T10:26:37,,test_wallet_add_account_loading_time[fresh_user],test_wallet_add_account_ram_fresh,passed,666.346,756.444,705.469,5,"666.346,702.535,707.869,694.152,756.444"
,17d8a8d95,2026-07-22T10:26:37,,test_wallet_collectibles_tab_first_open_loading_time[wallet_load_user],test_wallet_collectibles_tab_first_open_ram_wallet_load,passed,1420.219,1420.219,1420.219,1,1420.219
,17d8a8d95,2026-07-22T10:26:37,,test_wallet_collectibles_tab_loading_time[wallet_load_user],test_wallet_collectibles_tab_ram_wallet_load,passed,1084.241,1220.66,1154.312,5,"1084.241,1180.452,1111.577,1174.63,1220.66"
,17d8a8d95,2026-07-22T10:26:37,,test_wallet_swap_first_open_loading_time[fresh_user],test_wallet_swap_first_open_ram_fresh,passed,828.086,828.086,828.086,1,828.086
,17d8a8d95,2026-07-22T10:26:37,,test_wallet_swap_loading_time[fresh_user],test_wallet_swap_ram_fresh,passed,806.363,899.232,848.671,5,"842.275,848.891,899.232,846.592,806.363"
,17d8a8d95,2026-07-22T10:26:37,,test_wallet_first_open_loading_time[wallet_load_user],test_wallet_first_open_ram_wallet_load,passed,700.737,700.737,700.737,1,700.737
,17d8a8d95,2026-07-22T10:26:37,,test_wallet_send_first_open_loading_time[wallet_load_alex_user],test_wallet_send_first_open_ram_wallet_load_alex,passed,795.328,795.328,795.328,1,795.328
,17d8a8d95,2026-07-22T10:26:37,,test_wallet_send_loading_time[wallet_load_alex_user],test_wallet_send_ram_wallet_load_alex,passed,815.438,915.094,882.337,5,"815.438,915.094,896.098,885.512,899.543"
,17d8a8d95,2026-07-22T10:26:37,,test_wallet_send_first_open_loading_time[wallet_load_user],test_wallet_send_first_open_ram_wallet_load,passed,736.794,736.794,736.794,1,736.794
,17d8a8d95,2026-07-22T10:26:37,,test_wallet_send_loading_time[wallet_load_user],test_wallet_send_ram_wallet_load,passed,762.592,857.617,812.866,5,"762.592,789.957,857.617,830.484,823.678"
,17d8a8d95,2026-07-22T10:26:37,,test_wallet_first_open_loading_time[wallet_load_alex_user],test_wallet_first_open_ram_wallet_load_alex,passed,728.855,728.855,728.855,1,728.855
,17d8a8d95,2026-07-22T10:26:37,,test_wallet_repeat_open_loading_time[fresh_user],test_wallet_repeat_open_ram_fresh,passed,740.232,849.91,815.309,5,"740.232,838.074,822.459,825.869,849.91"
,17d8a8d95,2026-07-22T10:26:37,,test_wallet_repeat_open_loading_time[wallet_load_user],test_wallet_repeat_open_ram_wallet_load,passed,747.48,930.801,877.602,5,"747.48,930.801,919.512,901.707,888.512"
,17d8a8d95,2026-07-22T10:26:37,,test_wallet_swap_first_open_loading_time[wallet_load_user],test_wallet_swap_first_open_ram_wallet_load,passed,730.131,730.131,730.131,1,730.131
,17d8a8d95,2026-07-22T10:26:37,,test_wallet_swap_loading_time[wallet_load_user],test_wallet_swap_ram_wallet_load,passed,744.791,843.346,797.571,5,"744.791,776.248,807.988,843.346,815.482"
,17d8a8d95,2026-07-22T10:26:37,,test_wallet_account_open_loading_time[wallet_load_user],test_wallet_account_first_open_ram_wallet_load,passed,683.865,683.865,683.865,1,683.865
,17d8a8d95,2026-07-22T10:26:37,,test_wallet_collectibles_tab_first_open_loading_time[fresh_user],test_wallet_collectibles_tab_first_open_ram_fresh,passed,706.043,706.043,706.043,1,706.043
,17d8a8d95,2026-07-22T10:26:37,,test_wallet_collectibles_tab_loading_time[fresh_user],test_wallet_collectibles_tab_ram_fresh,passed,728.133,746.137,732.204,5,"728.133,728.508,729.008,729.234,746.137"
,17d8a8d95,2026-07-22T10:26:37,,test_status_community_first_open_loading_time[user_data0-user_account0],test_status_community_first_open_ram_member,passed,729.372,729.372,729.372,1,729.372
,17d8a8d95,2026-07-22T10:26:37,,test_status_community_second_open_loading_time[user_data0-user_account0],test_status_community_second_open_ram_member,passed,818.333,1045.396,913.84,5,"818.333,846.618,857.787,1001.067,1045.396"
,dbde82852,2026-07-22T14:48:18,,test_status_community_second_open_loading_time[user_data0-user_account0],test_status_community_second_open_ram_member,passed,809.319,877.748,844.938,5,"809.319,818.872,846.605,877.748,872.147"
,dbde82852,2026-07-22T14:48:18,,test_wallet_assets_tab_loading_time[wallet_load_alex_user],test_wallet_assets_tab_ram_wallet_load_alex,passed,1253.184,1539.806,1400.632,5,"1274.182,1253.184,1472.006,1463.98,1539.806"
,dbde82852,2026-07-22T14:48:18,,test_wallet_collectibles_tab_first_open_loading_time[fresh_user],test_wallet_collectibles_tab_first_open_ram_fresh,passed,797.87,797.87,797.87,1,797.87
,dbde82852,2026-07-22T14:48:18,,test_wallet_collectibles_tab_loading_time[fresh_user],test_wallet_collectibles_tab_ram_fresh,passed,750.445,789.094,760.47,5,"789.094,760.883,750.445,750.883,751.043"
,dbde82852,2026-07-22T14:48:18,,test_status_community_first_open_loading_time[user_data0-user_account0],test_status_community_first_open_ram_member,passed,758.359,758.359,758.359,1,758.359
,dbde82852,2026-07-22T14:48:18,,test_wallet_add_account_first_open_loading_time[wallet_load_alex_user],test_wallet_add_account_first_open_ram_wallet_load_alex,passed,747.084,747.084,747.084,1,747.084
,dbde82852,2026-07-22T14:48:18,,test_wallet_add_account_loading_time[wallet_load_alex_user],test_wallet_add_account_ram_wallet_load_alex,passed,747.039,847.896,787.721,5,"747.039,751.352,784.039,847.896,808.281"
,dbde82852,2026-07-22T14:48:18,,test_wallet_send_first_open_loading_time[fresh_user],test_wallet_send_first_open_ram_fresh,passed,811.612,811.612,811.612,1,811.612
,dbde82852,2026-07-22T14:48:18,,test_wallet_send_loading_time[fresh_user],test_wallet_send_ram_fresh,passed,756.184,824.449,789.007,5,"808.828,798.055,824.449,757.521,756.184"
,dbde82852,2026-07-22T14:48:18,,test_wallet_collectibles_tab_first_open_loading_time[wallet_load_user],test_wallet_collectibles_tab_first_open_ram_wallet_load,passed,1416.29,1416.29,1416.29,1,1416.29
,dbde82852,2026-07-22T14:48:18,,test_wallet_collectibles_tab_loading_time[wallet_load_user],test_wallet_collectibles_tab_ram_wallet_load,passed,1059.1,1214.104,1139.8,5,"1059.1,1147.789,1089.697,1188.309,1214.104"
,dbde82852,2026-07-22T14:48:18,,test_wallet_first_open_loading_time[wallet_load_alex_user],test_wallet_first_open_ram_wallet_load_alex,passed,730.234,730.234,730.234,1,730.234
,dbde82852,2026-07-22T14:48:18,,test_wallet_receive_first_open_loading_time[fresh_user],test_wallet_receive_first_open_ram_fresh,passed,760.889,760.889,760.889,1,760.889
,dbde82852,2026-07-22T14:48:18,,test_wallet_receive_loading_time[fresh_user],test_wallet_receive_ram_fresh,passed,708.881,779.404,752.264,5,"765.781,779.404,760.793,746.461,708.881"
,dbde82852,2026-07-22T14:48:18,,test_wallet_account_open_loading_time[wallet_load_alex_user],test_wallet_account_first_open_ram_wallet_load_alex,passed,737.42,737.42,737.42,1,737.42
,dbde82852,2026-07-22T14:48:18,,test_wallet_repeat_open_loading_time[wallet_load_alex_user],test_wallet_repeat_open_ram_wallet_load_alex,passed,822.982,953.664,906.788,5,"822.982,886.062,918.615,952.617,953.664"
,dbde82852,2026-07-22T14:48:18,,test_wallet_collectibles_tab_first_open_loading_time[wallet_load_alex_user],test_wallet_collectibles_tab_first_open_ram_wallet_load_alex,passed,2757.271,2757.271,2757.271,1,2757.271
,dbde82852,2026-07-22T14:48:18,,test_wallet_collectibles_tab_loading_time[wallet_load_alex_user],test_wallet_collectibles_tab_ram_wallet_load_alex,passed,1437.577,1692.753,1611.287,5,"1690.54,1437.577,1546.835,1688.733,1692.753"
,dbde82852,2026-07-22T14:48:18,,test_wallet_swap_first_open_loading_time[wallet_load_user],test_wallet_swap_first_open_ram_wallet_load,passed,731.016,731.016,731.016,1,731.016
,dbde82852,2026-07-22T14:48:18,,test_wallet_swap_loading_time[wallet_load_user],test_wallet_swap_ram_wallet_load,passed,749.561,857.441,805.431,5,"749.561,790.113,796.857,857.441,833.184"
,dbde82852,2026-07-22T14:48:18,,test_wallet_send_first_open_loading_time[wallet_load_alex_user],test_wallet_send_first_open_ram_wallet_load_alex,passed,784.975,784.975,784.975,1,784.975
,dbde82852,2026-07-22T14:48:18,,test_wallet_send_loading_time[wallet_load_alex_user],test_wallet_send_ram_wallet_load_alex,passed,836.119,905.314,873.787,5,"836.119,873.084,878.103,876.316,905.314"
,dbde82852,2026-07-22T14:48:18,,test_wallet_assets_tab_loading_time[fresh_user],test_wallet_assets_tab_ram_fresh,passed,791.623,828.572,805.672,5,"828.572,791.623,801.408,801.248,805.508"
,dbde82852,2026-07-22T14:48:18,,test_wallet_swap_first_open_loading_time[fresh_user],test_wallet_swap_first_open_ram_fresh,passed,804.418,804.418,804.418,1,804.418
,dbde82852,2026-07-22T14:48:18,,test_wallet_swap_loading_time[fresh_user],test_wallet_swap_ram_fresh,passed,804.322,860.646,830.759,5,"832.232,860.646,832.854,823.738,804.322"
,dbde82852,2026-07-22T14:48:18,,test_wallet_receive_first_open_loading_time[wallet_load_user],test_wallet_receive_first_open_ram_wallet_load,passed,699.758,699.758,699.758,1,699.758
,dbde82852,2026-07-22T14:48:18,,test_wallet_receive_loading_time[wallet_load_user],test_wallet_receive_ram_wallet_load,passed,695.354,737.84,719.794,5,"695.354,696.914,736.133,737.84,732.729"
,dbde82852,2026-07-22T14:48:18,,test_wallet_account_open_loading_time[fresh_user],test_wallet_account_first_open_ram_fresh,passed,769.447,769.447,769.447,1,769.447
,dbde82852,2026-07-22T14:48:18,,test_wallet_add_account_first_open_loading_time[fresh_user],test_wallet_add_account_first_open_ram_fresh,passed,750.338,750.338,750.338,1,750.338
,dbde82852,2026-07-22T14:48:18,,test_wallet_add_account_loading_time[fresh_user],test_wallet_add_account_ram_fresh,passed,734.523,762.438,751.398,5,"752.648,753.121,762.438,754.26,734.523"
,dbde82852,2026-07-22T14:48:18,,test_wallet_send_first_open_loading_time[wallet_load_user],test_wallet_send_first_open_ram_wallet_load,passed,755.496,755.496,755.496,1,755.496
,dbde82852,2026-07-22T14:48:18,,test_wallet_send_loading_time[wallet_load_user],test_wallet_send_ram_wallet_load,passed,774.705,791.818,784.042,5,"774.705,775.719,786.744,791.818,791.224"
,dbde82852,2026-07-22T14:48:18,,test_wallet_first_open_loading_time[wallet_load_user],test_wallet_first_open_ram_wallet_load,passed,709.122,709.122,709.122,1,709.122
,dbde82852,2026-07-22T14:48:18,,test_wallet_first_open_loading_time[fresh_user],test_wallet_first_open_ram_fresh,passed,801.168,801.168,801.168,1,801.168
,dbde82852,2026-07-22T14:48:18,,test_wallet_swap_first_open_loading_time[wallet_load_alex_user],test_wallet_swap_first_open_ram_wallet_load_alex,passed,787.626,787.626,787.626,1,787.626
,dbde82852,2026-07-22T14:48:18,,test_wallet_swap_loading_time[wallet_load_alex_user],test_wallet_swap_ram_wallet_load_alex,passed,819.812,890.41,863.663,5,"819.812,851.482,880.117,876.494,890.41"
,dbde82852,2026-07-22T14:48:18,,test_wallet_account_open_loading_time[wallet_load_user],test_wallet_account_first_open_ram_wallet_load,passed,710.779,710.779,710.779,1,710.779
,dbde82852,2026-07-22T14:48:18,,test_wallet_add_account_first_open_loading_time[wallet_load_user],test_wallet_add_account_first_open_ram_wallet_load,passed,735.197,735.197,735.197,1,735.197
,dbde82852,2026-07-22T14:48:18,,test_wallet_add_account_loading_time[wallet_load_user],test_wallet_add_account_ram_wallet_load,passed,738.166,766.826,751.928,5,"738.166,742.189,754.473,757.986,766.826"
,dbde82852,2026-07-22T14:48:18,,test_wallet_receive_first_open_loading_time[wallet_load_alex_user],test_wallet_receive_first_open_ram_wallet_load_alex,passed,729.691,729.691,729.691,1,729.691
,dbde82852,2026-07-22T14:48:18,,test_wallet_receive_loading_time[wallet_load_alex_user],test_wallet_receive_ram_wallet_load_alex,passed,730.689,838.514,793.589,5,"730.689,763.918,834.9,838.514,799.922"
,dbde82852,2026-07-22T14:48:18,,test_wallet_repeat_open_loading_time[fresh_user],test_wallet_repeat_open_ram_fresh,passed,797.383,878.018,842.859,5,"823.312,797.383,878.018,854.502,861.082"
,dbde82852,2026-07-22T14:48:18,,test_wallet_repeat_open_loading_time[wallet_load_user],test_wallet_repeat_open_ram_wallet_load,passed,765.676,905.344,868.788,5,"765.676,882.324,905.344,888.369,902.225"
,dbde82852,2026-07-22T14:48:18,,test_wallet_assets_tab_loading_time[wallet_load_user],test_wallet_assets_tab_ram_wallet_load,passed,930.946,1219.24,1123.898,5,"930.946,1060.789,1192.972,1215.545,1219.24"
,a6db0bddc7,2026-07-23T05:28:01,,test_wallet_add_account_first_open_loading_time[wallet_load_user],test_wallet_add_account_first_open_ram_wallet_load,passed,697.246,697.246,697.246,1,697.246
,a6db0bddc7,2026-07-23T05:28:01,,test_wallet_add_account_loading_time[wallet_load_user],test_wallet_add_account_ram_wallet_load,passed,697.027,809.07,735.468,5,"697.027,701.316,723.988,745.938,809.07"
,a6db0bddc7,2026-07-23T05:28:01,,test_wallet_repeat_open_loading_time[wallet_load_user],test_wallet_repeat_open_ram_wallet_load,passed,755.176,913.588,862.337,5,"755.176,878.588,913.588,867.207,897.125"
,a6db0bddc7,2026-07-23T05:28:01,,test_wallet_assets_tab_loading_time[fresh_user],test_wallet_assets_tab_ram_fresh,passed,743.93,801.746,781.08,5,"743.93,778.855,801.746,791.949,788.918"
,a6db0bddc7,2026-07-23T05:28:01,,test_wallet_send_first_open_loading_time[wallet_load_user],test_wallet_send_first_open_ram_wallet_load,passed,708.586,708.586,708.586,1,708.586
,a6db0bddc7,2026-07-23T05:28:01,,test_wallet_send_loading_time[wallet_load_user],test_wallet_send_ram_wallet_load,passed,724.547,817.871,775.331,5,"724.547,765.158,817.871,786.384,782.697"
,a6db0bddc7,2026-07-23T05:28:01,,test_wallet_account_open_loading_time[fresh_user],test_wallet_account_first_open_ram_fresh,passed,673.309,673.309,673.309,1,673.309
,a6db0bddc7,2026-07-23T05:28:01,,test_wallet_account_open_loading_time[wallet_load_user],test_wallet_account_first_open_ram_wallet_load,passed,725.037,725.037,725.037,1,725.037
,a6db0bddc7,2026-07-23T05:28:01,,test_wallet_collectibles_tab_first_open_loading_time[wallet_load_alex_user],test_wallet_collectibles_tab_first_open_ram_wallet_load_alex,passed,3187.38,3187.38,3187.38,1,3187.38
,a6db0bddc7,2026-07-23T05:28:01,,test_wallet_collectibles_tab_loading_time[wallet_load_alex_user],test_wallet_collectibles_tab_ram_wallet_load_alex,passed,1046.106,1943.421,1597.818,5,"1046.106,1148.603,1943.421,1920.346,1930.616"
,a6db0bddc7,2026-07-23T05:28:01,,test_wallet_collectibles_tab_first_open_loading_time[wallet_load_user],test_wallet_collectibles_tab_first_open_ram_wallet_load,passed,1430.055,1430.055,1430.055,1,1430.055
,a6db0bddc7,2026-07-23T05:28:01,,test_wallet_collectibles_tab_loading_time[wallet_load_user],test_wallet_collectibles_tab_ram_wallet_load,passed,973.702,1208.336,1099.048,5,"1060.202,1128.659,1208.336,973.702,1124.344"
,a6db0bddc7,2026-07-23T05:28:01,,test_wallet_receive_first_open_loading_time[wallet_load_alex_user],test_wallet_receive_first_open_ram_wallet_load_alex,passed,712.923,712.923,712.923,1,712.923
,a6db0bddc7,2026-07-23T05:28:01,,test_wallet_receive_loading_time[wallet_load_alex_user],test_wallet_receive_ram_wallet_load_alex,passed,710.664,831.668,778.652,5,"710.664,788.014,831.668,795.711,767.203"
,a6db0bddc7,2026-07-23T05:28:01,,test_wallet_collectibles_tab_first_open_loading_time[fresh_user],test_wallet_collectibles_tab_first_open_ram_fresh,passed,726.125,726.125,726.125,1,726.125
,a6db0bddc7,2026-07-23T05:28:01,,test_wallet_collectibles_tab_loading_time[fresh_user],test_wallet_collectibles_tab_ram_fresh,passed,719.75,722.293,721.502,5,"719.75,721.559,721.875,722.035,722.293"
,a6db0bddc7,2026-07-23T05:28:01,,test_wallet_swap_first_open_loading_time[wallet_load_alex_user],test_wallet_swap_first_open_ram_wallet_load_alex,passed,763.691,763.691,763.691,1,763.691
,a6db0bddc7,2026-07-23T05:28:01,,test_wallet_swap_loading_time[wallet_load_alex_user],test_wallet_swap_ram_wallet_load_alex,passed,786.236,886.4,853.016,5,"786.236,836.248,884.312,886.4,871.883"
,a6db0bddc7,2026-07-23T05:28:01,,test_wallet_first_open_loading_time[fresh_user],test_wallet_first_open_ram_fresh,passed,721.773,721.773,721.773,1,721.773
,a6db0bddc7,2026-07-23T05:28:01,,test_wallet_receive_first_open_loading_time[fresh_user],test_wallet_receive_first_open_ram_fresh,passed,739.982,739.982,739.982,1,739.982
,a6db0bddc7,2026-07-23T05:28:01,,test_wallet_receive_loading_time[fresh_user],test_wallet_receive_ram_fresh,passed,700.633,741.154,717.957,5,"741.154,708.229,700.633,738.281,701.486"
,a6db0bddc7,2026-07-23T05:28:01,,test_wallet_send_first_open_loading_time[wallet_load_alex_user],test_wallet_send_first_open_ram_wallet_load_alex,passed,833.625,833.625,833.625,1,833.625
,a6db0bddc7,2026-07-23T05:28:01,,test_wallet_send_loading_time[wallet_load_alex_user],test_wallet_send_ram_wallet_load_alex,passed,842.961,884.076,855.39,5,"842.961,884.076,856.209,844.875,848.828"
,a6db0bddc7,2026-07-23T05:28:01,,test_wallet_swap_first_open_loading_time[wallet_load_user],test_wallet_swap_first_open_ram_wallet_load,passed,742.297,742.297,742.297,1,742.297
,a6db0bddc7,2026-07-23T05:28:01,,test_wallet_swap_loading_time[wallet_load_user],test_wallet_swap_ram_wallet_load,passed,736.816,816.375,785.817,5,"736.816,764.203,806.607,816.375,805.084"
,a6db0bddc7,2026-07-23T05:28:01,,test_wallet_send_first_open_loading_time[fresh_user],test_wallet_send_first_open_ram_fresh,passed,759.341,759.341,759.341,1,759.341
,a6db0bddc7,2026-07-23T05:28:01,,test_wallet_send_loading_time[fresh_user],test_wallet_send_ram_fresh,passed,719.553,787.48,742.554,5,"747.662,787.48,737.256,719.553,720.816"
,a6db0bddc7,2026-07-23T05:28:01,,test_wallet_add_account_first_open_loading_time[wallet_load_alex_user],test_wallet_add_account_first_open_ram_wallet_load_alex,passed,753.834,753.834,753.834,1,753.834
,a6db0bddc7,2026-07-23T05:28:01,,test_wallet_add_account_loading_time[wallet_load_alex_user],test_wallet_add_account_ram_wallet_load_alex,passed,758.393,836.832,791.07,5,"758.393,762.119,788.908,836.832,809.096"
,a6db0bddc7,2026-07-23T05:28:01,,test_wallet_assets_tab_loading_time[wallet_load_user],test_wallet_assets_tab_ram_wallet_load,passed,866.663,1238.915,1134.703,5,"866.663,1238.915,1202.491,1177.335,1188.109"
,a6db0bddc7,2026-07-23T05:28:01,,test_wallet_first_open_loading_time[wallet_load_user],test_wallet_first_open_ram_wallet_load,passed,753.053,753.053,753.053,1,753.053
,a6db0bddc7,2026-07-23T05:28:01,,test_wallet_repeat_open_loading_time[wallet_load_alex_user],test_wallet_repeat_open_ram_wallet_load_alex,passed,794.916,979.094,911.369,5,"794.916,935.361,915.68,931.795,979.094"
,a6db0bddc7,2026-07-23T05:28:01,,test_wallet_repeat_open_loading_time[fresh_user],test_wallet_repeat_open_ram_fresh,passed,742.5,836.926,788.259,5,"742.5,797.91,776.703,787.258,836.926"
,a6db0bddc7,2026-07-23T05:28:01,,test_wallet_swap_first_open_loading_time[fresh_user],test_wallet_swap_first_open_ram_fresh,passed,777.66,777.66,777.66,1,777.66
,a6db0bddc7,2026-07-23T05:28:01,,test_wallet_swap_loading_time[fresh_user],test_wallet_swap_ram_fresh,passed,780.432,867.197,804.028,5,"783.734,780.432,796.057,867.197,792.719"
,a6db0bddc7,2026-07-23T05:28:01,,test_wallet_assets_tab_loading_time[wallet_load_alex_user],test_wallet_assets_tab_ram_wallet_load_alex,passed,1217.772,1505.62,1363.69,5,"1217.772,1363.769,1271.798,1459.492,1505.62"
,a6db0bddc7,2026-07-23T05:28:01,,test_status_community_first_open_loading_time[user_data0-user_account0],test_status_community_first_open_ram_member,passed,761.43,761.43,761.43,1,761.43
,a6db0bddc7,2026-07-23T05:28:01,,test_wallet_receive_first_open_loading_time[wallet_load_user],test_wallet_receive_first_open_ram_wallet_load,passed,681.247,681.247,681.247,1,681.247
,a6db0bddc7,2026-07-23T05:28:01,,test_wallet_receive_loading_time[wallet_load_user],test_wallet_receive_ram_wallet_load,passed,683.436,804.746,730.82,5,"683.436,720.783,721.682,723.455,804.746"
,a6db0bddc7,2026-07-23T05:28:01,,test_status_community_second_open_loading_time[user_data0-user_account0],test_status_community_second_open_ram_member,passed,770.555,833.238,799.885,5,"770.555,773.167,795.484,826.981,833.238"
,a6db0bddc7,2026-07-23T05:28:01,,test_wallet_account_open_loading_time[wallet_load_alex_user],test_wallet_account_first_open_ram_wallet_load_alex,passed,802.812,802.812,802.812,1,802.812
,a6db0bddc7,2026-07-23T05:28:01,,test_wallet_first_open_loading_time[wallet_load_alex_user],test_wallet_first_open_ram_wallet_load_alex,passed,712.613,712.613,712.613,1,712.613
,a6db0bddc7,2026-07-23T05:28:01,,test_wallet_add_account_first_open_loading_time[fresh_user],test_wallet_add_account_first_open_ram_fresh,passed,676.633,676.633,676.633,1,676.633
,a6db0bddc7,2026-07-23T05:28:01,,test_wallet_add_account_loading_time[fresh_user],test_wallet_add_account_ram_fresh,passed,715.465,809.318,754.379,5,"715.465,741.08,749.641,756.391,809.318"
,e05186176a,2026-07-23T11:39:31,,test_wallet_receive_first_open_loading_time[fresh_user],test_wallet_receive_first_open_ram_fresh,passed,744.257,744.257,744.257,1,744.257
,e05186176a,2026-07-23T11:39:31,,test_wallet_receive_loading_time[fresh_user],test_wallet_receive_ram_fresh,passed,714.588,755.838,734.63,5,"726.445,737.521,738.758,714.588,755.838"
,e05186176a,2026-07-23T11:39:31,,test_wallet_assets_tab_loading_time[fresh_user],test_wallet_assets_tab_ram_fresh,passed,734.494,751.477,739.975,5,"734.494,734.877,737.131,741.895,751.477"
,e05186176a,2026-07-23T11:39:31,,test_wallet_repeat_open_loading_time[wallet_load_user],test_wallet_repeat_open_ram_wallet_load,passed,780.186,934.527,868.744,5,"780.186,934.527,894.723,898.164,836.121"
,e05186176a,2026-07-23T11:39:31,,test_wallet_assets_tab_loading_time[wallet_load_alex_user],test_wallet_assets_tab_ram_wallet_load_alex,passed,1163.439,1419.919,1344.532,5,"1163.439,1413.562,1390.249,1419.919,1335.49"
,e05186176a,2026-07-23T11:39:31,,test_wallet_activity_tab_first_open_loading_time[wallet_load_user],test_wallet_activity_tab_first_open_ram_wallet_load,passed,713.561,713.561,713.561,1,713.561
,e05186176a,2026-07-23T11:39:31,,test_wallet_activity_tab_loading_time[wallet_load_user],test_wallet_activity_tab_ram_wallet_load,passed,753.078,829.23,790.154,5,"753.078,755.949,797.32,829.23,815.191"
,e05186176a,2026-07-23T11:39:31,,test_wallet_first_open_loading_time[wallet_load_alex_user],test_wallet_first_open_ram_wallet_load_alex,passed,717.348,717.348,717.348,1,717.348
,e05186176a,2026-07-23T11:39:31,,test_wallet_repeat_open_loading_time[wallet_load_alex_user],test_wallet_repeat_open_ram_wallet_load_alex,passed,784.922,932.557,898.723,5,"784.922,921.797,932.557,927.984,926.354"
,e05186176a,2026-07-23T11:39:31,,test_wallet_first_open_loading_time[wallet_load_user],test_wallet_first_open_ram_wallet_load,passed,694.492,694.492,694.492,1,694.492
,e05186176a,2026-07-23T11:39:31,,test_wallet_first_open_loading_time[fresh_user],test_wallet_first_open_ram_fresh,passed,717.148,717.148,717.148,1,717.148
,e05186176a,2026-07-23T11:39:31,,test_wallet_send_first_open_loading_time[wallet_load_alex_user],test_wallet_send_first_open_ram_wallet_load_alex,passed,813.041,813.041,813.041,1,813.041
,e05186176a,2026-07-23T11:39:31,,test_wallet_send_loading_time[wallet_load_alex_user],test_wallet_send_ram_wallet_load_alex,passed,828.095,930.43,886.919,5,"828.095,930.43,891.211,887.91,896.947"
,e05186176a,2026-07-23T11:39:31,,test_status_community_second_open_loading_time[user_data0-user_account0],test_status_community_second_open_ram_member,passed,771.813,868.4,816.818,5,"771.813,793.32,812.447,838.11,868.4"
,e05186176a,2026-07-23T11:39:31,,test_wallet_add_account_first_open_loading_time[wallet_load_user],test_wallet_add_account_first_open_ram_wallet_load,passed,677.152,677.152,677.152,1,677.152
,e05186176a,2026-07-23T11:39:31,,test_wallet_add_account_loading_time[wallet_load_user],test_wallet_add_account_ram_wallet_load,passed,682.381,821.588,734.346,5,"682.381,693.111,722.92,751.729,821.588"
,e05186176a,2026-07-23T11:39:31,,test_wallet_account_open_loading_time[wallet_load_user],test_wallet_account_first_open_ram_wallet_load,passed,700.473,700.473,700.473,1,700.473
,e05186176a,2026-07-23T11:39:31,,test_wallet_send_first_open_loading_time[wallet_load_user],test_wallet_send_first_open_ram_wallet_load,passed,724.585,724.585,724.585,1,724.585
,e05186176a,2026-07-23T11:39:31,,test_wallet_send_loading_time[wallet_load_user],test_wallet_send_ram_wallet_load,passed,750.957,838.693,798.571,5,"750.957,787.951,816.486,838.693,798.768"
,e05186176a,2026-07-23T11:39:31,,test_wallet_activity_tab_first_open_loading_time[wallet_load_alex_user],test_wallet_activity_tab_first_open_ram_wallet_load_alex,passed,744.393,744.393,744.393,1,744.393
,e05186176a,2026-07-23T11:39:31,,test_wallet_activity_tab_loading_time[wallet_load_alex_user],test_wallet_activity_tab_ram_wallet_load_alex,passed,767.709,832.117,805.447,5,"767.709,787.869,809.85,832.117,829.689"
,e05186176a,2026-07-23T11:39:31,,test_wallet_assets_tab_loading_time[wallet_load_user],test_wallet_assets_tab_ram_wallet_load,passed,875.22,1192.067,1110.241,5,"875.22,1189.679,1174.069,1120.172,1192.067"
,e05186176a,2026-07-23T11:39:31,,test_wallet_receive_first_open_loading_time[wallet_load_user],test_wallet_receive_first_open_ram_wallet_load,passed,699.371,699.371,699.371,1,699.371
,e05186176a,2026-07-23T11:39:31,,test_wallet_receive_loading_time[wallet_load_user],test_wallet_receive_ram_wallet_load,passed,702.068,748.26,718.351,5,"702.068,704.375,707.084,729.967,748.26"
,e05186176a,2026-07-23T11:39:31,,test_wallet_swap_first_open_loading_time[fresh_user],test_wallet_swap_first_open_ram_fresh,passed,760.56,760.56,760.56,1,760.56
,e05186176a,2026-07-23T11:39:31,,test_wallet_swap_loading_time[fresh_user],test_wallet_swap_ram_fresh,passed,775.795,798.676,789.738,5,"792.018,775.795,798.676,790.717,791.484"
,e05186176a,2026-07-23T11:39:31,,test_wallet_account_open_loading_time[fresh_user],test_wallet_account_first_open_ram_fresh,passed,683.066,683.066,683.066,1,683.066
,e05186176a,2026-07-23T11:39:31,,test_wallet_swap_first_open_loading_time[wallet_load_user],test_wallet_swap_first_open_ram_wallet_load,passed,738.67,738.67,738.67,1,738.67
,e05186176a,2026-07-23T11:39:31,,test_wallet_swap_loading_time[wallet_load_user],test_wallet_swap_ram_wallet_load,passed,752.223,818.016,793.118,5,"752.223,781.875,813.068,800.41,818.016"
,e05186176a,2026-07-23T11:39:31,,test_wallet_send_first_open_loading_time[fresh_user],test_wallet_send_first_open_ram_fresh,passed,700.273,700.273,700.273,1,700.273
,e05186176a,2026-07-23T11:39:31,,test_wallet_send_loading_time[fresh_user],test_wallet_send_ram_fresh,passed,705.283,728.301,717.868,5,"705.283,721.35,728.301,722.506,711.902"
,e05186176a,2026-07-23T11:39:31,,test_wallet_add_account_first_open_loading_time[fresh_user],test_wallet_add_account_first_open_ram_fresh,passed,661.252,661.252,661.252,1,661.252
,e05186176a,2026-07-23T11:39:31,,test_wallet_add_account_loading_time[fresh_user],test_wallet_add_account_ram_fresh,passed,715.719,771.217,732.473,5,"727.897,715.719,716.244,731.289,771.217"
,e05186176a,2026-07-23T11:39:31,,test_wallet_collectibles_tab_first_open_loading_time[wallet_load_user],test_wallet_collectibles_tab_first_open_ram_wallet_load,passed,1447.343,1447.343,1447.343,1,1447.343
,e05186176a,2026-07-23T11:39:31,,test_wallet_collectibles_tab_loading_time[wallet_load_user],test_wallet_collectibles_tab_ram_wallet_load,passed,962.776,1213.294,1064.797,5,"971.225,1015.131,1213.294,1161.559,962.776"
,e05186176a,2026-07-23T11:39:31,,test_wallet_collectibles_tab_first_open_loading_time[fresh_user],test_wallet_collectibles_tab_first_open_ram_fresh,passed,767.883,767.883,767.883,1,767.883
,e05186176a,2026-07-23T11:39:31,,test_wallet_collectibles_tab_loading_time[fresh_user],test_wallet_collectibles_tab_ram_fresh,passed,739.426,744.438,741.771,5,"739.426,739.836,741.84,743.316,744.438"
,e05186176a,2026-07-23T11:39:31,,test_wallet_repeat_open_loading_time[fresh_user],test_wallet_repeat_open_ram_fresh,passed,794.906,859.5,819.1,5,"818.896,859.5,799.467,794.906,822.73"
,e05186176a,2026-07-23T11:39:31,,test_wallet_add_account_first_open_loading_time[wallet_load_alex_user],test_wallet_add_account_first_open_ram_wallet_load_alex,passed,738.912,738.912,738.912,1,738.912
,e05186176a,2026-07-23T11:39:31,,test_wallet_add_account_loading_time[wallet_load_alex_user],test_wallet_add_account_ram_wallet_load_alex,passed,734.682,809.326,776.917,5,"734.682,735.297,798.059,809.326,807.223"
,e05186176a,2026-07-23T11:39:31,,test_wallet_swap_first_open_loading_time[wallet_load_alex_user],test_wallet_swap_first_open_ram_wallet_load_alex,passed,818.147,818.147,818.147,1,818.147
,e05186176a,2026-07-23T11:39:31,,test_wallet_swap_loading_time[wallet_load_alex_user],test_wallet_swap_ram_wallet_load_alex,passed,832.66,919.973,883.056,5,"832.66,919.973,879.902,887.762,894.982"
,e05186176a,2026-07-23T11:39:31,,test_wallet_receive_first_open_loading_time[wallet_load_alex_user],test_wallet_receive_first_open_ram_wallet_load_alex,passed,755.576,755.576,755.576,1,755.576
,e05186176a,2026-07-23T11:39:31,,test_wallet_receive_loading_time[wallet_load_alex_user],test_wallet_receive_ram_wallet_load_alex,passed,759.963,814.443,783.373,5,"759.963,763.346,811.338,814.443,767.775"
,e05186176a,2026-07-23T11:39:31,,test_wallet_account_open_loading_time[wallet_load_alex_user],test_wallet_account_first_open_ram_wallet_load_alex,passed,707.285,707.285,707.285,1,707.285
,e05186176a,2026-07-23T11:39:31,,test_status_community_first_open_loading_time[user_data0-user_account0],test_status_community_first_open_ram_member,passed,700.488,700.488,700.488,1,700.488
,e05186176a,2026-07-23T11:39:31,,test_wallet_collectibles_tab_first_open_loading_time[wallet_load_alex_user],test_wallet_collectibles_tab_first_open_ram_wallet_load_alex,passed,3341.348,3341.348,3341.348,1,3341.348
,e05186176a,2026-07-23T11:39:31,,test_wallet_collectibles_tab_loading_time[wallet_load_alex_user],test_wallet_collectibles_tab_ram_wallet_load_alex,passed,1004.079,1635.749,1370.049,5,"1004.079,1553.457,1635.749,1026.332,1630.63"
,115c87f7b5,2026-07-23T13:49:03,,test_wallet_repeat_open_loading_time[fresh_user],test_wallet_repeat_open_ram_fresh,passed,783.035,876.16,827.51,5,"829.801,783.035,830.729,817.824,876.16"
,115c87f7b5,2026-07-23T13:49:03,,test_status_community_second_open_loading_time[user_data0-user_account0],test_status_community_second_open_ram_member,passed,805.475,851.539,836.566,5,"805.475,827.143,851.539,848.911,849.763"
,115c87f7b5,2026-07-23T13:49:03,,test_wallet_assets_tab_loading_time[fresh_user],test_wallet_assets_tab_ram_fresh,passed,733.721,774.135,755.141,5,"733.721,747.182,755.0,765.67,774.135"
,115c87f7b5,2026-07-23T13:49:03,,test_wallet_account_open_loading_time[fresh_user],test_wallet_account_first_open_ram_fresh,passed,763.344,763.344,763.344,1,763.344
,115c87f7b5,2026-07-23T13:49:03,,test_wallet_assets_tab_loading_time[wallet_load_alex_user],test_wallet_assets_tab_ram_wallet_load_alex,passed,1229.691,1537.021,1335.328,5,"1229.691,1237.184,1230.789,1441.956,1537.021"
,115c87f7b5,2026-07-23T13:49:03,,test_wallet_receive_first_open_loading_time[wallet_load_user],test_wallet_receive_first_open_ram_wallet_load,passed,695.288,695.288,695.288,1,695.288
,115c87f7b5,2026-07-23T13:49:03,,test_wallet_receive_loading_time[wallet_load_user],test_wallet_receive_ram_wallet_load,passed,697.68,790.793,731.998,5,"697.68,699.176,735.789,736.551,790.793"
,115c87f7b5,2026-07-23T13:49:03,,test_wallet_send_first_open_loading_time[wallet_load_user],test_wallet_send_first_open_ram_wallet_load,passed,768.956,768.956,768.956,1,768.956
,115c87f7b5,2026-07-23T13:49:03,,test_wallet_send_loading_time[wallet_load_user],test_wallet_send_ram_wallet_load,passed,791.729,873.771,823.285,5,"791.729,799.635,873.771,831.174,820.114"
,115c87f7b5,2026-07-23T13:49:03,,test_wallet_collectibles_tab_first_open_loading_time[wallet_load_alex_user],test_wallet_collectibles_tab_first_open_ram_wallet_load_alex,passed,3033.209,3033.209,3033.209,1,3033.209
,115c87f7b5,2026-07-23T13:49:03,,test_wallet_collectibles_tab_loading_time[wallet_load_alex_user],test_wallet_collectibles_tab_ram_wallet_load_alex,passed,1137.091,1841.673,1561.208,5,"1137.091,1841.673,1669.105,1792.482,1365.688"
,115c87f7b5,2026-07-23T13:49:03,,test_wallet_repeat_open_loading_time[wallet_load_user],test_wallet_repeat_open_ram_wallet_load,passed,819.883,909.547,879.021,5,"819.883,885.354,899.064,881.258,909.547"
,115c87f7b5,2026-07-23T13:49:03,,test_wallet_send_first_open_loading_time[fresh_user],test_wallet_send_first_open_ram_fresh,passed,726.306,726.306,726.306,1,726.306
,115c87f7b5,2026-07-23T13:49:03,,test_wallet_send_loading_time[fresh_user],test_wallet_send_ram_fresh,passed,729.121,780.943,756.414,5,"736.139,780.943,773.984,729.121,761.881"
,115c87f7b5,2026-07-23T13:49:03,,test_wallet_first_open_loading_time[wallet_load_alex_user],test_wallet_first_open_ram_wallet_load_alex,passed,766.719,766.719,766.719,1,766.719
,115c87f7b5,2026-07-23T13:49:03,,test_status_community_first_open_loading_time[user_data0-user_account0],test_status_community_first_open_ram_member,passed,744.45,744.45,744.45,1,744.45
,115c87f7b5,2026-07-23T13:49:03,,test_wallet_repeat_open_loading_time[wallet_load_alex_user],test_wallet_repeat_open_ram_wallet_load_alex,passed,816.324,927.02,899.588,5,"816.324,909.141,926.451,919.004,927.02"
,115c87f7b5,2026-07-23T13:49:03,,test_wallet_account_open_loading_time[wallet_load_alex_user],test_wallet_account_first_open_ram_wallet_load_alex,passed,722.986,722.986,722.986,1,722.986
,115c87f7b5,2026-07-23T13:49:03,,test_wallet_activity_tab_first_open_loading_time[wallet_load_alex_user],test_wallet_activity_tab_first_open_ram_wallet_load_alex,passed,730.174,730.174,730.174,1,730.174
,115c87f7b5,2026-07-23T13:49:03,,test_wallet_activity_tab_loading_time[wallet_load_alex_user],test_wallet_activity_tab_ram_wallet_load_alex,passed,753.117,837.051,792.829,5,"753.117,760.785,793.756,837.051,819.436"
,115c87f7b5,2026-07-23T13:49:03,,test_wallet_receive_first_open_loading_time[wallet_load_alex_user],test_wallet_receive_first_open_ram_wallet_load_alex,passed,722.984,722.984,722.984,1,722.984
,115c87f7b5,2026-07-23T13:49:03,,test_wallet_receive_loading_time[wallet_load_alex_user],test_wallet_receive_ram_wallet_load_alex,passed,718.885,824.223,779.892,5,"718.885,757.996,823.951,824.223,774.406"
,115c87f7b5,2026-07-23T13:49:03,,test_wallet_add_account_first_open_loading_time[wallet_load_alex_user],test_wallet_add_account_first_open_ram_wallet_load_alex,passed,756.906,756.906,756.906,1,756.906
,115c87f7b5,2026-07-23T13:49:03,,test_wallet_add_account_loading_time[wallet_load_alex_user],test_wallet_add_account_ram_wallet_load_alex,passed,770.336,861.203,809.159,5,"770.336,776.113,861.203,826.793,811.35"
,115c87f7b5,2026-07-23T13:49:03,,test_wallet_swap_first_open_loading_time[wallet_load_user],test_wallet_swap_first_open_ram_wallet_load,passed,730.871,730.871,730.871,1,730.871
,115c87f7b5,2026-07-23T13:49:03,,test_wallet_swap_loading_time[wallet_load_user],test_wallet_swap_ram_wallet_load,passed,754.701,849.604,812.848,5,"754.701,809.826,840.471,849.604,809.641"
,115c87f7b5,2026-07-23T13:49:03,,test_wallet_swap_first_open_loading_time[wallet_load_alex_user],test_wallet_swap_first_open_ram_wallet_load_alex,passed,740.436,740.436,740.436,1,740.436
,115c87f7b5,2026-07-23T13:49:03,,test_wallet_swap_loading_time[wallet_load_alex_user],test_wallet_swap_ram_wallet_load_alex,passed,782.156,846.715,824.371,5,"782.156,813.32,835.844,843.82,846.715"
,115c87f7b5,2026-07-23T13:49:03,,test_wallet_collectibles_tab_first_open_loading_time[fresh_user],test_wallet_collectibles_tab_first_open_ram_fresh,passed,696.464,696.464,696.464,1,696.464
,115c87f7b5,2026-07-23T13:49:03,,test_wallet_collectibles_tab_loading_time[fresh_user],test_wallet_collectibles_tab_ram_fresh,passed,710.988,711.75,711.328,5,"710.988,711.117,711.27,711.516,711.75"
,115c87f7b5,2026-07-23T13:49:03,,test_wallet_first_open_loading_time[fresh_user],test_wallet_first_open_ram_fresh,passed,661.34,661.34,661.34,1,661.34
,115c87f7b5,2026-07-23T13:49:03,,test_wallet_send_first_open_loading_time[wallet_load_alex_user],test_wallet_send_first_open_ram_wallet_load_alex,passed,784.114,784.114,784.114,1,784.114
,115c87f7b5,2026-07-23T13:49:03,,test_wallet_send_loading_time[wallet_load_alex_user],test_wallet_send_ram_wallet_load_alex,passed,881.893,940.258,907.646,5,"899.51,940.258,881.893,904.742,911.828"
,115c87f7b5,2026-07-23T13:49:03,,test_wallet_collectibles_tab_first_open_loading_time[wallet_load_user],test_wallet_collectibles_tab_first_open_ram_wallet_load,passed,1404.38,1404.38,1404.38,1,1404.38
,115c87f7b5,2026-07-23T13:49:03,,test_wallet_collectibles_tab_loading_time[wallet_load_user],test_wallet_collectibles_tab_ram_wallet_load,passed,952.476,1149.637,1084.214,5,"1057.334,1149.637,1136.961,952.476,1124.665"
,115c87f7b5,2026-07-23T13:49:03,,test_wallet_receive_first_open_loading_time[fresh_user],test_wallet_receive_first_open_ram_fresh,passed,751.378,751.378,751.378,1,751.378
,115c87f7b5,2026-07-23T13:49:03,,test_wallet_receive_loading_time[fresh_user],test_wallet_receive_ram_fresh,passed,762.994,780.832,768.858,5,"773.09,763.854,763.521,762.994,780.832"
,115c87f7b5,2026-07-23T13:49:03,,test_wallet_account_open_loading_time[wallet_load_user],test_wallet_account_first_open_ram_wallet_load,passed,693.119,693.119,693.119,1,693.119
,115c87f7b5,2026-07-23T13:49:03,,test_wallet_first_open_loading_time[wallet_load_user],test_wallet_first_open_ram_wallet_load,passed,695.109,695.109,695.109,1,695.109
,115c87f7b5,2026-07-23T13:49:03,,test_wallet_assets_tab_loading_time[wallet_load_user],test_wallet_assets_tab_ram_wallet_load,passed,946.257,1312.689,1129.114,5,"946.257,1051.056,1119.362,1216.207,1312.689"
,115c87f7b5,2026-07-23T13:49:03,,test_wallet_add_account_first_open_loading_time[fresh_user],test_wallet_add_account_first_open_ram_fresh,passed,735.197,735.197,735.197,1,735.197
,115c87f7b5,2026-07-23T13:49:03,,test_wallet_add_account_loading_time[fresh_user],test_wallet_add_account_ram_fresh,passed,719.635,827.664,756.234,5,"745.223,719.635,731.881,756.77,827.664"
,115c87f7b5,2026-07-23T13:49:03,,test_wallet_add_account_first_open_loading_time[wallet_load_user],test_wallet_add_account_first_open_ram_wallet_load,passed,702.836,702.836,702.836,1,702.836
,115c87f7b5,2026-07-23T13:49:03,,test_wallet_add_account_loading_time[wallet_load_user],test_wallet_add_account_ram_wallet_load,passed,714.146,770.428,741.892,5,"714.146,718.609,751.572,754.705,770.428"
,115c87f7b5,2026-07-23T13:49:03,,test_wallet_swap_first_open_loading_time[fresh_user],test_wallet_swap_first_open_ram_fresh,passed,723.245,723.245,723.245,1,723.245
,115c87f7b5,2026-07-23T13:49:03,,test_wallet_swap_loading_time[fresh_user],test_wallet_swap_ram_fresh,passed,724.168,815.217,767.474,5,"724.168,739.924,761.834,815.217,796.229"
,115c87f7b5,2026-07-23T13:49:03,,test_wallet_activity_tab_first_open_loading_time[wallet_load_user],test_wallet_activity_tab_first_open_ram_wallet_load,passed,709.342,709.342,709.342,1,709.342
,115c87f7b5,2026-07-23T13:49:03,,test_wallet_activity_tab_loading_time[wallet_load_user],test_wallet_activity_tab_ram_wallet_load,passed,730.248,827.266,772.832,5,"730.248,745.795,780.371,780.48,827.266"
,0c1c2b0287,2026-07-24T05:26:18,,test_wallet_activity_tab_first_open_loading_time[wallet_load_alex_user],test_wallet_activity_tab_first_open_ram_wallet_load_alex,passed,711.986,711.986,711.986,1,711.986
,0c1c2b0287,2026-07-24T05:26:18,,test_wallet_activity_tab_loading_time[wallet_load_alex_user],test_wallet_activity_tab_ram_wallet_load_alex,passed,733.822,855.662,797.427,5,"733.822,744.412,855.662,844.217,809.023"
,0c1c2b0287,2026-07-24T05:26:18,,test_wallet_account_open_loading_time[wallet_load_alex_user],test_wallet_account_first_open_ram_wallet_load_alex,passed,718.541,718.541,718.541,1,718.541
,0c1c2b0287,2026-07-24T05:26:18,,test_wallet_receive_first_open_loading_time[fresh_user],test_wallet_receive_first_open_ram_fresh,passed,660.102,660.102,660.102,1,660.102
,0c1c2b0287,2026-07-24T05:26:18,,test_wallet_receive_loading_time[fresh_user],test_wallet_receive_ram_fresh,passed,699.061,733.566,719.37,5,"699.061,730.711,711.277,722.232,733.566"
,0c1c2b0287,2026-07-24T05:26:18,,test_wallet_first_open_loading_time[wallet_load_user],test_wallet_first_open_ram_wallet_load,passed,694.395,694.395,694.395,1,694.395
,0c1c2b0287,2026-07-24T05:26:18,,test_wallet_repeat_open_loading_time[wallet_load_user],test_wallet_repeat_open_ram_wallet_load,passed,740.939,913.104,862.766,5,"740.939,913.104,906.5,877.514,875.773"
,0c1c2b0287,2026-07-24T05:26:18,,test_status_community_first_open_loading_time[user_data0-user_account0],test_status_community_first_open_ram_member,passed,736.958,736.958,736.958,1,736.958
,0c1c2b0287,2026-07-24T05:26:18,,test_wallet_account_open_loading_time[fresh_user],test_wallet_account_first_open_ram_fresh,passed,729.945,729.945,729.945,1,729.945
,0c1c2b0287,2026-07-24T05:26:18,,test_wallet_assets_tab_loading_time[fresh_user],test_wallet_assets_tab_ram_fresh,passed,686.727,764.475,724.35,5,"686.727,713.125,713.197,744.225,764.475"
,0c1c2b0287,2026-07-24T05:26:18,,test_wallet_swap_first_open_loading_time[fresh_user],test_wallet_swap_first_open_ram_fresh,passed,718.06,718.06,718.06,1,718.06
,0c1c2b0287,2026-07-24T05:26:18,,test_wallet_swap_loading_time[fresh_user],test_wallet_swap_ram_fresh,passed,706.492,749.643,727.971,5,"706.492,727.861,724.523,749.643,731.336"
,0c1c2b0287,2026-07-24T05:26:18,,test_wallet_receive_first_open_loading_time[wallet_load_user],test_wallet_receive_first_open_ram_wallet_load,passed,693.186,693.186,693.186,1,693.186
,0c1c2b0287,2026-07-24T05:26:18,,test_wallet_receive_loading_time[wallet_load_user],test_wallet_receive_ram_wallet_load,passed,694.277,739.537,720.854,5,"694.277,695.838,735.213,739.537,739.402"
,0c1c2b0287,2026-07-24T05:26:18,,test_wallet_receive_first_open_loading_time[wallet_load_alex_user],test_wallet_receive_first_open_ram_wallet_load_alex,passed,703.914,703.914,703.914,1,703.914
,0c1c2b0287,2026-07-24T05:26:18,,test_wallet_receive_loading_time[wallet_load_alex_user],test_wallet_receive_ram_wallet_load_alex,passed,706.752,806.932,747.104,5,"706.752,707.359,751.346,763.131,806.932"
,0c1c2b0287,2026-07-24T05:26:18,,test_wallet_add_account_first_open_loading_time[wallet_load_user],test_wallet_add_account_first_open_ram_wallet_load,passed,750.586,750.586,750.586,1,750.586
,0c1c2b0287,2026-07-24T05:26:18,,test_wallet_add_account_loading_time[wallet_load_user],test_wallet_add_account_ram_wallet_load,passed,739.426,815.346,763.051,5,"739.426,742.85,744.902,772.73,815.346"
,0c1c2b0287,2026-07-24T05:26:18,,test_wallet_send_first_open_loading_time[wallet_load_alex_user],test_wallet_send_first_open_ram_wallet_load_alex,passed,774.716,774.716,774.716,1,774.716
,0c1c2b0287,2026-07-24T05:26:18,,test_wallet_send_loading_time[wallet_load_alex_user],test_wallet_send_ram_wallet_load_alex,passed,801.086,910.477,866.75,5,"801.086,854.951,910.477,904.564,862.67"
,0c1c2b0287,2026-07-24T05:26:18,,test_wallet_send_first_open_loading_time[wallet_load_user],test_wallet_send_first_open_ram_wallet_load,passed,743.812,743.812,743.812,1,743.812
,0c1c2b0287,2026-07-24T05:26:18,,test_wallet_send_loading_time[wallet_load_user],test_wallet_send_ram_wallet_load,passed,760.115,850.959,799.352,5,"760.115,775.609,795.434,850.959,814.641"
,0c1c2b0287,2026-07-24T05:26:18,,test_wallet_send_first_open_loading_time[fresh_user],test_wallet_send_first_open_ram_fresh,passed,678.35,678.35,678.35,1,678.35
,0c1c2b0287,2026-07-24T05:26:18,,test_wallet_send_loading_time[fresh_user],test_wallet_send_ram_fresh,passed,694.915,748.016,713.959,5,"694.915,711.793,712.311,748.016,702.76"
,0c1c2b0287,2026-07-24T05:26:18,,test_wallet_swap_first_open_loading_time[wallet_load_user],test_wallet_swap_first_open_ram_wallet_load,passed,718.368,718.368,718.368,1,718.368
,0c1c2b0287,2026-07-24T05:26:18,,test_wallet_swap_loading_time[wallet_load_user],test_wallet_swap_ram_wallet_load,passed,741.551,835.74,798.479,5,"741.551,791.807,795.812,835.74,827.486"
,0c1c2b0287,2026-07-24T05:26:18,,test_wallet_activity_tab_first_open_loading_time[fresh_user],test_wallet_activity_tab_first_open_ram_fresh,passed,754.621,754.621,754.621,1,754.621
,0c1c2b0287,2026-07-24T05:26:18,,test_wallet_activity_tab_loading_time[fresh_user],test_wallet_activity_tab_ram_fresh,passed,758.859,760.457,759.895,5,"758.859,759.941,760.098,760.121,760.457"
,0c1c2b0287,2026-07-24T05:26:18,,test_wallet_repeat_open_loading_time[fresh_user],test_wallet_repeat_open_ram_fresh,passed,776.5,837.668,810.754,5,"776.5,806.918,837.668,823.658,809.023"
,0c1c2b0287,2026-07-24T05:26:18,,test_status_community_second_open_loading_time[user_data0-user_account0],test_status_community_second_open_ram_member,passed,786.4,832.746,811.766,5,"786.4,788.897,832.746,819.341,831.448"
,0c1c2b0287,2026-07-24T05:26:18,,test_wallet_repeat_open_loading_time[wallet_load_alex_user],test_wallet_repeat_open_ram_wallet_load_alex,passed,873.877,963.828,925.202,5,"873.877,897.539,944.6,963.828,946.166"
,0c1c2b0287,2026-07-24T05:26:18,,test_wallet_collectibles_tab_first_open_loading_time[wallet_load_user],test_wallet_collectibles_tab_first_open_ram_wallet_load,passed,1434.58,1434.58,1434.58,1,1434.58
,0c1c2b0287,2026-07-24T05:26:18,,test_wallet_collectibles_tab_loading_time[wallet_load_user],test_wallet_collectibles_tab_ram_wallet_load,passed,1162.507,1258.385,1200.495,5,"1213.686,1162.507,1176.841,1191.057,1258.385"
,0c1c2b0287,2026-07-24T05:26:18,,test_wallet_account_open_loading_time[wallet_load_user],test_wallet_account_first_open_ram_wallet_load,passed,683.592,683.592,683.592,1,683.592
,0c1c2b0287,2026-07-24T05:26:18,,test_wallet_assets_tab_loading_time[wallet_load_user],test_wallet_assets_tab_ram_wallet_load,passed,869.988,1214.835,1130.951,5,"869.988,1203.457,1214.008,1214.835,1152.467"
,0c1c2b0287,2026-07-24T05:26:18,,test_wallet_add_account_first_open_loading_time[fresh_user],test_wallet_add_account_first_open_ram_fresh,passed,664.126,664.126,664.126,1,664.126
,0c1c2b0287,2026-07-24T05:26:18,,test_wallet_add_account_loading_time[fresh_user],test_wallet_add_account_ram_fresh,passed,665.088,730.713,698.269,5,"665.088,695.188,714.014,686.344,730.713"
,0c1c2b0287,2026-07-24T05:26:18,,test_wallet_collectibles_tab_first_open_loading_time[fresh_user],test_wallet_collectibles_tab_first_open_ram_fresh,passed,762.359,762.359,762.359,1,762.359
,0c1c2b0287,2026-07-24T05:26:18,,test_wallet_collectibles_tab_loading_time[fresh_user],test_wallet_collectibles_tab_ram_fresh,passed,723.066,725.867,724.616,5,"723.066,724.504,725.496,724.148,725.867"
,0c1c2b0287,2026-07-24T05:26:18,,test_wallet_first_open_loading_time[wallet_load_alex_user],test_wallet_first_open_ram_wallet_load_alex,passed,741.84,741.84,741.84,1,741.84
,0c1c2b0287,2026-07-24T05:26:18,,test_wallet_assets_tab_loading_time[wallet_load_alex_user],test_wallet_assets_tab_ram_wallet_load_alex,passed,1239.802,1445.28,1324.933,5,"1242.81,1239.802,1335.924,1360.85,1445.28"
,0c1c2b0287,2026-07-24T05:26:18,,test_wallet_swap_first_open_loading_time[wallet_load_alex_user],test_wallet_swap_first_open_ram_wallet_load_alex,passed,756.399,756.399,756.399,1,756.399
,0c1c2b0287,2026-07-24T05:26:18,,test_wallet_swap_loading_time[wallet_load_alex_user],test_wallet_swap_ram_wallet_load_alex,passed,772.824,861.775,830.649,5,"772.824,825.893,839.041,853.713,861.775"
,0c1c2b0287,2026-07-24T05:26:18,,test_wallet_add_account_first_open_loading_time[wallet_load_alex_user],test_wallet_add_account_first_open_ram_wallet_load_alex,passed,722.378,722.378,722.378,1,722.378
,0c1c2b0287,2026-07-24T05:26:18,,test_wallet_add_account_loading_time[wallet_load_alex_user],test_wallet_add_account_ram_wallet_load_alex,passed,717.756,827.346,761.164,5,"717.756,720.34,762.037,778.34,827.346"
,0c1c2b0287,2026-07-24T05:26:18,,test_wallet_activity_tab_first_open_loading_time[wallet_load_user],test_wallet_activity_tab_first_open_ram_wallet_load,passed,703.525,703.525,703.525,1,703.525
,0c1c2b0287,2026-07-24T05:26:18,,test_wallet_activity_tab_loading_time[wallet_load_user],test_wallet_activity_tab_ram_wallet_load,passed,734.117,854.867,784.58,5,"734.117,754.412,776.615,854.867,802.887"
,0c1c2b0287,2026-07-24T05:26:18,,test_wallet_collectibles_tab_first_open_loading_time[wallet_load_alex_user],test_wallet_collectibles_tab_first_open_ram_wallet_load_alex,passed,3117.587,3117.587,3117.587,1,3117.587
,0c1c2b0287,2026-07-24T05:26:18,,test_wallet_collectibles_tab_loading_time[wallet_load_alex_user],test_wallet_collectibles_tab_ram_wallet_load_alex,passed,1147.057,1926.956,1588.65,5,"1147.057,1898.438,1796.728,1926.956,1174.072"
,0c1c2b0287,2026-07-24T05:26:18,,test_wallet_first_open_loading_time[fresh_user],test_wallet_first_open_ram_fresh,passed,672.094,672.094,672.094,1,672.094
,0b7c6c3241,2026-07-27T16:22:31,,test_wallet_receive_first_open_loading_time[wallet_load_user],test_wallet_receive_first_open_ram_wallet_load,passed,695.088,695.088,695.088,1,695.088
,0b7c6c3241,2026-07-27T16:22:31,,test_wallet_receive_loading_time[wallet_load_user],test_wallet_receive_ram_wallet_load,passed,696.391,742.533,711.07,5,"696.391,697.18,698.049,721.199,742.533"
,0b7c6c3241,2026-07-27T16:22:31,,test_wallet_send_first_open_loading_time[wallet_load_alex_user],test_wallet_send_first_open_ram_wallet_load_alex,passed,770.471,770.471,770.471,1,770.471
,0b7c6c3241,2026-07-27T16:22:31,,test_wallet_send_loading_time[wallet_load_alex_user],test_wallet_send_ram_wallet_load_alex,passed,784.918,866.666,833.334,5,"784.918,792.475,856.293,866.666,866.318"
,0b7c6c3241,2026-07-27T16:22:31,,test_wallet_account_open_loading_time[wallet_load_user],test_wallet_account_first_open_ram_wallet_load,passed,683.768,683.768,683.768,1,683.768
,0b7c6c3241,2026-07-27T16:22:31,,test_status_community_first_open_loading_time[user_data0-user_account0],test_status_community_first_open_ram_member,passed,723.367,723.367,723.367,1,723.367
,0b7c6c3241,2026-07-27T16:22:31,,test_wallet_first_open_loading_time[wallet_load_alex_user],test_wallet_first_open_ram_wallet_load_alex,passed,736.984,736.984,736.984,1,736.984
,0b7c6c3241,2026-07-27T16:22:31,,test_wallet_repeat_open_loading_time[wallet_load_user],test_wallet_repeat_open_ram_wallet_load,passed,722.234,900.811,852.977,5,"722.234,865.045,900.811,888.092,888.705"
,0b7c6c3241,2026-07-27T16:22:31,,test_wallet_send_first_open_loading_time[wallet_load_user],test_wallet_send_first_open_ram_wallet_load,passed,709.688,709.688,709.688,1,709.688
,0b7c6c3241,2026-07-27T16:22:31,,test_wallet_send_loading_time[wallet_load_user],test_wallet_send_ram_wallet_load,passed,725.99,786.463,753.529,5,"725.99,728.725,755.322,771.143,786.463"
,0b7c6c3241,2026-07-27T16:22:31,,test_wallet_swap_first_open_loading_time[fresh_user],test_wallet_swap_first_open_ram_fresh,passed,785.287,785.287,785.287,1,785.287
,0b7c6c3241,2026-07-27T16:22:31,,test_wallet_swap_loading_time[fresh_user],test_wallet_swap_ram_fresh,passed,775.094,788.32,783.416,5,"785.473,781.096,787.098,788.32,775.094"
,0b7c6c3241,2026-07-27T16:22:31,,test_wallet_activity_tab_first_open_loading_time[wallet_load_user],test_wallet_activity_tab_first_open_ram_wallet_load,passed,707.084,707.084,707.084,1,707.084
,0b7c6c3241,2026-07-27T16:22:31,,test_wallet_activity_tab_loading_time[wallet_load_user],test_wallet_activity_tab_ram_wallet_load,passed,728.908,789.639,759.264,5,"728.908,740.488,754.34,789.639,782.943"
,0b7c6c3241,2026-07-27T16:22:31,,test_wallet_collectibles_tab_first_open_loading_time[wallet_load_alex_user],test_wallet_collectibles_tab_first_open_ram_wallet_load_alex,passed,2466.559,2466.559,2466.559,1,2466.559
,0b7c6c3241,2026-07-27T16:22:31,,test_wallet_collectibles_tab_loading_time[wallet_load_alex_user],test_wallet_collectibles_tab_ram_wallet_load_alex,passed,1107.74,2006.708,1609.463,5,"1107.74,1195.684,2006.708,1829.148,1908.034"
,0b7c6c3241,2026-07-27T16:22:31,,test_wallet_assets_tab_loading_time[fresh_user],test_wallet_assets_tab_ram_fresh,passed,680.875,762.172,719.227,5,"680.875,691.498,706.615,754.973,762.172"
,0b7c6c3241,2026-07-27T16:22:31,,test_wallet_add_account_first_open_loading_time[wallet_load_user],test_wallet_add_account_first_open_ram_wallet_load,passed,713.039,713.039,713.039,1,713.039
,0b7c6c3241,2026-07-27T16:22:31,,test_wallet_add_account_loading_time[wallet_load_user],test_wallet_add_account_ram_wallet_load,passed,722.77,762.152,739.559,5,"722.77,729.664,734.143,762.152,749.068"
,0b7c6c3241,2026-07-27T16:22:31,,test_wallet_repeat_open_loading_time[wallet_load_alex_user],test_wallet_repeat_open_ram_wallet_load_alex,passed,779.625,932.73,887.002,5,"779.625,889.303,931.285,902.066,932.73"
,0b7c6c3241,2026-07-27T16:22:31,,test_wallet_activity_tab_first_open_loading_time[wallet_load_alex_user],test_wallet_activity_tab_first_open_ram_wallet_load_alex,passed,737.475,737.475,737.475,1,737.475
,0b7c6c3241,2026-07-27T16:22:31,,test_wallet_activity_tab_loading_time[wallet_load_alex_user],test_wallet_activity_tab_ram_wallet_load_alex,passed,742.723,892.787,794.269,5,"744.225,742.723,789.223,802.389,892.787"
,0b7c6c3241,2026-07-27T16:22:31,,test_wallet_collectibles_tab_first_open_loading_time[fresh_user],test_wallet_collectibles_tab_first_open_ram_fresh,passed,725.09,725.09,725.09,1,725.09
,0b7c6c3241,2026-07-27T16:22:31,,test_wallet_collectibles_tab_loading_time[fresh_user],test_wallet_collectibles_tab_ram_fresh,passed,719.043,722.02,720.659,5,"719.043,719.355,721.191,721.684,722.02"
,0b7c6c3241,2026-07-27T16:22:31,,test_wallet_activity_tab_first_open_loading_time[fresh_user],test_wallet_activity_tab_first_open_ram_fresh,passed,643.172,643.172,643.172,1,643.172
,0b7c6c3241,2026-07-27T16:22:31,,test_wallet_activity_tab_loading_time[fresh_user],test_wallet_activity_tab_ram_fresh,passed,651.369,673.496,668.215,5,"651.369,671.293,671.504,673.414,673.496"
,0b7c6c3241,2026-07-27T16:22:31,,test_wallet_receive_first_open_loading_time[wallet_load_alex_user],test_wallet_receive_first_open_ram_wallet_load_alex,passed,752.986,752.986,752.986,1,752.986
,0b7c6c3241,2026-07-27T16:22:31,,test_wallet_receive_loading_time[wallet_load_alex_user],test_wallet_receive_ram_wallet_load_alex,passed,726.791,819.477,759.507,5,"729.027,726.791,758.547,763.691,819.477"
,0b7c6c3241,2026-07-27T16:22:31,,test_wallet_first_open_loading_time[wallet_load_user],test_wallet_first_open_ram_wallet_load,passed,699.203,699.203,699.203,1,699.203
,0b7c6c3241,2026-07-27T16:22:31,,test_wallet_collectibles_tab_first_open_loading_time[wallet_load_user],test_wallet_collectibles_tab_first_open_ram_wallet_load,passed,1420.228,1420.228,1420.228,1,1420.228
,0b7c6c3241,2026-07-27T16:22:31,,test_wallet_collectibles_tab_loading_time[wallet_load_user],test_wallet_collectibles_tab_ram_wallet_load,passed,986.859,1180.892,1092.168,5,"1056.537,1149.364,1087.189,986.859,1180.892"
,0b7c6c3241,2026-07-27T16:22:31,,test_wallet_swap_first_open_loading_time[wallet_load_user],test_wallet_swap_first_open_ram_wallet_load,passed,750.199,750.199,750.199,1,750.199
,0b7c6c3241,2026-07-27T16:22:31,,test_wallet_swap_loading_time[wallet_load_user],test_wallet_swap_ram_wallet_load,passed,753.26,858.744,787.862,5,"753.26,760.34,783.307,783.658,858.744"
,0b7c6c3241,2026-07-27T16:22:31,,test_wallet_first_open_loading_time[fresh_user],test_wallet_first_open_ram_fresh,passed,718.5,718.5,718.5,1,718.5
,0b7c6c3241,2026-07-27T16:22:31,,test_wallet_receive_first_open_loading_time[fresh_user],test_wallet_receive_first_open_ram_fresh,passed,711.119,711.119,711.119,1,711.119
,0b7c6c3241,2026-07-27T16:22:31,,test_wallet_receive_loading_time[fresh_user],test_wallet_receive_ram_fresh,passed,697.58,734.713,720.369,5,"713.746,734.674,734.713,721.131,697.58"
,0b7c6c3241,2026-07-27T16:22:31,,test_wallet_add_account_first_open_loading_time[wallet_load_alex_user],test_wallet_add_account_first_open_ram_wallet_load_alex,passed,742.727,742.727,742.727,1,742.727
,0b7c6c3241,2026-07-27T16:22:31,,test_wallet_add_account_loading_time[wallet_load_alex_user],test_wallet_add_account_ram_wallet_load_alex,passed,748.617,843.129,776.372,5,"748.617,748.84,766.311,774.965,843.129"
,0b7c6c3241,2026-07-27T16:22:31,,test_wallet_send_first_open_loading_time[fresh_user],test_wallet_send_first_open_ram_fresh,passed,681.453,681.453,681.453,1,681.453
,0b7c6c3241,2026-07-27T16:22:31,,test_wallet_send_loading_time[fresh_user],test_wallet_send_ram_fresh,passed,693.35,732.238,713.843,5,"693.35,718.143,732.238,724.453,701.029"
,0b7c6c3241,2026-07-27T16:22:31,,test_wallet_account_open_loading_time[fresh_user],test_wallet_account_first_open_ram_fresh,passed,762.52,762.52,762.52,1,762.52
,0b7c6c3241,2026-07-27T16:22:31,,test_wallet_repeat_open_loading_time[fresh_user],test_wallet_repeat_open_ram_fresh,passed,708.107,845.277,802.846,5,"708.107,785.488,845.277,834.861,840.496"
,0b7c6c3241,2026-07-27T16:22:31,,test_status_community_second_open_loading_time[user_data0-user_account0],test_status_community_second_open_ram_member,passed,794.891,860.521,822.236,5,"800.76,794.891,808.573,846.434,860.521"
,0b7c6c3241,2026-07-27T16:22:31,,test_wallet_add_account_first_open_loading_time[fresh_user],test_wallet_add_account_first_open_ram_fresh,passed,792.795,792.795,792.795,1,792.795
,0b7c6c3241,2026-07-27T16:22:31,,test_wallet_add_account_loading_time[fresh_user],test_wallet_add_account_ram_fresh,passed,751.883,794.168,780.439,5,"793.906,794.168,787.721,774.518,751.883"
,0b7c6c3241,2026-07-27T16:22:31,,test_wallet_assets_tab_loading_time[wallet_load_alex_user],test_wallet_assets_tab_ram_wallet_load_alex,passed,1008.357,1392.342,1237.911,5,"1008.357,1151.409,1248.828,1392.342,1388.62"
,0b7c6c3241,2026-07-27T16:22:31,,test_wallet_assets_tab_loading_time[wallet_load_user],test_wallet_assets_tab_ram_wallet_load,passed,903.4,1124.771,1050.232,5,"903.4,1095.36,1050.612,1077.016,1124.771"
,0b7c6c3241,2026-07-27T16:22:31,,test_wallet_account_open_loading_time[wallet_load_alex_user],test_wallet_account_first_open_ram_wallet_load_alex,passed,712.264,712.264,712.264,1,712.264
,0b7c6c3241,2026-07-27T16:22:31,,test_wallet_swap_first_open_loading_time[wallet_load_alex_user],test_wallet_swap_first_open_ram_wallet_load_alex,passed,736.523,736.523,736.523,1,736.523
,0b7c6c3241,2026-07-27T16:22:31,,test_wallet_swap_loading_time[wallet_load_alex_user],test_wallet_swap_ram_wallet_load_alex,passed,757.207,889.477,799.795,5,"769.102,757.207,785.207,797.984,889.477"
,cf137ac677,2026-07-28T05:35:30,,test_wallet_receive_first_open_loading_time[wallet_load_alex_user],test_wallet_receive_first_open_ram_wallet_load_alex,passed,704.466,704.466,704.466,1,704.466
,cf137ac677,2026-07-28T05:35:30,,test_wallet_receive_loading_time[wallet_load_alex_user],test_wallet_receive_ram_wallet_load_alex,passed,704.93,777.529,737.726,5,"704.93,705.711,739.109,761.35,777.529"
,cf137ac677,2026-07-28T05:35:30,,test_wallet_collectibles_tab_first_open_loading_time[fresh_user],test_wallet_collectibles_tab_first_open_ram_fresh,passed,708.281,708.281,708.281,1,708.281
,cf137ac677,2026-07-28T05:35:30,,test_wallet_collectibles_tab_loading_time[fresh_user],test_wallet_collectibles_tab_ram_fresh,passed,742.18,759.504,749.285,5,"755.566,759.504,742.18,744.359,744.816"
,cf137ac677,2026-07-28T05:35:30,,test_wallet_send_first_open_loading_time[fresh_user],test_wallet_send_first_open_ram_fresh,passed,740.709,740.709,740.709,1,740.709
,cf137ac677,2026-07-28T05:35:30,,test_wallet_send_loading_time[fresh_user],test_wallet_send_ram_fresh,passed,743.604,762.898,749.801,5,"744.76,744.961,762.898,752.783,743.604"
,cf137ac677,2026-07-28T05:35:30,,test_wallet_receive_first_open_loading_time[wallet_load_user],test_wallet_receive_first_open_ram_wallet_load,passed,686.186,686.186,686.186,1,686.186
,cf137ac677,2026-07-28T05:35:30,,test_wallet_receive_loading_time[wallet_load_user],test_wallet_receive_ram_wallet_load,passed,683.811,710.465,695.714,5,"689.596,683.811,686.172,708.527,710.465"
,cf137ac677,2026-07-28T05:35:30,,test_wallet_account_open_loading_time[fresh_user],test_wallet_account_first_open_ram_fresh,passed,723.746,723.746,723.746,1,723.746
,cf137ac677,2026-07-28T05:35:30,,test_wallet_send_first_open_loading_time[wallet_load_alex_user],test_wallet_send_first_open_ram_wallet_load_alex,passed,745.355,745.355,745.355,1,745.355
,cf137ac677,2026-07-28T05:35:30,,test_wallet_send_loading_time[wallet_load_alex_user],test_wallet_send_ram_wallet_load_alex,passed,746.471,844.369,799.983,5,"746.471,776.588,807.602,844.369,824.887"
,cf137ac677,2026-07-28T05:35:30,,test_status_community_second_open_loading_time[user_data0-user_account0],test_status_community_second_open_ram_member,passed,763.51,849.728,807.801,5,"763.51,788.286,811.111,826.368,849.728"
,cf137ac677,2026-07-28T05:35:30,,test_wallet_assets_tab_loading_time[wallet_load_user],test_wallet_assets_tab_ram_wallet_load,passed,938.289,1143.202,1062.089,5,"938.289,1069.315,1073.992,1085.645,1143.202"
,cf137ac677,2026-07-28T05:35:30,,test_status_community_first_open_loading_time[user_data0-user_account0],test_status_community_first_open_ram_member,passed,758.25,758.25,758.25,1,758.25
,cf137ac677,2026-07-28T05:35:30,,test_wallet_repeat_open_loading_time[fresh_user],test_wallet_repeat_open_ram_fresh,passed,719.875,762.061,742.222,5,"725.137,754.885,719.875,749.154,762.061"
,cf137ac677,2026-07-28T05:35:30,,test_wallet_assets_tab_loading_time[fresh_user],test_wallet_assets_tab_ram_fresh,passed,698.465,754.43,726.022,5,"698.465,700.223,731.84,745.152,754.43"
,cf137ac677,2026-07-28T05:35:30,,test_wallet_receive_first_open_loading_time[fresh_user],test_wallet_receive_first_open_ram_fresh,passed,665.816,665.816,665.816,1,665.816
,cf137ac677,2026-07-28T05:35:30,,test_wallet_receive_loading_time[fresh_user],test_wallet_receive_ram_fresh,passed,666.133,695.598,679.679,5,"667.904,666.133,695.531,695.598,673.229"
,cf137ac677,2026-07-28T05:35:30,,test_wallet_add_account_first_open_loading_time[fresh_user],test_wallet_add_account_first_open_ram_fresh,passed,662.824,662.824,662.824,1,662.824
,cf137ac677,2026-07-28T05:35:30,,test_wallet_add_account_loading_time[fresh_user],test_wallet_add_account_ram_fresh,passed,707.887,731.404,722.352,5,"707.887,725.301,720.701,726.469,731.404"
,cf137ac677,2026-07-28T05:35:30,,test_wallet_activity_tab_first_open_loading_time[wallet_load_alex_user],test_wallet_activity_tab_first_open_ram_wallet_load_alex,passed,748.787,748.787,748.787,1,748.787
,cf137ac677,2026-07-28T05:35:30,,test_wallet_activity_tab_loading_time[wallet_load_alex_user],test_wallet_activity_tab_ram_wallet_load_alex,passed,731.385,784.174,747.591,5,"751.514,731.385,734.998,735.887,784.174"
,cf137ac677,2026-07-28T05:35:30,,test_wallet_repeat_open_loading_time[wallet_load_alex_user],test_wallet_repeat_open_ram_wallet_load_alex,passed,747.938,917.779,870.275,5,"747.938,868.648,909.615,917.779,907.396"
,cf137ac677,2026-07-28T05:35:30,,test_wallet_add_account_first_open_loading_time[wallet_load_alex_user],test_wallet_add_account_first_open_ram_wallet_load_alex,passed,734.787,734.787,734.787,1,734.787
,cf137ac677,2026-07-28T05:35:30,,test_wallet_add_account_loading_time[wallet_load_alex_user],test_wallet_add_account_ram_wallet_load_alex,passed,736.285,785.92,758.814,5,"736.285,739.539,747.771,784.555,785.92"
,cf137ac677,2026-07-28T05:35:30,,test_wallet_account_open_loading_time[wallet_load_user],test_wallet_account_first_open_ram_wallet_load,passed,670.709,670.709,670.709,1,670.709
,cf137ac677,2026-07-28T05:35:30,,test_wallet_swap_first_open_loading_time[wallet_load_alex_user],test_wallet_swap_first_open_ram_wallet_load_alex,passed,761.982,761.982,761.982,1,761.982
,cf137ac677,2026-07-28T05:35:30,,test_wallet_swap_loading_time[wallet_load_alex_user],test_wallet_swap_ram_wallet_load_alex,passed,751.785,854.785,804.422,5,"761.41,751.785,817.623,854.785,836.506"
,cf137ac677,2026-07-28T05:35:30,,test_wallet_collectibles_tab_first_open_loading_time[wallet_load_user],test_wallet_collectibles_tab_first_open_ram_wallet_load,passed,1441.634,1441.634,1441.634,1,1441.634
,cf137ac677,2026-07-28T05:35:30,,test_wallet_collectibles_tab_loading_time[wallet_load_user],test_wallet_collectibles_tab_ram_wallet_load,passed,989.938,1368.764,1165.188,5,"1000.672,989.938,1104.882,1361.682,1368.764"
,cf137ac677,2026-07-28T05:35:30,,test_wallet_swap_first_open_loading_time[fresh_user],test_wallet_swap_first_open_ram_fresh,passed,698.134,698.134,698.134,1,698.134
,cf137ac677,2026-07-28T05:35:30,,test_wallet_swap_loading_time[fresh_user],test_wallet_swap_ram_fresh,passed,736.68,820.939,779.435,5,"736.68,783.014,776.219,780.322,820.939"
,cf137ac677,2026-07-28T05:35:30,,test_wallet_activity_tab_first_open_loading_time[fresh_user],test_wallet_activity_tab_first_open_ram_fresh,passed,686.738,686.738,686.738,1,686.738
,cf137ac677,2026-07-28T05:35:30,,test_wallet_activity_tab_loading_time[fresh_user],test_wallet_activity_tab_ram_fresh,passed,690.961,691.727,691.228,5,"691.727,690.961,691.117,691.152,691.184"
,cf137ac677,2026-07-28T05:35:30,,test_wallet_repeat_open_loading_time[wallet_load_user],test_wallet_repeat_open_ram_wallet_load,passed,758.918,919.348,875.655,5,"758.918,884.369,919.348,908.244,907.395"
,cf137ac677,2026-07-28T05:35:30,,test_wallet_first_open_loading_time[fresh_user],test_wallet_first_open_ram_fresh,passed,667.523,667.523,667.523,1,667.523
,cf137ac677,2026-07-28T05:35:30,,test_wallet_assets_tab_loading_time[wallet_load_alex_user],test_wallet_assets_tab_ram_wallet_load_alex,passed,1243.07,1610.409,1495.231,5,"1243.07,1539.099,1534.351,1549.226,1610.409"
,cf137ac677,2026-07-28T05:35:30,,test_wallet_activity_tab_first_open_loading_time[wallet_load_user],test_wallet_activity_tab_first_open_ram_wallet_load,passed,688.623,688.623,688.623,1,688.623
,cf137ac677,2026-07-28T05:35:30,,test_wallet_activity_tab_loading_time[wallet_load_user],test_wallet_activity_tab_ram_wallet_load,passed,714.227,772.686,742.579,5,"714.227,722.379,734.186,769.418,772.686"
,cf137ac677,2026-07-28T05:35:30,,test_wallet_first_open_loading_time[wallet_load_user],test_wallet_first_open_ram_wallet_load,passed,708.234,708.234,708.234,1,708.234
,cf137ac677,2026-07-28T05:35:30,,test_wallet_account_open_loading_time[wallet_load_alex_user],test_wallet_account_first_open_ram_wallet_load_alex,passed,717.719,717.719,717.719,1,717.719
,cf137ac677,2026-07-28T05:35:30,,test_wallet_send_first_open_loading_time[wallet_load_user],test_wallet_send_first_open_ram_wallet_load,passed,707.199,707.199,707.199,1,707.199
,cf137ac677,2026-07-28T05:35:30,,test_wallet_send_loading_time[wallet_load_user],test_wallet_send_ram_wallet_load,passed,712.488,763.535,742.011,5,"712.488,717.668,754.373,761.988,763.535"
,cf137ac677,2026-07-28T05:35:30,,test_wallet_add_account_first_open_loading_time[wallet_load_user],test_wallet_add_account_first_open_ram_wallet_load,passed,755.197,755.197,755.197,1,755.197
,cf137ac677,2026-07-28T05:35:30,,test_wallet_add_account_loading_time[wallet_load_user],test_wallet_add_account_ram_wallet_load,passed,721.254,773.785,743.928,5,"721.254,726.764,733.246,764.592,773.785"
,cf137ac677,2026-07-28T05:35:30,,test_wallet_first_open_loading_time[wallet_load_alex_user],test_wallet_first_open_ram_wallet_load_alex,passed,738.785,738.785,738.785,1,738.785
,cf137ac677,2026-07-28T05:35:30,,test_wallet_swap_first_open_loading_time[wallet_load_user],test_wallet_swap_first_open_ram_wallet_load,passed,775.827,775.827,775.827,1,775.827
,cf137ac677,2026-07-28T05:35:30,,test_wallet_swap_loading_time[wallet_load_user],test_wallet_swap_ram_wallet_load,passed,755.186,851.475,789.155,5,"764.795,755.186,769.926,804.395,851.475"
,8b23a3fe3d,2026-07-29T04:47:11,,test_wallet_repeat_open_loading_time[wallet_load_alex_user],test_wallet_repeat_open_ram_wallet_load_alex,passed,838.443,973.332,905.643,5,"838.443,916.244,913.637,973.332,886.559"
,8b23a3fe3d,2026-07-29T04:47:11,,test_wallet_receive_first_open_loading_time[wallet_load_alex_user],test_wallet_receive_first_open_ram_wallet_load_alex,passed,730.826,730.826,730.826,1,730.826
,8b23a3fe3d,2026-07-29T04:47:11,,test_wallet_receive_loading_time[wallet_load_alex_user],test_wallet_receive_ram_wallet_load_alex,passed,736.955,841.334,767.064,5,"736.955,738.0,738.867,780.166,841.334"
,8b23a3fe3d,2026-07-29T04:47:11,,test_status_community_first_open_loading_time[user_data0-user_account0],test_status_community_first_open_ram_member,passed,742.999,742.999,742.999,1,742.999
,8b23a3fe3d,2026-07-29T04:47:11,,test_wallet_send_first_open_loading_time[wallet_load_alex_user],test_wallet_send_first_open_ram_wallet_load_alex,passed,766.102,766.102,766.102,1,766.102
,8b23a3fe3d,2026-07-29T04:47:11,,test_wallet_send_loading_time[wallet_load_alex_user],test_wallet_send_ram_wallet_load_alex,passed,771.572,870.738,810.58,5,"771.572,778.48,791.635,870.738,840.475"
,8b23a3fe3d,2026-07-29T04:47:11,,test_wallet_assets_tab_loading_time[wallet_load_user],test_wallet_assets_tab_ram_wallet_load,passed,810.851,1194.771,1054.997,5,"810.851,1056.785,1194.771,1130.928,1081.648"
,8b23a3fe3d,2026-07-29T04:47:11,,test_wallet_add_account_first_open_loading_time[fresh_user],test_wallet_add_account_first_open_ram_fresh,passed,660.691,660.691,660.691,1,660.691
,8b23a3fe3d,2026-07-29T04:47:11,,test_wallet_add_account_loading_time[fresh_user],test_wallet_add_account_ram_fresh,passed,662.424,748.379,690.638,5,"662.424,662.943,672.922,748.379,706.52"
,8b23a3fe3d,2026-07-29T04:47:11,,test_wallet_account_open_loading_time[fresh_user],test_wallet_account_first_open_ram_fresh,passed,757.816,757.816,757.816,1,757.816
,8b23a3fe3d,2026-07-29T04:47:11,,test_wallet_first_open_loading_time[fresh_user],test_wallet_first_open_ram_fresh,passed,724.734,724.734,724.734,1,724.734
,8b23a3fe3d,2026-07-29T04:47:11,,test_wallet_repeat_open_loading_time[wallet_load_user],test_wallet_repeat_open_ram_wallet_load,passed,811.73,929.119,891.051,5,"811.73,876.371,929.119,914.215,923.818"
,8b23a3fe3d,2026-07-29T04:47:11,,test_wallet_swap_first_open_loading_time[fresh_user],test_wallet_swap_first_open_ram_fresh,passed,816.266,816.266,816.266,1,816.266
,8b23a3fe3d,2026-07-29T04:47:11,,test_wallet_swap_loading_time[fresh_user],test_wallet_swap_ram_fresh,passed,781.082,811.712,799.997,5,"781.082,794.779,811.712,801.07,811.342"
,8b23a3fe3d,2026-07-29T04:47:11,,test_wallet_send_first_open_loading_time[fresh_user],test_wallet_send_first_open_ram_fresh,passed,659.227,659.227,659.227,1,659.227
,8b23a3fe3d,2026-07-29T04:47:11,,test_wallet_send_loading_time[fresh_user],test_wallet_send_ram_fresh,passed,661.055,779.472,705.693,5,"661.055,671.309,779.472,711.031,705.598"
,8b23a3fe3d,2026-07-29T04:47:11,,test_wallet_activity_tab_first_open_loading_time[fresh_user],test_wallet_activity_tab_first_open_ram_fresh,passed,730.57,730.57,730.57,1,730.57
,8b23a3fe3d,2026-07-29T04:47:11,,test_wallet_activity_tab_loading_time[fresh_user],test_wallet_activity_tab_ram_fresh,passed,733.688,737.035,735.914,5,"733.688,735.051,736.809,736.988,737.035"
,8b23a3fe3d,2026-07-29T04:47:11,,test_wallet_activity_tab_first_open_loading_time[wallet_load_alex_user],test_wallet_activity_tab_first_open_ram_wallet_load_alex,passed,744.285,744.285,744.285,1,744.285
,8b23a3fe3d,2026-07-29T04:47:11,,test_wallet_activity_tab_loading_time[wallet_load_alex_user],test_wallet_activity_tab_ram_wallet_load_alex,passed,743.389,800.531,761.647,5,"768.355,743.389,746.879,749.08,800.531"
,8b23a3fe3d,2026-07-29T04:47:11,,test_wallet_first_open_loading_time[wallet_load_alex_user],test_wallet_first_open_ram_wallet_load_alex,passed,714.879,714.879,714.879,1,714.879
,8b23a3fe3d,2026-07-29T04:47:11,,test_wallet_add_account_first_open_loading_time[wallet_load_alex_user],test_wallet_add_account_first_open_ram_wallet_load_alex,passed,734.504,734.504,734.504,1,734.504
,8b23a3fe3d,2026-07-29T04:47:11,,test_wallet_add_account_loading_time[wallet_load_alex_user],test_wallet_add_account_ram_wallet_load_alex,passed,730.803,854.551,767.83,5,"730.803,737.389,741.025,775.381,854.551"
,8b23a3fe3d,2026-07-29T04:47:11,,test_wallet_account_open_loading_time[wallet_load_user],test_wallet_account_first_open_ram_wallet_load,passed,697.934,697.934,697.934,1,697.934
,8b23a3fe3d,2026-07-29T04:47:11,,test_wallet_collectibles_tab_first_open_loading_time[fresh_user],test_wallet_collectibles_tab_first_open_ram_fresh,passed,764.856,764.856,764.856,1,764.856
,8b23a3fe3d,2026-07-29T04:47:11,,test_wallet_collectibles_tab_loading_time[fresh_user],test_wallet_collectibles_tab_ram_fresh,passed,759.336,760.473,760.145,5,"759.336,760.137,760.348,760.43,760.473"
,8b23a3fe3d,2026-07-29T04:47:11,,test_wallet_swap_first_open_loading_time[wallet_load_user],test_wallet_swap_first_open_ram_wallet_load,passed,702.621,702.621,702.621,1,702.621
,8b23a3fe3d,2026-07-29T04:47:11,,test_wallet_swap_loading_time[wallet_load_user],test_wallet_swap_ram_wallet_load,passed,721.492,854.441,778.209,5,"721.492,739.186,785.312,790.613,854.441"
,8b23a3fe3d,2026-07-29T04:47:11,,test_wallet_account_open_loading_time[wallet_load_alex_user],test_wallet_account_first_open_ram_wallet_load_alex,passed,717.133,717.133,717.133,1,717.133
,8b23a3fe3d,2026-07-29T04:47:11,,test_wallet_receive_first_open_loading_time[fresh_user],test_wallet_receive_first_open_ram_fresh,passed,746.867,746.867,746.867,1,746.867
,8b23a3fe3d,2026-07-29T04:47:11,,test_wallet_receive_loading_time[fresh_user],test_wallet_receive_ram_fresh,passed,742.332,785.332,760.375,5,"749.883,742.332,747.826,776.5,785.332"
,8b23a3fe3d,2026-07-29T04:47:11,,test_wallet_repeat_open_loading_time[fresh_user],test_wallet_repeat_open_ram_fresh,passed,739.912,845.209,794.235,5,"739.912,845.209,776.518,802.141,807.396"
,8b23a3fe3d,2026-07-29T04:47:11,,test_wallet_first_open_loading_time[wallet_load_user],test_wallet_first_open_ram_wallet_load,passed,729.262,729.262,729.262,1,729.262
,8b23a3fe3d,2026-07-29T04:47:11,,test_wallet_assets_tab_loading_time[fresh_user],test_wallet_assets_tab_ram_fresh,passed,729.18,762.008,751.597,5,"729.18,745.922,759.947,762.008,760.928"
,8b23a3fe3d,2026-07-29T04:47:11,,test_wallet_collectibles_tab_first_open_loading_time[wallet_load_alex_user],test_wallet_collectibles_tab_first_open_ram_wallet_load_alex,passed,2984.031,2984.031,2984.031,1,2984.031
,8b23a3fe3d,2026-07-29T04:47:11,,test_wallet_collectibles_tab_loading_time[wallet_load_alex_user],test_wallet_collectibles_tab_ram_wallet_load_alex,passed,1066.049,1253.523,1176.762,5,"1066.049,1148.877,1228.181,1187.177,1253.523"
,8b23a3fe3d,2026-07-29T04:47:11,,test_wallet_add_account_first_open_loading_time[wallet_load_user],test_wallet_add_account_first_open_ram_wallet_load,passed,756.686,756.686,756.686,1,756.686
,8b23a3fe3d,2026-07-29T04:47:11,,test_wallet_add_account_loading_time[wallet_load_user],test_wallet_add_account_ram_wallet_load,passed,739.258,765.236,751.852,5,"739.258,742.385,747.766,764.615,765.236"
,8b23a3fe3d,2026-07-29T04:47:11,,test_wallet_send_first_open_loading_time[wallet_load_user],test_wallet_send_first_open_ram_wallet_load,passed,759.707,759.707,759.707,1,759.707
,8b23a3fe3d,2026-07-29T04:47:11,,test_wallet_send_loading_time[wallet_load_user],test_wallet_send_ram_wallet_load,passed,769.391,826.357,784.049,5,"772.102,774.699,777.697,769.391,826.357"
,8b23a3fe3d,2026-07-29T04:47:11,,test_wallet_assets_tab_loading_time[wallet_load_alex_user],test_wallet_assets_tab_ram_wallet_load_alex,passed,1218.332,1376.795,1281.619,5,"1292.904,1218.332,1291.271,1228.792,1376.795"
,8b23a3fe3d,2026-07-29T04:47:11,,test_wallet_swap_first_open_loading_time[wallet_load_alex_user],test_wallet_swap_first_open_ram_wallet_load_alex,passed,703.473,703.473,703.473,1,703.473
,8b23a3fe3d,2026-07-29T04:47:11,,test_wallet_swap_loading_time[wallet_load_alex_user],test_wallet_swap_ram_wallet_load_alex,passed,736.613,863.09,786.63,5,"736.613,756.822,769.381,807.242,863.09"
,8b23a3fe3d,2026-07-29T04:47:11,,test_wallet_receive_first_open_loading_time[wallet_load_user],test_wallet_receive_first_open_ram_wallet_load,passed,721.34,721.34,721.34,1,721.34
,8b23a3fe3d,2026-07-29T04:47:11,,test_wallet_receive_loading_time[wallet_load_user],test_wallet_receive_ram_wallet_load,passed,724.541,733.643,728.793,5,"724.541,726.061,726.932,732.787,733.643"
,8b23a3fe3d,2026-07-29T04:47:11,,test_wallet_collectibles_tab_first_open_loading_time[wallet_load_user],test_wallet_collectibles_tab_first_open_ram_wallet_load,passed,1407.599,1407.599,1407.599,1,1407.599
,8b23a3fe3d,2026-07-29T04:47:11,,test_wallet_collectibles_tab_loading_time[wallet_load_user],test_wallet_collectibles_tab_ram_wallet_load,passed,1056.473,1321.003,1164.109,5,"1056.473,1133.434,1245.612,1064.023,1321.003"
,8b23a3fe3d,2026-07-29T04:47:11,,test_wallet_activity_tab_first_open_loading_time[wallet_load_user],test_wallet_activity_tab_first_open_ram_wallet_load,passed,699.176,699.176,699.176,1,699.176
,8b23a3fe3d,2026-07-29T04:47:11,,test_wallet_activity_tab_loading_time[wallet_load_user],test_wallet_activity_tab_ram_wallet_load,passed,715.982,803.076,753.861,5,"715.982,727.57,744.514,778.162,803.076"
,8b23a3fe3d,2026-07-29T04:47:11,,test_status_community_second_open_loading_time[user_data0-user_account0],test_status_community_second_open_ram_member,passed,785.099,846.704,819.519,5,"785.099,800.446,823.595,841.752,846.704"
,8762ea257f,2026-07-29T08:45:47,,test_wallet_collectibles_tab_first_open_loading_time[fresh_user],test_wallet_collectibles_tab_first_open_ram_fresh,passed,736.035,736.035,736.035,1,736.035
,8762ea257f,2026-07-29T08:45:47,,test_wallet_collectibles_tab_loading_time[fresh_user],test_wallet_collectibles_tab_ram_fresh,passed,713.707,717.004,715.288,5,"713.707,714.051,715.703,715.977,717.004"
,8762ea257f,2026-07-29T08:45:47,,test_wallet_account_open_loading_time[wallet_load_user],test_wallet_account_first_open_ram_wallet_load,passed,688.922,688.922,688.922,1,688.922
,8762ea257f,2026-07-29T08:45:47,,test_wallet_swap_first_open_loading_time[fresh_user],test_wallet_swap_first_open_ram_fresh,passed,739.596,739.596,739.596,1,739.596
,8762ea257f,2026-07-29T08:45:47,,test_wallet_swap_loading_time[fresh_user],test_wallet_swap_ram_fresh,passed,740.707,825.688,789.032,5,"740.707,825.688,822.84,802.186,753.74"
,8762ea257f,2026-07-29T08:45:47,,test_wallet_assets_tab_first_open_loading_time[fresh_user],test_wallet_assets_tab_first_open_ram_fresh,passed,769.177,769.177,769.177,1,769.177
,8762ea257f,2026-07-29T08:45:47,,test_wallet_assets_tab_loading_time[fresh_user],test_wallet_assets_tab_ram_fresh,passed,775.52,779.129,778.314,5,"775.52,778.941,778.957,779.021,779.129"
,8762ea257f,2026-07-29T08:45:47,,test_wallet_collectibles_tab_first_open_loading_time[wallet_load_alex_user],test_wallet_collectibles_tab_first_open_ram_wallet_load_alex,passed,2402.36,2402.36,2402.36,1,2402.36
,8762ea257f,2026-07-29T08:45:47,,test_wallet_collectibles_tab_loading_time[wallet_load_alex_user],test_wallet_collectibles_tab_ram_wallet_load_alex,passed,978.958,1607.206,1177.771,5,"978.958,1196.111,1607.206,1088.112,1018.471"
,8762ea257f,2026-07-29T08:45:47,,test_wallet_swap_first_open_loading_time[wallet_load_user],test_wallet_swap_first_open_ram_wallet_load,passed,752.283,752.283,752.283,1,752.283
,8762ea257f,2026-07-29T08:45:47,,test_wallet_swap_loading_time[wallet_load_user],test_wallet_swap_ram_wallet_load,passed,744.141,847.355,785.018,5,"765.727,744.141,773.184,794.684,847.355"
,8762ea257f,2026-07-29T08:45:47,,test_wallet_first_open_loading_time[fresh_user],test_wallet_first_open_ram_fresh,passed,722.693,722.693,722.693,1,722.693
,8762ea257f,2026-07-29T08:45:47,,test_wallet_send_first_open_loading_time[wallet_load_alex_user],test_wallet_send_first_open_ram_wallet_load_alex,passed,746.447,746.447,746.447,1,746.447
,8762ea257f,2026-07-29T08:45:47,,test_wallet_send_loading_time[wallet_load_alex_user],test_wallet_send_ram_wallet_load_alex,passed,745.125,843.967,789.523,5,"745.125,751.424,776.387,843.967,830.711"
,8762ea257f,2026-07-29T08:45:47,,test_wallet_add_account_first_open_loading_time[fresh_user],test_wallet_add_account_first_open_ram_fresh,passed,735.018,735.018,735.018,1,735.018
,8762ea257f,2026-07-29T08:45:47,,test_wallet_add_account_loading_time[fresh_user],test_wallet_add_account_ram_fresh,passed,709.072,831.609,743.438,5,"709.072,709.449,735.025,831.609,732.031"
,8762ea257f,2026-07-29T08:45:47,,test_wallet_add_account_first_open_loading_time[wallet_load_user],test_wallet_add_account_first_open_ram_wallet_load,passed,719.223,719.223,719.223,1,719.223
,8762ea257f,2026-07-29T08:45:47,,test_wallet_add_account_loading_time[wallet_load_user],test_wallet_add_account_ram_wallet_load,passed,717.311,763.742,736.139,5,"717.311,730.67,733.908,735.062,763.742"
,8762ea257f,2026-07-29T08:45:47,,test_wallet_account_open_loading_time[fresh_user],test_wallet_account_first_open_ram_fresh,passed,673.16,673.16,673.16,1,673.16
,8762ea257f,2026-07-29T08:45:47,,test_status_community_second_open_loading_time[user_data0-user_account0],test_status_community_second_open_ram_member,passed,786.393,857.638,825.531,5,"786.393,804.163,837.75,841.712,857.638"
,8762ea257f,2026-07-29T08:45:47,,test_wallet_repeat_open_loading_time[wallet_load_alex_user],test_wallet_repeat_open_ram_wallet_load_alex,passed,777.506,935.035,887.314,5,"777.506,897.5,926.305,900.223,935.035"
,8762ea257f,2026-07-29T08:45:47,,test_wallet_collectibles_tab_first_open_loading_time[wallet_load_user],test_wallet_collectibles_tab_first_open_ram_wallet_load,passed,1511.331,1511.331,1511.331,1,1511.331
,8762ea257f,2026-07-29T08:45:47,,test_wallet_collectibles_tab_loading_time[wallet_load_user],test_wallet_collectibles_tab_ram_wallet_load,passed,925.727,1167.263,1081.138,5,"1045.168,925.727,1138.12,1129.41,1167.263"
,8762ea257f,2026-07-29T08:45:47,,test_wallet_receive_first_open_loading_time[wallet_load_alex_user],test_wallet_receive_first_open_ram_wallet_load_alex,passed,697.975,697.975,697.975,1,697.975
,8762ea257f,2026-07-29T08:45:47,,test_wallet_receive_loading_time[wallet_load_alex_user],test_wallet_receive_ram_wallet_load_alex,passed,699.654,787.799,736.318,5,"699.654,699.725,734.199,787.799,760.213"
,8762ea257f,2026-07-29T08:45:47,,test_wallet_swap_first_open_loading_time[wallet_load_alex_user],test_wallet_swap_first_open_ram_wallet_load_alex,passed,773.464,773.464,773.464,1,773.464
,8762ea257f,2026-07-29T08:45:47,,test_wallet_swap_loading_time[wallet_load_alex_user],test_wallet_swap_ram_wallet_load_alex,passed,748.783,819.178,783.64,5,"748.783,754.393,784.516,819.178,811.332"
,8762ea257f,2026-07-29T08:45:47,,test_wallet_first_open_loading_time[wallet_load_alex_user],test_wallet_first_open_ram_wallet_load_alex,passed,750.002,750.002,750.002,1,750.002
,8762ea257f,2026-07-29T08:45:47,,test_wallet_activity_tab_first_open_loading_time[wallet_load_user],test_wallet_activity_tab_first_open_ram_wallet_load,passed,735.494,735.494,735.494,1,735.494
,8762ea257f,2026-07-29T08:45:47,,test_wallet_activity_tab_loading_time[wallet_load_user],test_wallet_activity_tab_ram_wallet_load,passed,734.459,793.455,759.621,5,"734.459,742.746,753.189,774.256,793.455"
,8762ea257f,2026-07-29T08:45:47,,test_wallet_assets_tab_first_open_loading_time[wallet_load_user],test_wallet_assets_tab_first_open_ram_wallet_load,passed,718.583,718.583,718.583,1,718.583
,8762ea257f,2026-07-29T08:45:47,,test_wallet_assets_tab_loading_time[wallet_load_user],test_wallet_assets_tab_ram_wallet_load,passed,1022.444,1122.669,1080.521,5,"1080.057,1057.516,1119.918,1122.669,1022.444"
,8762ea257f,2026-07-29T08:45:47,,test_wallet_activity_tab_first_open_loading_time[wallet_load_alex_user],test_wallet_activity_tab_first_open_ram_wallet_load_alex,passed,716.174,716.174,716.174,1,716.174
,8762ea257f,2026-07-29T08:45:47,,test_wallet_activity_tab_loading_time[wallet_load_alex_user],test_wallet_activity_tab_ram_wallet_load_alex,passed,734.84,838.271,792.683,5,"734.84,761.16,792.881,838.271,836.262"
,8762ea257f,2026-07-29T08:45:47,,test_wallet_send_first_open_loading_time[wallet_load_user],test_wallet_send_first_open_ram_wallet_load,passed,764.182,764.182,764.182,1,764.182
,8762ea257f,2026-07-29T08:45:47,,test_wallet_send_loading_time[wallet_load_user],test_wallet_send_ram_wallet_load,passed,778.299,821.996,793.599,5,"786.961,789.285,791.455,778.299,821.996"
,8762ea257f,2026-07-29T08:45:47,,test_wallet_receive_first_open_loading_time[fresh_user],test_wallet_receive_first_open_ram_fresh,passed,744.479,744.479,744.479,1,744.479
,8762ea257f,2026-07-29T08:45:47,,test_wallet_receive_loading_time[fresh_user],test_wallet_receive_ram_fresh,passed,735.689,816.516,763.26,5,"745.607,745.074,773.414,816.516,735.689"
,8762ea257f,2026-07-29T08:45:47,,test_wallet_assets_tab_first_open_loading_time[wallet_load_alex_user],test_wallet_assets_tab_first_open_ram_wallet_load_alex,passed,730.827,730.827,730.827,1,730.827
,8762ea257f,2026-07-29T08:45:47,,test_wallet_assets_tab_loading_time[wallet_load_alex_user],test_wallet_assets_tab_ram_wallet_load_alex,passed,1171.931,1400.492,1295.154,5,"1171.931,1348.987,1320.84,1233.521,1400.492"
,8762ea257f,2026-07-29T08:45:47,,test_wallet_first_open_loading_time[wallet_load_user],test_wallet_first_open_ram_wallet_load,passed,733.074,733.074,733.074,1,733.074
,8762ea257f,2026-07-29T08:45:47,,test_wallet_repeat_open_loading_time[fresh_user],test_wallet_repeat_open_ram_fresh,passed,753.92,827.178,775.095,5,"773.686,753.92,760.49,760.199,827.178"
,8762ea257f,2026-07-29T08:45:47,,test_wallet_account_open_loading_time[wallet_load_alex_user],test_wallet_account_first_open_ram_wallet_load_alex,passed,695.199,695.199,695.199,1,695.199
,8762ea257f,2026-07-29T08:45:47,,test_wallet_receive_first_open_loading_time[wallet_load_user],test_wallet_receive_first_open_ram_wallet_load,passed,694.223,694.223,694.223,1,694.223
,8762ea257f,2026-07-29T08:45:47,,test_wallet_receive_loading_time[wallet_load_user],test_wallet_receive_ram_wallet_load,passed,698.189,741.465,720.521,5,"698.189,699.561,722.668,741.465,740.723"
,8762ea257f,2026-07-29T08:45:47,,test_status_community_first_open_loading_time[user_data0-user_account0],test_status_community_first_open_ram_member,passed,729.228,729.228,729.228,1,729.228
,8762ea257f,2026-07-29T08:45:47,,test_wallet_send_first_open_loading_time[fresh_user],test_wallet_send_first_open_ram_fresh,passed,684.863,684.863,684.863,1,684.863
,8762ea257f,2026-07-29T08:45:47,,test_wallet_send_loading_time[fresh_user],test_wallet_send_ram_fresh,passed,682.652,712.992,689.944,5,"685.83,685.361,712.992,682.883,682.652"
,8762ea257f,2026-07-29T08:45:47,,test_wallet_repeat_open_loading_time[wallet_load_user],test_wallet_repeat_open_ram_wallet_load,passed,800.303,906.229,870.705,5,"800.303,857.049,898.383,906.229,891.562"
,8762ea257f,2026-07-29T08:45:47,,test_wallet_add_account_first_open_loading_time[wallet_load_alex_user],test_wallet_add_account_first_open_ram_wallet_load_alex,passed,727.711,727.711,727.711,1,727.711
,8762ea257f,2026-07-29T08:45:47,,test_wallet_add_account_loading_time[wallet_load_alex_user],test_wallet_add_account_ram_wallet_load_alex,passed,720.98,835.271,763.516,5,"720.98,730.357,733.135,797.836,835.271"
,8762ea257f,2026-07-29T08:45:47,,test_wallet_activity_tab_first_open_loading_time[fresh_user],test_wallet_activity_tab_first_open_ram_fresh,passed,694.469,694.469,694.469,1,694.469
,8762ea257f,2026-07-29T08:45:47,,test_wallet_activity_tab_loading_time[fresh_user],test_wallet_activity_tab_ram_fresh,passed,716.703,720.172,718.863,5,"718.68,716.703,718.805,719.957,720.172"
,8762ea257f,2026-07-29T09:58:07,,test_wallet_swap_first_open_loading_time[wallet_load_user],test_wallet_swap_first_open_ram_wallet_load,passed,702.781,702.781,702.781,1,702.781
,8762ea257f,2026-07-29T09:58:07,,test_wallet_swap_loading_time[wallet_load_user],test_wallet_swap_ram_wallet_load,passed,718.32,805.902,758.812,5,"718.32,731.926,762.0,805.902,775.912"
,8762ea257f,2026-07-29T09:58:07,,test_wallet_collectibles_tab_first_open_loading_time[fresh_user],test_wallet_collectibles_tab_first_open_ram_fresh,passed,734.318,734.318,734.318,1,734.318
,8762ea257f,2026-07-29T09:58:07,,test_wallet_collectibles_tab_loading_time[fresh_user],test_wallet_collectibles_tab_ram_fresh,passed,740.914,785.754,763.145,5,"760.863,785.754,785.0,740.914,743.195"
,8762ea257f,2026-07-29T09:58:07,,test_wallet_assets_tab_first_open_loading_time[fresh_user],test_wallet_assets_tab_first_open_ram_fresh,passed,735.462,735.462,735.462,1,735.462
,8762ea257f,2026-07-29T09:58:07,,test_wallet_assets_tab_loading_time[fresh_user],test_wallet_assets_tab_ram_fresh,passed,726.152,733.365,730.582,5,"733.365,726.152,728.191,732.418,732.785"
,8762ea257f,2026-07-29T09:58:07,,test_wallet_receive_first_open_loading_time[fresh_user],test_wallet_receive_first_open_ram_fresh,passed,731.135,731.135,731.135,1,731.135
,8762ea257f,2026-07-29T09:58:07,,test_wallet_receive_loading_time[fresh_user],test_wallet_receive_ram_fresh,passed,725.531,769.199,744.568,5,"730.527,730.545,767.037,769.199,725.531"
,8762ea257f,2026-07-29T09:58:07,,test_wallet_receive_first_open_loading_time[wallet_load_user],test_wallet_receive_first_open_ram_wallet_load,passed,716.582,716.582,716.582,1,716.582
,8762ea257f,2026-07-29T09:58:07,,test_wallet_receive_loading_time[wallet_load_user],test_wallet_receive_ram_wallet_load,passed,721.941,769.857,735.685,5,"721.941,724.395,725.41,736.822,769.857"
,8762ea257f,2026-07-29T09:58:07,,test_wallet_receive_first_open_loading_time[wallet_load_alex_user],test_wallet_receive_first_open_ram_wallet_load_alex,passed,745.074,745.074,745.074,1,745.074
,8762ea257f,2026-07-29T09:58:07,,test_wallet_receive_loading_time[wallet_load_alex_user],test_wallet_receive_ram_wallet_load_alex,passed,750.365,848.162,787.648,5,"750.365,751.381,752.24,848.162,836.092"
,8762ea257f,2026-07-29T09:58:07,,test_wallet_account_open_loading_time[wallet_load_user],test_wallet_account_first_open_ram_wallet_load,passed,746.023,746.023,746.023,1,746.023
,8762ea257f,2026-07-29T09:58:07,,test_wallet_first_open_loading_time[fresh_user],test_wallet_first_open_ram_fresh,passed,742.973,742.973,742.973,1,742.973
,8762ea257f,2026-07-29T09:58:07,,test_wallet_account_open_loading_time[wallet_load_alex_user],test_wallet_account_first_open_ram_wallet_load_alex,passed,716.379,716.379,716.379,1,716.379
,8762ea257f,2026-07-29T09:58:07,,test_wallet_repeat_open_loading_time[wallet_load_alex_user],test_wallet_repeat_open_ram_wallet_load_alex,passed,831.781,953.385,912.812,5,"831.781,953.385,926.193,928.723,923.979"
,8762ea257f,2026-07-29T09:58:07,,test_wallet_activity_tab_first_open_loading_time[wallet_load_alex_user],test_wallet_activity_tab_first_open_ram_wallet_load_alex,passed,785.314,785.314,785.314,1,785.314
,8762ea257f,2026-07-29T09:58:07,,test_wallet_activity_tab_loading_time[wallet_load_alex_user],test_wallet_activity_tab_ram_wallet_load_alex,passed,743.346,843.299,777.7,5,"747.457,743.346,754.533,799.865,843.299"
,8762ea257f,2026-07-29T09:58:07,,test_wallet_activity_tab_first_open_loading_time[wallet_load_user],test_wallet_activity_tab_first_open_ram_wallet_load,passed,680.863,680.863,680.863,1,680.863
,8762ea257f,2026-07-29T09:58:07,,test_wallet_activity_tab_loading_time[wallet_load_user],test_wallet_activity_tab_ram_wallet_load,passed,698.59,778.008,736.443,5,"698.59,726.99,737.633,740.994,778.008"
,8762ea257f,2026-07-29T09:58:07,,test_status_community_second_open_loading_time[user_data0-user_account0],test_status_community_second_open_ram_member,passed,829.144,890.186,858.998,5,"829.144,832.335,865.04,878.286,890.186"
,8762ea257f,2026-07-29T09:58:07,,test_wallet_add_account_first_open_loading_time[wallet_load_alex_user],test_wallet_add_account_first_open_ram_wallet_load_alex,passed,705.252,705.252,705.252,1,705.252
,8762ea257f,2026-07-29T09:58:07,,test_wallet_add_account_loading_time[wallet_load_alex_user],test_wallet_add_account_ram_wallet_load_alex,passed,709.658,809.246,758.865,5,"709.658,713.359,759.992,809.246,802.068"
,8762ea257f,2026-07-29T09:58:07,,test_wallet_swap_first_open_loading_time[fresh_user],test_wallet_swap_first_open_ram_fresh,passed,703.376,703.376,703.376,1,703.376
,8762ea257f,2026-07-29T09:58:07,,test_wallet_swap_loading_time[fresh_user],test_wallet_swap_ram_fresh,passed,686.855,757.221,722.441,5,"686.855,701.291,749.672,757.221,717.164"
,8762ea257f,2026-07-29T09:58:07,,test_wallet_send_first_open_loading_time[fresh_user],test_wallet_send_first_open_ram_fresh,passed,689.613,689.613,689.613,1,689.613
,8762ea257f,2026-07-29T09:58:07,,test_wallet_send_loading_time[fresh_user],test_wallet_send_ram_fresh,passed,703.094,722.902,710.478,5,"705.873,707.516,722.902,713.006,703.094"
,8762ea257f,2026-07-29T09:58:07,,test_wallet_first_open_loading_time[wallet_load_alex_user],test_wallet_first_open_ram_wallet_load_alex,passed,679.531,679.531,679.531,1,679.531
,8762ea257f,2026-07-29T09:58:07,,test_wallet_send_first_open_loading_time[wallet_load_user],test_wallet_send_first_open_ram_wallet_load,passed,779.621,779.621,779.621,1,779.621
,8762ea257f,2026-07-29T09:58:07,,test_wallet_send_loading_time[wallet_load_user],test_wallet_send_ram_wallet_load,passed,784.662,799.598,791.046,5,"784.662,787.949,795.611,799.598,787.408"
,8762ea257f,2026-07-29T09:58:07,,test_wallet_add_account_first_open_loading_time[wallet_load_user],test_wallet_add_account_first_open_ram_wallet_load,passed,722.795,722.795,722.795,1,722.795
,8762ea257f,2026-07-29T09:58:07,,test_wallet_add_account_loading_time[wallet_load_user],test_wallet_add_account_ram_wallet_load,passed,730.135,761.531,746.512,5,"730.135,740.592,749.277,761.531,751.023"
,8762ea257f,2026-07-29T09:58:07,,test_wallet_swap_first_open_loading_time[wallet_load_alex_user],test_wallet_swap_first_open_ram_wallet_load_alex,passed,705.174,705.174,705.174,1,705.174
,8762ea257f,2026-07-29T09:58:07,,test_wallet_swap_loading_time[wallet_load_alex_user],test_wallet_swap_ram_wallet_load_alex,passed,722.742,831.857,777.837,5,"722.742,739.387,764.244,831.857,830.953"
,8762ea257f,2026-07-29T09:58:07,,test_wallet_repeat_open_loading_time[wallet_load_user],test_wallet_repeat_open_ram_wallet_load,passed,791.318,941.459,873.943,5,"791.318,892.654,941.459,863.871,880.414"
,8762ea257f,2026-07-29T09:58:07,,test_wallet_account_open_loading_time[fresh_user],test_wallet_account_first_open_ram_fresh,passed,755.035,755.035,755.035,1,755.035
,8762ea257f,2026-07-29T09:58:07,,test_wallet_activity_tab_first_open_loading_time[fresh_user],test_wallet_activity_tab_first_open_ram_fresh,passed,664.57,664.57,664.57,1,664.57
,8762ea257f,2026-07-29T09:58:07,,test_wallet_activity_tab_loading_time[fresh_user],test_wallet_activity_tab_ram_fresh,passed,665.16,665.613,665.438,5,"665.16,665.215,665.598,665.602,665.613"
,8762ea257f,2026-07-29T09:58:07,,test_wallet_repeat_open_loading_time[fresh_user],test_wallet_repeat_open_ram_fresh,passed,717.512,851.295,798.764,5,"717.512,851.295,760.465,833.514,831.037"
,8762ea257f,2026-07-29T09:58:07,,test_wallet_assets_tab_first_open_loading_time[wallet_load_user],test_wallet_assets_tab_first_open_ram_wallet_load,passed,703.479,703.479,703.479,1,703.479
,8762ea257f,2026-07-29T09:58:07,,test_wallet_assets_tab_loading_time[wallet_load_user],test_wallet_assets_tab_ram_wallet_load,passed,1059.185,1150.385,1110.79,5,"1059.185,1082.451,1113.867,1148.062,1150.385"
,8762ea257f,2026-07-29T09:58:07,,test_status_community_first_open_loading_time[user_data0-user_account0],test_status_community_first_open_ram_member,passed,725.798,725.798,725.798,1,725.798
,8762ea257f,2026-07-29T09:58:07,,test_wallet_collectibles_tab_first_open_loading_time[wallet_load_user],test_wallet_collectibles_tab_first_open_ram_wallet_load,passed,1537.005,1537.005,1537.005,1,1537.005
,8762ea257f,2026-07-29T09:58:07,,test_wallet_collectibles_tab_loading_time[wallet_load_user],test_wallet_collectibles_tab_ram_wallet_load,passed,976.326,1258.46,1156.946,5,"1109.936,976.326,1213.853,1258.46,1226.156"
,8762ea257f,2026-07-29T09:58:07,,test_wallet_assets_tab_first_open_loading_time[wallet_load_alex_user],test_wallet_assets_tab_first_open_ram_wallet_load_alex,passed,703.576,703.576,703.576,1,703.576
,8762ea257f,2026-07-29T09:58:07,,test_wallet_assets_tab_loading_time[wallet_load_alex_user],test_wallet_assets_tab_ram_wallet_load_alex,passed,1323.796,1409.101,1351.833,5,"1340.953,1357.006,1328.309,1323.796,1409.101"
,8762ea257f,2026-07-29T09:58:07,,test_wallet_add_account_first_open_loading_time[fresh_user],test_wallet_add_account_first_open_ram_fresh,passed,695.598,695.598,695.598,1,695.598
,8762ea257f,2026-07-29T09:58:07,,test_wallet_add_account_loading_time[fresh_user],test_wallet_add_account_ram_fresh,passed,666.822,726.199,698.211,5,"666.822,667.006,726.199,719.914,711.111"
,8762ea257f,2026-07-29T09:58:07,,test_wallet_collectibles_tab_first_open_loading_time[wallet_load_alex_user],test_wallet_collectibles_tab_first_open_ram_wallet_load_alex,passed,3499.825,3499.825,3499.825,1,3499.825
,8762ea257f,2026-07-29T09:58:07,,test_wallet_collectibles_tab_loading_time[wallet_load_alex_user],test_wallet_collectibles_tab_ram_wallet_load_alex,passed,1048.5,1768.702,1217.171,5,"1768.702,1161.038,1058.656,1048.5,1048.961"
,8762ea257f,2026-07-29T09:58:07,,test_wallet_send_first_open_loading_time[wallet_load_alex_user],test_wallet_send_first_open_ram_wallet_load_alex,passed,712.875,712.875,712.875,1,712.875
,8762ea257f,2026-07-29T09:58:07,,test_wallet_send_loading_time[wallet_load_alex_user],test_wallet_send_ram_wallet_load_alex,passed,716.248,793.877,756.202,5,"716.248,719.023,760.264,793.877,791.596"
,8762ea257f,2026-07-29T09:58:07,,test_wallet_first_open_loading_time[wallet_load_user],test_wallet_first_open_ram_wallet_load,passed,688.633,688.633,688.633,1,688.633
,f4cbae9d7f,2026-07-29T15:19:55,,test_wallet_activity_tab_first_open_loading_time[wallet_load_alex_user],test_wallet_activity_tab_first_open_ram_wallet_load_alex,passed,725.875,725.875,725.875,1,725.875
,f4cbae9d7f,2026-07-29T15:19:55,,test_wallet_activity_tab_loading_time[wallet_load_alex_user],test_wallet_activity_tab_ram_wallet_load_alex,passed,731.107,804.672,762.747,5,"731.107,747.846,753.221,776.889,804.672"
,f4cbae9d7f,2026-07-29T15:19:55,,test_wallet_first_open_loading_time[wallet_load_alex_user],test_wallet_first_open_ram_wallet_load_alex,passed,736.762,736.762,736.762,1,736.762
,f4cbae9d7f,2026-07-29T15:19:55,,test_wallet_send_first_open_loading_time[wallet_load_alex_user],test_wallet_send_first_open_ram_wallet_load_alex,passed,756.906,756.906,756.906,1,756.906
,f4cbae9d7f,2026-07-29T15:19:55,,test_wallet_send_loading_time[wallet_load_alex_user],test_wallet_send_ram_wallet_load_alex,passed,750.641,836.688,788.076,5,"750.641,754.396,774.377,824.277,836.688"
,f4cbae9d7f,2026-07-29T15:19:55,,test_wallet_collectibles_tab_first_open_loading_time[fresh_user],test_wallet_collectibles_tab_first_open_ram_fresh,passed,749.445,749.445,749.445,1,749.445
,f4cbae9d7f,2026-07-29T15:19:55,,test_wallet_collectibles_tab_loading_time[fresh_user],test_wallet_collectibles_tab_ram_fresh,passed,738.172,740.055,739.302,5,"738.172,738.273,740.0,740.008,740.055"
,f4cbae9d7f,2026-07-29T15:19:55,,test_wallet_collectibles_tab_first_open_loading_time[wallet_load_alex_user],test_wallet_collectibles_tab_first_open_ram_wallet_load_alex,passed,3669.987,3669.987,3669.987,1,3669.987
,f4cbae9d7f,2026-07-29T15:19:55,,test_wallet_collectibles_tab_loading_time[wallet_load_alex_user],test_wallet_collectibles_tab_ram_wallet_load_alex,passed,1220.656,1810.35,1480.723,5,"1288.054,1810.35,1285.081,1799.471,1220.656"
,f4cbae9d7f,2026-07-29T15:19:55,,test_wallet_assets_tab_first_open_loading_time[fresh_user],test_wallet_assets_tab_first_open_ram_fresh,passed,738.584,738.584,738.584,1,738.584
,f4cbae9d7f,2026-07-29T15:19:55,,test_wallet_assets_tab_loading_time[fresh_user],test_wallet_assets_tab_ram_fresh,passed,753.592,820.932,791.523,5,"753.592,820.932,790.422,795.592,797.076"
,f4cbae9d7f,2026-07-29T15:19:55,,test_wallet_repeat_open_loading_time[fresh_user],test_wallet_repeat_open_ram_fresh,passed,746.068,840.824,791.169,5,"746.068,800.82,771.418,796.713,840.824"
,f4cbae9d7f,2026-07-29T15:19:55,,test_wallet_activity_tab_first_open_loading_time[fresh_user],test_wallet_activity_tab_first_open_ram_fresh,passed,776.938,776.938,776.938,1,776.938
,f4cbae9d7f,2026-07-29T15:19:55,,test_wallet_activity_tab_loading_time[fresh_user],test_wallet_activity_tab_ram_fresh,passed,775.746,777.566,776.496,5,"775.746,775.809,775.93,777.43,777.566"
,f4cbae9d7f,2026-07-29T15:19:55,,test_wallet_account_open_loading_time[wallet_load_user],test_wallet_account_first_open_ram_wallet_load,passed,733.758,733.758,733.758,1,733.758
,f4cbae9d7f,2026-07-29T15:19:55,,test_wallet_assets_tab_first_open_loading_time[wallet_load_alex_user],test_wallet_assets_tab_first_open_ram_wallet_load_alex,passed,749.866,749.866,749.866,1,749.866
,f4cbae9d7f,2026-07-29T15:19:55,,test_wallet_assets_tab_loading_time[wallet_load_alex_user],test_wallet_assets_tab_ram_wallet_load_alex,passed,1366.096,1462.002,1398.421,5,"1373.987,1393.628,1366.096,1396.392,1462.002"
,f4cbae9d7f,2026-07-29T15:19:55,,test_status_community_second_open_loading_time[user_data0-user_account0],test_status_community_second_open_ram_member,passed,788.436,865.364,825.096,5,"788.436,799.341,822.086,850.253,865.364"
,f4cbae9d7f,2026-07-29T15:19:55,,test_wallet_add_account_first_open_loading_time[wallet_load_alex_user],test_wallet_add_account_first_open_ram_wallet_load_alex,passed,692.246,692.246,692.246,1,692.246
,f4cbae9d7f,2026-07-29T15:19:55,,test_wallet_add_account_loading_time[wallet_load_alex_user],test_wallet_add_account_ram_wallet_load_alex,passed,697.387,815.477,735.384,5,"697.387,705.855,710.086,748.117,815.477"
,f4cbae9d7f,2026-07-29T15:19:55,,test_wallet_add_account_first_open_loading_time[wallet_load_user],test_wallet_add_account_first_open_ram_wallet_load,passed,753.566,753.566,753.566,1,753.566
,f4cbae9d7f,2026-07-29T15:19:55,,test_wallet_add_account_loading_time[wallet_load_user],test_wallet_add_account_ram_wallet_load,passed,730.225,776.664,753.959,5,"730.225,742.672,746.744,773.492,776.664"
,f4cbae9d7f,2026-07-29T15:19:55,,test_wallet_swap_first_open_loading_time[wallet_load_user],test_wallet_swap_first_open_ram_wallet_load,passed,718.187,718.187,718.187,1,718.187
,f4cbae9d7f,2026-07-29T15:19:55,,test_wallet_swap_loading_time[wallet_load_user],test_wallet_swap_ram_wallet_load,passed,721.736,800.129,752.351,5,"721.736,731.725,744.07,764.096,800.129"
,f4cbae9d7f,2026-07-29T15:19:55,,test_wallet_send_first_open_loading_time[fresh_user],test_wallet_send_first_open_ram_fresh,passed,695.916,695.916,695.916,1,695.916
,f4cbae9d7f,2026-07-29T15:19:55,,test_wallet_send_loading_time[fresh_user],test_wallet_send_ram_fresh,passed,699.715,719.305,714.382,5,"718.406,719.305,717.572,699.715,716.914"
,f4cbae9d7f,2026-07-29T15:19:55,,test_wallet_receive_first_open_loading_time[wallet_load_user],test_wallet_receive_first_open_ram_wallet_load,passed,699.592,699.592,699.592,1,699.592
,f4cbae9d7f,2026-07-29T15:19:55,,test_wallet_receive_loading_time[wallet_load_user],test_wallet_receive_ram_wallet_load,passed,701.863,741.98,715.438,5,"701.863,703.012,704.346,725.99,741.98"
,f4cbae9d7f,2026-07-29T15:19:55,,test_wallet_add_account_first_open_loading_time[fresh_user],test_wallet_add_account_first_open_ram_fresh,passed,745.758,745.758,745.758,1,745.758
,f4cbae9d7f,2026-07-29T15:19:55,,test_wallet_add_account_loading_time[fresh_user],test_wallet_add_account_ram_fresh,passed,732.283,778.984,765.423,5,"767.652,772.244,778.984,775.951,732.283"
,f4cbae9d7f,2026-07-29T15:19:55,,test_wallet_activity_tab_first_open_loading_time[wallet_load_user],test_wallet_activity_tab_first_open_ram_wallet_load,passed,711.227,711.227,711.227,1,711.227
,f4cbae9d7f,2026-07-29T15:19:55,,test_wallet_activity_tab_loading_time[wallet_load_user],test_wallet_activity_tab_ram_wallet_load,passed,724.783,787.475,752.24,5,"724.783,730.277,737.863,780.803,787.475"
,f4cbae9d7f,2026-07-29T15:19:55,,test_wallet_send_first_open_loading_time[wallet_load_user],test_wallet_send_first_open_ram_wallet_load,passed,759.506,759.506,759.506,1,759.506
,f4cbae9d7f,2026-07-29T15:19:55,,test_wallet_send_loading_time[wallet_load_user],test_wallet_send_ram_wallet_load,passed,761.293,796.289,774.615,5,"761.293,764.078,767.186,784.228,796.289"
,f4cbae9d7f,2026-07-29T15:19:55,,test_wallet_account_open_loading_time[wallet_load_alex_user],test_wallet_account_first_open_ram_wallet_load_alex,passed,742.748,742.748,742.748,1,742.748
,f4cbae9d7f,2026-07-29T15:19:55,,test_wallet_swap_first_open_loading_time[wallet_load_alex_user],test_wallet_swap_first_open_ram_wallet_load_alex,passed,732.451,732.451,732.451,1,732.451
,f4cbae9d7f,2026-07-29T15:19:55,,test_wallet_swap_loading_time[wallet_load_alex_user],test_wallet_swap_ram_wallet_load_alex,passed,762.215,894.783,817.24,5,"762.215,780.801,797.928,850.473,894.783"
,f4cbae9d7f,2026-07-29T15:19:55,,test_wallet_account_open_loading_time[fresh_user],test_wallet_account_first_open_ram_fresh,passed,709.207,709.207,709.207,1,709.207
,f4cbae9d7f,2026-07-29T15:19:55,,test_wallet_first_open_loading_time[fresh_user],test_wallet_first_open_ram_fresh,passed,663.258,663.258,663.258,1,663.258
,f4cbae9d7f,2026-07-29T15:19:55,,test_wallet_receive_first_open_loading_time[wallet_load_alex_user],test_wallet_receive_first_open_ram_wallet_load_alex,passed,765.057,765.057,765.057,1,765.057
,f4cbae9d7f,2026-07-29T15:19:55,,test_wallet_receive_loading_time[wallet_load_alex_user],test_wallet_receive_ram_wallet_load_alex,passed,735.512,828.754,774.047,5,"735.512,736.594,754.215,828.754,815.16"
,f4cbae9d7f,2026-07-29T15:19:55,,test_wallet_repeat_open_loading_time[wallet_load_user],test_wallet_repeat_open_ram_wallet_load,passed,877.092,953.906,911.04,5,"877.092,900.59,953.906,905.844,917.768"
,f4cbae9d7f,2026-07-29T15:19:55,,test_wallet_repeat_open_loading_time[wallet_load_alex_user],test_wallet_repeat_open_ram_wallet_load_alex,passed,811.986,914.785,885.552,5,"811.986,914.785,882.289,911.018,907.68"
,f4cbae9d7f,2026-07-29T15:19:55,,test_wallet_receive_first_open_loading_time[fresh_user],test_wallet_receive_first_open_ram_fresh,passed,746.293,746.293,746.293,1,746.293
,f4cbae9d7f,2026-07-29T15:19:55,,test_wallet_receive_loading_time[fresh_user],test_wallet_receive_ram_fresh,passed,714.105,803.192,747.736,5,"803.192,782.502,724.578,714.105,714.305"
,f4cbae9d7f,2026-07-29T15:19:55,,test_wallet_first_open_loading_time[wallet_load_user],test_wallet_first_open_ram_wallet_load,passed,716.965,716.965,716.965,1,716.965
,f4cbae9d7f,2026-07-29T15:19:55,,test_wallet_collectibles_tab_first_open_loading_time[wallet_load_user],test_wallet_collectibles_tab_first_open_ram_wallet_load,passed,1532.978,1532.978,1532.978,1,1532.978
,f4cbae9d7f,2026-07-29T15:19:55,,test_wallet_collectibles_tab_loading_time[wallet_load_user],test_wallet_collectibles_tab_ram_wallet_load,passed,929.764,1155.35,1002.824,5,"987.955,929.764,939.393,1155.35,1001.658"
,f4cbae9d7f,2026-07-29T15:19:55,,test_status_community_first_open_loading_time[user_data0-user_account0],test_status_community_first_open_ram_member,passed,745.677,745.677,745.677,1,745.677
,f4cbae9d7f,2026-07-29T15:19:55,,test_wallet_swap_first_open_loading_time[fresh_user],test_wallet_swap_first_open_ram_fresh,passed,715.633,715.633,715.633,1,715.633
,f4cbae9d7f,2026-07-29T15:19:55,,test_wallet_swap_loading_time[fresh_user],test_wallet_swap_ram_fresh,passed,717.344,820.082,759.576,5,"717.344,781.41,820.082,759.846,719.199"
,f4cbae9d7f,2026-07-29T15:19:55,,test_wallet_assets_tab_first_open_loading_time[wallet_load_user],test_wallet_assets_tab_first_open_ram_wallet_load,passed,703.075,703.075,703.075,1,703.075
,f4cbae9d7f,2026-07-29T15:19:55,,test_wallet_assets_tab_loading_time[wallet_load_user],test_wallet_assets_tab_ram_wallet_load,passed,1065.845,1147.316,1098.432,5,"1098.598,1082.553,1097.846,1147.316,1065.845"
,cd4b4e1aa0,2026-07-30T05:40:44,,test_wallet_assets_tab_first_open_loading_time[wallet_load_alex_user],test_wallet_assets_tab_first_open_ram_wallet_load_alex,passed,730.081,730.081,730.081,1,730.081
,cd4b4e1aa0,2026-07-30T05:40:44,,test_wallet_assets_tab_loading_time[wallet_load_alex_user],test_wallet_assets_tab_ram_wallet_load_alex,passed,1292.307,1370.021,1330.218,5,"1331.734,1355.213,1370.021,1292.307,1301.814"
,cd4b4e1aa0,2026-07-30T05:40:44,,test_wallet_first_open_loading_time[wallet_load_alex_user],test_wallet_first_open_ram_wallet_load_alex,passed,743.754,743.754,743.754,1,743.754
,cd4b4e1aa0,2026-07-30T05:40:44,,test_wallet_repeat_open_loading_time[fresh_user],test_wallet_repeat_open_ram_fresh,passed,725.996,858.729,786.64,5,"725.996,773.705,769.57,805.199,858.729"
,cd4b4e1aa0,2026-07-30T05:40:44,,test_wallet_first_open_loading_time[wallet_load_user],test_wallet_first_open_ram_wallet_load,passed,690.938,690.938,690.938,1,690.938
,cd4b4e1aa0,2026-07-30T05:40:44,,test_wallet_swap_first_open_loading_time[wallet_load_alex_user],test_wallet_swap_first_open_ram_wallet_load_alex,passed,706.057,706.057,706.057,1,706.057
,cd4b4e1aa0,2026-07-30T05:40:44,,test_wallet_swap_loading_time[wallet_load_alex_user],test_wallet_swap_ram_wallet_load_alex,passed,717.227,825.697,769.259,5,"717.227,731.078,747.326,825.697,824.967"
,cd4b4e1aa0,2026-07-30T05:40:44,,test_wallet_account_open_loading_time[wallet_load_alex_user],test_wallet_account_first_open_ram_wallet_load_alex,passed,697.295,697.295,697.295,1,697.295
,cd4b4e1aa0,2026-07-30T05:40:44,,test_wallet_receive_first_open_loading_time[wallet_load_alex_user],test_wallet_receive_first_open_ram_wallet_load_alex,passed,735.311,735.311,735.311,1,735.311
,cd4b4e1aa0,2026-07-30T05:40:44,,test_wallet_receive_loading_time[wallet_load_alex_user],test_wallet_receive_ram_wallet_load_alex,passed,738.656,754.949,743.905,5,"738.656,739.834,740.842,754.949,745.246"
,cd4b4e1aa0,2026-07-30T05:40:44,,test_wallet_collectibles_tab_first_open_loading_time[wallet_load_alex_user],test_wallet_collectibles_tab_first_open_ram_wallet_load_alex,passed,3402.392,3402.392,3402.392,1,3402.392
,cd4b4e1aa0,2026-07-30T05:40:44,,test_wallet_collectibles_tab_loading_time[wallet_load_alex_user],test_wallet_collectibles_tab_ram_wallet_load_alex,passed,1068.319,2011.714,1329.585,5,"1068.319,1334.39,1097.805,1135.696,2011.714"
,cd4b4e1aa0,2026-07-30T05:40:44,,test_wallet_receive_first_open_loading_time[fresh_user],test_wallet_receive_first_open_ram_fresh,passed,804.299,804.299,804.299,1,804.299
,cd4b4e1aa0,2026-07-30T05:40:44,,test_wallet_receive_loading_time[fresh_user],test_wallet_receive_ram_fresh,passed,805.801,859.9,823.173,5,"806.482,806.246,805.801,859.9,837.436"
,cd4b4e1aa0,2026-07-30T05:40:44,,test_wallet_receive_first_open_loading_time[wallet_load_user],test_wallet_receive_first_open_ram_wallet_load,passed,721.934,721.934,721.934,1,721.934
,cd4b4e1aa0,2026-07-30T05:40:44,,test_wallet_receive_loading_time[wallet_load_user],test_wallet_receive_ram_wallet_load,passed,719.938,746.49,726.346,5,"719.938,720.889,721.773,722.641,746.49"
,cd4b4e1aa0,2026-07-30T05:40:44,,test_wallet_first_open_loading_time[fresh_user],test_wallet_first_open_ram_fresh,passed,683.23,683.23,683.23,1,683.23
,cd4b4e1aa0,2026-07-30T05:40:44,,test_wallet_send_first_open_loading_time[wallet_load_alex_user],test_wallet_send_first_open_ram_wallet_load_alex,passed,730.626,730.626,730.626,1,730.626
,cd4b4e1aa0,2026-07-30T05:40:44,,test_wallet_send_loading_time[wallet_load_alex_user],test_wallet_send_ram_wallet_load_alex,passed,733.182,825.965,785.177,5,"733.182,750.559,825.965,807.244,808.936"
,cd4b4e1aa0,2026-07-30T05:40:44,,test_wallet_account_open_loading_time[wallet_load_user],test_wallet_account_first_open_ram_wallet_load,passed,735.137,735.137,735.137,1,735.137
,cd4b4e1aa0,2026-07-30T05:40:44,,test_status_community_second_open_loading_time[user_data0-user_account0],test_status_community_second_open_ram_member,passed,835.962,896.263,867.776,5,"835.962,855.967,875.99,874.7,896.263"
,cd4b4e1aa0,2026-07-30T05:40:44,,test_wallet_add_account_first_open_loading_time[wallet_load_alex_user],test_wallet_add_account_first_open_ram_wallet_load_alex,passed,739.961,739.961,739.961,1,739.961
,cd4b4e1aa0,2026-07-30T05:40:44,,test_wallet_add_account_loading_time[wallet_load_alex_user],test_wallet_add_account_ram_wallet_load_alex,passed,716.783,856.588,773.342,5,"716.783,728.275,732.506,856.588,832.559"
,cd4b4e1aa0,2026-07-30T05:40:44,,test_status_community_first_open_loading_time[user_data0-user_account0],test_status_community_first_open_ram_member,passed,759.461,759.461,759.461,1,759.461
,cd4b4e1aa0,2026-07-30T05:40:44,,test_wallet_swap_first_open_loading_time[fresh_user],test_wallet_swap_first_open_ram_fresh,passed,745.629,745.629,745.629,1,745.629
,cd4b4e1aa0,2026-07-30T05:40:44,,test_wallet_swap_loading_time[fresh_user],test_wallet_swap_ram_fresh,passed,753.967,815.863,793.138,5,"753.967,815.863,809.529,799.828,786.502"
,cd4b4e1aa0,2026-07-30T05:40:44,,test_wallet_collectibles_tab_first_open_loading_time[fresh_user],test_wallet_collectibles_tab_first_open_ram_fresh,passed,793.626,793.626,793.626,1,793.626
,cd4b4e1aa0,2026-07-30T05:40:44,,test_wallet_collectibles_tab_loading_time[fresh_user],test_wallet_collectibles_tab_ram_fresh,passed,804.375,805.723,805.146,5,"804.375,805.016,805.273,805.344,805.723"
,cd4b4e1aa0,2026-07-30T05:40:44,,test_wallet_assets_tab_first_open_loading_time[fresh_user],test_wallet_assets_tab_first_open_ram_fresh,passed,742.432,742.432,742.432,1,742.432
,cd4b4e1aa0,2026-07-30T05:40:44,,test_wallet_assets_tab_loading_time[fresh_user],test_wallet_assets_tab_ram_fresh,passed,794.156,798.855,797.254,5,"794.156,796.572,798.061,798.855,798.625"
,cd4b4e1aa0,2026-07-30T05:40:44,,test_wallet_repeat_open_loading_time[wallet_load_alex_user],test_wallet_repeat_open_ram_wallet_load_alex,passed,805.418,940.131,893.347,5,"805.418,940.131,904.193,911.469,905.525"
,cd4b4e1aa0,2026-07-30T05:40:44,,test_wallet_send_first_open_loading_time[fresh_user],test_wallet_send_first_open_ram_fresh,passed,669.49,669.49,669.49,1,669.49
,cd4b4e1aa0,2026-07-30T05:40:44,,test_wallet_send_loading_time[fresh_user],test_wallet_send_ram_fresh,passed,681.527,816.732,739.513,5,"681.527,692.275,816.732,786.58,720.447"
,cd4b4e1aa0,2026-07-30T05:40:44,,test_wallet_repeat_open_loading_time[wallet_load_user],test_wallet_repeat_open_ram_wallet_load,passed,809.9,911.348,877.079,5,"809.9,880.619,911.348,891.297,892.229"
,cd4b4e1aa0,2026-07-30T05:40:44,,test_wallet_add_account_first_open_loading_time[wallet_load_user],test_wallet_add_account_first_open_ram_wallet_load,passed,700.717,700.717,700.717,1,700.717
,cd4b4e1aa0,2026-07-30T05:40:44,,test_wallet_add_account_loading_time[wallet_load_user],test_wallet_add_account_ram_wallet_load,passed,705.947,771.4,727.555,5,"705.947,712.053,715.002,733.373,771.4"
,cd4b4e1aa0,2026-07-30T05:40:44,,test_wallet_collectibles_tab_first_open_loading_time[wallet_load_user],test_wallet_collectibles_tab_first_open_ram_wallet_load,passed,1525.214,1525.214,1525.214,1,1525.214
,cd4b4e1aa0,2026-07-30T05:40:44,,test_wallet_collectibles_tab_loading_time[wallet_load_user],test_wallet_collectibles_tab_ram_wallet_load,passed,991.35,1233.926,1099.193,5,"1102.715,991.35,1004.83,1163.142,1233.926"
,cd4b4e1aa0,2026-07-30T05:40:44,,test_wallet_assets_tab_first_open_loading_time[wallet_load_user],test_wallet_assets_tab_first_open_ram_wallet_load,passed,717.45,717.45,717.45,1,717.45
,cd4b4e1aa0,2026-07-30T05:40:44,,test_wallet_assets_tab_loading_time[wallet_load_user],test_wallet_assets_tab_ram_wallet_load,passed,1054.948,1172.541,1098.211,5,"1108.242,1054.948,1059.065,1096.259,1172.541"
,cd4b4e1aa0,2026-07-30T05:40:44,,test_wallet_activity_tab_first_open_loading_time[wallet_load_user],test_wallet_activity_tab_first_open_ram_wallet_load,passed,705.961,705.961,705.961,1,705.961
,cd4b4e1aa0,2026-07-30T05:40:44,,test_wallet_activity_tab_loading_time[wallet_load_user],test_wallet_activity_tab_ram_wallet_load,passed,726.795,784.182,757.48,5,"726.795,741.277,753.26,781.887,784.182"
,cd4b4e1aa0,2026-07-30T05:40:44,,test_wallet_add_account_first_open_loading_time[fresh_user],test_wallet_add_account_first_open_ram_fresh,passed,764.582,764.582,764.582,1,764.582
,cd4b4e1aa0,2026-07-30T05:40:44,,test_wallet_add_account_loading_time[fresh_user],test_wallet_add_account_ram_fresh,passed,766.891,829.625,790.115,5,"766.891,767.715,787.998,798.346,829.625"
,cd4b4e1aa0,2026-07-30T05:40:44,,test_wallet_activity_tab_first_open_loading_time[wallet_load_alex_user],test_wallet_activity_tab_first_open_ram_wallet_load_alex,passed,757.74,757.74,757.74,1,757.74
,cd4b4e1aa0,2026-07-30T05:40:44,,test_wallet_activity_tab_loading_time[wallet_load_alex_user],test_wallet_activity_tab_ram_wallet_load_alex,passed,750.752,899.768,808.72,5,"750.752,765.996,772.648,854.436,899.768"
,cd4b4e1aa0,2026-07-30T05:40:44,,test_wallet_send_first_open_loading_time[wallet_load_user],test_wallet_send_first_open_ram_wallet_load,passed,684.996,684.996,684.996,1,684.996
,cd4b4e1aa0,2026-07-30T05:40:44,,test_wallet_send_loading_time[wallet_load_user],test_wallet_send_ram_wallet_load,passed,695.051,790.012,739.784,5,"695.051,702.506,755.002,790.012,756.352"
,cd4b4e1aa0,2026-07-30T05:40:44,,test_wallet_swap_first_open_loading_time[wallet_load_user],test_wallet_swap_first_open_ram_wallet_load,passed,695.062,695.062,695.062,1,695.062
,cd4b4e1aa0,2026-07-30T05:40:44,,test_wallet_swap_loading_time[wallet_load_user],test_wallet_swap_ram_wallet_load,passed,710.701,819.854,750.588,5,"710.701,730.906,737.75,753.73,819.854"
,cd4b4e1aa0,2026-07-30T05:40:44,,test_wallet_account_open_loading_time[fresh_user],test_wallet_account_first_open_ram_fresh,passed,688.242,688.242,688.242,1,688.242
,cd4b4e1aa0,2026-07-30T05:40:44,,test_wallet_activity_tab_first_open_loading_time[fresh_user],test_wallet_activity_tab_first_open_ram_fresh,passed,682.352,682.352,682.352,1,682.352
,cd4b4e1aa0,2026-07-30T05:40:44,,test_wallet_activity_tab_loading_time[fresh_user],test_wallet_activity_tab_ram_fresh,passed,685.852,724.402,703.656,5,"685.852,692.934,692.996,722.098,724.402"
,6eedb01da6,2026-07-30T15:35:01,,test_wallet_repeat_open_loading_time[wallet_load_alex_user],test_wallet_repeat_open_ram_wallet_load_alex,passed,828.357,931.268,901.493,5,"828.357,903.539,918.354,931.268,925.949"
,6eedb01da6,2026-07-30T15:35:01,,test_wallet_send_first_open_loading_time[fresh_user],test_wallet_send_first_open_ram_fresh,passed,780.146,780.146,780.146,1,780.146
,6eedb01da6,2026-07-30T15:35:01,,test_wallet_send_loading_time[fresh_user],test_wallet_send_ram_fresh,passed,773.975,869.092,808.558,5,"781.562,869.092,839.314,778.846,773.975"
,6eedb01da6,2026-07-30T15:35:01,,test_wallet_activity_tab_first_open_loading_time[fresh_user],test_wallet_activity_tab_first_open_ram_fresh,passed,709.473,709.473,709.473,1,709.473
,6eedb01da6,2026-07-30T15:35:01,,test_wallet_activity_tab_loading_time[fresh_user],test_wallet_activity_tab_ram_fresh,passed,709.211,711.633,710.654,5,"709.211,709.988,711.047,711.391,711.633"
,6eedb01da6,2026-07-30T15:35:01,,test_wallet_first_open_loading_time[wallet_load_user],test_wallet_first_open_ram_wallet_load,passed,757.516,757.516,757.516,1,757.516
,6eedb01da6,2026-07-30T15:35:01,,test_wallet_account_open_loading_time[fresh_user],test_wallet_account_first_open_ram_fresh,passed,800.09,800.09,800.09,1,800.09
,6eedb01da6,2026-07-30T15:35:01,,test_wallet_account_open_loading_time[wallet_load_alex_user],test_wallet_account_first_open_ram_wallet_load_alex,passed,729.999,729.999,729.999,1,729.999
,6eedb01da6,2026-07-30T15:35:01,,test_status_community_second_open_loading_time[user_data0-user_account0],test_status_community_second_open_ram_member,passed,839.312,859.959,851.302,5,"839.312,847.023,859.959,852.128,858.09"
,6eedb01da6,2026-07-30T15:35:01,,test_wallet_send_first_open_loading_time[wallet_load_user],test_wallet_send_first_open_ram_wallet_load,passed,771.295,771.295,771.295,1,771.295
,6eedb01da6,2026-07-30T15:35:01,,test_wallet_send_loading_time[wallet_load_user],test_wallet_send_ram_wallet_load,passed,745.299,832.922,769.521,5,"745.299,747.23,749.986,772.17,832.922"
,6eedb01da6,2026-07-30T15:35:01,,test_wallet_assets_tab_first_open_loading_time[fresh_user],test_wallet_assets_tab_first_open_ram_fresh,passed,734.353,734.353,734.353,1,734.353
,6eedb01da6,2026-07-30T15:35:01,,test_wallet_assets_tab_loading_time[fresh_user],test_wallet_assets_tab_ram_fresh,passed,771.639,774.613,773.7,5,"771.639,773.742,774.148,774.359,774.613"
,6eedb01da6,2026-07-30T15:35:01,,test_wallet_swap_first_open_loading_time[wallet_load_user],test_wallet_swap_first_open_ram_wallet_load,passed,693.631,693.631,693.631,1,693.631
,6eedb01da6,2026-07-30T15:35:01,,test_wallet_swap_loading_time[wallet_load_user],test_wallet_swap_ram_wallet_load,passed,725.732,837.748,762.976,5,"725.732,734.557,748.029,768.814,837.748"
,6eedb01da6,2026-07-30T15:35:01,,test_wallet_collectibles_tab_first_open_loading_time[wallet_load_user],test_wallet_collectibles_tab_first_open_ram_wallet_load,passed,1543.924,1543.924,1543.924,1,1543.924
,6eedb01da6,2026-07-30T15:35:01,,test_wallet_collectibles_tab_loading_time[wallet_load_user],test_wallet_collectibles_tab_ram_wallet_load,passed,995.029,1208.419,1102.759,5,"1052.096,1063.728,995.029,1194.523,1208.419"
,6eedb01da6,2026-07-30T15:35:01,,test_wallet_receive_first_open_loading_time[wallet_load_alex_user],test_wallet_receive_first_open_ram_wallet_load_alex,passed,718.246,718.246,718.246,1,718.246
,6eedb01da6,2026-07-30T15:35:01,,test_wallet_receive_loading_time[wallet_load_alex_user],test_wallet_receive_ram_wallet_load_alex,passed,726.43,811.334,759.193,5,"726.43,727.385,728.312,802.504,811.334"
,6eedb01da6,2026-07-30T15:35:01,,test_wallet_swap_first_open_loading_time[fresh_user],test_wallet_swap_first_open_ram_fresh,passed,712.945,712.945,712.945,1,712.945
,6eedb01da6,2026-07-30T15:35:01,,test_wallet_swap_loading_time[fresh_user],test_wallet_swap_ram_fresh,passed,726.463,808.408,769.197,5,"726.463,808.408,775.748,770.16,765.205"
,6eedb01da6,2026-07-30T15:35:01,,test_status_community_first_open_loading_time[user_data0-user_account0],test_status_community_first_open_ram_member,passed,725.15,725.15,725.15,1,725.15
,6eedb01da6,2026-07-30T15:35:01,,test_wallet_first_open_loading_time[fresh_user],test_wallet_first_open_ram_fresh,passed,657.781,657.781,657.781,1,657.781
,6eedb01da6,2026-07-30T15:35:01,,test_wallet_assets_tab_first_open_loading_time[wallet_load_alex_user],test_wallet_assets_tab_first_open_ram_wallet_load_alex,passed,714.926,714.926,714.926,1,714.926
,6eedb01da6,2026-07-30T15:35:01,,test_wallet_assets_tab_loading_time[wallet_load_alex_user],test_wallet_assets_tab_ram_wallet_load_alex,passed,1220.216,1384.748,1321.477,5,"1279.394,1384.748,1342.417,1220.216,1380.608"
,6eedb01da6,2026-07-30T15:35:01,,test_wallet_add_account_first_open_loading_time[fresh_user],test_wallet_add_account_first_open_ram_fresh,passed,716.9,716.9,716.9,1,716.9
,6eedb01da6,2026-07-30T15:35:01,,test_wallet_add_account_loading_time[fresh_user],test_wallet_add_account_ram_fresh,passed,718.479,788.639,758.917,5,"718.479,744.324,783.826,788.639,759.318"
,6eedb01da6,2026-07-30T15:35:01,,test_wallet_receive_first_open_loading_time[fresh_user],test_wallet_receive_first_open_ram_fresh,passed,651.15,651.15,651.15,1,651.15
,6eedb01da6,2026-07-30T15:35:01,,test_wallet_receive_loading_time[fresh_user],test_wallet_receive_ram_fresh,passed,648.344,686.211,663.948,5,"649.252,648.344,663.941,686.211,671.99"
,6eedb01da6,2026-07-30T15:35:01,,test_wallet_send_first_open_loading_time[wallet_load_alex_user],test_wallet_send_first_open_ram_wallet_load_alex,passed,707.641,707.641,707.641,1,707.641
,6eedb01da6,2026-07-30T15:35:01,,test_wallet_send_loading_time[wallet_load_alex_user],test_wallet_send_ram_wallet_load_alex,passed,709.139,817.936,772.986,5,"709.139,734.398,817.936,797.975,805.484"
,6eedb01da6,2026-07-30T15:35:01,,test_wallet_first_open_loading_time[wallet_load_alex_user],test_wallet_first_open_ram_wallet_load_alex,passed,721.992,721.992,721.992,1,721.992
,6eedb01da6,2026-07-30T15:35:01,,test_wallet_assets_tab_first_open_loading_time[wallet_load_user],test_wallet_assets_tab_first_open_ram_wallet_load,passed,746.433,746.433,746.433,1,746.433
,6eedb01da6,2026-07-30T15:35:01,,test_wallet_assets_tab_loading_time[wallet_load_user],test_wallet_assets_tab_ram_wallet_load,passed,1026.72,1099.699,1058.032,5,"1045.852,1099.699,1026.72,1050.94,1066.948"
,6eedb01da6,2026-07-30T15:35:01,,test_wallet_account_open_loading_time[wallet_load_user],test_wallet_account_first_open_ram_wallet_load,passed,690.723,690.723,690.723,1,690.723
,6eedb01da6,2026-07-30T15:35:01,,test_wallet_collectibles_tab_first_open_loading_time[wallet_load_alex_user],test_wallet_collectibles_tab_first_open_ram_wallet_load_alex,passed,3740.695,3740.695,3740.695,1,3740.695
,6eedb01da6,2026-07-30T15:35:01,,test_wallet_collectibles_tab_loading_time[wallet_load_alex_user],test_wallet_collectibles_tab_ram_wallet_load_alex,passed,1001.535,1001.984,1001.775,5,"1001.699,1001.855,1001.535,1001.801,1001.984"
,6eedb01da6,2026-07-30T15:35:01,,test_wallet_collectibles_tab_first_open_loading_time[fresh_user],test_wallet_collectibles_tab_first_open_ram_fresh,passed,759.707,759.707,759.707,1,759.707
,6eedb01da6,2026-07-30T15:35:01,,test_wallet_collectibles_tab_loading_time[fresh_user],test_wallet_collectibles_tab_ram_fresh,passed,740.895,744.711,743.177,5,"740.895,741.578,744.223,744.477,744.711"
,6eedb01da6,2026-07-30T15:35:01,,test_wallet_activity_tab_first_open_loading_time[wallet_load_alex_user],test_wallet_activity_tab_first_open_ram_wallet_load_alex,passed,706.275,706.275,706.275,1,706.275
,6eedb01da6,2026-07-30T15:35:01,,test_wallet_activity_tab_loading_time[wallet_load_alex_user],test_wallet_activity_tab_ram_wallet_load_alex,passed,725.688,832.221,763.141,5,"725.688,735.131,741.84,780.828,832.221"
,6eedb01da6,2026-07-30T15:35:01,,test_wallet_add_account_first_open_loading_time[wallet_load_user],test_wallet_add_account_first_open_ram_wallet_load,passed,693.527,693.527,693.527,1,693.527
,6eedb01da6,2026-07-30T15:35:01,,test_wallet_add_account_loading_time[wallet_load_user],test_wallet_add_account_ram_wallet_load,passed,705.795,798.494,740.251,5,"705.795,716.973,725.984,754.01,798.494"
,6eedb01da6,2026-07-30T15:35:01,,test_wallet_add_account_first_open_loading_time[wallet_load_alex_user],test_wallet_add_account_first_open_ram_wallet_load_alex,passed,745.744,745.744,745.744,1,745.744
,6eedb01da6,2026-07-30T15:35:01,,test_wallet_add_account_loading_time[wallet_load_alex_user],test_wallet_add_account_ram_wallet_load_alex,passed,760.713,792.537,774.977,5,"760.713,770.309,774.451,792.537,776.875"
,6eedb01da6,2026-07-30T15:35:01,,test_wallet_activity_tab_first_open_loading_time[wallet_load_user],test_wallet_activity_tab_first_open_ram_wallet_load,passed,721.369,721.369,721.369,1,721.369
,6eedb01da6,2026-07-30T15:35:01,,test_wallet_activity_tab_loading_time[wallet_load_user],test_wallet_activity_tab_ram_wallet_load,passed,746.158,786.367,762.311,5,"746.158,753.844,756.742,768.445,786.367"
,6eedb01da6,2026-07-30T15:35:01,,test_wallet_swap_first_open_loading_time[wallet_load_alex_user],test_wallet_swap_first_open_ram_wallet_load_alex,passed,759.104,759.104,759.104,1,759.104
,6eedb01da6,2026-07-30T15:35:01,,test_wallet_swap_loading_time[wallet_load_alex_user],test_wallet_swap_ram_wallet_load_alex,passed,769.227,846.176,804.702,5,"769.227,778.248,794.873,846.176,834.984"
,6eedb01da6,2026-07-30T15:35:01,,test_wallet_receive_first_open_loading_time[wallet_load_user],test_wallet_receive_first_open_ram_wallet_load,passed,682.507,682.507,682.507,1,682.507
,6eedb01da6,2026-07-30T15:35:01,,test_wallet_receive_loading_time[wallet_load_user],test_wallet_receive_ram_wallet_load,passed,685.559,791.344,715.358,5,"685.559,687.248,688.252,724.387,791.344"
,6eedb01da6,2026-07-30T15:35:01,,test_wallet_repeat_open_loading_time[wallet_load_user],test_wallet_repeat_open_ram_wallet_load,passed,853.785,910.203,884.936,5,"853.785,859.477,910.203,899.014,902.201"
,6eedb01da6,2026-07-30T15:35:01,,test_wallet_repeat_open_loading_time[fresh_user],test_wallet_repeat_open_ram_fresh,passed,776.209,852.131,824.466,5,"776.209,821.75,852.131,846.941,825.299"
,512bba730f,2026-07-31T04:49:19,,test_wallet_receive_first_open_loading_time[wallet_load_user],test_wallet_receive_first_open_ram_wallet_load,passed,687.732,687.732,687.732,1,687.732
,512bba730f,2026-07-31T04:49:19,,test_wallet_receive_loading_time[wallet_load_user],test_wallet_receive_ram_wallet_load,passed,693.631,792.68,719.398,5,"693.631,694.926,696.092,719.664,792.68"
,512bba730f,2026-07-31T04:49:19,,test_wallet_repeat_open_loading_time[fresh_user],test_wallet_repeat_open_ram_fresh,passed,767.408,832.805,801.711,5,"790.531,796.27,767.408,832.805,821.543"
,512bba730f,2026-07-31T04:49:19,,test_wallet_assets_tab_first_open_loading_time[wallet_load_user],test_wallet_assets_tab_first_open_ram_wallet_load,passed,707.012,707.012,707.012,1,707.012
,512bba730f,2026-07-31T04:49:19,,test_wallet_assets_tab_loading_time[wallet_load_user],test_wallet_assets_tab_ram_wallet_load,passed,911.062,1116.081,1032.724,5,"911.062,988.987,1116.081,1063.766,1083.727"
,512bba730f,2026-07-31T04:49:19,,test_wallet_first_open_loading_time[wallet_load_alex_user],test_wallet_first_open_ram_wallet_load_alex,passed,706.852,706.852,706.852,1,706.852
,512bba730f,2026-07-31T04:49:19,,test_status_community_first_open_loading_time[user_data0-user_account0],test_status_community_first_open_ram_member,passed,775.03,775.03,775.03,1,775.03
,512bba730f,2026-07-31T04:49:19,,test_wallet_add_account_first_open_loading_time[fresh_user],test_wallet_add_account_first_open_ram_fresh,passed,684.494,684.494,684.494,1,684.494
,512bba730f,2026-07-31T04:49:19,,test_wallet_add_account_loading_time[fresh_user],test_wallet_add_account_ram_fresh,passed,688.459,736.799,717.043,5,"688.459,735.428,710.682,736.799,713.848"
,512bba730f,2026-07-31T04:49:19,,test_wallet_send_first_open_loading_time[wallet_load_user],test_wallet_send_first_open_ram_wallet_load,passed,679.627,679.627,679.627,1,679.627
,512bba730f,2026-07-31T04:49:19,,test_wallet_send_loading_time[wallet_load_user],test_wallet_send_ram_wallet_load,passed,692.818,791.57,735.431,5,"692.818,698.66,733.551,791.57,760.555"
,512bba730f,2026-07-31T04:49:19,,test_wallet_first_open_loading_time[fresh_user],test_wallet_first_open_ram_fresh,passed,678.908,678.908,678.908,1,678.908
,512bba730f,2026-07-31T04:49:19,,test_status_community_second_open_loading_time[user_data0-user_account0],test_status_community_second_open_ram_member,passed,798.646,869.632,835.01,5,"798.646,812.982,830.18,863.61,869.632"
,512bba730f,2026-07-31T04:49:19,,test_wallet_add_account_first_open_loading_time[wallet_load_user],test_wallet_add_account_first_open_ram_wallet_load,passed,715.645,715.645,715.645,1,715.645
,512bba730f,2026-07-31T04:49:19,,test_wallet_add_account_loading_time[wallet_load_user],test_wallet_add_account_ram_wallet_load,passed,730.812,777.291,747.627,5,"730.812,734.822,741.611,753.598,777.291"
,512bba730f,2026-07-31T04:49:19,,test_wallet_activity_tab_first_open_loading_time[wallet_load_alex_user],test_wallet_activity_tab_first_open_ram_wallet_load_alex,passed,729.205,729.205,729.205,1,729.205
,512bba730f,2026-07-31T04:49:19,,test_wallet_activity_tab_loading_time[wallet_load_alex_user],test_wallet_activity_tab_ram_wallet_load_alex,passed,732.424,802.441,767.355,5,"732.424,747.621,753.352,802.441,800.936"
,512bba730f,2026-07-31T04:49:19,,test_wallet_assets_tab_first_open_loading_time[fresh_user],test_wallet_assets_tab_first_open_ram_fresh,passed,732.726,732.726,732.726,1,732.726
,512bba730f,2026-07-31T04:49:19,,test_wallet_assets_tab_loading_time[fresh_user],test_wallet_assets_tab_ram_fresh,passed,780.234,794.469,788.584,5,"780.234,784.109,789.766,794.342,794.469"
,512bba730f,2026-07-31T04:49:19,,test_wallet_repeat_open_loading_time[wallet_load_user],test_wallet_repeat_open_ram_wallet_load,passed,823.779,927.219,884.615,5,"823.779,881.551,893.949,927.219,896.578"
,512bba730f,2026-07-31T04:49:19,,test_wallet_activity_tab_first_open_loading_time[fresh_user],test_wallet_activity_tab_first_open_ram_fresh,passed,704.672,704.672,704.672,1,704.672
,512bba730f,2026-07-31T04:49:19,,test_wallet_activity_tab_loading_time[fresh_user],test_wallet_activity_tab_ram_fresh,passed,675.262,706.055,697.827,5,"705.832,706.016,706.055,695.969,675.262"
,512bba730f,2026-07-31T04:49:19,,test_wallet_repeat_open_loading_time[wallet_load_alex_user],test_wallet_repeat_open_ram_wallet_load_alex,passed,852.174,940.199,904.148,5,"852.174,882.07,923.076,923.219,940.199"
,512bba730f,2026-07-31T04:49:19,,test_wallet_account_open_loading_time[fresh_user],test_wallet_account_first_open_ram_fresh,passed,702.109,702.109,702.109,1,702.109
,512bba730f,2026-07-31T04:49:19,,test_wallet_collectibles_tab_first_open_loading_time[wallet_load_user],test_wallet_collectibles_tab_first_open_ram_wallet_load,passed,1581.926,1581.926,1581.926,1,1581.926
,512bba730f,2026-07-31T04:49:19,,test_wallet_collectibles_tab_loading_time[wallet_load_user],test_wallet_collectibles_tab_ram_wallet_load,passed,927.23,1170.749,1100.114,5,"1126.518,1112.367,1163.704,927.23,1170.749"
,512bba730f,2026-07-31T04:49:19,,test_wallet_receive_first_open_loading_time[fresh_user],test_wallet_receive_first_open_ram_fresh,passed,723.264,723.264,723.264,1,723.264
,512bba730f,2026-07-31T04:49:19,,test_wallet_receive_loading_time[fresh_user],test_wallet_receive_ram_fresh,passed,724.295,797.619,756.112,5,"724.998,724.295,797.619,764.646,769.004"
,512bba730f,2026-07-31T04:49:19,,test_wallet_send_first_open_loading_time[wallet_load_alex_user],test_wallet_send_first_open_ram_wallet_load_alex,passed,765.148,765.148,765.148,1,765.148
,512bba730f,2026-07-31T04:49:19,,test_wallet_send_loading_time[wallet_load_alex_user],test_wallet_send_ram_wallet_load_alex,passed,764.826,890.098,815.324,5,"764.826,768.158,772.557,890.098,880.982"
,512bba730f,2026-07-31T04:49:19,,test_wallet_collectibles_tab_first_open_loading_time[wallet_load_alex_user],test_wallet_collectibles_tab_first_open_ram_wallet_load_alex,passed,3431.424,3431.424,3431.424,1,3431.424
,512bba730f,2026-07-31T04:49:19,,test_wallet_collectibles_tab_loading_time[wallet_load_alex_user],test_wallet_collectibles_tab_ram_wallet_load_alex,passed,1079.068,1733.552,1375.253,5,"1733.552,1079.068,1655.546,1154.407,1253.691"
,512bba730f,2026-07-31T04:49:19,,test_wallet_swap_first_open_loading_time[fresh_user],test_wallet_swap_first_open_ram_fresh,passed,755.996,755.996,755.996,1,755.996
,512bba730f,2026-07-31T04:49:19,,test_wallet_swap_loading_time[fresh_user],test_wallet_swap_ram_fresh,passed,777.951,823.127,793.46,5,"783.17,803.68,823.127,777.951,779.371"
,512bba730f,2026-07-31T04:49:19,,test_wallet_account_open_loading_time[wallet_load_alex_user],test_wallet_account_first_open_ram_wallet_load_alex,passed,774.332,774.332,774.332,1,774.332
,512bba730f,2026-07-31T04:49:19,,test_wallet_send_first_open_loading_time[fresh_user],test_wallet_send_first_open_ram_fresh,passed,669.04,669.04,669.04,1,669.04
,512bba730f,2026-07-31T04:49:19,,test_wallet_send_loading_time[fresh_user],test_wallet_send_ram_fresh,passed,670.82,707.064,687.666,5,"670.82,692.346,690.732,707.064,677.365"
,512bba730f,2026-07-31T04:49:19,,test_wallet_swap_first_open_loading_time[wallet_load_alex_user],test_wallet_swap_first_open_ram_wallet_load_alex,passed,775.361,775.361,775.361,1,775.361
,512bba730f,2026-07-31T04:49:19,,test_wallet_swap_loading_time[wallet_load_alex_user],test_wallet_swap_ram_wallet_load_alex,passed,751.506,868.889,794.857,5,"751.506,756.941,768.67,868.889,828.277"
,512bba730f,2026-07-31T04:49:19,,test_wallet_add_account_first_open_loading_time[wallet_load_alex_user],test_wallet_add_account_first_open_ram_wallet_load_alex,passed,732.791,732.791,732.791,1,732.791
,512bba730f,2026-07-31T04:49:19,,test_wallet_add_account_loading_time[wallet_load_alex_user],test_wallet_add_account_ram_wallet_load_alex,passed,724.771,846.762,773.295,5,"724.771,733.965,738.08,846.762,822.896"
,512bba730f,2026-07-31T04:49:19,,test_wallet_collectibles_tab_first_open_loading_time[fresh_user],test_wallet_collectibles_tab_first_open_ram_fresh,passed,786.793,786.793,786.793,1,786.793
,512bba730f,2026-07-31T04:49:19,,test_wallet_collectibles_tab_loading_time[fresh_user],test_wallet_collectibles_tab_ram_fresh,passed,790.773,793.406,791.958,5,"790.773,791.105,791.422,793.082,793.406"
,512bba730f,2026-07-31T04:49:19,,test_wallet_receive_first_open_loading_time[wallet_load_alex_user],test_wallet_receive_first_open_ram_wallet_load_alex,passed,698.799,698.799,698.799,1,698.799
,512bba730f,2026-07-31T04:49:19,,test_wallet_receive_loading_time[wallet_load_alex_user],test_wallet_receive_ram_wallet_load_alex,passed,702.51,805.348,756.25,5,"702.51,704.062,805.348,802.686,766.646"
,512bba730f,2026-07-31T04:49:19,,test_wallet_first_open_loading_time[wallet_load_user],test_wallet_first_open_ram_wallet_load,passed,724.148,724.148,724.148,1,724.148
,512bba730f,2026-07-31T04:49:19,,test_wallet_swap_first_open_loading_time[wallet_load_user],test_wallet_swap_first_open_ram_wallet_load,passed,712.387,712.387,712.387,1,712.387
,512bba730f,2026-07-31T04:49:19,,test_wallet_swap_loading_time[wallet_load_user],test_wallet_swap_ram_wallet_load,passed,745.715,833.684,782.684,5,"745.715,752.488,784.701,796.832,833.684"
,512bba730f,2026-07-31T04:49:19,,test_wallet_account_open_loading_time[wallet_load_user],test_wallet_account_first_open_ram_wallet_load,passed,680.799,680.799,680.799,1,680.799
,512bba730f,2026-07-31T04:49:19,,test_wallet_activity_tab_first_open_loading_time[wallet_load_user],test_wallet_activity_tab_first_open_ram_wallet_load,passed,708.885,708.885,708.885,1,708.885
,512bba730f,2026-07-31T04:49:19,,test_wallet_activity_tab_loading_time[wallet_load_user],test_wallet_activity_tab_ram_wallet_load,passed,734.316,813.039,759.878,5,"734.316,742.586,743.053,766.395,813.039"
,512bba730f,2026-07-31T04:49:19,,test_wallet_assets_tab_first_open_loading_time[wallet_load_alex_user],test_wallet_assets_tab_first_open_ram_wallet_load_alex,passed,735.055,735.055,735.055,1,735.055
,512bba730f,2026-07-31T04:49:19,,test_wallet_assets_tab_loading_time[wallet_load_alex_user],test_wallet_assets_tab_ram_wallet_load_alex,passed,1211.374,1467.088,1285.541,5,"1262.866,1211.374,1222.25,1264.125,1467.088"
,4d5f214a13,2026-07-31T09:31:40,,test_wallet_activity_tab_first_open_loading_time[fresh_user],test_wallet_activity_tab_first_open_ram_fresh,passed,683.379,683.379,683.379,1,683.379
,4d5f214a13,2026-07-31T09:31:40,,test_wallet_activity_tab_loading_time[fresh_user],test_wallet_activity_tab_ram_fresh,passed,682.684,682.957,682.848,5,"682.684,682.75,682.902,682.945,682.957"
,4d5f214a13,2026-07-31T09:31:40,,test_wallet_repeat_open_loading_time[wallet_load_alex_user],test_wallet_repeat_open_ram_wallet_load_alex,passed,861.381,962.123,921.581,5,"861.381,923.605,937.242,962.123,923.555"
,4d5f214a13,2026-07-31T09:31:40,,test_wallet_add_account_first_open_loading_time[wallet_load_alex_user],test_wallet_add_account_first_open_ram_wallet_load_alex,passed,740.947,740.947,740.947,1,740.947
,4d5f214a13,2026-07-31T09:31:40,,test_wallet_add_account_loading_time[wallet_load_alex_user],test_wallet_add_account_ram_wallet_load_alex,passed,729.0,799.711,760.638,5,"729.0,734.461,754.275,799.711,785.742"
,4d5f214a13,2026-07-31T09:31:40,,test_wallet_account_open_loading_time[fresh_user],test_wallet_account_first_open_ram_fresh,passed,702.215,702.215,702.215,1,702.215
,4d5f214a13,2026-07-31T09:31:40,,test_wallet_send_first_open_loading_time[wallet_load_alex_user],test_wallet_send_first_open_ram_wallet_load_alex,passed,709.816,709.816,709.816,1,709.816
,4d5f214a13,2026-07-31T09:31:40,,test_wallet_send_loading_time[wallet_load_alex_user],test_wallet_send_ram_wallet_load_alex,passed,722.404,850.592,790.165,5,"722.404,727.1,850.592,843.115,807.613"
,4d5f214a13,2026-07-31T09:31:40,,test_status_community_second_open_loading_time[user_data0-user_account0],test_status_community_second_open_ram_member,passed,812.949,856.562,835.894,5,"812.949,829.823,837.294,842.841,856.562"
,4d5f214a13,2026-07-31T09:31:40,,test_wallet_collectibles_tab_first_open_loading_time[wallet_load_user],test_wallet_collectibles_tab_first_open_ram_wallet_load,passed,1552.38,1552.38,1552.38,1,1552.38
,4d5f214a13,2026-07-31T09:31:40,,test_wallet_collectibles_tab_loading_time[wallet_load_user],test_wallet_collectibles_tab_ram_wallet_load,passed,1078.243,1216.944,1136.555,5,"1193.354,1084.475,1078.243,1109.757,1216.944"
,4d5f214a13,2026-07-31T09:31:40,,test_wallet_receive_first_open_loading_time[fresh_user],test_wallet_receive_first_open_ram_fresh,passed,741.539,741.539,741.539,1,741.539
,4d5f214a13,2026-07-31T09:31:40,,test_wallet_receive_loading_time[fresh_user],test_wallet_receive_ram_fresh,passed,717.889,766.342,743.293,5,"742.307,747.576,766.342,742.35,717.889"
,4d5f214a13,2026-07-31T09:31:40,,test_wallet_add_account_first_open_loading_time[wallet_load_user],test_wallet_add_account_first_open_ram_wallet_load,passed,701.332,701.332,701.332,1,701.332
,4d5f214a13,2026-07-31T09:31:40,,test_wallet_add_account_loading_time[wallet_load_user],test_wallet_add_account_ram_wallet_load,passed,701.537,816.781,732.882,5,"705.92,701.537,705.111,735.059,816.781"
,4d5f214a13,2026-07-31T09:31:40,,test_status_community_first_open_loading_time[user_data0-user_account0],test_status_community_first_open_ram_member,passed,749.997,749.997,749.997,1,749.997
,4d5f214a13,2026-07-31T09:31:40,,test_wallet_receive_first_open_loading_time[wallet_load_user],test_wallet_receive_first_open_ram_wallet_load,passed,769.404,769.404,769.404,1,769.404
,4d5f214a13,2026-07-31T09:31:40,,test_wallet_receive_loading_time[wallet_load_user],test_wallet_receive_ram_wallet_load,passed,753.293,762.525,756.847,5,"753.293,754.266,755.311,758.842,762.525"
,4d5f214a13,2026-07-31T09:31:40,,test_wallet_collectibles_tab_first_open_loading_time[wallet_load_alex_user],test_wallet_collectibles_tab_first_open_ram_wallet_load_alex,passed,3481.415,3481.415,3481.415,1,3481.415
,4d5f214a13,2026-07-31T09:31:40,,test_wallet_collectibles_tab_loading_time[wallet_load_alex_user],test_wallet_collectibles_tab_ram_wallet_load_alex,passed,1115.569,1668.798,1281.105,5,"1253.762,1126.905,1668.798,1115.569,1240.493"
,4d5f214a13,2026-07-31T09:31:40,,test_wallet_assets_tab_first_open_loading_time[wallet_load_user],test_wallet_assets_tab_first_open_ram_wallet_load,passed,713.762,713.762,713.762,1,713.762
,4d5f214a13,2026-07-31T09:31:40,,test_wallet_assets_tab_loading_time[wallet_load_user],test_wallet_assets_tab_ram_wallet_load,passed,1072.938,1250.16,1141.301,5,"1072.938,1086.298,1115.471,1250.16,1181.635"
,4d5f214a13,2026-07-31T09:31:40,,test_wallet_activity_tab_first_open_loading_time[wallet_load_alex_user],test_wallet_activity_tab_first_open_ram_wallet_load_alex,passed,773.076,773.076,773.076,1,773.076
,4d5f214a13,2026-07-31T09:31:40,,test_wallet_activity_tab_loading_time[wallet_load_alex_user],test_wallet_activity_tab_ram_wallet_load_alex,passed,763.344,835.867,796.689,5,"763.344,773.674,780.814,829.744,835.867"
,4d5f214a13,2026-07-31T09:31:40,,test_wallet_first_open_loading_time[wallet_load_user],test_wallet_first_open_ram_wallet_load,passed,679.26,679.26,679.26,1,679.26
,4d5f214a13,2026-07-31T09:31:40,,test_wallet_repeat_open_loading_time[wallet_load_user],test_wallet_repeat_open_ram_wallet_load,passed,805.266,901.262,868.888,5,"805.266,901.262,883.555,870.217,884.141"
,4d5f214a13,2026-07-31T09:31:40,,test_wallet_account_open_loading_time[wallet_load_user],test_wallet_account_first_open_ram_wallet_load,passed,690.648,690.648,690.648,1,690.648
,4d5f214a13,2026-07-31T09:31:40,,test_wallet_repeat_open_loading_time[fresh_user],test_wallet_repeat_open_ram_fresh,passed,807.18,897.004,842.544,5,"807.18,830.248,809.25,869.039,897.004"
,4d5f214a13,2026-07-31T09:31:40,,test_wallet_send_first_open_loading_time[fresh_user],test_wallet_send_first_open_ram_fresh,passed,726.015,726.015,726.015,1,726.015
,4d5f214a13,2026-07-31T09:31:40,,test_wallet_send_loading_time[fresh_user],test_wallet_send_ram_fresh,passed,706.18,774.537,738.017,5,"726.664,772.035,774.537,710.67,706.18"
,4d5f214a13,2026-07-31T09:31:40,,test_wallet_account_open_loading_time[wallet_load_alex_user],test_wallet_account_first_open_ram_wallet_load_alex,passed,774.936,774.936,774.936,1,774.936
,4d5f214a13,2026-07-31T09:31:40,,test_wallet_send_first_open_loading_time[wallet_load_user],test_wallet_send_first_open_ram_wallet_load,passed,767.194,767.194,767.194,1,767.194
,4d5f214a13,2026-07-31T09:31:40,,test_wallet_send_loading_time[wallet_load_user],test_wallet_send_ram_wallet_load,passed,765.818,801.279,782.226,5,"765.818,772.438,775.629,801.279,795.964"
,4d5f214a13,2026-07-31T09:31:40,,test_wallet_first_open_loading_time[fresh_user],test_wallet_first_open_ram_fresh,passed,713.902,713.902,713.902,1,713.902
,4d5f214a13,2026-07-31T09:31:40,,test_wallet_swap_first_open_loading_time[wallet_load_alex_user],test_wallet_swap_first_open_ram_wallet_load_alex,passed,699.115,699.115,699.115,1,699.115
,4d5f214a13,2026-07-31T09:31:40,,test_wallet_swap_loading_time[wallet_load_alex_user],test_wallet_swap_ram_wallet_load_alex,passed,723.619,845.791,779.716,5,"723.619,750.639,757.688,845.791,820.844"
,4d5f214a13,2026-07-31T09:31:40,,test_wallet_collectibles_tab_first_open_loading_time[fresh_user],test_wallet_collectibles_tab_first_open_ram_fresh,passed,735.696,735.696,735.696,1,735.696
,4d5f214a13,2026-07-31T09:31:40,,test_wallet_collectibles_tab_loading_time[fresh_user],test_wallet_collectibles_tab_ram_fresh,passed,713.98,782.598,758.817,5,"713.98,782.598,755.953,770.309,771.246"
,4d5f214a13,2026-07-31T09:31:40,,test_wallet_swap_first_open_loading_time[wallet_load_user],test_wallet_swap_first_open_ram_wallet_load,passed,740.876,740.876,740.876,1,740.876
,4d5f214a13,2026-07-31T09:31:40,,test_wallet_swap_loading_time[wallet_load_user],test_wallet_swap_ram_wallet_load,passed,728.027,816.785,767.755,5,"728.027,759.324,749.596,785.045,816.785"
,4d5f214a13,2026-07-31T09:31:40,,test_wallet_receive_first_open_loading_time[wallet_load_alex_user],test_wallet_receive_first_open_ram_wallet_load_alex,passed,714.139,714.139,714.139,1,714.139
,4d5f214a13,2026-07-31T09:31:40,,test_wallet_receive_loading_time[wallet_load_alex_user],test_wallet_receive_ram_wallet_load_alex,passed,715.215,812.648,752.579,5,"715.215,715.246,715.777,804.01,812.648"
,4d5f214a13,2026-07-31T09:31:40,,test_wallet_swap_first_open_loading_time[fresh_user],test_wallet_swap_first_open_ram_fresh,passed,742.863,742.863,742.863,1,742.863
,4d5f214a13,2026-07-31T09:31:40,,test_wallet_swap_loading_time[fresh_user],test_wallet_swap_ram_fresh,passed,752.479,850.852,792.533,5,"752.479,766.59,801.898,850.852,790.848"
,4d5f214a13,2026-07-31T09:31:40,,test_wallet_activity_tab_first_open_loading_time[wallet_load_user],test_wallet_activity_tab_first_open_ram_wallet_load,passed,760.402,760.402,760.402,1,760.402
,4d5f214a13,2026-07-31T09:31:40,,test_wallet_activity_tab_loading_time[wallet_load_user],test_wallet_activity_tab_ram_wallet_load,passed,765.369,790.123,775.016,5,"765.369,769.711,769.701,790.123,780.176"
,4d5f214a13,2026-07-31T09:31:40,,test_wallet_add_account_first_open_loading_time[fresh_user],test_wallet_add_account_first_open_ram_fresh,passed,754.078,754.078,754.078,1,754.078
,4d5f214a13,2026-07-31T09:31:40,,test_wallet_add_account_loading_time[fresh_user],test_wallet_add_account_ram_fresh,passed,747.807,812.459,772.539,5,"772.469,780.006,812.459,747.807,749.957"
,4d5f214a13,2026-07-31T09:31:40,,test_wallet_assets_tab_first_open_loading_time[fresh_user],test_wallet_assets_tab_first_open_ram_fresh,passed,693.175,693.175,693.175,1,693.175
,4d5f214a13,2026-07-31T09:31:40,,test_wallet_assets_tab_loading_time[fresh_user],test_wallet_assets_tab_ram_fresh,passed,719.354,735.551,729.462,5,"719.354,726.014,730.908,735.484,735.551"
,4d5f214a13,2026-07-31T09:31:40,,test_wallet_first_open_loading_time[wallet_load_alex_user],test_wallet_first_open_ram_wallet_load_alex,passed,736.461,736.461,736.461,1,736.461
,4d5f214a13,2026-07-31T09:31:40,,test_wallet_assets_tab_first_open_loading_time[wallet_load_alex_user],test_wallet_assets_tab_first_open_ram_wallet_load_alex,passed,771.121,771.121,771.121,1,771.121
,4d5f214a13,2026-07-31T09:31:40,,test_wallet_assets_tab_loading_time[wallet_load_alex_user],test_wallet_assets_tab_ram_wallet_load_alex,passed,1232.5,1399.536,1283.288,5,"1254.973,1238.344,1232.5,1399.536,1291.087"
,3959f84669,2026-07-31T12:14:46,,test_wallet_activity_tab_first_open_loading_time[fresh_user],test_wallet_activity_tab_first_open_ram_fresh,passed,717.508,717.508,717.508,1,717.508
,3959f84669,2026-07-31T12:14:46,,test_wallet_activity_tab_loading_time[fresh_user],test_wallet_activity_tab_ram_fresh,passed,706.535,808.777,734.992,5,"742.293,706.535,708.488,708.867,808.777"
,3959f84669,2026-07-31T12:14:46,,test_wallet_swap_first_open_loading_time[fresh_user],test_wallet_swap_first_open_ram_fresh,passed,692.831,692.831,692.831,1,692.831
,3959f84669,2026-07-31T12:14:46,,test_wallet_swap_loading_time[fresh_user],test_wallet_swap_ram_fresh,passed,713.025,842.445,770.586,5,"713.025,739.064,842.445,803.238,755.158"
,3959f84669,2026-07-31T12:14:46,,test_wallet_assets_tab_first_open_loading_time[wallet_load_user],test_wallet_assets_tab_first_open_ram_wallet_load,passed,700.73,700.73,700.73,1,700.73
,3959f84669,2026-07-31T12:14:46,,test_wallet_assets_tab_loading_time[wallet_load_user],test_wallet_assets_tab_ram_wallet_load,passed,983.411,1101.914,1052.745,5,"1064.866,983.411,1032.875,1101.914,1080.66"
,3959f84669,2026-07-31T12:14:46,,test_wallet_add_account_first_open_loading_time[wallet_load_alex_user],test_wallet_add_account_first_open_ram_wallet_load_alex,passed,727.559,727.559,727.559,1,727.559
,3959f84669,2026-07-31T12:14:46,,test_wallet_add_account_loading_time[wallet_load_alex_user],test_wallet_add_account_ram_wallet_load_alex,passed,706.0,800.057,744.55,5,"706.0,708.971,727.504,800.057,780.221"
,3959f84669,2026-07-31T12:14:46,,test_wallet_first_open_loading_time[wallet_load_alex_user],test_wallet_first_open_ram_wallet_load_alex,passed,711.516,711.516,711.516,1,711.516
,3959f84669,2026-07-31T12:14:46,,test_wallet_account_open_loading_time[wallet_load_alex_user],test_wallet_account_first_open_ram_wallet_load_alex,passed,754.857,754.857,754.857,1,754.857
,3959f84669,2026-07-31T12:14:46,,test_wallet_first_open_loading_time[fresh_user],test_wallet_first_open_ram_fresh,passed,674.848,674.848,674.848,1,674.848
,3959f84669,2026-07-31T12:14:46,,test_wallet_assets_tab_first_open_loading_time[fresh_user],test_wallet_assets_tab_first_open_ram_fresh,passed,756.673,756.673,756.673,1,756.673
,3959f84669,2026-07-31T12:14:46,,test_wallet_assets_tab_loading_time[fresh_user],test_wallet_assets_tab_ram_fresh,passed,755.809,765.004,760.904,5,"765.004,755.809,757.312,762.336,764.061"
,3959f84669,2026-07-31T12:14:46,,test_status_community_second_open_loading_time[user_data0-user_account0],test_status_community_second_open_ram_member,passed,784.115,859.797,819.325,5,"784.115,793.305,823.743,835.665,859.797"
,3959f84669,2026-07-31T12:14:46,,test_status_community_first_open_loading_time[user_data0-user_account0],test_status_community_first_open_ram_member,passed,782.048,782.048,782.048,1,782.048
,3959f84669,2026-07-31T12:14:46,,test_wallet_add_account_first_open_loading_time[fresh_user],test_wallet_add_account_first_open_ram_fresh,passed,675.768,675.768,675.768,1,675.768
,3959f84669,2026-07-31T12:14:46,,test_wallet_add_account_loading_time[fresh_user],test_wallet_add_account_ram_fresh,passed,683.193,774.266,735.726,5,"683.193,749.845,774.266,744.391,726.934"
,3959f84669,2026-07-31T12:14:46,,test_wallet_swap_first_open_loading_time[wallet_load_alex_user],test_wallet_swap_first_open_ram_wallet_load_alex,passed,741.246,741.246,741.246,1,741.246
,3959f84669,2026-07-31T12:14:46,,test_wallet_swap_loading_time[wallet_load_alex_user],test_wallet_swap_ram_wallet_load_alex,passed,778.174,898.203,817.5,5,"778.174,797.812,791.701,821.609,898.203"
,3959f84669,2026-07-31T12:14:46,,test_wallet_repeat_open_loading_time[wallet_load_user],test_wallet_repeat_open_ram_wallet_load,passed,812.084,939.943,880.309,5,"812.084,939.943,877.543,880.564,891.408"
,3959f84669,2026-07-31T12:14:46,,test_wallet_collectibles_tab_first_open_loading_time[fresh_user],test_wallet_collectibles_tab_first_open_ram_fresh,passed,701.071,701.071,701.071,1,701.071
,3959f84669,2026-07-31T12:14:46,,test_wallet_collectibles_tab_loading_time[fresh_user],test_wallet_collectibles_tab_ram_fresh,passed,703.582,707.188,704.868,5,"705.445,707.188,703.582,703.844,704.281"
,3959f84669,2026-07-31T12:14:46,,test_wallet_receive_first_open_loading_time[wallet_load_alex_user],test_wallet_receive_first_open_ram_wallet_load_alex,passed,709.172,709.172,709.172,1,709.172
,3959f84669,2026-07-31T12:14:46,,test_wallet_receive_loading_time[wallet_load_alex_user],test_wallet_receive_ram_wallet_load_alex,passed,714.828,769.598,734.505,5,"714.828,716.916,728.682,742.502,769.598"
,3959f84669,2026-07-31T12:14:46,,test_wallet_collectibles_tab_first_open_loading_time[wallet_load_alex_user],test_wallet_collectibles_tab_first_open_ram_wallet_load_alex,passed,3280.998,3280.998,3280.998,1,3280.998
,3959f84669,2026-07-31T12:14:46,,test_wallet_collectibles_tab_loading_time[wallet_load_alex_user],test_wallet_collectibles_tab_ram_wallet_load_alex,passed,1018.775,1708.885,1235.197,5,"1155.117,1018.775,1708.885,1150.759,1142.45"
,3959f84669,2026-07-31T12:14:46,,test_wallet_swap_first_open_loading_time[wallet_load_user],test_wallet_swap_first_open_ram_wallet_load,passed,740.837,740.837,740.837,1,740.837
,3959f84669,2026-07-31T12:14:46,,test_wallet_swap_loading_time[wallet_load_user],test_wallet_swap_ram_wallet_load,passed,770.791,802.211,792.484,5,"770.791,799.564,788.467,802.211,801.385"
,3959f84669,2026-07-31T12:14:46,,test_wallet_add_account_first_open_loading_time[wallet_load_user],test_wallet_add_account_first_open_ram_wallet_load,passed,728.242,728.242,728.242,1,728.242
,3959f84669,2026-07-31T12:14:46,,test_wallet_add_account_loading_time[wallet_load_user],test_wallet_add_account_ram_wallet_load,passed,731.842,783.496,754.103,5,"731.842,737.699,756.74,760.736,783.496"
,3959f84669,2026-07-31T12:14:46,,test_wallet_receive_first_open_loading_time[wallet_load_user],test_wallet_receive_first_open_ram_wallet_load,passed,714.27,714.27,714.27,1,714.27
,3959f84669,2026-07-31T12:14:46,,test_wallet_receive_loading_time[wallet_load_user],test_wallet_receive_ram_wallet_load,passed,716.795,744.326,728.395,5,"716.795,717.609,725.879,737.367,744.326"
,3959f84669,2026-07-31T12:14:46,,test_wallet_activity_tab_first_open_loading_time[wallet_load_user],test_wallet_activity_tab_first_open_ram_wallet_load,passed,790.01,790.01,790.01,1,790.01
,3959f84669,2026-07-31T12:14:46,,test_wallet_activity_tab_loading_time[wallet_load_user],test_wallet_activity_tab_ram_wallet_load,passed,779.904,819.572,805.879,5,"816.473,819.572,816.031,779.904,797.416"
,3959f84669,2026-07-31T12:14:46,,test_wallet_repeat_open_loading_time[wallet_load_alex_user],test_wallet_repeat_open_ram_wallet_load_alex,passed,835.137,938.059,898.461,5,"835.137,902.225,907.953,938.059,908.934"
,3959f84669,2026-07-31T12:14:46,,test_wallet_receive_first_open_loading_time[fresh_user],test_wallet_receive_first_open_ram_fresh,passed,705.941,705.941,705.941,1,705.941
,3959f84669,2026-07-31T12:14:46,,test_wallet_receive_loading_time[fresh_user],test_wallet_receive_ram_fresh,passed,681.086,759.039,715.909,5,"704.154,681.086,716.018,759.039,719.246"
,3959f84669,2026-07-31T12:14:46,,test_wallet_collectibles_tab_first_open_loading_time[wallet_load_user],test_wallet_collectibles_tab_first_open_ram_wallet_load,passed,1564.057,1564.057,1564.057,1,1564.057
,3959f84669,2026-07-31T12:14:46,,test_wallet_collectibles_tab_loading_time[wallet_load_user],test_wallet_collectibles_tab_ram_wallet_load,passed,966.237,1215.437,1090.499,5,"1115.238,1046.465,1109.117,966.237,1215.437"
,3959f84669,2026-07-31T12:14:46,,test_wallet_activity_tab_first_open_loading_time[wallet_load_alex_user],test_wallet_activity_tab_first_open_ram_wallet_load_alex,passed,743.58,743.58,743.58,1,743.58
,3959f84669,2026-07-31T12:14:46,,test_wallet_activity_tab_loading_time[wallet_load_alex_user],test_wallet_activity_tab_ram_wallet_load_alex,passed,749.156,849.646,784.75,5,"749.312,749.156,749.248,849.646,826.385"
,3959f84669,2026-07-31T12:14:46,,test_wallet_account_open_loading_time[wallet_load_user],test_wallet_account_first_open_ram_wallet_load,passed,723.924,723.924,723.924,1,723.924
,3959f84669,2026-07-31T12:14:46,,test_wallet_send_first_open_loading_time[fresh_user],test_wallet_send_first_open_ram_fresh,passed,678.136,678.136,678.136,1,678.136
,3959f84669,2026-07-31T12:14:46,,test_wallet_send_loading_time[fresh_user],test_wallet_send_ram_fresh,passed,719.881,775.277,734.796,5,"727.701,719.881,721.834,775.277,729.289"
,3959f84669,2026-07-31T12:14:46,,test_wallet_send_first_open_loading_time[wallet_load_alex_user],test_wallet_send_first_open_ram_wallet_load_alex,passed,779.201,779.201,779.201,1,779.201
,3959f84669,2026-07-31T12:14:46,,test_wallet_send_loading_time[wallet_load_alex_user],test_wallet_send_ram_wallet_load_alex,passed,761.199,855.57,807.566,5,"761.199,765.238,855.57,832.432,823.391"
,3959f84669,2026-07-31T12:14:46,,test_wallet_account_open_loading_time[fresh_user],test_wallet_account_first_open_ram_fresh,passed,772.863,772.863,772.863,1,772.863
,3959f84669,2026-07-31T12:14:46,,test_wallet_assets_tab_first_open_loading_time[wallet_load_alex_user],test_wallet_assets_tab_first_open_ram_wallet_load_alex,passed,725.387,725.387,725.387,1,725.387
,3959f84669,2026-07-31T12:14:46,,test_wallet_assets_tab_loading_time[wallet_load_alex_user],test_wallet_assets_tab_ram_wallet_load_alex,passed,1245.854,1462.384,1348.101,5,"1245.854,1257.417,1359.719,1462.384,1415.133"
,3959f84669,2026-07-31T12:14:46,,test_wallet_send_first_open_loading_time[wallet_load_user],test_wallet_send_first_open_ram_wallet_load,passed,724.98,724.98,724.98,1,724.98
,3959f84669,2026-07-31T12:14:46,,test_wallet_send_loading_time[wallet_load_user],test_wallet_send_ram_wallet_load,passed,700.107,805.076,744.984,5,"725.4,700.107,731.771,762.562,805.076"
,3959f84669,2026-07-31T12:14:46,,test_wallet_first_open_loading_time[wallet_load_user],test_wallet_first_open_ram_wallet_load,passed,688.102,688.102,688.102,1,688.102
,3959f84669,2026-07-31T12:14:46,,test_wallet_repeat_open_loading_time[fresh_user],test_wallet_repeat_open_ram_fresh,passed,781.129,880.629,821.002,5,"788.203,781.129,837.545,817.502,880.629"
,ad6f081d3d,2026-07-31T15:04:42,,test_wallet_send_first_open_loading_time[wallet_load_alex_user],test_wallet_send_first_open_ram_wallet_load_alex,passed,726.441,726.441,726.441,1,726.441
,ad6f081d3d,2026-07-31T15:04:42,,test_wallet_send_loading_time[wallet_load_alex_user],test_wallet_send_ram_wallet_load_alex,passed,740.23,824.012,782.407,5,"740.23,745.709,783.949,824.012,818.137"
,ad6f081d3d,2026-07-31T15:04:42,,test_wallet_account_open_loading_time[wallet_load_alex_user],test_wallet_account_first_open_ram_wallet_load_alex,passed,725.897,725.897,725.897,1,725.897
,ad6f081d3d,2026-07-31T15:04:42,,test_wallet_receive_first_open_loading_time[fresh_user],test_wallet_receive_first_open_ram_fresh,passed,715.323,715.323,715.323,1,715.323
,ad6f081d3d,2026-07-31T15:04:42,,test_wallet_receive_loading_time[fresh_user],test_wallet_receive_ram_fresh,passed,765.52,785.637,773.445,5,"769.617,785.637,771.645,765.52,774.809"
,ad6f081d3d,2026-07-31T15:04:42,,test_wallet_receive_first_open_loading_time[wallet_load_alex_user],test_wallet_receive_first_open_ram_wallet_load_alex,passed,700.488,700.488,700.488,1,700.488
,ad6f081d3d,2026-07-31T15:04:42,,test_wallet_receive_loading_time[wallet_load_alex_user],test_wallet_receive_ram_wallet_load_alex,passed,697.957,786.734,723.987,5,"697.957,698.307,698.832,738.104,786.734"
,ad6f081d3d,2026-07-31T15:04:42,,test_wallet_first_open_loading_time[wallet_load_user],test_wallet_first_open_ram_wallet_load,passed,700.582,700.582,700.582,1,700.582
,ad6f081d3d,2026-07-31T15:04:42,,test_wallet_activity_tab_first_open_loading_time[wallet_load_alex_user],test_wallet_activity_tab_first_open_ram_wallet_load_alex,passed,703.457,703.457,703.457,1,703.457
,ad6f081d3d,2026-07-31T15:04:42,,test_wallet_activity_tab_loading_time[wallet_load_alex_user],test_wallet_activity_tab_ram_wallet_load_alex,passed,723.637,875.742,784.882,5,"723.637,746.176,747.254,831.604,875.742"
,ad6f081d3d,2026-07-31T15:04:42,,test_wallet_add_account_first_open_loading_time[wallet_load_user],test_wallet_add_account_first_open_ram_wallet_load,passed,721.762,721.762,721.762,1,721.762
,ad6f081d3d,2026-07-31T15:04:42,,test_wallet_add_account_loading_time[wallet_load_user],test_wallet_add_account_ram_wallet_load,passed,725.426,798.668,748.07,5,"725.426,730.947,734.35,750.961,798.668"
,ad6f081d3d,2026-07-31T15:04:42,,test_wallet_first_open_loading_time[wallet_load_alex_user],test_wallet_first_open_ram_wallet_load_alex,passed,727.121,727.121,727.121,1,727.121
,ad6f081d3d,2026-07-31T15:04:42,,test_wallet_activity_tab_first_open_loading_time[fresh_user],test_wallet_activity_tab_first_open_ram_fresh,passed,763.84,763.84,763.84,1,763.84
,ad6f081d3d,2026-07-31T15:04:42,,test_wallet_activity_tab_loading_time[fresh_user],test_wallet_activity_tab_ram_fresh,passed,765.547,766.277,765.973,5,"765.547,765.941,766.035,766.062,766.277"
,ad6f081d3d,2026-07-31T15:04:42,,test_wallet_assets_tab_first_open_loading_time[wallet_load_user],test_wallet_assets_tab_first_open_ram_wallet_load,passed,702.55,702.55,702.55,1,702.55
,ad6f081d3d,2026-07-31T15:04:42,,test_wallet_assets_tab_loading_time[wallet_load_user],test_wallet_assets_tab_ram_wallet_load,passed,939.161,1141.819,1059.31,5,"939.161,1041.04,1068.9,1105.63,1141.819"
,ad6f081d3d,2026-07-31T15:04:42,,test_wallet_swap_first_open_loading_time[wallet_load_alex_user],test_wallet_swap_first_open_ram_wallet_load_alex,passed,734.505,734.505,734.505,1,734.505
,ad6f081d3d,2026-07-31T15:04:42,,test_wallet_swap_loading_time[wallet_load_alex_user],test_wallet_swap_ram_wallet_load_alex,passed,743.402,869.404,805.609,5,"743.402,771.965,791.605,869.404,851.666"
,ad6f081d3d,2026-07-31T15:04:42,,test_wallet_assets_tab_first_open_loading_time[fresh_user],test_wallet_assets_tab_first_open_ram_fresh,passed,771.66,771.66,771.66,1,771.66
,ad6f081d3d,2026-07-31T15:04:42,,test_wallet_assets_tab_loading_time[fresh_user],test_wallet_assets_tab_ram_fresh,passed,770.457,776.41,773.113,5,"770.457,771.193,772.701,774.805,776.41"
,ad6f081d3d,2026-07-31T15:04:42,,test_wallet_repeat_open_loading_time[wallet_load_alex_user],test_wallet_repeat_open_ram_wallet_load_alex,passed,869.441,955.242,922.588,5,"869.441,955.242,916.596,933.025,938.637"
,ad6f081d3d,2026-07-31T15:04:42,,test_wallet_send_first_open_loading_time[wallet_load_user],test_wallet_send_first_open_ram_wallet_load,passed,777.79,777.79,777.79,1,777.79
,ad6f081d3d,2026-07-31T15:04:42,,test_wallet_send_loading_time[wallet_load_user],test_wallet_send_ram_wallet_load,passed,774.336,830.873,793.788,5,"774.336,780.621,795.34,830.873,787.77"
,ad6f081d3d,2026-07-31T15:04:42,,test_wallet_account_open_loading_time[wallet_load_user],test_wallet_account_first_open_ram_wallet_load,passed,738.291,738.291,738.291,1,738.291
,ad6f081d3d,2026-07-31T15:04:42,,test_status_community_first_open_loading_time[user_data0-user_account0],test_status_community_first_open_ram_member,passed,747.244,747.244,747.244,1,747.244
,ad6f081d3d,2026-07-31T15:04:42,,test_wallet_collectibles_tab_first_open_loading_time[fresh_user],test_wallet_collectibles_tab_first_open_ram_fresh,passed,773.015,773.015,773.015,1,773.015
,ad6f081d3d,2026-07-31T15:04:42,,test_wallet_collectibles_tab_loading_time[fresh_user],test_wallet_collectibles_tab_ram_fresh,passed,742.305,756.57,752.402,5,"753.867,755.547,756.57,753.719,742.305"
,ad6f081d3d,2026-07-31T15:04:42,,test_wallet_add_account_first_open_loading_time[wallet_load_alex_user],test_wallet_add_account_first_open_ram_wallet_load_alex,passed,730.35,730.35,730.35,1,730.35
,ad6f081d3d,2026-07-31T15:04:42,,test_wallet_add_account_loading_time[wallet_load_alex_user],test_wallet_add_account_ram_wallet_load_alex,passed,707.426,827.822,763.096,5,"707.426,712.443,758.277,809.512,827.822"
,ad6f081d3d,2026-07-31T15:04:42,,test_wallet_first_open_loading_time[fresh_user],test_wallet_first_open_ram_fresh,passed,674.691,674.691,674.691,1,674.691
,ad6f081d3d,2026-07-31T15:04:42,,test_wallet_collectibles_tab_first_open_loading_time[wallet_load_user],test_wallet_collectibles_tab_first_open_ram_wallet_load,passed,1576.389,1576.389,1576.389,1,1576.389
,ad6f081d3d,2026-07-31T15:04:42,,test_wallet_collectibles_tab_loading_time[wallet_load_user],test_wallet_collectibles_tab_ram_wallet_load,passed,992.694,1282.189,1101.755,5,"1166.046,994.333,1073.512,992.694,1282.189"
,ad6f081d3d,2026-07-31T15:04:42,,test_wallet_repeat_open_loading_time[wallet_load_user],test_wallet_repeat_open_ram_wallet_load,passed,833.451,932.562,893.175,5,"833.451,932.562,909.594,890.727,899.543"
,ad6f081d3d,2026-07-31T15:04:42,,test_wallet_account_open_loading_time[fresh_user],test_wallet_account_first_open_ram_fresh,passed,814.367,814.367,814.367,1,814.367
,ad6f081d3d,2026-07-31T15:04:42,,test_wallet_swap_first_open_loading_time[fresh_user],test_wallet_swap_first_open_ram_fresh,passed,707.894,707.894,707.894,1,707.894
,ad6f081d3d,2026-07-31T15:04:42,,test_wallet_swap_loading_time[fresh_user],test_wallet_swap_ram_fresh,passed,724.309,834.412,782.996,5,"724.309,739.492,820.402,834.412,796.363"
,ad6f081d3d,2026-07-31T15:04:42,,test_wallet_send_first_open_loading_time[fresh_user],test_wallet_send_first_open_ram_fresh,passed,738.43,738.43,738.43,1,738.43
,ad6f081d3d,2026-07-31T15:04:42,,test_wallet_send_loading_time[fresh_user],test_wallet_send_ram_fresh,passed,717.783,781.406,749.756,5,"738.818,778.166,781.406,732.607,717.783"
,ad6f081d3d,2026-07-31T15:04:42,,test_wallet_add_account_first_open_loading_time[fresh_user],test_wallet_add_account_first_open_ram_fresh,passed,760.488,760.488,760.488,1,760.488
,ad6f081d3d,2026-07-31T15:04:42,,test_wallet_add_account_loading_time[fresh_user],test_wallet_add_account_ram_fresh,passed,728.889,784.605,759.333,5,"761.234,762.037,784.605,759.898,728.889"
,ad6f081d3d,2026-07-31T15:04:42,,test_wallet_swap_first_open_loading_time[wallet_load_user],test_wallet_swap_first_open_ram_wallet_load,passed,769.705,769.705,769.705,1,769.705
,ad6f081d3d,2026-07-31T15:04:42,,test_wallet_swap_loading_time[wallet_load_user],test_wallet_swap_ram_wallet_load,passed,766.982,819.875,790.157,5,"784.08,766.982,778.057,801.793,819.875"
,ad6f081d3d,2026-07-31T15:04:42,,test_wallet_collectibles_tab_first_open_loading_time[wallet_load_alex_user],test_wallet_collectibles_tab_first_open_ram_wallet_load_alex,passed,3300.544,3300.544,3300.544,1,3300.544
,ad6f081d3d,2026-07-31T15:04:42,,test_wallet_collectibles_tab_loading_time[wallet_load_alex_user],test_wallet_collectibles_tab_ram_wallet_load_alex,passed,1426.798,1997.086,1726.547,5,"1794.625,1978.138,1426.798,1436.087,1997.086"
,ad6f081d3d,2026-07-31T15:04:42,,test_status_community_second_open_loading_time[user_data0-user_account0],test_status_community_second_open_ram_member,passed,807.327,883.205,847.346,5,"807.327,840.783,854.639,850.777,883.205"
,ad6f081d3d,2026-07-31T15:04:42,,test_wallet_repeat_open_loading_time[fresh_user],test_wallet_repeat_open_ram_fresh,passed,726.777,779.721,746.258,5,"737.816,726.777,735.883,751.094,779.721"
,ad6f081d3d,2026-07-31T15:04:42,,test_wallet_receive_first_open_loading_time[wallet_load_user],test_wallet_receive_first_open_ram_wallet_load,passed,704.015,704.015,704.015,1,704.015
,ad6f081d3d,2026-07-31T15:04:42,,test_wallet_receive_loading_time[wallet_load_user],test_wallet_receive_ram_wallet_load,passed,705.076,770.973,736.246,5,"705.076,705.883,732.277,770.973,767.023"
,ad6f081d3d,2026-07-31T15:04:42,,test_wallet_activity_tab_first_open_loading_time[wallet_load_user],test_wallet_activity_tab_first_open_ram_wallet_load,passed,723.096,723.096,723.096,1,723.096
,ad6f081d3d,2026-07-31T15:04:42,,test_wallet_activity_tab_loading_time[wallet_load_user],test_wallet_activity_tab_ram_wallet_load,passed,732.521,802.359,763.522,5,"732.521,755.861,757.291,769.576,802.359"
,ad6f081d3d,2026-07-31T15:04:42,,test_wallet_assets_tab_first_open_loading_time[wallet_load_alex_user],test_wallet_assets_tab_first_open_ram_wallet_load_alex,passed,734.536,734.536,734.536,1,734.536
,ad6f081d3d,2026-07-31T15:04:42,,test_wallet_assets_tab_loading_time[wallet_load_alex_user],test_wallet_assets_tab_ram_wallet_load_alex,passed,1206.523,1457.333,1332.785,5,"1382.479,1206.523,1361.508,1256.081,1457.333"
,bcb30b734c,2026-08-01T04:46:45,,test_wallet_send_first_open_loading_time[fresh_user],test_wallet_send_first_open_ram_fresh,passed,688.917,688.917,688.917,1,688.917
,bcb30b734c,2026-08-01T04:46:45,,test_wallet_send_loading_time[fresh_user],test_wallet_send_ram_fresh,passed,704.588,726.16,717.999,5,"717.631,721.1,720.518,726.16,704.588"
,bcb30b734c,2026-08-01T04:46:45,,test_wallet_collectibles_tab_first_open_loading_time[wallet_load_user],test_wallet_collectibles_tab_first_open_ram_wallet_load,passed,1576.898,1576.898,1576.898,1,1576.898
,bcb30b734c,2026-08-01T04:46:45,,test_wallet_collectibles_tab_loading_time[wallet_load_user],test_wallet_collectibles_tab_ram_wallet_load,passed,943.4,1328.836,1112.432,5,"943.4,1186.328,1124.87,978.725,1328.836"
,bcb30b734c,2026-08-01T04:46:45,,test_wallet_swap_first_open_loading_time[wallet_load_user],test_wallet_swap_first_open_ram_wallet_load,passed,712.237,712.237,712.237,1,712.237
,bcb30b734c,2026-08-01T04:46:45,,test_wallet_swap_loading_time[wallet_load_user],test_wallet_swap_ram_wallet_load,passed,739.455,853.203,783.096,5,"741.832,739.455,762.148,818.842,853.203"
,bcb30b734c,2026-08-01T04:46:45,,test_wallet_receive_first_open_loading_time[wallet_load_user],test_wallet_receive_first_open_ram_wallet_load,passed,699.076,699.076,699.076,1,699.076
,bcb30b734c,2026-08-01T04:46:45,,test_wallet_receive_loading_time[wallet_load_user],test_wallet_receive_ram_wallet_load,passed,701.953,744.727,716.399,5,"701.953,702.104,703.309,729.902,744.727"
,bcb30b734c,2026-08-01T04:46:45,,test_wallet_send_first_open_loading_time[wallet_load_user],test_wallet_send_first_open_ram_wallet_load,passed,733.66,733.66,733.66,1,733.66
,bcb30b734c,2026-08-01T04:46:45,,test_wallet_send_loading_time[wallet_load_user],test_wallet_send_ram_wallet_load,passed,747.045,810.023,773.863,5,"747.045,753.918,767.27,810.023,791.059"
,bcb30b734c,2026-08-01T04:46:45,,test_wallet_account_open_loading_time[wallet_load_user],test_wallet_account_first_open_ram_wallet_load,passed,731.06,731.06,731.06,1,731.06
,bcb30b734c,2026-08-01T04:46:45,,test_wallet_swap_first_open_loading_time[wallet_load_alex_user],test_wallet_swap_first_open_ram_wallet_load_alex,passed,709.281,709.281,709.281,1,709.281
,bcb30b734c,2026-08-01T04:46:45,,test_wallet_swap_loading_time[wallet_load_alex_user],test_wallet_swap_ram_wallet_load_alex,passed,745.932,861.201,794.53,5,"745.932,755.414,789.514,820.59,861.201"
,bcb30b734c,2026-08-01T04:46:45,,test_wallet_collectibles_tab_first_open_loading_time[fresh_user],test_wallet_collectibles_tab_first_open_ram_fresh,passed,765.36,765.36,765.36,1,765.36
,bcb30b734c,2026-08-01T04:46:45,,test_wallet_collectibles_tab_loading_time[fresh_user],test_wallet_collectibles_tab_ram_fresh,passed,777.219,780.633,779.494,5,"777.219,779.465,779.812,780.34,780.633"
,bcb30b734c,2026-08-01T04:46:45,,test_status_community_first_open_loading_time[user_data0-user_account0],test_status_community_first_open_ram_member,passed,761.903,761.903,761.903,1,761.903
,bcb30b734c,2026-08-01T04:46:45,,test_wallet_assets_tab_first_open_loading_time[wallet_load_alex_user],test_wallet_assets_tab_first_open_ram_wallet_load_alex,passed,761.336,761.336,761.336,1,761.336
,bcb30b734c,2026-08-01T04:46:45,,test_wallet_assets_tab_loading_time[wallet_load_alex_user],test_wallet_assets_tab_ram_wallet_load_alex,passed,1216.686,1405.712,1299.595,5,"1320.105,1216.686,1217.346,1338.125,1405.712"
,bcb30b734c,2026-08-01T04:46:45,,test_wallet_repeat_open_loading_time[wallet_load_user],test_wallet_repeat_open_ram_wallet_load,passed,810.201,909.912,870.227,5,"810.201,873.104,909.912,888.307,869.609"
,bcb30b734c,2026-08-01T04:46:45,,test_wallet_repeat_open_loading_time[wallet_load_alex_user],test_wallet_repeat_open_ram_wallet_load_alex,passed,828.75,940.186,903.137,5,"828.75,925.709,905.871,915.168,940.186"
,bcb30b734c,2026-08-01T04:46:45,,test_wallet_activity_tab_first_open_loading_time[fresh_user],test_wallet_activity_tab_first_open_ram_fresh,passed,693.914,693.914,693.914,1,693.914
,bcb30b734c,2026-08-01T04:46:45,,test_wallet_activity_tab_loading_time[fresh_user],test_wallet_activity_tab_ram_fresh,passed,679.656,680.461,680.152,5,"679.895,679.656,680.312,680.438,680.461"
,bcb30b734c,2026-08-01T04:46:45,,test_wallet_activity_tab_first_open_loading_time[wallet_load_user],test_wallet_activity_tab_first_open_ram_wallet_load,passed,717.512,717.512,717.512,1,717.512
,bcb30b734c,2026-08-01T04:46:45,,test_wallet_activity_tab_loading_time[wallet_load_user],test_wallet_activity_tab_ram_wallet_load,passed,738.971,806.842,769.315,5,"738.971,751.953,768.91,779.898,806.842"
,bcb30b734c,2026-08-01T04:46:45,,test_wallet_receive_first_open_loading_time[wallet_load_alex_user],test_wallet_receive_first_open_ram_wallet_load_alex,passed,730.354,730.354,730.354,1,730.354
,bcb30b734c,2026-08-01T04:46:45,,test_wallet_receive_loading_time[wallet_load_alex_user],test_wallet_receive_ram_wallet_load_alex,passed,732.475,819.633,764.298,5,"732.475,733.279,734.277,819.633,801.828"
,bcb30b734c,2026-08-01T04:46:45,,test_wallet_activity_tab_first_open_loading_time[wallet_load_alex_user],test_wallet_activity_tab_first_open_ram_wallet_load_alex,passed,708.816,708.816,708.816,1,708.816
,bcb30b734c,2026-08-01T04:46:45,,test_wallet_activity_tab_loading_time[wallet_load_alex_user],test_wallet_activity_tab_ram_wallet_load_alex,passed,722.066,855.348,779.864,5,"722.066,732.131,744.355,855.348,845.42"
,bcb30b734c,2026-08-01T04:46:45,,test_wallet_account_open_loading_time[wallet_load_alex_user],test_wallet_account_first_open_ram_wallet_load_alex,passed,750.344,750.344,750.344,1,750.344
,bcb30b734c,2026-08-01T04:46:45,,test_wallet_assets_tab_first_open_loading_time[wallet_load_user],test_wallet_assets_tab_first_open_ram_wallet_load,passed,708.272,708.272,708.272,1,708.272
,bcb30b734c,2026-08-01T04:46:45,,test_wallet_assets_tab_loading_time[wallet_load_user],test_wallet_assets_tab_ram_wallet_load,passed,882.32,1162.716,1018.903,5,"882.32,1038.001,1065.642,1162.716,945.835"
,bcb30b734c,2026-08-01T04:46:45,,test_wallet_add_account_first_open_loading_time[fresh_user],test_wallet_add_account_first_open_ram_fresh,passed,733.576,733.576,733.576,1,733.576
,bcb30b734c,2026-08-01T04:46:45,,test_wallet_add_account_loading_time[fresh_user],test_wallet_add_account_ram_fresh,passed,726.928,767.846,740.171,5,"734.496,767.846,740.031,731.555,726.928"
,bcb30b734c,2026-08-01T04:46:45,,test_wallet_repeat_open_loading_time[fresh_user],test_wallet_repeat_open_ram_fresh,passed,792.398,877.924,821.855,5,"805.258,792.398,797.791,835.906,877.924"
,bcb30b734c,2026-08-01T04:46:45,,test_wallet_account_open_loading_time[fresh_user],test_wallet_account_first_open_ram_fresh,passed,749.084,749.084,749.084,1,749.084
,bcb30b734c,2026-08-01T04:46:45,,test_wallet_receive_first_open_loading_time[fresh_user],test_wallet_receive_first_open_ram_fresh,passed,734.783,734.783,734.783,1,734.783
,bcb30b734c,2026-08-01T04:46:45,,test_wallet_receive_loading_time[fresh_user],test_wallet_receive_ram_fresh,passed,748.799,791.801,763.174,5,"755.361,748.799,791.801,768.391,751.52"
,bcb30b734c,2026-08-01T04:46:45,,test_status_community_second_open_loading_time[user_data0-user_account0],test_status_community_second_open_ram_member,passed,781.704,846.608,819.903,5,"781.704,807.363,819.735,846.608,844.103"
,bcb30b734c,2026-08-01T04:46:45,,test_wallet_collectibles_tab_first_open_loading_time[wallet_load_alex_user],test_wallet_collectibles_tab_first_open_ram_wallet_load_alex,passed,3431.698,3431.698,3431.698,1,3431.698
,bcb30b734c,2026-08-01T04:46:45,,test_wallet_collectibles_tab_loading_time[wallet_load_alex_user],test_wallet_collectibles_tab_ram_wallet_load_alex,passed,1218.937,1882.352,1410.342,5,"1218.937,1243.82,1452.363,1254.237,1882.352"
,bcb30b734c,2026-08-01T04:46:45,,test_wallet_first_open_loading_time[wallet_load_user],test_wallet_first_open_ram_wallet_load,passed,689.293,689.293,689.293,1,689.293
,bcb30b734c,2026-08-01T04:46:45,,test_wallet_send_first_open_loading_time[wallet_load_alex_user],test_wallet_send_first_open_ram_wallet_load_alex,passed,744.88,744.88,744.88,1,744.88
,bcb30b734c,2026-08-01T04:46:45,,test_wallet_send_loading_time[wallet_load_alex_user],test_wallet_send_ram_wallet_load_alex,passed,758.865,830.281,800.596,5,"758.865,775.688,830.281,824.055,814.09"
,bcb30b734c,2026-08-01T04:46:45,,test_wallet_swap_first_open_loading_time[fresh_user],test_wallet_swap_first_open_ram_fresh,passed,754.033,754.033,754.033,1,754.033
,bcb30b734c,2026-08-01T04:46:45,,test_wallet_swap_loading_time[fresh_user],test_wallet_swap_ram_fresh,passed,767.148,888.309,826.188,5,"767.148,880.453,888.309,820.391,774.641"
,bcb30b734c,2026-08-01T04:46:45,,test_wallet_add_account_first_open_loading_time[wallet_load_alex_user],test_wallet_add_account_first_open_ram_wallet_load_alex,passed,756.262,756.262,756.262,1,756.262
,bcb30b734c,2026-08-01T04:46:45,,test_wallet_add_account_loading_time[wallet_load_alex_user],test_wallet_add_account_ram_wallet_load_alex,passed,718.195,801.643,745.86,5,"718.195,718.914,721.271,769.275,801.643"
,bcb30b734c,2026-08-01T04:46:45,,test_wallet_first_open_loading_time[fresh_user],test_wallet_first_open_ram_fresh,passed,663.207,663.207,663.207,1,663.207
,bcb30b734c,2026-08-01T04:46:45,,test_wallet_first_open_loading_time[wallet_load_alex_user],test_wallet_first_open_ram_wallet_load_alex,passed,777.359,777.359,777.359,1,777.359
,bcb30b734c,2026-08-01T04:46:45,,test_wallet_add_account_first_open_loading_time[wallet_load_user],test_wallet_add_account_first_open_ram_wallet_load,passed,720.062,720.062,720.062,1,720.062
,bcb30b734c,2026-08-01T04:46:45,,test_wallet_add_account_loading_time[wallet_load_user],test_wallet_add_account_ram_wallet_load,passed,729.795,828.359,763.196,5,"729.795,744.119,750.58,763.127,828.359"
,bcb30b734c,2026-08-01T04:46:45,,test_wallet_assets_tab_first_open_loading_time[fresh_user],test_wallet_assets_tab_first_open_ram_fresh,passed,760.157,760.157,760.157,1,760.157
,bcb30b734c,2026-08-01T04:46:45,,test_wallet_assets_tab_loading_time[fresh_user],test_wallet_assets_tab_ram_fresh,passed,754.35,773.369,763.624,5,"754.35,756.926,765.311,768.166,773.369"
,bcb30b734c,2026-08-02T04:46:10,,test_wallet_repeat_open_loading_time[wallet_load_user],test_wallet_repeat_open_ram_wallet_load,passed,715.576,898.814,838.294,5,"715.576,822.992,898.814,878.273,875.812"
,bcb30b734c,2026-08-02T04:46:10,,test_wallet_collectibles_tab_first_open_loading_time[fresh_user],test_wallet_collectibles_tab_first_open_ram_fresh,passed,776.748,776.748,776.748,1,776.748
,bcb30b734c,2026-08-02T04:46:10,,test_wallet_collectibles_tab_loading_time[fresh_user],test_wallet_collectibles_tab_ram_fresh,passed,748.703,774.027,759.124,5,"748.703,756.898,757.074,758.918,774.027"
,bcb30b734c,2026-08-02T04:46:10,,test_wallet_repeat_open_loading_time[fresh_user],test_wallet_repeat_open_ram_fresh,passed,781.156,869.246,820.236,5,"791.215,865.705,793.859,781.156,869.246"
,bcb30b734c,2026-08-02T04:46:10,,test_wallet_activity_tab_first_open_loading_time[wallet_load_user],test_wallet_activity_tab_first_open_ram_wallet_load,passed,734.025,734.025,734.025,1,734.025
,bcb30b734c,2026-08-02T04:46:10,,test_wallet_activity_tab_loading_time[wallet_load_user],test_wallet_activity_tab_ram_wallet_load,passed,750.557,796.496,769.904,5,"754.549,762.268,750.557,785.652,796.496"
,bcb30b734c,2026-08-02T04:46:10,,test_wallet_add_account_first_open_loading_time[wallet_load_user],test_wallet_add_account_first_open_ram_wallet_load,passed,691.18,691.18,691.18,1,691.18
,bcb30b734c,2026-08-02T04:46:10,,test_wallet_add_account_loading_time[wallet_load_user],test_wallet_add_account_ram_wallet_load,passed,697.586,794.418,730.385,5,"697.586,702.201,714.113,743.607,794.418"
,bcb30b734c,2026-08-02T04:46:10,,test_wallet_collectibles_tab_first_open_loading_time[wallet_load_user],test_wallet_collectibles_tab_first_open_ram_wallet_load,passed,1552.646,1552.646,1552.646,1,1552.646
,bcb30b734c,2026-08-02T04:46:10,,test_wallet_collectibles_tab_loading_time[wallet_load_user],test_wallet_collectibles_tab_ram_wallet_load,passed,894.653,1214.029,1055.746,5,"1078.238,894.653,1066.707,1025.103,1214.029"
,bcb30b734c,2026-08-02T04:46:10,,test_wallet_swap_first_open_loading_time[wallet_load_alex_user],test_wallet_swap_first_open_ram_wallet_load_alex,passed,703.184,703.184,703.184,1,703.184
,bcb30b734c,2026-08-02T04:46:10,,test_wallet_swap_loading_time[wallet_load_alex_user],test_wallet_swap_ram_wallet_load_alex,passed,743.332,819.391,784.719,5,"743.332,748.521,819.391,801.695,810.654"
,bcb30b734c,2026-08-02T04:46:10,,test_wallet_receive_first_open_loading_time[wallet_load_alex_user],test_wallet_receive_first_open_ram_wallet_load_alex,passed,698.848,698.848,698.848,1,698.848
,bcb30b734c,2026-08-02T04:46:10,,test_wallet_receive_loading_time[wallet_load_alex_user],test_wallet_receive_ram_wallet_load_alex,passed,694.146,795.709,739.023,5,"694.146,695.326,731.988,795.709,777.947"
,bcb30b734c,2026-08-02T04:46:10,,test_wallet_swap_first_open_loading_time[wallet_load_user],test_wallet_swap_first_open_ram_wallet_load,passed,715.735,715.735,715.735,1,715.735
,bcb30b734c,2026-08-02T04:46:10,,test_wallet_swap_loading_time[wallet_load_user],test_wallet_swap_ram_wallet_load,passed,721.711,855.57,770.677,5,"721.711,729.219,764.293,782.59,855.57"
,bcb30b734c,2026-08-02T04:46:10,,test_wallet_first_open_loading_time[wallet_load_alex_user],test_wallet_first_open_ram_wallet_load_alex,passed,686.551,686.551,686.551,1,686.551
,bcb30b734c,2026-08-02T04:46:10,,test_wallet_activity_tab_first_open_loading_time[wallet_load_alex_user],test_wallet_activity_tab_first_open_ram_wallet_load_alex,passed,807.062,807.062,807.062,1,807.062
,bcb30b734c,2026-08-02T04:46:10,,test_wallet_activity_tab_loading_time[wallet_load_alex_user],test_wallet_activity_tab_ram_wallet_load_alex,passed,763.293,851.174,788.562,5,"775.77,763.293,769.736,782.836,851.174"
,bcb30b734c,2026-08-02T04:46:10,,test_status_community_first_open_loading_time[user_data0-user_account0],test_status_community_first_open_ram_member,passed,783.488,783.488,783.488,1,783.488
,bcb30b734c,2026-08-02T04:46:10,,test_wallet_account_open_loading_time[wallet_load_user],test_wallet_account_first_open_ram_wallet_load,passed,715.557,715.557,715.557,1,715.557
,bcb30b734c,2026-08-02T04:46:10,,test_wallet_first_open_loading_time[fresh_user],test_wallet_first_open_ram_fresh,passed,734.465,734.465,734.465,1,734.465
,bcb30b734c,2026-08-02T04:46:10,,test_wallet_assets_tab_first_open_loading_time[wallet_load_alex_user],test_wallet_assets_tab_first_open_ram_wallet_load_alex,passed,780.478,780.478,780.478,1,780.478
,bcb30b734c,2026-08-02T04:46:10,,test_wallet_assets_tab_loading_time[wallet_load_alex_user],test_wallet_assets_tab_ram_wallet_load_alex,passed,1246.35,1472.313,1357.413,5,"1286.499,1246.35,1472.313,1381.396,1400.506"
,bcb30b734c,2026-08-02T04:46:10,,test_wallet_activity_tab_first_open_loading_time[fresh_user],test_wallet_activity_tab_first_open_ram_fresh,passed,746.023,746.023,746.023,1,746.023
,bcb30b734c,2026-08-02T04:46:10,,test_wallet_activity_tab_loading_time[fresh_user],test_wallet_activity_tab_ram_fresh,passed,701.633,751.488,731.977,5,"747.852,732.125,726.785,701.633,751.488"
,bcb30b734c,2026-08-02T04:46:10,,test_wallet_send_first_open_loading_time[wallet_load_user],test_wallet_send_first_open_ram_wallet_load,passed,740.349,740.349,740.349,1,740.349
,bcb30b734c,2026-08-02T04:46:10,,test_wallet_send_loading_time[wallet_load_user],test_wallet_send_ram_wallet_load,passed,731.031,853.08,778.977,5,"731.031,736.012,768.789,853.08,805.973"
,bcb30b734c,2026-08-02T04:46:10,,test_status_community_second_open_loading_time[user_data0-user_account0],test_status_community_second_open_ram_member,passed,816.545,874.862,843.451,5,"816.545,827.139,843.26,855.447,874.862"
,bcb30b734c,2026-08-02T04:46:10,,test_wallet_collectibles_tab_first_open_loading_time[wallet_load_alex_user],test_wallet_collectibles_tab_first_open_ram_wallet_load_alex,passed,3140.716,3140.716,3140.716,1,3140.716
,bcb30b734c,2026-08-02T04:46:10,,test_wallet_collectibles_tab_loading_time[wallet_load_alex_user],test_wallet_collectibles_tab_ram_wallet_load_alex,passed,1009.191,1010.852,1010.197,5,"1009.867,1010.336,1010.738,1010.852,1009.191"
,bcb30b734c,2026-08-02T04:46:10,,test_wallet_assets_tab_first_open_loading_time[wallet_load_user],test_wallet_assets_tab_first_open_ram_wallet_load,passed,706.966,706.966,706.966,1,706.966
,bcb30b734c,2026-08-02T04:46:10,,test_wallet_assets_tab_loading_time[wallet_load_user],test_wallet_assets_tab_ram_wallet_load,passed,1036.646,1122.444,1079.343,5,"1036.646,1051.97,1122.444,1103.251,1082.406"
,bcb30b734c,2026-08-02T04:46:10,,test_wallet_swap_first_open_loading_time[fresh_user],test_wallet_swap_first_open_ram_fresh,passed,789.538,789.538,789.538,1,789.538
,bcb30b734c,2026-08-02T04:46:10,,test_wallet_swap_loading_time[fresh_user],test_wallet_swap_ram_fresh,passed,795.139,880.113,830.538,5,"803.365,880.113,854.004,820.068,795.139"
,bcb30b734c,2026-08-02T04:46:10,,test_wallet_account_open_loading_time[fresh_user],test_wallet_account_first_open_ram_fresh,passed,671.91,671.91,671.91,1,671.91
,bcb30b734c,2026-08-02T04:46:10,,test_wallet_repeat_open_loading_time[wallet_load_alex_user],test_wallet_repeat_open_ram_wallet_load_alex,passed,809.752,920.197,871.949,5,"809.752,920.197,897.717,826.078,906.0"
,bcb30b734c,2026-08-02T04:46:10,,test_wallet_receive_first_open_loading_time[wallet_load_user],test_wallet_receive_first_open_ram_wallet_load,passed,701.646,701.646,701.646,1,701.646
,bcb30b734c,2026-08-02T04:46:10,,test_wallet_receive_loading_time[wallet_load_user],test_wallet_receive_ram_wallet_load,passed,704.422,742.602,719.312,5,"704.422,706.547,707.674,735.318,742.602"
,bcb30b734c,2026-08-02T04:46:10,,test_wallet_send_first_open_loading_time[fresh_user],test_wallet_send_first_open_ram_fresh,passed,725.29,725.29,725.29,1,725.29
,bcb30b734c,2026-08-02T04:46:10,,test_wallet_send_loading_time[fresh_user],test_wallet_send_ram_fresh,passed,728.922,827.529,756.891,5,"728.922,730.768,827.529,768.254,728.982"
,bcb30b734c,2026-08-02T04:46:10,,test_wallet_send_first_open_loading_time[wallet_load_alex_user],test_wallet_send_first_open_ram_wallet_load_alex,passed,727.453,727.453,727.453,1,727.453
,bcb30b734c,2026-08-02T04:46:10,,test_wallet_send_loading_time[wallet_load_alex_user],test_wallet_send_ram_wallet_load_alex,passed,729.807,842.281,774.567,5,"729.807,732.57,771.148,842.281,797.029"
,bcb30b734c,2026-08-02T04:46:10,,test_wallet_account_open_loading_time[wallet_load_alex_user],test_wallet_account_first_open_ram_wallet_load_alex,passed,778.443,778.443,778.443,1,778.443
,bcb30b734c,2026-08-02T04:46:10,,test_wallet_first_open_loading_time[wallet_load_user],test_wallet_first_open_ram_wallet_load,passed,735.387,735.387,735.387,1,735.387
,bcb30b734c,2026-08-02T04:46:10,,test_wallet_receive_first_open_loading_time[fresh_user],test_wallet_receive_first_open_ram_fresh,passed,671.98,671.98,671.98,1,671.98
,bcb30b734c,2026-08-02T04:46:10,,test_wallet_receive_loading_time[fresh_user],test_wallet_receive_ram_fresh,passed,670.883,773.521,709.49,5,"672.039,670.883,672.699,773.521,758.307"
,bcb30b734c,2026-08-02T04:46:10,,test_wallet_assets_tab_first_open_loading_time[fresh_user],test_wallet_assets_tab_first_open_ram_fresh,passed,734.049,734.049,734.049,1,734.049
,bcb30b734c,2026-08-02T04:46:10,,test_wallet_assets_tab_loading_time[fresh_user],test_wallet_assets_tab_ram_fresh,passed,743.275,768.56,754.32,5,"743.275,746.861,751.02,761.883,768.56"
,bcb30b734c,2026-08-02T04:46:10,,test_wallet_add_account_first_open_loading_time[wallet_load_alex_user],test_wallet_add_account_first_open_ram_wallet_load_alex,passed,708.832,708.832,708.832,1,708.832
,bcb30b734c,2026-08-02T04:46:10,,test_wallet_add_account_loading_time[wallet_load_alex_user],test_wallet_add_account_ram_wallet_load_alex,passed,713.154,827.816,762.281,5,"713.154,720.729,753.754,827.816,795.951"
,bcb30b734c,2026-08-02T04:46:10,,test_wallet_add_account_first_open_loading_time[fresh_user],test_wallet_add_account_first_open_ram_fresh,passed,739.109,739.109,739.109,1,739.109
,bcb30b734c,2026-08-02T04:46:10,,test_wallet_add_account_loading_time[fresh_user],test_wallet_add_account_ram_fresh,passed,731.387,809.637,756.97,5,"740.998,763.25,809.637,739.58,731.387"
,bcb30b734c,2026-08-03T05:34:02,,test_wallet_swap_first_open_loading_time[wallet_load_user],test_wallet_swap_first_open_ram_wallet_load,passed,696.9,696.9,696.9,1,696.9
,bcb30b734c,2026-08-03T05:34:02,,test_wallet_swap_loading_time[wallet_load_user],test_wallet_swap_ram_wallet_load,passed,721.545,820.375,755.641,5,"721.545,721.758,738.018,776.508,820.375"
,bcb30b734c,2026-08-03T05:34:02,,test_wallet_add_account_first_open_loading_time[fresh_user],test_wallet_add_account_first_open_ram_fresh,passed,660.305,660.305,660.305,1,660.305
,bcb30b734c,2026-08-03T05:34:02,,test_wallet_add_account_loading_time[fresh_user],test_wallet_add_account_ram_fresh,passed,661.824,776.965,723.382,5,"661.824,763.291,776.965,723.582,691.246"
,bcb30b734c,2026-08-03T05:34:02,,test_wallet_add_account_first_open_loading_time[wallet_load_alex_user],test_wallet_add_account_first_open_ram_wallet_load_alex,passed,763.789,763.789,763.789,1,763.789
,bcb30b734c,2026-08-03T05:34:02,,test_wallet_add_account_loading_time[wallet_load_alex_user],test_wallet_add_account_ram_wallet_load_alex,passed,738.018,839.236,778.09,5,"738.018,747.922,752.369,812.904,839.236"
,bcb30b734c,2026-08-03T05:34:02,,test_wallet_receive_first_open_loading_time[wallet_load_alex_user],test_wallet_receive_first_open_ram_wallet_load_alex,passed,714.585,714.585,714.585,1,714.585
,bcb30b734c,2026-08-03T05:34:02,,test_wallet_receive_loading_time[wallet_load_alex_user],test_wallet_receive_ram_wallet_load_alex,passed,715.85,798.662,763.091,5,"715.85,743.486,798.662,790.525,766.932"
,bcb30b734c,2026-08-03T05:34:02,,test_wallet_activity_tab_first_open_loading_time[fresh_user],test_wallet_activity_tab_first_open_ram_fresh,passed,744.113,744.113,744.113,1,744.113
,bcb30b734c,2026-08-03T05:34:02,,test_wallet_activity_tab_loading_time[fresh_user],test_wallet_activity_tab_ram_fresh,passed,745.656,801.855,757.227,5,"747.09,745.656,745.75,745.781,801.855"
,bcb30b734c,2026-08-03T05:34:02,,test_wallet_collectibles_tab_first_open_loading_time[fresh_user],test_wallet_collectibles_tab_first_open_ram_fresh,passed,726.605,726.605,726.605,1,726.605
,bcb30b734c,2026-08-03T05:34:02,,test_wallet_collectibles_tab_loading_time[fresh_user],test_wallet_collectibles_tab_ram_fresh,passed,734.719,736.66,736.016,5,"734.719,736.145,736.242,736.312,736.66"
,bcb30b734c,2026-08-03T05:34:02,,test_wallet_repeat_open_loading_time[wallet_load_user],test_wallet_repeat_open_ram_wallet_load,passed,727.0,893.803,848.139,5,"727.0,867.299,873.178,893.803,879.416"
,bcb30b734c,2026-08-03T05:34:02,,test_wallet_activity_tab_first_open_loading_time[wallet_load_user],test_wallet_activity_tab_first_open_ram_wallet_load,passed,725.586,725.586,725.586,1,725.586
,bcb30b734c,2026-08-03T05:34:02,,test_wallet_activity_tab_loading_time[wallet_load_user],test_wallet_activity_tab_ram_wallet_load,passed,723.465,752.693,736.581,5,"739.186,723.465,731.055,736.508,752.693"
,bcb30b734c,2026-08-03T05:34:02,,test_wallet_swap_first_open_loading_time[wallet_load_alex_user],test_wallet_swap_first_open_ram_wallet_load_alex,passed,753.717,753.717,753.717,1,753.717
,bcb30b734c,2026-08-03T05:34:02,,test_wallet_swap_loading_time[wallet_load_alex_user],test_wallet_swap_ram_wallet_load_alex,passed,770.973,863.266,809.645,5,"770.973,784.291,779.084,863.266,850.609"
,bcb30b734c,2026-08-03T05:34:02,,test_wallet_repeat_open_loading_time[wallet_load_alex_user],test_wallet_repeat_open_ram_wallet_load_alex,passed,835.979,960.098,909.37,5,"835.979,960.098,914.436,919.232,917.107"
,bcb30b734c,2026-08-03T05:34:02,,test_wallet_assets_tab_first_open_loading_time[fresh_user],test_wallet_assets_tab_first_open_ram_fresh,passed,740.506,740.506,740.506,1,740.506
,bcb30b734c,2026-08-03T05:34:02,,test_wallet_assets_tab_loading_time[fresh_user],test_wallet_assets_tab_ram_fresh,passed,751.32,756.828,754.677,5,"751.32,753.363,755.264,756.609,756.828"
,bcb30b734c,2026-08-03T05:34:02,,test_wallet_receive_first_open_loading_time[wallet_load_user],test_wallet_receive_first_open_ram_wallet_load,passed,757.227,757.227,757.227,1,757.227
,bcb30b734c,2026-08-03T05:34:02,,test_wallet_receive_loading_time[wallet_load_user],test_wallet_receive_ram_wallet_load,passed,759.49,768.969,762.215,5,"759.49,760.635,760.898,761.084,768.969"
,bcb30b734c,2026-08-03T05:34:02,,test_wallet_send_first_open_loading_time[fresh_user],test_wallet_send_first_open_ram_fresh,passed,764.714,764.714,764.714,1,764.714
,bcb30b734c,2026-08-03T05:34:02,,test_wallet_send_loading_time[fresh_user],test_wallet_send_ram_fresh,passed,779.785,831.029,800.003,5,"807.162,780.848,801.191,831.029,779.785"
,bcb30b734c,2026-08-03T05:34:02,,test_wallet_send_first_open_loading_time[wallet_load_alex_user],test_wallet_send_first_open_ram_wallet_load_alex,passed,748.205,748.205,748.205,1,748.205
,bcb30b734c,2026-08-03T05:34:02,,test_wallet_send_loading_time[wallet_load_alex_user],test_wallet_send_ram_wallet_load_alex,passed,734.385,789.227,757.448,5,"734.385,738.482,741.891,783.254,789.227"
,bcb30b734c,2026-08-03T05:34:02,,test_status_community_first_open_loading_time[user_data0-user_account0],test_status_community_first_open_ram_member,passed,759.147,759.147,759.147,1,759.147
,bcb30b734c,2026-08-03T05:34:02,,test_wallet_first_open_loading_time[wallet_load_alex_user],test_wallet_first_open_ram_wallet_load_alex,passed,752.73,752.73,752.73,1,752.73
,bcb30b734c,2026-08-03T05:34:02,,test_wallet_repeat_open_loading_time[fresh_user],test_wallet_repeat_open_ram_fresh,passed,760.324,852.389,811.683,5,"760.324,820.752,796.316,828.635,852.389"
,bcb30b734c,2026-08-03T05:34:02,,test_wallet_activity_tab_first_open_loading_time[wallet_load_alex_user],test_wallet_activity_tab_first_open_ram_wallet_load_alex,passed,764.725,764.725,764.725,1,764.725
,bcb30b734c,2026-08-03T05:34:02,,test_wallet_activity_tab_loading_time[wallet_load_alex_user],test_wallet_activity_tab_ram_wallet_load_alex,passed,739.496,851.131,785.821,5,"739.496,749.418,763.467,825.592,851.131"
,bcb30b734c,2026-08-03T05:34:02,,test_wallet_first_open_loading_time[wallet_load_user],test_wallet_first_open_ram_wallet_load,passed,700.508,700.508,700.508,1,700.508
,bcb30b734c,2026-08-03T05:34:02,,test_wallet_first_open_loading_time[fresh_user],test_wallet_first_open_ram_fresh,passed,670.996,670.996,670.996,1,670.996
,bcb30b734c,2026-08-03T05:34:02,,test_wallet_send_first_open_loading_time[wallet_load_user],test_wallet_send_first_open_ram_wallet_load,passed,765.27,765.27,765.27,1,765.27
,bcb30b734c,2026-08-03T05:34:02,,test_wallet_send_loading_time[wallet_load_user],test_wallet_send_ram_wallet_load,passed,765.189,839.18,787.219,5,"765.189,768.695,774.184,788.846,839.18"
,bcb30b734c,2026-08-03T05:34:02,,test_wallet_collectibles_tab_first_open_loading_time[wallet_load_alex_user],test_wallet_collectibles_tab_first_open_ram_wallet_load_alex,passed,3487.781,3487.781,3487.781,1,3487.781
,bcb30b734c,2026-08-03T05:34:02,,test_wallet_collectibles_tab_loading_time[wallet_load_alex_user],test_wallet_collectibles_tab_ram_wallet_load_alex,passed,1137.338,1549.19,1319.674,5,"1320.817,1160.631,1137.338,1430.395,1549.19"
,bcb30b734c,2026-08-03T05:34:02,,test_wallet_assets_tab_first_open_loading_time[wallet_load_user],test_wallet_assets_tab_first_open_ram_wallet_load,passed,704.52,704.52,704.52,1,704.52
,bcb30b734c,2026-08-03T05:34:02,,test_wallet_assets_tab_loading_time[wallet_load_user],test_wallet_assets_tab_ram_wallet_load,passed,885.335,1113.806,1032.019,5,"885.335,1015.568,1034.934,1113.806,1110.454"
,bcb30b734c,2026-08-03T05:34:02,,test_wallet_account_open_loading_time[wallet_load_user],test_wallet_account_first_open_ram_wallet_load,passed,707.588,707.588,707.588,1,707.588
,bcb30b734c,2026-08-03T05:34:02,,test_wallet_assets_tab_first_open_loading_time[wallet_load_alex_user],test_wallet_assets_tab_first_open_ram_wallet_load_alex,passed,716.387,716.387,716.387,1,716.387
,bcb30b734c,2026-08-03T05:34:02,,test_wallet_assets_tab_loading_time[wallet_load_alex_user],test_wallet_assets_tab_ram_wallet_load_alex,passed,1091.615,1460.797,1284.173,5,"1091.615,1367.345,1229.598,1460.797,1271.512"
,bcb30b734c,2026-08-03T05:34:02,,test_wallet_add_account_first_open_loading_time[wallet_load_user],test_wallet_add_account_first_open_ram_wallet_load,passed,751.207,751.207,751.207,1,751.207
,bcb30b734c,2026-08-03T05:34:02,,test_wallet_add_account_loading_time[wallet_load_user],test_wallet_add_account_ram_wallet_load,passed,754.146,779.594,768.431,5,"754.146,764.438,768.279,775.697,779.594"
,bcb30b734c,2026-08-03T05:34:02,,test_wallet_receive_first_open_loading_time[fresh_user],test_wallet_receive_first_open_ram_fresh,passed,668.389,668.389,668.389,1,668.389
,bcb30b734c,2026-08-03T05:34:02,,test_wallet_receive_loading_time[fresh_user],test_wallet_receive_ram_fresh,passed,684.803,763.639,714.45,5,"684.803,763.639,723.574,700.477,699.758"
,bcb30b734c,2026-08-03T05:34:02,,test_wallet_account_open_loading_time[wallet_load_alex_user],test_wallet_account_first_open_ram_wallet_load_alex,passed,705.34,705.34,705.34,1,705.34
,bcb30b734c,2026-08-03T05:34:02,,test_wallet_account_open_loading_time[fresh_user],test_wallet_account_first_open_ram_fresh,passed,693.57,693.57,693.57,1,693.57
,bcb30b734c,2026-08-03T05:34:02,,test_wallet_collectibles_tab_first_open_loading_time[wallet_load_user],test_wallet_collectibles_tab_first_open_ram_wallet_load,passed,1537.436,1537.436,1537.436,1,1537.436
,bcb30b734c,2026-08-03T05:34:02,,test_wallet_collectibles_tab_loading_time[wallet_load_user],test_wallet_collectibles_tab_ram_wallet_load,passed,967.676,1205.012,1088.376,5,"1070.132,1113.017,1086.043,967.676,1205.012"
,bcb30b734c,2026-08-03T05:34:02,,test_status_community_second_open_loading_time[user_data0-user_account0],test_status_community_second_open_ram_member,passed,791.611,886.359,849.686,5,"791.611,829.434,860.985,880.042,886.359"
,bcb30b734c,2026-08-03T05:34:02,,test_wallet_swap_first_open_loading_time[fresh_user],test_wallet_swap_first_open_ram_fresh,passed,690.092,690.092,690.092,1,690.092
,bcb30b734c,2026-08-03T05:34:02,,test_wallet_swap_loading_time[fresh_user],test_wallet_swap_ram_fresh,passed,695.633,763.256,729.302,5,"695.633,720.135,763.256,742.0,725.486"
,dcaece26da,2026-08-03T10:58:29,,test_wallet_swap_first_open_loading_time[fresh_user],test_wallet_swap_first_open_ram_fresh,passed,784.217,784.217,784.217,1,784.217
,dcaece26da,2026-08-03T10:58:29,,test_wallet_swap_loading_time[fresh_user],test_wallet_swap_ram_fresh,passed,797.309,870.246,837.116,5,"797.309,848.484,870.246,830.678,838.861"
,dcaece26da,2026-08-03T10:58:29,,test_wallet_account_open_loading_time[fresh_user],test_wallet_account_first_open_ram_fresh,passed,765.461,765.461,765.461,1,765.461
,dcaece26da,2026-08-03T10:58:29,,test_wallet_receive_first_open_loading_time[fresh_user],test_wallet_receive_first_open_ram_fresh,passed,685.592,685.592,685.592,1,685.592
,dcaece26da,2026-08-03T10:58:29,,test_wallet_receive_loading_time[fresh_user],test_wallet_receive_ram_fresh,passed,692.115,729.596,711.785,5,"692.115,729.596,723.139,714.236,699.84"
,dcaece26da,2026-08-03T10:58:29,,test_wallet_repeat_open_loading_time[wallet_load_alex_user],test_wallet_repeat_open_ram_wallet_load_alex,passed,841.869,907.793,880.643,5,"841.869,864.449,907.793,900.08,889.025"
,dcaece26da,2026-08-03T10:58:29,,test_wallet_swap_first_open_loading_time[wallet_load_alex_user],test_wallet_swap_first_open_ram_wallet_load_alex,passed,723.275,723.275,723.275,1,723.275
,dcaece26da,2026-08-03T10:58:29,,test_wallet_swap_loading_time[wallet_load_alex_user],test_wallet_swap_ram_wallet_load_alex,passed,747.188,829.045,794.723,5,"747.188,770.949,808.334,829.045,818.102"
,dcaece26da,2026-08-03T10:58:29,,test_wallet_first_open_loading_time[wallet_load_user],test_wallet_first_open_ram_wallet_load,passed,716.238,716.238,716.238,1,716.238
,dcaece26da,2026-08-03T10:58:29,,test_wallet_collectibles_tab_first_open_loading_time[wallet_load_alex_user],test_wallet_collectibles_tab_first_open_ram_wallet_load_alex,passed,2150.5,2150.5,2150.5,1,2150.5
,dcaece26da,2026-08-03T10:58:29,,test_wallet_collectibles_tab_loading_time[wallet_load_alex_user],test_wallet_collectibles_tab_ram_wallet_load_alex,passed,1034.276,1706.517,1359.314,5,"1034.276,1490.385,1262.161,1706.517,1303.228"
,dcaece26da,2026-08-03T10:58:29,,test_status_community_second_open_loading_time[user_data0-user_account0],test_status_community_second_open_ram_member,passed,799.177,846.165,826.426,5,"799.177,819.844,828.042,838.904,846.165"
,dcaece26da,2026-08-03T10:58:29,,test_wallet_first_open_loading_time[fresh_user],test_wallet_first_open_ram_fresh,passed,778.613,778.613,778.613,1,778.613
,dcaece26da,2026-08-03T10:58:29,,test_wallet_assets_tab_first_open_loading_time[wallet_load_user],test_wallet_assets_tab_first_open_ram_wallet_load,passed,711.106,711.106,711.106,1,711.106
,dcaece26da,2026-08-03T10:58:29,,test_wallet_assets_tab_loading_time[wallet_load_user],test_wallet_assets_tab_ram_wallet_load,passed,980.935,1184.88,1085.642,5,"999.34,980.935,1149.706,1113.349,1184.88"
,dcaece26da,2026-08-03T10:58:29,,test_wallet_account_open_loading_time[wallet_load_alex_user],test_wallet_account_first_open_ram_wallet_load_alex,passed,724.834,724.834,724.834,1,724.834
,dcaece26da,2026-08-03T10:58:29,,test_wallet_account_open_loading_time[wallet_load_user],test_wallet_account_first_open_ram_wallet_load,passed,708.498,708.498,708.498,1,708.498
,dcaece26da,2026-08-03T10:58:29,,test_wallet_activity_tab_first_open_loading_time[wallet_load_alex_user],test_wallet_activity_tab_first_open_ram_wallet_load_alex,passed,762.67,762.67,762.67,1,762.67
,dcaece26da,2026-08-03T10:58:29,,test_wallet_activity_tab_loading_time[wallet_load_alex_user],test_wallet_activity_tab_ram_wallet_load_alex,passed,749.41,866.811,790.765,5,"749.41,763.154,770.512,803.939,866.811"
,dcaece26da,2026-08-03T10:58:29,,test_wallet_send_first_open_loading_time[fresh_user],test_wallet_send_first_open_ram_fresh,passed,673.973,673.973,673.973,1,673.973
,dcaece26da,2026-08-03T10:58:29,,test_wallet_send_loading_time[fresh_user],test_wallet_send_ram_fresh,passed,675.318,759.84,718.071,5,"676.016,675.318,752.783,759.84,726.396"
,dcaece26da,2026-08-03T10:58:29,,test_wallet_activity_tab_first_open_loading_time[fresh_user],test_wallet_activity_tab_first_open_ram_fresh,passed,749.918,749.918,749.918,1,749.918
,dcaece26da,2026-08-03T10:58:29,,test_wallet_activity_tab_loading_time[fresh_user],test_wallet_activity_tab_ram_fresh,passed,751.203,757.277,754.17,5,"751.203,751.418,754.523,756.426,757.277"
,dcaece26da,2026-08-03T10:58:29,,test_wallet_assets_tab_first_open_loading_time[fresh_user],test_wallet_assets_tab_first_open_ram_fresh,passed,742.239,742.239,742.239,1,742.239
,dcaece26da,2026-08-03T10:58:29,,test_wallet_assets_tab_loading_time[fresh_user],test_wallet_assets_tab_ram_fresh,passed,756.422,767.896,762.005,5,"767.896,756.422,757.963,763.27,764.473"
,dcaece26da,2026-08-03T10:58:29,,test_wallet_receive_first_open_loading_time[wallet_load_alex_user],test_wallet_receive_first_open_ram_wallet_load_alex,passed,728.859,728.859,728.859,1,728.859
,dcaece26da,2026-08-03T10:58:29,,test_wallet_receive_loading_time[wallet_load_alex_user],test_wallet_receive_ram_wallet_load_alex,passed,726.197,848.432,768.922,5,"726.197,727.24,728.252,814.49,848.432"
,dcaece26da,2026-08-03T10:58:29,,test_wallet_collectibles_tab_first_open_loading_time[fresh_user],test_wallet_collectibles_tab_first_open_ram_fresh,passed,779.997,779.997,779.997,1,779.997
,dcaece26da,2026-08-03T10:58:29,,test_wallet_collectibles_tab_loading_time[fresh_user],test_wallet_collectibles_tab_ram_fresh,passed,751.191,753.961,752.941,5,"751.191,753.02,753.055,753.48,753.961"
,dcaece26da,2026-08-03T10:58:29,,test_wallet_add_account_first_open_loading_time[wallet_load_alex_user],test_wallet_add_account_first_open_ram_wallet_load_alex,passed,734.684,734.684,734.684,1,734.684
,dcaece26da,2026-08-03T10:58:29,,test_wallet_add_account_loading_time[wallet_load_alex_user],test_wallet_add_account_ram_wallet_load_alex,passed,731.203,830.635,768.435,5,"731.203,735.803,743.576,830.635,800.957"
,dcaece26da,2026-08-03T10:58:29,,test_wallet_receive_first_open_loading_time[wallet_load_user],test_wallet_receive_first_open_ram_wallet_load,passed,741.9,741.9,741.9,1,741.9
,dcaece26da,2026-08-03T10:58:29,,test_wallet_receive_loading_time[wallet_load_user],test_wallet_receive_ram_wallet_load,passed,743.074,800.479,756.995,5,"745.629,747.359,748.432,743.074,800.479"
,dcaece26da,2026-08-03T10:58:29,,test_wallet_repeat_open_loading_time[fresh_user],test_wallet_repeat_open_ram_fresh,passed,787.098,891.365,839.034,5,"787.098,891.365,812.35,813.609,890.75"
,dcaece26da,2026-08-03T10:58:29,,test_status_community_first_open_loading_time[user_data0-user_account0],test_status_community_first_open_ram_member,passed,762.804,762.804,762.804,1,762.804
,dcaece26da,2026-08-03T10:58:29,,test_wallet_add_account_first_open_loading_time[wallet_load_user],test_wallet_add_account_first_open_ram_wallet_load,passed,771.713,771.713,771.713,1,771.713
,dcaece26da,2026-08-03T10:58:29,,test_wallet_add_account_loading_time[wallet_load_user],test_wallet_add_account_ram_wallet_load,passed,728.832,758.039,739.739,5,"728.832,731.643,734.648,745.533,758.039"
,dcaece26da,2026-08-03T10:58:29,,test_wallet_first_open_loading_time[wallet_load_alex_user],test_wallet_first_open_ram_wallet_load_alex,passed,749.098,749.098,749.098,1,749.098
,dcaece26da,2026-08-03T10:58:29,,test_wallet_collectibles_tab_first_open_loading_time[wallet_load_user],test_wallet_collectibles_tab_first_open_ram_wallet_load,passed,1506.223,1506.223,1506.223,1,1506.223
,dcaece26da,2026-08-03T10:58:29,,test_wallet_collectibles_tab_loading_time[wallet_load_user],test_wallet_collectibles_tab_ram_wallet_load,passed,1020.715,1154.762,1094.121,5,"1071.428,1020.715,1087.868,1135.829,1154.762"
,dcaece26da,2026-08-03T10:58:29,,test_wallet_send_first_open_loading_time[wallet_load_alex_user],test_wallet_send_first_open_ram_wallet_load_alex,passed,735.031,735.031,735.031,1,735.031
,dcaece26da,2026-08-03T10:58:29,,test_wallet_send_loading_time[wallet_load_alex_user],test_wallet_send_ram_wallet_load_alex,passed,734.42,817.873,783.736,5,"734.42,737.936,815.068,817.873,813.381"
,dcaece26da,2026-08-03T10:58:29,,test_wallet_repeat_open_loading_time[wallet_load_user],test_wallet_repeat_open_ram_wallet_load,passed,815.809,919.549,889.761,5,"815.809,886.691,909.701,917.053,919.549"
,dcaece26da,2026-08-03T10:58:29,,test_wallet_send_first_open_loading_time[wallet_load_user],test_wallet_send_first_open_ram_wallet_load,passed,709.996,709.996,709.996,1,709.996
,dcaece26da,2026-08-03T10:58:29,,test_wallet_send_loading_time[wallet_load_user],test_wallet_send_ram_wallet_load,passed,720.027,776.254,748.912,5,"720.027,726.357,749.744,772.176,776.254"
,dcaece26da,2026-08-03T10:58:29,,test_wallet_swap_first_open_loading_time[wallet_load_user],test_wallet_swap_first_open_ram_wallet_load,passed,740.384,740.384,740.384,1,740.384
,dcaece26da,2026-08-03T10:58:29,,test_wallet_swap_loading_time[wallet_load_user],test_wallet_swap_ram_wallet_load,passed,734.395,786.811,761.559,5,"734.395,761.777,750.699,774.111,786.811"
,dcaece26da,2026-08-03T10:58:29,,test_wallet_assets_tab_first_open_loading_time[wallet_load_alex_user],test_wallet_assets_tab_first_open_ram_wallet_load_alex,passed,721.135,721.135,721.135,1,721.135
,dcaece26da,2026-08-03T10:58:29,,test_wallet_assets_tab_loading_time[wallet_load_alex_user],test_wallet_assets_tab_ram_wallet_load_alex,passed,1178.16,1392.689,1307.534,5,"1366.641,1382.658,1178.16,1217.52,1392.689"
,dcaece26da,2026-08-03T10:58:29,,test_wallet_add_account_first_open_loading_time[fresh_user],test_wallet_add_account_first_open_ram_fresh,passed,744.092,744.092,744.092,1,744.092
,dcaece26da,2026-08-03T10:58:29,,test_wallet_add_account_loading_time[fresh_user],test_wallet_add_account_ram_fresh,passed,748.848,796.846,761.322,5,"749.031,749.459,748.848,762.426,796.846"
,dcaece26da,2026-08-03T10:58:29,,test_wallet_activity_tab_first_open_loading_time[wallet_load_user],test_wallet_activity_tab_first_open_ram_wallet_load,passed,710.252,710.252,710.252,1,710.252
,dcaece26da,2026-08-03T10:58:29,,test_wallet_activity_tab_loading_time[wallet_load_user],test_wallet_activity_tab_ram_wallet_load,passed,740.277,821.543,771.505,5,"740.277,758.139,762.316,775.25,821.543"
,1efa7ea300,2026-08-03T15:34:11,,test_wallet_repeat_open_loading_time[wallet_load_alex_user],test_wallet_repeat_open_ram_wallet_load_alex,passed,859.049,953.49,918.586,5,"859.049,953.49,920.689,919.656,940.043"
,1efa7ea300,2026-08-03T15:34:11,,test_status_community_second_open_loading_time[user_data0-user_account0],test_status_community_second_open_ram_member,passed,766.021,846.343,807.549,5,"766.021,773.766,813.078,838.535,846.343"
,1efa7ea300,2026-08-03T15:34:11,,test_wallet_collectibles_tab_first_open_loading_time[fresh_user],test_wallet_collectibles_tab_first_open_ram_fresh,passed,738.917,738.917,738.917,1,738.917
,1efa7ea300,2026-08-03T15:34:11,,test_wallet_collectibles_tab_loading_time[fresh_user],test_wallet_collectibles_tab_ram_fresh,passed,756.039,762.723,760.016,5,"756.039,756.965,761.652,762.699,762.723"
,1efa7ea300,2026-08-03T15:34:11,,test_wallet_activity_tab_first_open_loading_time[wallet_load_user],test_wallet_activity_tab_first_open_ram_wallet_load,passed,694.799,694.799,694.799,1,694.799
,1efa7ea300,2026-08-03T15:34:11,,test_wallet_activity_tab_loading_time[wallet_load_user],test_wallet_activity_tab_ram_wallet_load,passed,722.584,777.176,746.521,5,"722.584,738.119,738.914,755.812,777.176"
,1efa7ea300,2026-08-03T15:34:11,,test_wallet_receive_first_open_loading_time[wallet_load_user],test_wallet_receive_first_open_ram_wallet_load,passed,722.6,722.6,722.6,1,722.6
,1efa7ea300,2026-08-03T15:34:11,,test_wallet_receive_loading_time[wallet_load_user],test_wallet_receive_ram_wallet_load,passed,728.211,742.434,734.319,5,"728.211,729.219,730.107,741.625,742.434"
,1efa7ea300,2026-08-03T15:34:11,,test_wallet_collectibles_tab_first_open_loading_time[wallet_load_alex_user],test_wallet_collectibles_tab_first_open_ram_wallet_load_alex,passed,2391.211,2391.211,2391.211,1,2391.211
,1efa7ea300,2026-08-03T15:34:11,,test_wallet_collectibles_tab_loading_time[wallet_load_alex_user],test_wallet_collectibles_tab_ram_wallet_load_alex,passed,1024.108,1637.755,1287.472,5,"1101.01,1191.771,1637.755,1024.108,1482.716"
,1efa7ea300,2026-08-03T15:34:11,,test_wallet_assets_tab_first_open_loading_time[wallet_load_user],test_wallet_assets_tab_first_open_ram_wallet_load,passed,702.863,702.863,702.863,1,702.863
,1efa7ea300,2026-08-03T15:34:11,,test_wallet_assets_tab_loading_time[wallet_load_user],test_wallet_assets_tab_ram_wallet_load,passed,1040.939,1258.401,1134.072,5,"1080.865,1066.512,1040.939,1258.401,1223.642"
,1efa7ea300,2026-08-03T15:34:11,,test_wallet_receive_first_open_loading_time[fresh_user],test_wallet_receive_first_open_ram_fresh,passed,693.516,693.516,693.516,1,693.516
,1efa7ea300,2026-08-03T15:34:11,,test_wallet_receive_loading_time[fresh_user],test_wallet_receive_ram_fresh,passed,694.029,755.646,722.212,5,"694.029,725.199,724.246,711.939,755.646"
,1efa7ea300,2026-08-03T15:34:11,,test_wallet_assets_tab_first_open_loading_time[fresh_user],test_wallet_assets_tab_first_open_ram_fresh,passed,693.734,693.734,693.734,1,693.734
,1efa7ea300,2026-08-03T15:34:11,,test_wallet_assets_tab_loading_time[fresh_user],test_wallet_assets_tab_ram_fresh,passed,744.721,758.389,754.074,5,"744.721,752.139,756.982,758.141,758.389"
,1efa7ea300,2026-08-03T15:34:11,,test_wallet_swap_first_open_loading_time[wallet_load_alex_user],test_wallet_swap_first_open_ram_wallet_load_alex,passed,780.051,780.051,780.051,1,780.051
,1efa7ea300,2026-08-03T15:34:11,,test_wallet_swap_loading_time[wallet_load_alex_user],test_wallet_swap_ram_wallet_load_alex,passed,783.971,863.021,816.23,5,"791.1,783.971,813.115,863.021,829.941"
,1efa7ea300,2026-08-03T15:34:11,,test_wallet_account_open_loading_time[wallet_load_user],test_wallet_account_first_open_ram_wallet_load,passed,712.863,712.863,712.863,1,712.863
,1efa7ea300,2026-08-03T15:34:11,,test_wallet_first_open_loading_time[wallet_load_user],test_wallet_first_open_ram_wallet_load,passed,751.613,751.613,751.613,1,751.613
,1efa7ea300,2026-08-03T15:34:11,,test_wallet_repeat_open_loading_time[wallet_load_user],test_wallet_repeat_open_ram_wallet_load,passed,797.541,917.82,886.771,5,"797.541,917.82,899.52,908.58,910.395"
,1efa7ea300,2026-08-03T15:34:11,,test_wallet_first_open_loading_time[wallet_load_alex_user],test_wallet_first_open_ram_wallet_load_alex,passed,726.395,726.395,726.395,1,726.395
,1efa7ea300,2026-08-03T15:34:11,,test_wallet_add_account_first_open_loading_time[wallet_load_alex_user],test_wallet_add_account_first_open_ram_wallet_load_alex,passed,710.453,710.453,710.453,1,710.453
,1efa7ea300,2026-08-03T15:34:11,,test_wallet_add_account_loading_time[wallet_load_alex_user],test_wallet_add_account_ram_wallet_load_alex,passed,714.023,836.971,747.767,5,"714.023,716.963,719.141,751.736,836.971"
,1efa7ea300,2026-08-03T15:34:11,,test_wallet_assets_tab_first_open_loading_time[wallet_load_alex_user],test_wallet_assets_tab_first_open_ram_wallet_load_alex,passed,753.113,753.113,753.113,1,753.113
,1efa7ea300,2026-08-03T15:34:11,,test_wallet_assets_tab_loading_time[wallet_load_alex_user],test_wallet_assets_tab_ram_wallet_load_alex,passed,1165.742,1398.873,1325.649,5,"1165.742,1372.099,1324.88,1366.653,1398.873"
,1efa7ea300,2026-08-03T15:34:11,,test_wallet_activity_tab_first_open_loading_time[wallet_load_alex_user],test_wallet_activity_tab_first_open_ram_wallet_load_alex,passed,737.678,737.678,737.678,1,737.678
,1efa7ea300,2026-08-03T15:34:11,,test_wallet_activity_tab_loading_time[wallet_load_alex_user],test_wallet_activity_tab_ram_wallet_load_alex,passed,751.414,857.953,799.666,5,"751.414,757.014,787.264,857.953,844.688"
,1efa7ea300,2026-08-03T15:34:11,,test_wallet_account_open_loading_time[fresh_user],test_wallet_account_first_open_ram_fresh,passed,727.43,727.43,727.43,1,727.43
,1efa7ea300,2026-08-03T15:34:11,,test_status_community_first_open_loading_time[user_data0-user_account0],test_status_community_first_open_ram_member,passed,749.888,749.888,749.888,1,749.888
,1efa7ea300,2026-08-03T15:34:11,,test_wallet_send_first_open_loading_time[wallet_load_user],test_wallet_send_first_open_ram_wallet_load,passed,694.309,694.309,694.309,1,694.309
,1efa7ea300,2026-08-03T15:34:11,,test_wallet_send_loading_time[wallet_load_user],test_wallet_send_ram_wallet_load,passed,713.668,781.336,747.72,5,"713.668,715.158,747.363,781.336,781.076"
,1efa7ea300,2026-08-03T15:34:11,,test_wallet_swap_first_open_loading_time[wallet_load_user],test_wallet_swap_first_open_ram_wallet_load,passed,713.387,713.387,713.387,1,713.387
,1efa7ea300,2026-08-03T15:34:11,,test_wallet_swap_loading_time[wallet_load_user],test_wallet_swap_ram_wallet_load,passed,733.281,817.717,773.864,5,"733.281,745.264,761.938,811.123,817.717"
,1efa7ea300,2026-08-03T15:34:11,,test_wallet_receive_first_open_loading_time[wallet_load_alex_user],test_wallet_receive_first_open_ram_wallet_load_alex,passed,703.361,703.361,703.361,1,703.361
,1efa7ea300,2026-08-03T15:34:11,,test_wallet_receive_loading_time[wallet_load_alex_user],test_wallet_receive_ram_wallet_load_alex,passed,699.613,817.789,763.202,5,"699.613,701.521,817.789,808.348,788.74"
,1efa7ea300,2026-08-03T15:34:11,,test_wallet_account_open_loading_time[wallet_load_alex_user],test_wallet_account_first_open_ram_wallet_load_alex,passed,761.721,761.721,761.721,1,761.721
,1efa7ea300,2026-08-03T15:34:11,,test_wallet_add_account_first_open_loading_time[fresh_user],test_wallet_add_account_first_open_ram_fresh,passed,755.756,755.756,755.756,1,755.756
,1efa7ea300,2026-08-03T15:34:11,,test_wallet_add_account_loading_time[fresh_user],test_wallet_add_account_ram_fresh,passed,756.318,808.43,782.456,5,"756.318,756.357,808.43,790.92,800.254"
,1efa7ea300,2026-08-03T15:34:11,,test_wallet_repeat_open_loading_time[fresh_user],test_wallet_repeat_open_ram_fresh,passed,765.564,876.729,815.649,5,"765.564,784.205,838.545,813.203,876.729"
,1efa7ea300,2026-08-03T15:34:11,,test_wallet_collectibles_tab_first_open_loading_time[wallet_load_user],test_wallet_collectibles_tab_first_open_ram_wallet_load,passed,1566.791,1566.791,1566.791,1,1566.791
,1efa7ea300,2026-08-03T15:34:11,,test_wallet_collectibles_tab_loading_time[wallet_load_user],test_wallet_collectibles_tab_ram_wallet_load,passed,1047.865,1226.17,1144.566,5,"1047.865,1073.305,1161.131,1214.361,1226.17"
,1efa7ea300,2026-08-03T15:34:11,,test_wallet_swap_first_open_loading_time[fresh_user],test_wallet_swap_first_open_ram_fresh,passed,790.814,790.814,790.814,1,790.814
,1efa7ea300,2026-08-03T15:34:11,,test_wallet_swap_loading_time[fresh_user],test_wallet_swap_ram_fresh,passed,791.77,963.075,837.455,5,"800.938,791.77,799.582,831.91,963.075"
,1efa7ea300,2026-08-03T15:34:11,,test_wallet_first_open_loading_time[fresh_user],test_wallet_first_open_ram_fresh,passed,697.91,697.91,697.91,1,697.91
,1efa7ea300,2026-08-03T15:34:11,,test_wallet_send_first_open_loading_time[wallet_load_alex_user],test_wallet_send_first_open_ram_wallet_load_alex,passed,747.386,747.386,747.386,1,747.386
,1efa7ea300,2026-08-03T15:34:11,,test_wallet_send_loading_time[wallet_load_alex_user],test_wallet_send_ram_wallet_load_alex,passed,758.428,858.283,797.899,5,"758.428,768.191,782.941,858.283,821.652"
,1efa7ea300,2026-08-03T15:34:11,,test_wallet_activity_tab_first_open_loading_time[fresh_user],test_wallet_activity_tab_first_open_ram_fresh,passed,655.062,655.062,655.062,1,655.062
,1efa7ea300,2026-08-03T15:34:11,,test_wallet_activity_tab_loading_time[fresh_user],test_wallet_activity_tab_ram_fresh,passed,655.441,700.258,674.398,5,"656.41,655.441,666.082,693.801,700.258"
,1efa7ea300,2026-08-03T15:34:11,,test_wallet_send_first_open_loading_time[fresh_user],test_wallet_send_first_open_ram_fresh,passed,828.703,828.703,828.703,1,828.703
,1efa7ea300,2026-08-03T15:34:11,,test_wallet_send_loading_time[fresh_user],test_wallet_send_ram_fresh,passed,762.516,819.48,779.593,5,"819.48,778.455,774.076,763.438,762.516"
,1efa7ea300,2026-08-03T15:34:11,,test_wallet_add_account_first_open_loading_time[wallet_load_user],test_wallet_add_account_first_open_ram_wallet_load,passed,680.268,680.268,680.268,1,680.268
,1efa7ea300,2026-08-03T15:34:11,,test_wallet_add_account_loading_time[wallet_load_user],test_wallet_add_account_ram_wallet_load,passed,690.707,791.344,724.226,5,"690.707,697.289,701.656,740.133,791.344"
,9f232d5fcb,2026-08-03T18:30:14,,test_wallet_receive_first_open_loading_time[wallet_load_user],test_wallet_receive_first_open_ram_wallet_load,passed,710.535,710.535,710.535,1,710.535
,9f232d5fcb,2026-08-03T18:30:14,,test_wallet_receive_loading_time[wallet_load_user],test_wallet_receive_ram_wallet_load,passed,717.383,818.371,756.54,5,"717.383,718.178,742.092,818.371,786.676"
,9f232d5fcb,2026-08-03T18:30:14,,test_wallet_swap_first_open_loading_time[fresh_user],test_wallet_swap_first_open_ram_fresh,passed,764.424,764.424,764.424,1,764.424
,9f232d5fcb,2026-08-03T18:30:14,,test_wallet_swap_loading_time[fresh_user],test_wallet_swap_ram_fresh,passed,793.838,865.197,835.657,5,"793.838,841.207,846.729,865.197,831.316"
,9f232d5fcb,2026-08-03T18:30:14,,test_wallet_account_open_loading_time[wallet_load_alex_user],test_wallet_account_first_open_ram_wallet_load_alex,passed,714.023,714.023,714.023,1,714.023
,9f232d5fcb,2026-08-03T18:30:14,,test_wallet_first_open_loading_time[wallet_load_user],test_wallet_first_open_ram_wallet_load,passed,771.32,771.32,771.32,1,771.32
,9f232d5fcb,2026-08-03T18:30:14,,test_wallet_first_open_loading_time[wallet_load_alex_user],test_wallet_first_open_ram_wallet_load_alex,passed,761.301,761.301,761.301,1,761.301
,9f232d5fcb,2026-08-03T18:30:14,,test_status_community_first_open_loading_time[user_data0-user_account0],test_status_community_first_open_ram_member,passed,795.279,795.279,795.279,1,795.279
,9f232d5fcb,2026-08-03T18:30:14,,test_wallet_collectibles_tab_first_open_loading_time[wallet_load_alex_user],test_wallet_collectibles_tab_first_open_ram_wallet_load_alex,passed,2358.139,2358.139,2358.139,1,2358.139
,9f232d5fcb,2026-08-03T18:30:14,,test_wallet_collectibles_tab_loading_time[wallet_load_alex_user],test_wallet_collectibles_tab_ram_wallet_load_alex,passed,1102.813,1936.184,1470.112,5,"1190.587,1102.813,1699.546,1421.43,1936.184"
,9f232d5fcb,2026-08-03T18:30:14,,test_wallet_assets_tab_first_open_loading_time[wallet_load_user],test_wallet_assets_tab_first_open_ram_wallet_load,passed,712.143,712.143,712.143,1,712.143
,9f232d5fcb,2026-08-03T18:30:14,,test_wallet_assets_tab_loading_time[wallet_load_user],test_wallet_assets_tab_ram_wallet_load,passed,1033.562,1204.862,1128.902,5,"1033.562,1180.711,1136.381,1088.995,1204.862"
,9f232d5fcb,2026-08-03T18:30:14,,test_wallet_first_open_loading_time[fresh_user],test_wallet_first_open_ram_fresh,passed,697.824,697.824,697.824,1,697.824
,9f232d5fcb,2026-08-03T18:30:14,,test_wallet_receive_first_open_loading_time[wallet_load_alex_user],test_wallet_receive_first_open_ram_wallet_load_alex,passed,725.082,725.082,725.082,1,725.082
,9f232d5fcb,2026-08-03T18:30:14,,test_wallet_receive_loading_time[wallet_load_alex_user],test_wallet_receive_ram_wallet_load_alex,passed,726.041,837.609,776.21,5,"726.041,726.863,764.852,825.686,837.609"
,9f232d5fcb,2026-08-03T18:30:14,,test_wallet_receive_first_open_loading_time[fresh_user],test_wallet_receive_first_open_ram_fresh,passed,811.926,811.926,811.926,1,811.926
,9f232d5fcb,2026-08-03T18:30:14,,test_wallet_receive_loading_time[fresh_user],test_wallet_receive_ram_fresh,passed,850.697,918.76,877.271,5,"918.76,897.473,868.1,851.324,850.697"
,9f232d5fcb,2026-08-03T18:30:14,,test_wallet_assets_tab_first_open_loading_time[fresh_user],test_wallet_assets_tab_first_open_ram_fresh,passed,861.179,861.179,861.179,1,861.179
,9f232d5fcb,2026-08-03T18:30:14,,test_wallet_assets_tab_loading_time[fresh_user],test_wallet_assets_tab_ram_fresh,passed,813.693,819.656,816.221,5,"813.693,814.287,814.885,818.586,819.656"
,9f232d5fcb,2026-08-03T18:30:14,,test_wallet_activity_tab_first_open_loading_time[fresh_user],test_wallet_activity_tab_first_open_ram_fresh,passed,703.828,703.828,703.828,1,703.828
,9f232d5fcb,2026-08-03T18:30:14,,test_wallet_activity_tab_loading_time[fresh_user],test_wallet_activity_tab_ram_fresh,passed,703.832,707.059,705.202,5,"703.832,704.008,704.059,707.055,707.059"
,9f232d5fcb,2026-08-03T18:30:14,,test_wallet_account_open_loading_time[fresh_user],test_wallet_account_first_open_ram_fresh,passed,757.816,757.816,757.816,1,757.816
,9f232d5fcb,2026-08-03T18:30:14,,test_wallet_send_first_open_loading_time[wallet_load_alex_user],test_wallet_send_first_open_ram_wallet_load_alex,passed,718.242,718.242,718.242,1,718.242
,9f232d5fcb,2026-08-03T18:30:14,,test_wallet_send_loading_time[wallet_load_alex_user],test_wallet_send_ram_wallet_load_alex,passed,721.982,834.908,771.456,5,"721.982,722.807,758.512,819.07,834.908"
,9f232d5fcb,2026-08-03T18:30:14,,test_wallet_send_first_open_loading_time[wallet_load_user],test_wallet_send_first_open_ram_wallet_load,passed,722.164,722.164,722.164,1,722.164
,9f232d5fcb,2026-08-03T18:30:14,,test_wallet_send_loading_time[wallet_load_user],test_wallet_send_ram_wallet_load,passed,723.795,785.381,750.139,5,"726.213,723.795,755.987,785.381,759.32"
,9f232d5fcb,2026-08-03T18:30:14,,test_wallet_repeat_open_loading_time[fresh_user],test_wallet_repeat_open_ram_fresh,passed,788.41,883.33,839.866,5,"788.41,858.4,814.471,854.719,883.33"
,9f232d5fcb,2026-08-03T18:30:14,,test_wallet_assets_tab_first_open_loading_time[wallet_load_alex_user],test_wallet_assets_tab_first_open_ram_wallet_load_alex,passed,721.159,721.159,721.159,1,721.159
,9f232d5fcb,2026-08-03T18:30:14,,test_wallet_assets_tab_loading_time[wallet_load_alex_user],test_wallet_assets_tab_ram_wallet_load_alex,passed,1045.079,1441.348,1322.831,5,"1288.101,1435.717,1403.909,1441.348,1045.079"
,9f232d5fcb,2026-08-03T18:30:14,,test_wallet_add_account_first_open_loading_time[wallet_load_alex_user],test_wallet_add_account_first_open_ram_wallet_load_alex,passed,749.586,749.586,749.586,1,749.586
,9f232d5fcb,2026-08-03T18:30:14,,test_wallet_add_account_loading_time[wallet_load_alex_user],test_wallet_add_account_ram_wallet_load_alex,passed,727.238,834.123,758.985,5,"727.238,733.297,735.756,764.51,834.123"
,9f232d5fcb,2026-08-03T18:30:14,,test_wallet_account_open_loading_time[wallet_load_user],test_wallet_account_first_open_ram_wallet_load,passed,714.805,714.805,714.805,1,714.805
,9f232d5fcb,2026-08-03T18:30:14,,test_wallet_repeat_open_loading_time[wallet_load_user],test_wallet_repeat_open_ram_wallet_load,passed,812.252,912.316,882.062,5,"812.252,869.992,908.52,912.316,907.229"
,9f232d5fcb,2026-08-03T18:30:14,,test_wallet_add_account_first_open_loading_time[wallet_load_user],test_wallet_add_account_first_open_ram_wallet_load,passed,716.021,716.021,716.021,1,716.021
,9f232d5fcb,2026-08-03T18:30:14,,test_wallet_add_account_loading_time[wallet_load_user],test_wallet_add_account_ram_wallet_load,passed,721.391,814.449,750.798,5,"721.391,729.291,734.336,754.521,814.449"
,9f232d5fcb,2026-08-03T18:30:14,,test_wallet_send_first_open_loading_time[fresh_user],test_wallet_send_first_open_ram_fresh,passed,760.04,760.04,760.04,1,760.04
,9f232d5fcb,2026-08-03T18:30:14,,test_wallet_send_loading_time[fresh_user],test_wallet_send_ram_fresh,passed,777.58,856.775,808.817,5,"856.775,805.49,806.971,797.27,777.58"
,9f232d5fcb,2026-08-03T18:30:14,,test_wallet_activity_tab_first_open_loading_time[wallet_load_alex_user],test_wallet_activity_tab_first_open_ram_wallet_load_alex,passed,806.605,806.605,806.605,1,806.605
,9f232d5fcb,2026-08-03T18:30:14,,test_wallet_activity_tab_loading_time[wallet_load_alex_user],test_wallet_activity_tab_ram_wallet_load_alex,passed,776.58,893.367,807.377,5,"776.58,777.074,784.4,805.461,893.367"
,9f232d5fcb,2026-08-03T18:30:14,,test_wallet_collectibles_tab_first_open_loading_time[wallet_load_user],test_wallet_collectibles_tab_first_open_ram_wallet_load,passed,1561.886,1561.886,1561.886,1,1561.886
,9f232d5fcb,2026-08-03T18:30:14,,test_wallet_collectibles_tab_loading_time[wallet_load_user],test_wallet_collectibles_tab_ram_wallet_load,passed,1058.541,1251.77,1135.249,5,"1058.541,1158.633,1059.908,1251.77,1147.392"
,9f232d5fcb,2026-08-03T18:30:14,,test_status_community_second_open_loading_time[user_data0-user_account0],test_status_community_second_open_ram_member,passed,774.053,875.401,828.892,5,"774.053,802.991,836.413,855.599,875.401"
,9f232d5fcb,2026-08-03T18:30:14,,test_wallet_activity_tab_first_open_loading_time[wallet_load_user],test_wallet_activity_tab_first_open_ram_wallet_load,passed,728.895,728.895,728.895,1,728.895
,9f232d5fcb,2026-08-03T18:30:14,,test_wallet_activity_tab_loading_time[wallet_load_user],test_wallet_activity_tab_ram_wallet_load,passed,749.797,791.871,774.683,5,"749.797,767.449,774.018,791.871,790.279"
,9f232d5fcb,2026-08-03T18:30:14,,test_wallet_repeat_open_loading_time[wallet_load_alex_user],test_wallet_repeat_open_ram_wallet_load_alex,passed,800.137,979.449,920.28,5,"800.137,969.998,911.822,939.994,979.449"
,9f232d5fcb,2026-08-03T18:30:14,,test_wallet_swap_first_open_loading_time[wallet_load_alex_user],test_wallet_swap_first_open_ram_wallet_load_alex,passed,759.139,759.139,759.139,1,759.139
,9f232d5fcb,2026-08-03T18:30:14,,test_wallet_swap_loading_time[wallet_load_alex_user],test_wallet_swap_ram_wallet_load_alex,passed,766.715,879.426,820.834,5,"766.715,786.258,796.088,879.426,875.682"
,9f232d5fcb,2026-08-03T18:30:14,,test_wallet_add_account_first_open_loading_time[fresh_user],test_wallet_add_account_first_open_ram_fresh,passed,727.387,727.387,727.387,1,727.387
,9f232d5fcb,2026-08-03T18:30:14,,test_wallet_add_account_loading_time[fresh_user],test_wallet_add_account_ram_fresh,passed,783.264,839.314,809.138,5,"803.258,830.316,839.314,789.537,783.264"
,9f232d5fcb,2026-08-03T18:30:14,,test_wallet_collectibles_tab_first_open_loading_time[fresh_user],test_wallet_collectibles_tab_first_open_ram_fresh,passed,806.373,806.373,806.373,1,806.373
,9f232d5fcb,2026-08-03T18:30:14,,test_wallet_collectibles_tab_loading_time[fresh_user],test_wallet_collectibles_tab_ram_fresh,passed,748.676,753.629,750.87,5,"748.676,749.156,751.273,751.613,753.629"
,9f232d5fcb,2026-08-03T18:30:14,,test_wallet_swap_first_open_loading_time[wallet_load_user],test_wallet_swap_first_open_ram_wallet_load,passed,713.578,713.578,713.578,1,713.578
,9f232d5fcb,2026-08-03T18:30:14,,test_wallet_swap_loading_time[wallet_load_user],test_wallet_swap_ram_wallet_load,passed,750.664,826.814,783.591,5,"750.664,773.584,773.594,793.299,826.814"
,b53180ff9e,2026-08-04T13:38:28,,test_wallet_account_open_loading_time[wallet_load_user],test_wallet_account_first_open_ram_wallet_load,passed,768.283,768.283,768.283,1,768.283
,b53180ff9e,2026-08-04T13:38:28,,test_wallet_repeat_open_loading_time[fresh_user],test_wallet_repeat_open_ram_fresh,passed,800.391,887.373,842.346,5,"804.223,878.551,841.191,887.373,800.391"
,b53180ff9e,2026-08-04T13:38:28,,test_wallet_send_first_open_loading_time[wallet_load_user],test_wallet_send_first_open_ram_wallet_load,passed,730.746,730.746,730.746,1,730.746
,b53180ff9e,2026-08-04T13:38:28,,test_wallet_send_loading_time[wallet_load_user],test_wallet_send_ram_wallet_load,passed,742.973,760.977,752.415,5,"742.973,756.191,760.977,749.799,752.135"
,b53180ff9e,2026-08-04T13:38:28,,test_wallet_activity_tab_first_open_loading_time[wallet_load_alex_user],test_wallet_activity_tab_first_open_ram_wallet_load_alex,passed,779.629,779.629,779.629,1,779.629
,b53180ff9e,2026-08-04T13:38:28,,test_wallet_activity_tab_loading_time[wallet_load_alex_user],test_wallet_activity_tab_ram_wallet_load_alex,passed,805.855,831.006,821.124,5,"805.855,820.167,831.006,818.803,829.791"
,b53180ff9e,2026-08-04T13:38:28,,test_wallet_add_account_first_open_loading_time[wallet_load_user],test_wallet_add_account_first_open_ram_wallet_load,passed,747.277,747.277,747.277,1,747.277
,b53180ff9e,2026-08-04T13:38:28,,test_wallet_add_account_loading_time[wallet_load_user],test_wallet_add_account_ram_wallet_load,passed,740.082,755.299,748.797,5,"740.082,741.062,754.4,753.143,755.299"
,b53180ff9e,2026-08-04T13:38:28,,test_wallet_swap_first_open_loading_time[fresh_user],test_wallet_swap_first_open_ram_fresh,passed,771.329,771.329,771.329,1,771.329
,b53180ff9e,2026-08-04T13:38:28,,test_wallet_swap_loading_time[fresh_user],test_wallet_swap_ram_fresh,passed,794.904,872.428,845.587,5,"794.904,872.428,833.809,857.301,869.492"
,b53180ff9e,2026-08-04T13:38:28,,test_wallet_swap_first_open_loading_time[wallet_load_alex_user],test_wallet_swap_first_open_ram_wallet_load_alex,passed,767.201,767.201,767.201,1,767.201
,b53180ff9e,2026-08-04T13:38:28,,test_wallet_swap_loading_time[wallet_load_alex_user],test_wallet_swap_ram_wallet_load_alex,passed,780.316,804.307,789.604,5,"780.316,780.914,786.236,796.248,804.307"
,b53180ff9e,2026-08-04T13:38:28,,test_wallet_receive_first_open_loading_time[wallet_load_alex_user],test_wallet_receive_first_open_ram_wallet_load_alex,passed,773.529,773.529,773.529,1,773.529
,b53180ff9e,2026-08-04T13:38:28,,test_wallet_receive_loading_time[wallet_load_alex_user],test_wallet_receive_ram_wallet_load_alex,passed,762.359,782.361,774.014,5,"780.984,782.361,776.629,762.359,767.734"
,b53180ff9e,2026-08-04T13:38:28,,test_wallet_activity_tab_first_open_loading_time[wallet_load_user],test_wallet_activity_tab_first_open_ram_wallet_load,passed,734.277,734.277,734.277,1,734.277
,b53180ff9e,2026-08-04T13:38:28,,test_wallet_activity_tab_loading_time[wallet_load_user],test_wallet_activity_tab_ram_wallet_load,passed,757.715,792.25,771.085,5,"760.553,757.715,761.908,783.0,792.25"
,b53180ff9e,2026-08-04T13:38:28,,test_wallet_repeat_open_loading_time[wallet_load_user],test_wallet_repeat_open_ram_wallet_load,passed,850.209,930.213,882.625,5,"856.625,850.209,871.736,904.34,930.213"
,b53180ff9e,2026-08-04T13:38:28,,test_wallet_add_account_first_open_loading_time[fresh_user],test_wallet_add_account_first_open_ram_fresh,passed,899.367,899.367,899.367,1,899.367
,b53180ff9e,2026-08-04T13:38:28,,test_wallet_add_account_loading_time[fresh_user],test_wallet_add_account_ram_fresh,passed,818.523,862.277,852.85,5,"860.68,861.109,861.66,862.277,818.523"
,b53180ff9e,2026-08-04T13:38:28,,test_wallet_collectibles_tab_first_open_loading_time[fresh_user],test_wallet_collectibles_tab_first_open_ram_fresh,passed,798.68,798.68,798.68,1,798.68
,b53180ff9e,2026-08-04T13:38:28,,test_wallet_collectibles_tab_loading_time[fresh_user],test_wallet_collectibles_tab_ram_fresh,passed,756.898,774.0,764.919,5,"767.156,769.379,774.0,756.898,757.16"
,b53180ff9e,2026-08-04T13:38:28,,test_status_community_second_open_loading_time[user_data0-user_account0],test_status_community_second_open_ram_member,passed,799.764,847.985,819.395,5,"799.764,804.825,812.565,831.839,847.985"
,b53180ff9e,2026-08-04T13:38:28,,test_wallet_send_first_open_loading_time[wallet_load_alex_user],test_wallet_send_first_open_ram_wallet_load_alex,passed,765.928,765.928,765.928,1,765.928
,b53180ff9e,2026-08-04T13:38:28,,test_wallet_send_loading_time[wallet_load_alex_user],test_wallet_send_ram_wallet_load_alex,passed,764.588,787.932,774.369,5,"766.314,764.588,772.541,780.471,787.932"
,b53180ff9e,2026-08-04T13:38:28,,test_wallet_account_open_loading_time[fresh_user],test_wallet_account_first_open_ram_fresh,passed,793.387,793.387,793.387,1,793.387
,b53180ff9e,2026-08-04T13:38:28,,test_wallet_receive_first_open_loading_time[wallet_load_user],test_wallet_receive_first_open_ram_wallet_load,passed,786.195,786.195,786.195,1,786.195
,b53180ff9e,2026-08-04T13:38:28,,test_wallet_receive_loading_time[wallet_load_user],test_wallet_receive_ram_wallet_load,passed,753.178,758.809,755.318,5,"754.668,755.336,753.178,754.6,758.809"
,b53180ff9e,2026-08-04T13:38:28,,test_wallet_add_account_first_open_loading_time[wallet_load_alex_user],test_wallet_add_account_first_open_ram_wallet_load_alex,passed,768.125,768.125,768.125,1,768.125
,b53180ff9e,2026-08-04T13:38:28,,test_wallet_add_account_loading_time[wallet_load_alex_user],test_wallet_add_account_ram_wallet_load_alex,passed,764.055,800.701,779.672,5,"764.055,766.854,778.189,788.561,800.701"
,b53180ff9e,2026-08-04T13:38:28,,test_status_community_first_open_loading_time[user_data0-user_account0],test_status_community_first_open_ram_member,passed,761.145,761.145,761.145,1,761.145
,b53180ff9e,2026-08-04T13:38:28,,test_wallet_first_open_loading_time[wallet_load_alex_user],test_wallet_first_open_ram_wallet_load_alex,passed,745.355,745.355,745.355,1,745.355
,b53180ff9e,2026-08-04T13:38:28,,test_wallet_activity_tab_first_open_loading_time[fresh_user],test_wallet_activity_tab_first_open_ram_fresh,passed,800.348,800.348,800.348,1,800.348
,b53180ff9e,2026-08-04T13:38:28,,test_wallet_activity_tab_loading_time[fresh_user],test_wallet_activity_tab_ram_fresh,passed,799.422,875.328,822.077,5,"799.422,802.043,802.215,875.328,831.377"
,b53180ff9e,2026-08-04T13:38:28,,test_wallet_assets_tab_first_open_loading_time[wallet_load_user],test_wallet_assets_tab_first_open_ram_wallet_load,passed,726.324,726.324,726.324,1,726.324
,b53180ff9e,2026-08-04T13:38:28,,test_wallet_assets_tab_loading_time[wallet_load_user],test_wallet_assets_tab_ram_wallet_load,passed,848.958,1167.418,1047.74,5,"848.958,1051.357,1078.948,1092.021,1167.418"
,b53180ff9e,2026-08-04T13:38:28,,test_wallet_first_open_loading_time[wallet_load_user],test_wallet_first_open_ram_wallet_load,passed,738.24,738.24,738.24,1,738.24
,b53180ff9e,2026-08-04T13:38:28,,test_wallet_repeat_open_loading_time[wallet_load_alex_user],test_wallet_repeat_open_ram_wallet_load_alex,passed,787.238,893.643,855.015,5,"787.238,868.168,838.77,887.258,893.643"
,b53180ff9e,2026-08-04T13:38:28,,test_wallet_swap_first_open_loading_time[wallet_load_user],test_wallet_swap_first_open_ram_wallet_load,passed,718.576,718.576,718.576,1,718.576
,b53180ff9e,2026-08-04T13:38:28,,test_wallet_swap_loading_time[wallet_load_user],test_wallet_swap_ram_wallet_load,passed,733.422,779.244,754.011,5,"735.57,733.422,746.812,779.244,775.004"
,b53180ff9e,2026-08-04T13:38:28,,test_wallet_collectibles_tab_first_open_loading_time[wallet_load_alex_user],test_wallet_collectibles_tab_first_open_ram_wallet_load_alex,passed,3079.2,3079.2,3079.2,1,3079.2
,b53180ff9e,2026-08-04T13:38:28,,test_wallet_collectibles_tab_loading_time[wallet_load_alex_user],test_wallet_collectibles_tab_ram_wallet_load_alex,passed,974.852,1505.419,1210.36,5,"974.852,1068.93,1505.419,1200.037,1302.559"
,b53180ff9e,2026-08-04T13:38:28,,test_wallet_receive_first_open_loading_time[fresh_user],test_wallet_receive_first_open_ram_fresh,passed,808.947,808.947,808.947,1,808.947
,b53180ff9e,2026-08-04T13:38:28,,test_wallet_receive_loading_time[fresh_user],test_wallet_receive_ram_fresh,passed,816.141,819.855,817.192,5,"817.602,819.855,816.141,816.16,816.201"
,b53180ff9e,2026-08-04T13:38:28,,test_wallet_collectibles_tab_first_open_loading_time[wallet_load_user],test_wallet_collectibles_tab_first_open_ram_wallet_load,passed,1538.543,1538.543,1538.543,1,1538.543
,b53180ff9e,2026-08-04T13:38:28,,test_wallet_collectibles_tab_loading_time[wallet_load_user],test_wallet_collectibles_tab_ram_wallet_load,passed,949.909,1208.038,1113.724,5,"1060.498,949.909,1184.319,1165.855,1208.038"
,b53180ff9e,2026-08-04T13:38:28,,test_wallet_account_open_loading_time[wallet_load_alex_user],test_wallet_account_first_open_ram_wallet_load_alex,passed,768.721,768.721,768.721,1,768.721
,b53180ff9e,2026-08-04T13:38:28,,test_wallet_send_first_open_loading_time[fresh_user],test_wallet_send_first_open_ram_fresh,passed,769.227,769.227,769.227,1,769.227
,b53180ff9e,2026-08-04T13:38:28,,test_wallet_send_loading_time[fresh_user],test_wallet_send_ram_fresh,passed,782.361,831.447,803.461,5,"784.371,782.361,831.447,809.545,809.578"
,b53180ff9e,2026-08-04T13:38:28,,test_wallet_assets_tab_first_open_loading_time[fresh_user],test_wallet_assets_tab_first_open_ram_fresh,passed,673.117,673.117,673.117,1,673.117
,b53180ff9e,2026-08-04T13:38:28,,test_wallet_assets_tab_loading_time[fresh_user],test_wallet_assets_tab_ram_fresh,passed,731.291,752.934,743.523,5,"731.291,739.652,742.744,752.934,750.992"
,b53180ff9e,2026-08-04T13:38:28,,test_wallet_assets_tab_first_open_loading_time[wallet_load_alex_user],test_wallet_assets_tab_first_open_ram_wallet_load_alex,passed,780.268,780.268,780.268,1,780.268
,b53180ff9e,2026-08-04T13:38:28,,test_wallet_assets_tab_loading_time[wallet_load_alex_user],test_wallet_assets_tab_ram_wallet_load_alex,passed,1068.139,1328.052,1225.0,5,"1215.171,1237.566,1276.07,1328.052,1068.139"
,b53180ff9e,2026-08-04T13:38:28,,test_wallet_first_open_loading_time[fresh_user],test_wallet_first_open_ram_fresh,passed,677.672,677.672,677.672,1,677.672
,549dc1ab51,2026-08-05T05:38:00,,test_wallet_swap_first_open_loading_time[fresh_user],test_wallet_swap_first_open_ram_fresh,passed,799.272,799.272,799.272,1,799.272
,549dc1ab51,2026-08-05T05:38:00,,test_wallet_swap_loading_time[fresh_user],test_wallet_swap_ram_fresh,passed,794.113,817.434,805.608,5,"813.344,807.41,817.434,794.113,795.74"
,549dc1ab51,2026-08-05T05:38:00,,test_wallet_activity_tab_first_open_loading_time[fresh_user],test_wallet_activity_tab_first_open_ram_fresh,passed,762.555,762.555,762.555,1,762.555
,549dc1ab51,2026-08-05T05:38:00,,test_wallet_activity_tab_loading_time[fresh_user],test_wallet_activity_tab_ram_fresh,passed,760.637,781.461,768.292,5,"781.461,777.305,760.637,760.84,761.219"
,549dc1ab51,2026-08-05T05:38:00,,test_wallet_add_account_first_open_loading_time[wallet_load_alex_user],test_wallet_add_account_first_open_ram_wallet_load_alex,passed,761.061,761.061,761.061,1,761.061
,549dc1ab51,2026-08-05T05:38:00,,test_wallet_add_account_loading_time[wallet_load_alex_user],test_wallet_add_account_ram_wallet_load_alex,passed,763.309,787.406,771.262,5,"763.309,765.184,787.406,769.775,770.635"
,549dc1ab51,2026-08-05T05:38:00,,test_wallet_swap_first_open_loading_time[wallet_load_user],test_wallet_swap_first_open_ram_wallet_load,passed,729.732,729.732,729.732,1,729.732
,549dc1ab51,2026-08-05T05:38:00,,test_wallet_swap_loading_time[wallet_load_user],test_wallet_swap_ram_wallet_load,passed,763.863,805.008,789.63,5,"763.863,783.764,800.166,795.348,805.008"
,549dc1ab51,2026-08-05T05:38:00,,test_wallet_assets_tab_first_open_loading_time[fresh_user],test_wallet_assets_tab_first_open_ram_fresh,passed,732.916,732.916,732.916,1,732.916
,549dc1ab51,2026-08-05T05:38:00,,test_wallet_assets_tab_loading_time[fresh_user],test_wallet_assets_tab_ram_fresh,passed,747.779,767.988,757.902,5,"747.779,751.084,758.924,763.734,767.988"
,549dc1ab51,2026-08-05T05:38:00,,test_wallet_account_open_loading_time[wallet_load_user],test_wallet_account_first_open_ram_wallet_load,passed,711.43,711.43,711.43,1,711.43
,549dc1ab51,2026-08-05T05:38:00,,test_wallet_repeat_open_loading_time[wallet_load_alex_user],test_wallet_repeat_open_ram_wallet_load_alex,passed,867.5,906.5,880.932,5,"880.779,867.5,878.566,871.316,906.5"
,549dc1ab51,2026-08-05T05:38:00,,test_wallet_assets_tab_first_open_loading_time[wallet_load_user],test_wallet_assets_tab_first_open_ram_wallet_load,passed,719.944,719.944,719.944,1,719.944
,549dc1ab51,2026-08-05T05:38:00,,test_wallet_assets_tab_loading_time[wallet_load_user],test_wallet_assets_tab_ram_wallet_load,passed,886.18,1224.299,1131.374,5,"886.18,1139.2,1184.991,1224.299,1222.202"
,549dc1ab51,2026-08-05T05:38:00,,test_wallet_activity_tab_first_open_loading_time[wallet_load_user],test_wallet_activity_tab_first_open_ram_wallet_load,passed,736.408,736.408,736.408,1,736.408
,549dc1ab51,2026-08-05T05:38:00,,test_wallet_activity_tab_loading_time[wallet_load_user],test_wallet_activity_tab_ram_wallet_load,passed,757.363,781.07,772.164,5,"757.363,767.475,779.15,781.07,775.76"
,549dc1ab51,2026-08-05T05:38:00,,test_wallet_receive_first_open_loading_time[wallet_load_user],test_wallet_receive_first_open_ram_wallet_load,passed,736.285,736.285,736.285,1,736.285
,549dc1ab51,2026-08-05T05:38:00,,test_wallet_receive_loading_time[wallet_load_user],test_wallet_receive_ram_wallet_load,passed,729.693,740.551,733.72,5,"730.895,729.693,733.705,740.551,733.756"
,549dc1ab51,2026-08-05T05:38:00,,test_wallet_add_account_first_open_loading_time[wallet_load_user],test_wallet_add_account_first_open_ram_wallet_load,passed,742.822,742.822,742.822,1,742.822
,549dc1ab51,2026-08-05T05:38:00,,test_wallet_add_account_loading_time[wallet_load_user],test_wallet_add_account_ram_wallet_load,passed,750.463,772.635,760.352,5,"755.148,750.463,757.363,766.15,772.635"
,549dc1ab51,2026-08-05T05:38:00,,test_wallet_first_open_loading_time[wallet_load_user],test_wallet_first_open_ram_wallet_load,passed,802.531,802.531,802.531,1,802.531
,549dc1ab51,2026-08-05T05:38:00,,test_wallet_send_first_open_loading_time[wallet_load_alex_user],test_wallet_send_first_open_ram_wallet_load_alex,passed,773.193,773.193,773.193,1,773.193
,549dc1ab51,2026-08-05T05:38:00,,test_wallet_send_loading_time[wallet_load_alex_user],test_wallet_send_ram_wallet_load_alex,passed,775.65,800.26,789.443,5,"794.078,775.65,782.709,794.518,800.26"
,549dc1ab51,2026-08-05T05:38:00,,test_wallet_collectibles_tab_first_open_loading_time[wallet_load_alex_user],test_wallet_collectibles_tab_first_open_ram_wallet_load_alex,passed,3053.402,3053.402,3053.402,1,3053.402
,549dc1ab51,2026-08-05T05:38:00,,test_wallet_collectibles_tab_loading_time[wallet_load_alex_user],test_wallet_collectibles_tab_ram_wallet_load_alex,passed,1051.355,1135.52,1085.669,5,"1083.766,1051.355,1051.773,1105.93,1135.52"
,549dc1ab51,2026-08-05T05:38:00,,test_wallet_repeat_open_loading_time[wallet_load_user],test_wallet_repeat_open_ram_wallet_load,passed,828.168,895.734,863.881,5,"831.033,828.168,888.385,895.734,876.086"
,549dc1ab51,2026-08-05T05:38:00,,test_status_community_first_open_loading_time[user_data0-user_account0],test_status_community_first_open_ram_member,passed,730.113,730.113,730.113,1,730.113
,549dc1ab51,2026-08-05T05:38:00,,test_wallet_add_account_first_open_loading_time[fresh_user],test_wallet_add_account_first_open_ram_fresh,passed,672.428,672.428,672.428,1,672.428
,549dc1ab51,2026-08-05T05:38:00,,test_wallet_add_account_loading_time[fresh_user],test_wallet_add_account_ram_fresh,passed,681.812,716.518,708.418,5,"681.812,713.691,714.797,715.273,716.518"
,549dc1ab51,2026-08-05T05:38:00,,test_wallet_activity_tab_first_open_loading_time[wallet_load_alex_user],test_wallet_activity_tab_first_open_ram_wallet_load_alex,passed,784.873,784.873,784.873,1,784.873
,549dc1ab51,2026-08-05T05:38:00,,test_wallet_activity_tab_loading_time[wallet_load_alex_user],test_wallet_activity_tab_ram_wallet_load_alex,passed,814.607,843.922,825.748,5,"817.811,814.607,821.898,830.504,843.922"
,549dc1ab51,2026-08-05T05:38:00,,test_wallet_account_open_loading_time[wallet_load_alex_user],test_wallet_account_first_open_ram_wallet_load_alex,passed,750.947,750.947,750.947,1,750.947
,549dc1ab51,2026-08-05T05:38:00,,test_wallet_send_first_open_loading_time[wallet_load_user],test_wallet_send_first_open_ram_wallet_load,passed,725.779,725.779,725.779,1,725.779
,549dc1ab51,2026-08-05T05:38:00,,test_wallet_send_loading_time[wallet_load_user],test_wallet_send_ram_wallet_load,passed,726.59,744.801,736.29,5,"726.59,737.127,744.801,739.336,733.598"
,549dc1ab51,2026-08-05T05:38:00,,test_wallet_assets_tab_first_open_loading_time[wallet_load_alex_user],test_wallet_assets_tab_first_open_ram_wallet_load_alex,passed,789.062,789.062,789.062,1,789.062
,549dc1ab51,2026-08-05T05:38:00,,test_wallet_assets_tab_loading_time[wallet_load_alex_user],test_wallet_assets_tab_ram_wallet_load_alex,passed,1026.0,1402.891,1240.901,5,"1261.768,1195.697,1318.151,1402.891,1026.0"
,549dc1ab51,2026-08-05T05:38:00,,test_wallet_send_first_open_loading_time[fresh_user],test_wallet_send_first_open_ram_fresh,passed,746.742,746.742,746.742,1,746.742
,549dc1ab51,2026-08-05T05:38:00,,test_wallet_send_loading_time[fresh_user],test_wallet_send_ram_fresh,passed,754.643,775.598,764.3,5,"754.643,775.598,763.207,763.699,764.352"
,549dc1ab51,2026-08-05T05:38:00,,test_status_community_second_open_loading_time[user_data0-user_account0],test_status_community_second_open_ram_member,passed,845.129,878.516,855.604,5,"854.606,849.654,845.129,850.115,878.516"
,549dc1ab51,2026-08-05T05:38:00,,test_wallet_repeat_open_loading_time[fresh_user],test_wallet_repeat_open_ram_fresh,passed,741.008,888.439,805.077,5,"741.008,800.842,809.215,785.879,888.439"
,549dc1ab51,2026-08-05T05:38:00,,test_wallet_receive_first_open_loading_time[fresh_user],test_wallet_receive_first_open_ram_fresh,passed,667.033,667.033,667.033,1,667.033
,549dc1ab51,2026-08-05T05:38:00,,test_wallet_receive_loading_time[fresh_user],test_wallet_receive_ram_fresh,passed,670.678,773.723,716.801,5,"672.787,670.678,731.344,773.723,735.475"
,549dc1ab51,2026-08-05T05:38:00,,test_wallet_swap_first_open_loading_time[wallet_load_alex_user],test_wallet_swap_first_open_ram_wallet_load_alex,passed,791.607,791.607,791.607,1,791.607
,549dc1ab51,2026-08-05T05:38:00,,test_wallet_swap_loading_time[wallet_load_alex_user],test_wallet_swap_ram_wallet_load_alex,passed,808.48,832.574,818.286,5,"808.48,817.404,813.354,819.619,832.574"
,549dc1ab51,2026-08-05T05:38:00,,test_wallet_receive_first_open_loading_time[wallet_load_alex_user],test_wallet_receive_first_open_ram_wallet_load_alex,passed,750.236,750.236,750.236,1,750.236
,549dc1ab51,2026-08-05T05:38:00,,test_wallet_receive_loading_time[wallet_load_alex_user],test_wallet_receive_ram_wallet_load_alex,passed,736.162,749.139,742.256,5,"736.162,736.996,742.549,746.436,749.139"
,549dc1ab51,2026-08-05T05:38:00,,test_wallet_account_open_loading_time[fresh_user],test_wallet_account_first_open_ram_fresh,passed,755.527,755.527,755.527,1,755.527
,549dc1ab51,2026-08-05T05:38:00,,test_wallet_first_open_loading_time[fresh_user],test_wallet_first_open_ram_fresh,passed,657.914,657.914,657.914,1,657.914
,549dc1ab51,2026-08-05T05:38:00,,test_wallet_collectibles_tab_first_open_loading_time[wallet_load_user],test_wallet_collectibles_tab_first_open_ram_wallet_load,passed,1534.655,1534.655,1534.655,1,1534.655
,549dc1ab51,2026-08-05T05:38:00,,test_wallet_collectibles_tab_loading_time[wallet_load_user],test_wallet_collectibles_tab_ram_wallet_load,passed,1069.275,1254.322,1179.77,5,"1143.233,1211.557,1220.462,1069.275,1254.322"
,549dc1ab51,2026-08-05T05:38:00,,test_wallet_first_open_loading_time[wallet_load_alex_user],test_wallet_first_open_ram_wallet_load_alex,passed,755.504,755.504,755.504,1,755.504
,549dc1ab51,2026-08-05T05:38:00,,test_wallet_collectibles_tab_first_open_loading_time[fresh_user],test_wallet_collectibles_tab_first_open_ram_fresh,passed,817.211,817.211,817.211,1,817.211
,549dc1ab51,2026-08-05T05:38:00,,test_wallet_collectibles_tab_loading_time[fresh_user],test_wallet_collectibles_tab_ram_fresh,passed,797.527,805.988,802.12,5,"805.762,805.988,797.527,801.898,799.422"
,629daae710,2026-08-05T09:58:58,,test_wallet_account_open_loading_time[wallet_load_alex_user],test_wallet_account_first_open_ram_wallet_load_alex,passed,750.828,750.828,750.828,1,750.828
,629daae710,2026-08-05T09:58:58,,test_wallet_repeat_open_loading_time[wallet_load_user],test_wallet_repeat_open_ram_wallet_load,passed,812.535,935.826,888.224,5,"812.535,872.471,921.541,935.826,898.746"
,629daae710,2026-08-05T09:58:58,,test_wallet_collectibles_tab_first_open_loading_time[wallet_load_user],test_wallet_collectibles_tab_first_open_ram_wallet_load,passed,1503.742,1503.742,1503.742,1,1503.742
,629daae710,2026-08-05T09:58:58,,test_wallet_collectibles_tab_loading_time[wallet_load_user],test_wallet_collectibles_tab_ram_wallet_load,passed,978.426,1180.4,1109.716,5,"1072.509,978.426,1180.4,1164.698,1152.545"
,629daae710,2026-08-05T09:58:58,,test_status_community_second_open_loading_time[user_data0-user_account0],test_status_community_second_open_ram_member,passed,852.96,886.522,865.923,5,"852.96,855.17,864.547,870.413,886.522"
,629daae710,2026-08-05T09:58:58,,test_wallet_add_account_first_open_loading_time[wallet_load_user],test_wallet_add_account_first_open_ram_wallet_load,passed,772.215,772.215,772.215,1,772.215
,629daae710,2026-08-05T09:58:58,,test_wallet_add_account_loading_time[wallet_load_user],test_wallet_add_account_ram_wallet_load,passed,736.396,753.527,745.667,5,"736.396,740.23,753.527,749.359,748.82"
,629daae710,2026-08-05T09:58:58,,test_wallet_send_first_open_loading_time[wallet_load_user],test_wallet_send_first_open_ram_wallet_load,passed,745.598,745.598,745.598,1,745.598
,629daae710,2026-08-05T09:58:58,,test_wallet_send_loading_time[wallet_load_user],test_wallet_send_ram_wallet_load,passed,763.117,771.195,767.161,5,"767.076,763.117,771.195,770.398,764.018"
,629daae710,2026-08-05T09:58:58,,test_wallet_assets_tab_first_open_loading_time[wallet_load_alex_user],test_wallet_assets_tab_first_open_ram_wallet_load_alex,passed,771.279,771.279,771.279,1,771.279
,629daae710,2026-08-05T09:58:58,,test_wallet_assets_tab_loading_time[wallet_load_alex_user],test_wallet_assets_tab_ram_wallet_load_alex,passed,1099.26,1476.032,1271.278,5,"1268.119,1233.479,1279.501,1476.032,1099.26"
,629daae710,2026-08-05T09:58:58,,test_wallet_activity_tab_first_open_loading_time[wallet_load_alex_user],test_wallet_activity_tab_first_open_ram_wallet_load_alex,passed,786.424,786.424,786.424,1,786.424
,629daae710,2026-08-05T09:58:58,,test_wallet_activity_tab_loading_time[wallet_load_alex_user],test_wallet_activity_tab_ram_wallet_load_alex,passed,816.971,861.098,841.212,5,"816.971,826.785,846.713,854.496,861.098"
,629daae710,2026-08-05T09:58:58,,test_wallet_activity_tab_first_open_loading_time[wallet_load_user],test_wallet_activity_tab_first_open_ram_wallet_load,passed,764.521,764.521,764.521,1,764.521
,629daae710,2026-08-05T09:58:58,,test_wallet_activity_tab_loading_time[wallet_load_user],test_wallet_activity_tab_ram_wallet_load,passed,789.77,811.275,800.437,5,"789.77,802.846,811.275,800.078,798.215"
,629daae710,2026-08-05T09:58:58,,test_wallet_assets_tab_first_open_loading_time[fresh_user],test_wallet_assets_tab_first_open_ram_fresh,passed,732.068,732.068,732.068,1,732.068
,629daae710,2026-08-05T09:58:58,,test_wallet_assets_tab_loading_time[fresh_user],test_wallet_assets_tab_ram_fresh,passed,738.172,775.174,760.207,5,"738.172,761.922,758.531,767.234,775.174"
,629daae710,2026-08-05T09:58:58,,test_wallet_swap_first_open_loading_time[wallet_load_alex_user],test_wallet_swap_first_open_ram_wallet_load_alex,passed,784.762,784.762,784.762,1,784.762
,629daae710,2026-08-05T09:58:58,,test_wallet_swap_loading_time[wallet_load_alex_user],test_wallet_swap_ram_wallet_load_alex,passed,808.52,848.85,827.924,5,"808.52,821.619,836.436,848.85,824.195"
,629daae710,2026-08-05T09:58:58,,test_wallet_account_open_loading_time[wallet_load_user],test_wallet_account_first_open_ram_wallet_load,passed,729.037,729.037,729.037,1,729.037
,629daae710,2026-08-05T09:58:58,,test_wallet_assets_tab_first_open_loading_time[wallet_load_user],test_wallet_assets_tab_first_open_ram_wallet_load,passed,726.941,726.941,726.941,1,726.941
,629daae710,2026-08-05T09:58:58,,test_wallet_assets_tab_loading_time[wallet_load_user],test_wallet_assets_tab_ram_wallet_load,passed,946.647,1193.296,1089.363,5,"946.647,1138.202,1047.406,1121.264,1193.296"
,629daae710,2026-08-05T09:58:58,,test_wallet_add_account_first_open_loading_time[fresh_user],test_wallet_add_account_first_open_ram_fresh,passed,748.316,748.316,748.316,1,748.316
,629daae710,2026-08-05T09:58:58,,test_wallet_add_account_loading_time[fresh_user],test_wallet_add_account_ram_fresh,passed,736.824,775.523,746.041,5,"775.523,736.824,738.732,738.9,740.227"
,629daae710,2026-08-05T09:58:58,,test_wallet_send_first_open_loading_time[wallet_load_alex_user],test_wallet_send_first_open_ram_wallet_load_alex,passed,799.146,799.146,799.146,1,799.146
,629daae710,2026-08-05T09:58:58,,test_wallet_send_loading_time[wallet_load_alex_user],test_wallet_send_ram_wallet_load_alex,passed,793.842,823.176,809.928,5,"793.842,806.154,809.197,817.27,823.176"
,629daae710,2026-08-05T09:58:58,,test_wallet_receive_first_open_loading_time[wallet_load_alex_user],test_wallet_receive_first_open_ram_wallet_load_alex,passed,776.102,776.102,776.102,1,776.102
,629daae710,2026-08-05T09:58:58,,test_wallet_receive_loading_time[wallet_load_alex_user],test_wallet_receive_ram_wallet_load_alex,passed,780.715,795.678,787.59,5,"785.574,787.541,788.443,795.678,780.715"
,629daae710,2026-08-05T09:58:58,,test_wallet_collectibles_tab_first_open_loading_time[fresh_user],test_wallet_collectibles_tab_first_open_ram_fresh,passed,761.154,761.154,761.154,1,761.154
,629daae710,2026-08-05T09:58:58,,test_wallet_collectibles_tab_loading_time[fresh_user],test_wallet_collectibles_tab_ram_fresh,passed,758.82,790.789,767.72,5,"790.789,770.504,758.82,759.152,759.336"
,629daae710,2026-08-05T09:58:58,,test_status_community_first_open_loading_time[user_data0-user_account0],test_status_community_first_open_ram_member,passed,748.857,748.857,748.857,1,748.857
,629daae710,2026-08-05T09:58:58,,test_wallet_receive_first_open_loading_time[fresh_user],test_wallet_receive_first_open_ram_fresh,passed,772.655,772.655,772.655,1,772.655
,629daae710,2026-08-05T09:58:58,,test_wallet_receive_loading_time[fresh_user],test_wallet_receive_ram_fresh,passed,770.703,771.73,770.986,5,"771.73,770.703,770.801,770.807,770.887"
,629daae710,2026-08-05T09:58:58,,test_wallet_repeat_open_loading_time[wallet_load_alex_user],test_wallet_repeat_open_ram_wallet_load_alex,passed,787.215,924.605,885.1,5,"787.215,892.199,924.605,902.219,919.262"
,629daae710,2026-08-05T09:58:58,,test_wallet_swap_first_open_loading_time[fresh_user],test_wallet_swap_first_open_ram_fresh,passed,771.006,771.006,771.006,1,771.006
,629daae710,2026-08-05T09:58:58,,test_wallet_swap_loading_time[fresh_user],test_wallet_swap_ram_fresh,passed,793.473,854.252,816.88,5,"793.473,835.629,854.252,804.131,796.914"
,629daae710,2026-08-05T09:58:58,,test_wallet_receive_first_open_loading_time[wallet_load_user],test_wallet_receive_first_open_ram_wallet_load,passed,737.871,737.871,737.871,1,737.871
,629daae710,2026-08-05T09:58:58,,test_wallet_receive_loading_time[wallet_load_user],test_wallet_receive_ram_wallet_load,passed,722.551,746.32,734.028,5,"738.91,735.322,727.037,722.551,746.32"
,629daae710,2026-08-05T09:58:58,,test_wallet_activity_tab_first_open_loading_time[fresh_user],test_wallet_activity_tab_first_open_ram_fresh,passed,803.879,803.879,803.879,1,803.879
,629daae710,2026-08-05T09:58:58,,test_wallet_activity_tab_loading_time[fresh_user],test_wallet_activity_tab_ram_fresh,passed,805.102,881.924,824.829,5,"805.102,806.102,809.836,821.18,881.924"
,629daae710,2026-08-05T09:58:58,,test_wallet_swap_first_open_loading_time[wallet_load_user],test_wallet_swap_first_open_ram_wallet_load,passed,767.014,767.014,767.014,1,767.014
,629daae710,2026-08-05T09:58:58,,test_wallet_swap_loading_time[wallet_load_user],test_wallet_swap_ram_wallet_load,passed,763.068,794.051,778.25,5,"763.068,769.23,772.557,794.051,792.346"
,629daae710,2026-08-05T09:58:58,,test_wallet_collectibles_tab_first_open_loading_time[wallet_load_alex_user],test_wallet_collectibles_tab_first_open_ram_wallet_load_alex,passed,3200.99,3200.99,3200.99,1,3200.99
,629daae710,2026-08-05T09:58:58,,test_wallet_collectibles_tab_loading_time[wallet_load_alex_user],test_wallet_collectibles_tab_ram_wallet_load_alex,passed,1219.278,1589.705,1417.779,5,"1219.278,1261.036,1536.863,1482.011,1589.705"
,629daae710,2026-08-05T09:58:58,,test_wallet_account_open_loading_time[fresh_user],test_wallet_account_first_open_ram_fresh,passed,683.211,683.211,683.211,1,683.211
,629daae710,2026-08-05T09:58:58,,test_wallet_send_first_open_loading_time[fresh_user],test_wallet_send_first_open_ram_fresh,passed,689.599,689.599,689.599,1,689.599
,629daae710,2026-08-05T09:58:58,,test_wallet_send_loading_time[fresh_user],test_wallet_send_ram_fresh,passed,689.064,759.99,723.979,5,"689.064,689.537,731.688,759.99,749.613"
,629daae710,2026-08-05T09:58:58,,test_wallet_repeat_open_loading_time[fresh_user],test_wallet_repeat_open_ram_fresh,passed,786.742,865.896,831.18,5,"786.742,865.896,852.205,834.477,816.582"
,629daae710,2026-08-05T09:58:58,,test_wallet_first_open_loading_time[wallet_load_user],test_wallet_first_open_ram_wallet_load,passed,735.57,735.57,735.57,1,735.57
,629daae710,2026-08-05T09:58:58,,test_wallet_first_open_loading_time[fresh_user],test_wallet_first_open_ram_fresh,passed,742.957,742.957,742.957,1,742.957
,629daae710,2026-08-05T09:58:58,,test_wallet_first_open_loading_time[wallet_load_alex_user],test_wallet_first_open_ram_wallet_load_alex,passed,797.73,797.73,797.73,1,797.73
,629daae710,2026-08-05T09:58:58,,test_wallet_add_account_first_open_loading_time[wallet_load_alex_user],test_wallet_add_account_first_open_ram_wallet_load_alex,passed,756.969,756.969,756.969,1,756.969
,629daae710,2026-08-05T09:58:58,,test_wallet_add_account_loading_time[wallet_load_alex_user],test_wallet_add_account_ram_wallet_load_alex,passed,771.266,794.391,777.589,5,"771.266,772.258,772.973,794.391,777.059"
,403e647e7e,2026-08-06T05:29:01,,test_wallet_assets_tab_first_open_loading_time[wallet_load_alex_user],test_wallet_assets_tab_first_open_ram_wallet_load_alex,passed,768.847,768.847,768.847,1,768.847
,403e647e7e,2026-08-06T05:29:01,,test_wallet_assets_tab_loading_time[wallet_load_alex_user],test_wallet_assets_tab_ram_wallet_load_alex,passed,1069.521,1470.396,1282.357,5,"1239.629,1266.789,1365.451,1470.396,1069.521"
,403e647e7e,2026-08-06T05:29:01,,test_wallet_repeat_open_loading_time[wallet_load_alex_user],test_wallet_repeat_open_ram_wallet_load_alex,passed,860.773,951.016,902.42,5,"860.773,884.797,898.004,917.508,951.016"
,403e647e7e,2026-08-06T05:29:01,,test_status_community_first_open_loading_time[user_data0-user_account0],test_status_community_first_open_ram_member,passed,822.809,822.809,822.809,1,822.809
,403e647e7e,2026-08-06T05:29:01,,test_wallet_swap_first_open_loading_time[wallet_load_alex_user],test_wallet_swap_first_open_ram_wallet_load_alex,passed,783.883,783.883,783.883,1,783.883
,403e647e7e,2026-08-06T05:29:01,,test_wallet_swap_loading_time[wallet_load_alex_user],test_wallet_swap_ram_wallet_load_alex,passed,809.213,842.848,825.518,5,"809.236,838.844,809.213,827.449,842.848"
,403e647e7e,2026-08-06T05:29:01,,test_wallet_swap_first_open_loading_time[fresh_user],test_wallet_swap_first_open_ram_fresh,passed,853.003,853.003,853.003,1,853.003
,403e647e7e,2026-08-06T05:29:01,,test_wallet_swap_loading_time[fresh_user],test_wallet_swap_ram_fresh,passed,825.326,884.262,849.342,5,"857.395,884.262,825.326,833.715,846.012"
,403e647e7e,2026-08-06T05:29:01,,test_wallet_add_account_first_open_loading_time[fresh_user],test_wallet_add_account_first_open_ram_fresh,passed,692.262,692.262,692.262,1,692.262
,403e647e7e,2026-08-06T05:29:01,,test_wallet_add_account_loading_time[fresh_user],test_wallet_add_account_ram_fresh,passed,725.689,743.447,735.178,5,"725.689,743.447,734.896,735.354,736.504"
,403e647e7e,2026-08-06T05:29:01,,test_wallet_activity_tab_first_open_loading_time[wallet_load_user],test_wallet_activity_tab_first_open_ram_wallet_load,passed,756.861,756.861,756.861,1,756.861
,403e647e7e,2026-08-06T05:29:01,,test_wallet_activity_tab_loading_time[wallet_load_user],test_wallet_activity_tab_ram_wallet_load,passed,756.455,775.359,765.096,5,"760.418,756.455,769.543,763.707,775.359"
,403e647e7e,2026-08-06T05:29:01,,test_wallet_account_open_loading_time[fresh_user],test_wallet_account_first_open_ram_fresh,passed,783.117,783.117,783.117,1,783.117
,403e647e7e,2026-08-06T05:29:01,,test_wallet_repeat_open_loading_time[wallet_load_user],test_wallet_repeat_open_ram_wallet_load,passed,804.973,946.203,892.713,5,"804.973,908.455,894.396,946.203,909.539"
,403e647e7e,2026-08-06T05:29:01,,test_wallet_add_account_first_open_loading_time[wallet_load_user],test_wallet_add_account_first_open_ram_wallet_load,passed,757.957,757.957,757.957,1,757.957
,403e647e7e,2026-08-06T05:29:01,,test_wallet_add_account_loading_time[wallet_load_user],test_wallet_add_account_ram_wallet_load,passed,759.24,768.867,763.837,5,"768.867,762.002,768.838,759.24,760.236"
,403e647e7e,2026-08-06T05:29:01,,test_wallet_receive_first_open_loading_time[wallet_load_alex_user],test_wallet_receive_first_open_ram_wallet_load_alex,passed,801.938,801.938,801.938,1,801.938
,403e647e7e,2026-08-06T05:29:01,,test_wallet_receive_loading_time[wallet_load_alex_user],test_wallet_receive_ram_wallet_load_alex,passed,782.51,796.574,788.508,5,"795.129,796.574,782.51,783.539,784.789"
,403e647e7e,2026-08-06T05:29:01,,test_wallet_activity_tab_first_open_loading_time[fresh_user],test_wallet_activity_tab_first_open_ram_fresh,passed,671.223,671.223,671.223,1,671.223
,403e647e7e,2026-08-06T05:29:01,,test_wallet_activity_tab_loading_time[fresh_user],test_wallet_activity_tab_ram_fresh,passed,672.996,755.629,711.132,5,"672.996,706.041,710.453,710.539,755.629"
,403e647e7e,2026-08-06T05:29:01,,test_wallet_assets_tab_first_open_loading_time[fresh_user],test_wallet_assets_tab_first_open_ram_fresh,passed,658.07,658.07,658.07,1,658.07
,403e647e7e,2026-08-06T05:29:01,,test_wallet_assets_tab_loading_time[fresh_user],test_wallet_assets_tab_ram_fresh,passed,698.74,727.174,716.754,5,"698.74,711.082,727.174,722.496,724.277"
,403e647e7e,2026-08-06T05:29:01,,test_wallet_receive_first_open_loading_time[wallet_load_user],test_wallet_receive_first_open_ram_wallet_load,passed,806.422,806.422,806.422,1,806.422
,403e647e7e,2026-08-06T05:29:01,,test_wallet_receive_loading_time[wallet_load_user],test_wallet_receive_ram_wallet_load,passed,761.115,774.66,766.79,5,"774.66,769.104,764.256,764.814,761.115"
,403e647e7e,2026-08-06T05:29:01,,test_wallet_first_open_loading_time[wallet_load_user],test_wallet_first_open_ram_wallet_load,passed,784.178,784.178,784.178,1,784.178
,403e647e7e,2026-08-06T05:29:01,,test_status_community_second_open_loading_time[user_data0-user_account0],test_status_community_second_open_ram_member,passed,896.893,946.856,920.154,5,"896.893,913.263,924.535,919.225,946.856"
,403e647e7e,2026-08-06T05:29:01,,test_wallet_send_first_open_loading_time[wallet_load_alex_user],test_wallet_send_first_open_ram_wallet_load_alex,passed,781.266,781.266,781.266,1,781.266
,403e647e7e,2026-08-06T05:29:01,,test_wallet_send_loading_time[wallet_load_alex_user],test_wallet_send_ram_wallet_load_alex,passed,774.098,793.138,782.722,5,"786.492,783.809,793.138,774.098,776.072"
,403e647e7e,2026-08-06T05:29:01,,test_wallet_add_account_first_open_loading_time[wallet_load_alex_user],test_wallet_add_account_first_open_ram_wallet_load_alex,passed,859.834,859.834,859.834,1,859.834
,403e647e7e,2026-08-06T05:29:01,,test_wallet_add_account_loading_time[wallet_load_alex_user],test_wallet_add_account_ram_wallet_load_alex,passed,803.062,822.611,812.812,5,"803.266,803.062,817.043,818.078,822.611"
,403e647e7e,2026-08-06T05:29:01,,test_wallet_repeat_open_loading_time[fresh_user],test_wallet_repeat_open_ram_fresh,passed,749.273,785.047,764.188,5,"785.047,749.273,754.535,755.199,776.883"
,403e647e7e,2026-08-06T05:29:01,,test_wallet_first_open_loading_time[wallet_load_alex_user],test_wallet_first_open_ram_wallet_load_alex,passed,847.105,847.105,847.105,1,847.105
,403e647e7e,2026-08-06T05:29:01,,test_wallet_receive_first_open_loading_time[fresh_user],test_wallet_receive_first_open_ram_fresh,passed,811.557,811.557,811.557,1,811.557
,403e647e7e,2026-08-06T05:29:01,,test_wallet_receive_loading_time[fresh_user],test_wallet_receive_ram_fresh,passed,789.447,867.926,807.17,5,"867.926,798.684,789.447,789.475,790.316"
,403e647e7e,2026-08-06T05:29:01,,test_wallet_send_first_open_loading_time[wallet_load_user],test_wallet_send_first_open_ram_wallet_load,passed,791.255,791.255,791.255,1,791.255
,403e647e7e,2026-08-06T05:29:01,,test_wallet_send_loading_time[wallet_load_user],test_wallet_send_ram_wallet_load,passed,760.932,781.953,772.139,5,"781.041,774.361,781.953,762.406,760.932"
,403e647e7e,2026-08-06T05:29:01,,test_wallet_account_open_loading_time[wallet_load_alex_user],test_wallet_account_first_open_ram_wallet_load_alex,passed,760.84,760.84,760.84,1,760.84
,403e647e7e,2026-08-06T05:29:01,,test_wallet_account_open_loading_time[wallet_load_user],test_wallet_account_first_open_ram_wallet_load,passed,766.576,766.576,766.576,1,766.576
,403e647e7e,2026-08-06T05:29:01,,test_wallet_assets_tab_first_open_loading_time[wallet_load_user],test_wallet_assets_tab_first_open_ram_wallet_load,passed,740.312,740.312,740.312,1,740.312
,403e647e7e,2026-08-06T05:29:01,,test_wallet_assets_tab_loading_time[wallet_load_user],test_wallet_assets_tab_ram_wallet_load,passed,865.192,1251.228,1109.561,5,"865.192,1150.006,1164.49,1116.889,1251.228"
,403e647e7e,2026-08-06T05:29:01,,test_wallet_collectibles_tab_first_open_loading_time[fresh_user],test_wallet_collectibles_tab_first_open_ram_fresh,passed,766.216,766.216,766.216,1,766.216
,403e647e7e,2026-08-06T05:29:01,,test_wallet_collectibles_tab_loading_time[fresh_user],test_wallet_collectibles_tab_ram_fresh,passed,762.719,772.391,766.795,5,"762.719,762.891,767.844,768.133,772.391"
,403e647e7e,2026-08-06T05:29:01,,test_wallet_activity_tab_first_open_loading_time[wallet_load_alex_user],test_wallet_activity_tab_first_open_ram_wallet_load_alex,passed,769.818,769.818,769.818,1,769.818
,403e647e7e,2026-08-06T05:29:01,,test_wallet_activity_tab_loading_time[wallet_load_alex_user],test_wallet_activity_tab_ram_wallet_load_alex,passed,792.127,831.029,806.749,5,"802.486,792.127,801.178,806.924,831.029"
,403e647e7e,2026-08-06T05:29:01,,test_wallet_swap_first_open_loading_time[wallet_load_user],test_wallet_swap_first_open_ram_wallet_load,passed,801.0,801.0,801.0,1,801.0
,403e647e7e,2026-08-06T05:29:01,,test_wallet_swap_loading_time[wallet_load_user],test_wallet_swap_ram_wallet_load,passed,781.729,796.953,790.033,5,"781.729,788.367,796.953,792.311,790.805"
,403e647e7e,2026-08-06T05:29:01,,test_wallet_collectibles_tab_first_open_loading_time[wallet_load_user],test_wallet_collectibles_tab_first_open_ram_wallet_load,passed,1453.072,1453.072,1453.072,1,1453.072
,403e647e7e,2026-08-06T05:29:01,,test_wallet_collectibles_tab_loading_time[wallet_load_user],test_wallet_collectibles_tab_ram_wallet_load,passed,990.099,1619.013,1206.626,5,"1619.013,990.099,1132.651,1142.947,1148.421"
,403e647e7e,2026-08-06T05:29:01,,test_wallet_send_first_open_loading_time[fresh_user],test_wallet_send_first_open_ram_fresh,passed,798.561,798.561,798.561,1,798.561
,403e647e7e,2026-08-06T05:29:01,,test_wallet_send_loading_time[fresh_user],test_wallet_send_ram_fresh,passed,833.303,849.756,841.516,5,"833.303,841.289,842.344,840.887,849.756"
,403e647e7e,2026-08-06T05:29:01,,test_wallet_collectibles_tab_first_open_loading_time[wallet_load_alex_user],test_wallet_collectibles_tab_first_open_ram_wallet_load_alex,passed,1973.184,1973.184,1973.184,1,1973.184
,403e647e7e,2026-08-06T05:29:01,,test_wallet_collectibles_tab_loading_time[wallet_load_alex_user],test_wallet_collectibles_tab_ram_wallet_load_alex,passed,1245.857,2274.278,1645.372,5,"2274.278,1605.884,1782.235,1245.857,1318.604"
,403e647e7e,2026-08-06T05:29:01,,test_wallet_first_open_loading_time[fresh_user],test_wallet_first_open_ram_fresh,passed,673.453,673.453,673.453,1,673.453
,fd90ae1f5f,2026-08-06T08:58:58,,test_wallet_collectibles_tab_first_open_loading_time[wallet_load_alex_user],test_wallet_collectibles_tab_first_open_ram_wallet_load_alex,passed,2695.702,2695.702,2695.702,1,2695.702
,fd90ae1f5f,2026-08-06T08:58:58,,test_wallet_collectibles_tab_loading_time[wallet_load_alex_user],test_wallet_collectibles_tab_ram_wallet_load_alex,passed,1028.982,1092.066,1055.589,5,"1028.982,1032.352,1032.84,1091.703,1092.066"
,fd90ae1f5f,2026-08-06T08:58:58,,test_wallet_activity_tab_first_open_loading_time[fresh_user],test_wallet_activity_tab_first_open_ram_fresh,passed,733.953,733.953,733.953,1,733.953
,fd90ae1f5f,2026-08-06T08:58:58,,test_wallet_activity_tab_loading_time[fresh_user],test_wallet_activity_tab_ram_fresh,passed,762.752,814.707,792.201,5,"762.752,814.707,793.633,794.109,795.805"
,fd90ae1f5f,2026-08-06T08:58:58,,test_wallet_repeat_open_loading_time[wallet_load_alex_user],test_wallet_repeat_open_ram_wallet_load_alex,passed,828.285,913.354,886.488,5,"828.285,903.445,880.328,907.029,913.354"
,fd90ae1f5f,2026-08-06T08:58:58,,test_wallet_swap_first_open_loading_time[wallet_load_alex_user],test_wallet_swap_first_open_ram_wallet_load_alex,passed,847.291,847.291,847.291,1,847.291
,fd90ae1f5f,2026-08-06T08:58:58,,test_wallet_swap_loading_time[wallet_load_alex_user],test_wallet_swap_ram_wallet_load_alex,passed,827.1,866.025,843.212,5,"827.1,840.145,838.359,844.434,866.025"
,fd90ae1f5f,2026-08-06T08:58:58,,test_wallet_add_account_first_open_loading_time[wallet_load_user],test_wallet_add_account_first_open_ram_wallet_load,passed,752.898,752.898,752.898,1,752.898
,fd90ae1f5f,2026-08-06T08:58:58,,test_wallet_add_account_loading_time[wallet_load_user],test_wallet_add_account_ram_wallet_load,passed,737.625,758.205,748.602,5,"758.205,737.625,750.039,754.701,742.439"
,fd90ae1f5f,2026-08-06T08:58:58,,test_wallet_assets_tab_first_open_loading_time[wallet_load_user],test_wallet_assets_tab_first_open_ram_wallet_load,passed,739.667,739.667,739.667,1,739.667
,fd90ae1f5f,2026-08-06T08:58:58,,test_wallet_assets_tab_loading_time[wallet_load_user],test_wallet_assets_tab_ram_wallet_load,passed,821.909,1207.483,1049.121,5,"821.909,1023.945,1082.672,1109.596,1207.483"
,fd90ae1f5f,2026-08-06T08:58:58,,test_wallet_receive_first_open_loading_time[wallet_load_user],test_wallet_receive_first_open_ram_wallet_load,passed,773.04,773.04,773.04,1,773.04
,fd90ae1f5f,2026-08-06T08:58:58,,test_wallet_receive_loading_time[wallet_load_user],test_wallet_receive_ram_wallet_load,passed,729.25,745.332,735.373,5,"745.332,736.939,734.295,729.25,731.051"
,fd90ae1f5f,2026-08-06T08:58:58,,test_wallet_swap_first_open_loading_time[fresh_user],test_wallet_swap_first_open_ram_fresh,passed,751.672,751.672,751.672,1,751.672
,fd90ae1f5f,2026-08-06T08:58:58,,test_wallet_swap_loading_time[fresh_user],test_wallet_swap_ram_fresh,passed,805.736,863.459,830.57,5,"819.684,829.672,805.736,834.301,863.459"
,fd90ae1f5f,2026-08-06T08:58:58,,test_wallet_account_open_loading_time[wallet_load_alex_user],test_wallet_account_first_open_ram_wallet_load_alex,passed,782.283,782.283,782.283,1,782.283
,fd90ae1f5f,2026-08-06T08:58:58,,test_status_community_first_open_loading_time[user_data0-user_account0],test_status_community_first_open_ram_member,passed,762.62,762.62,762.62,1,762.62
,fd90ae1f5f,2026-08-06T08:58:58,,test_wallet_add_account_first_open_loading_time[fresh_user],test_wallet_add_account_first_open_ram_fresh,passed,668.445,668.445,668.445,1,668.445
,fd90ae1f5f,2026-08-06T08:58:58,,test_wallet_add_account_loading_time[fresh_user],test_wallet_add_account_ram_fresh,passed,696.135,747.957,727.91,5,"696.135,747.957,730.855,732.248,732.354"
,fd90ae1f5f,2026-08-06T08:58:58,,test_wallet_receive_first_open_loading_time[wallet_load_alex_user],test_wallet_receive_first_open_ram_wallet_load_alex,passed,838.323,838.323,838.323,1,838.323
,fd90ae1f5f,2026-08-06T08:58:58,,test_wallet_receive_loading_time[wallet_load_alex_user],test_wallet_receive_ram_wallet_load_alex,passed,790.053,807.492,798.152,5,"807.492,792.068,796.104,790.053,805.041"
,fd90ae1f5f,2026-08-06T08:58:58,,test_wallet_account_open_loading_time[wallet_load_user],test_wallet_account_first_open_ram_wallet_load,passed,792.471,792.471,792.471,1,792.471
,fd90ae1f5f,2026-08-06T08:58:58,,test_wallet_assets_tab_first_open_loading_time[wallet_load_alex_user],test_wallet_assets_tab_first_open_ram_wallet_load_alex,passed,889.193,889.193,889.193,1,889.193
,fd90ae1f5f,2026-08-06T08:58:58,,test_wallet_assets_tab_loading_time[wallet_load_alex_user],test_wallet_assets_tab_ram_wallet_load_alex,passed,1119.279,1555.8,1396.19,5,"1334.971,1508.808,1462.095,1555.8,1119.279"
,fd90ae1f5f,2026-08-06T08:58:58,,test_wallet_activity_tab_first_open_loading_time[wallet_load_alex_user],test_wallet_activity_tab_first_open_ram_wallet_load_alex,passed,797.982,797.982,797.982,1,797.982
,fd90ae1f5f,2026-08-06T08:58:58,,test_wallet_activity_tab_loading_time[wallet_load_alex_user],test_wallet_activity_tab_ram_wallet_load_alex,passed,821.553,845.566,836.385,5,"821.553,830.672,840.393,843.742,845.566"
,fd90ae1f5f,2026-08-06T08:58:58,,test_wallet_send_first_open_loading_time[wallet_load_alex_user],test_wallet_send_first_open_ram_wallet_load_alex,passed,838.181,838.181,838.181,1,838.181
,fd90ae1f5f,2026-08-06T08:58:58,,test_wallet_send_loading_time[wallet_load_alex_user],test_wallet_send_ram_wallet_load_alex,passed,808.531,851.609,823.452,5,"808.531,816.9,822.721,817.498,851.609"
,fd90ae1f5f,2026-08-06T08:58:58,,test_wallet_activity_tab_first_open_loading_time[wallet_load_user],test_wallet_activity_tab_first_open_ram_wallet_load,passed,771.318,771.318,771.318,1,771.318
,fd90ae1f5f,2026-08-06T08:58:58,,test_wallet_activity_tab_loading_time[wallet_load_user],test_wallet_activity_tab_ram_wallet_load,passed,764.801,812.338,789.804,5,"764.801,776.553,791.969,803.357,812.338"
,fd90ae1f5f,2026-08-06T08:58:58,,test_wallet_repeat_open_loading_time[wallet_load_user],test_wallet_repeat_open_ram_wallet_load,passed,771.434,919.748,846.583,5,"771.434,857.383,863.922,820.43,919.748"
,fd90ae1f5f,2026-08-06T08:58:58,,test_wallet_repeat_open_loading_time[fresh_user],test_wallet_repeat_open_ram_fresh,passed,747.295,814.0,783.537,5,"747.295,795.443,771.723,789.223,814.0"
,fd90ae1f5f,2026-08-06T08:58:58,,test_wallet_receive_first_open_loading_time[fresh_user],test_wallet_receive_first_open_ram_fresh,passed,770.09,770.09,770.09,1,770.09
,fd90ae1f5f,2026-08-06T08:58:58,,test_wallet_receive_loading_time[fresh_user],test_wallet_receive_ram_fresh,passed,731.062,755.693,738.561,5,"741.881,755.693,731.062,731.975,732.191"
,fd90ae1f5f,2026-08-06T08:58:58,,test_wallet_send_first_open_loading_time[wallet_load_user],test_wallet_send_first_open_ram_wallet_load,passed,810.129,810.129,810.129,1,810.129
,fd90ae1f5f,2026-08-06T08:58:58,,test_wallet_send_loading_time[wallet_load_user],test_wallet_send_ram_wallet_load,passed,759.693,776.963,766.871,5,"762.455,759.693,771.77,776.963,763.477"
,fd90ae1f5f,2026-08-06T08:58:58,,test_wallet_send_first_open_loading_time[fresh_user],test_wallet_send_first_open_ram_fresh,passed,775.555,775.555,775.555,1,775.555
,fd90ae1f5f,2026-08-06T08:58:58,,test_wallet_send_loading_time[fresh_user],test_wallet_send_ram_fresh,passed,798.719,861.891,811.784,5,"861.891,798.719,799.326,799.451,799.533"
,fd90ae1f5f,2026-08-06T08:58:58,,test_wallet_first_open_loading_time[fresh_user],test_wallet_first_open_ram_fresh,passed,672.953,672.953,672.953,1,672.953
,fd90ae1f5f,2026-08-06T08:58:58,,test_wallet_collectibles_tab_first_open_loading_time[wallet_load_user],test_wallet_collectibles_tab_first_open_ram_wallet_load,passed,1552.223,1552.223,1552.223,1,1552.223
,fd90ae1f5f,2026-08-06T08:58:58,,test_wallet_collectibles_tab_loading_time[wallet_load_user],test_wallet_collectibles_tab_ram_wallet_load,passed,1101.965,1169.842,1129.98,5,"1101.965,1108.936,1137.772,1169.842,1131.384"
,fd90ae1f5f,2026-08-06T08:58:58,,test_wallet_first_open_loading_time[wallet_load_alex_user],test_wallet_first_open_ram_wallet_load_alex,passed,824.859,824.859,824.859,1,824.859
,fd90ae1f5f,2026-08-06T08:58:58,,test_wallet_assets_tab_first_open_loading_time[fresh_user],test_wallet_assets_tab_first_open_ram_fresh,passed,686.016,686.016,686.016,1,686.016
,fd90ae1f5f,2026-08-06T08:58:58,,test_wallet_assets_tab_loading_time[fresh_user],test_wallet_assets_tab_ram_fresh,passed,713.988,742.625,733.264,5,"713.988,731.051,736.707,741.949,742.625"
,fd90ae1f5f,2026-08-06T08:58:58,,test_wallet_first_open_loading_time[wallet_load_user],test_wallet_first_open_ram_wallet_load,passed,807.32,807.32,807.32,1,807.32
,fd90ae1f5f,2026-08-06T08:58:58,,test_wallet_add_account_first_open_loading_time[wallet_load_alex_user],test_wallet_add_account_first_open_ram_wallet_load_alex,passed,774.469,774.469,774.469,1,774.469
,fd90ae1f5f,2026-08-06T08:58:58,,test_wallet_add_account_loading_time[wallet_load_alex_user],test_wallet_add_account_ram_wallet_load_alex,passed,813.869,845.195,820.819,5,"845.195,814.947,813.869,815.01,815.072"
,fd90ae1f5f,2026-08-06T08:58:58,,test_wallet_swap_first_open_loading_time[wallet_load_user],test_wallet_swap_first_open_ram_wallet_load,passed,814.711,814.711,814.711,1,814.711
,fd90ae1f5f,2026-08-06T08:58:58,,test_wallet_swap_loading_time[wallet_load_user],test_wallet_swap_ram_wallet_load,passed,790.135,829.875,808.44,5,"790.135,797.521,809.664,815.006,829.875"
,fd90ae1f5f,2026-08-06T08:58:58,,test_wallet_collectibles_tab_first_open_loading_time[fresh_user],test_wallet_collectibles_tab_first_open_ram_fresh,passed,765.831,765.831,765.831,1,765.831
,fd90ae1f5f,2026-08-06T08:58:58,,test_wallet_collectibles_tab_loading_time[fresh_user],test_wallet_collectibles_tab_ram_fresh,passed,773.156,818.191,791.872,5,"785.387,818.191,808.879,773.156,773.746"
,fd90ae1f5f,2026-08-06T08:58:58,,test_status_community_second_open_loading_time[user_data0-user_account0],test_status_community_second_open_ram_member,passed,857.169,941.267,909.243,5,"857.169,899.063,920.574,928.141,941.267"
,fd90ae1f5f,2026-08-06T08:58:58,,test_wallet_account_open_loading_time[fresh_user],test_wallet_account_first_open_ram_fresh,passed,795.691,795.691,795.691,1,795.691
,f3ced3320d,2026-08-07T05:33:41,,test_wallet_activity_tab_first_open_loading_time[wallet_load_user],test_wallet_activity_tab_first_open_ram_wallet_load,passed,810.352,810.352,810.352,1,810.352
,f3ced3320d,2026-08-07T05:33:41,,test_wallet_activity_tab_loading_time[wallet_load_user],test_wallet_activity_tab_ram_wallet_load,passed,777.795,819.932,793.307,5,"777.795,782.865,787.383,798.562,819.932"
,f3ced3320d,2026-08-07T05:33:41,,test_wallet_swap_first_open_loading_time[wallet_load_user],test_wallet_swap_first_open_ram_wallet_load,passed,817.744,817.744,817.744,1,817.744
,f3ced3320d,2026-08-07T05:33:41,,test_wallet_swap_loading_time[wallet_load_user],test_wallet_swap_ram_wallet_load,passed,791.686,811.477,804.243,5,"791.686,801.68,808.66,811.477,807.715"
,f3ced3320d,2026-08-07T05:33:41,,test_wallet_repeat_open_loading_time[fresh_user],test_wallet_repeat_open_ram_fresh,passed,760.445,842.207,792.178,5,"760.445,776.703,791.506,790.027,842.207"
,f3ced3320d,2026-08-07T05:33:41,,test_wallet_receive_first_open_loading_time[wallet_load_alex_user],test_wallet_receive_first_open_ram_wallet_load_alex,passed,769.787,769.787,769.787,1,769.787
,f3ced3320d,2026-08-07T05:33:41,,test_wallet_receive_loading_time[wallet_load_alex_user],test_wallet_receive_ram_wallet_load_alex,passed,765.004,779.975,772.873,5,"775.736,775.078,779.975,765.004,768.574"
,f3ced3320d,2026-08-07T05:33:41,,test_wallet_send_first_open_loading_time[wallet_load_user],test_wallet_send_first_open_ram_wallet_load,passed,739.109,739.109,739.109,1,739.109
,f3ced3320d,2026-08-07T05:33:41,,test_wallet_send_loading_time[wallet_load_user],test_wallet_send_ram_wallet_load,passed,739.158,750.303,742.764,5,"742.918,750.303,740.404,739.158,741.035"
,f3ced3320d,2026-08-07T05:33:41,,test_wallet_receive_first_open_loading_time[wallet_load_user],test_wallet_receive_first_open_ram_wallet_load,passed,722.781,722.781,722.781,1,722.781
,f3ced3320d,2026-08-07T05:33:41,,test_wallet_receive_loading_time[wallet_load_user],test_wallet_receive_ram_wallet_load,passed,717.254,734.602,727.31,5,"731.938,734.602,733.689,717.254,719.068"
,f3ced3320d,2026-08-07T05:33:41,,test_status_community_second_open_loading_time[user_data0-user_account0],test_status_community_second_open_ram_member,passed,867.849,926.704,894.698,5,"867.849,871.988,896.964,909.987,926.704"
,f3ced3320d,2026-08-07T05:33:41,,test_wallet_assets_tab_first_open_loading_time[wallet_load_alex_user],test_wallet_assets_tab_first_open_ram_wallet_load_alex,passed,758.624,758.624,758.624,1,758.624
,f3ced3320d,2026-08-07T05:33:41,,test_wallet_assets_tab_loading_time[wallet_load_alex_user],test_wallet_assets_tab_ram_wallet_load_alex,passed,783.352,818.253,803.694,5,"783.352,810.944,806.402,799.518,818.253"
,f3ced3320d,2026-08-07T05:33:41,,test_wallet_send_first_open_loading_time[fresh_user],test_wallet_send_first_open_ram_fresh,passed,756.163,756.163,756.163,1,756.163
,f3ced3320d,2026-08-07T05:33:41,,test_wallet_send_loading_time[fresh_user],test_wallet_send_ram_fresh,passed,783.312,784.787,783.932,5,"783.312,783.504,784.0,784.055,784.787"
,f3ced3320d,2026-08-07T05:33:41,,test_wallet_first_open_loading_time[wallet_load_user],test_wallet_first_open_ram_wallet_load,passed,856.273,856.273,856.273,1,856.273
,f3ced3320d,2026-08-07T05:33:41,,test_wallet_collectibles_tab_first_open_loading_time[fresh_user],test_wallet_collectibles_tab_first_open_ram_fresh,passed,779.504,779.504,779.504,1,779.504
,f3ced3320d,2026-08-07T05:33:41,,test_wallet_collectibles_tab_loading_time[fresh_user],test_wallet_collectibles_tab_ram_fresh,passed,785.441,787.641,786.8,5,"785.441,786.613,786.953,787.352,787.641"
,f3ced3320d,2026-08-07T05:33:41,,test_wallet_account_open_loading_time[fresh_user],test_wallet_account_first_open_ram_fresh,passed,779.57,779.57,779.57,1,779.57
,f3ced3320d,2026-08-07T05:33:41,,test_wallet_first_open_loading_time[fresh_user],test_wallet_first_open_ram_fresh,passed,685.574,685.574,685.574,1,685.574
,f3ced3320d,2026-08-07T05:33:41,,test_wallet_account_open_loading_time[wallet_load_user],test_wallet_account_first_open_ram_wallet_load,passed,822.031,822.031,822.031,1,822.031
,f3ced3320d,2026-08-07T05:33:41,,test_wallet_repeat_open_loading_time[wallet_load_user],test_wallet_repeat_open_ram_wallet_load,passed,786.707,899.672,855.788,5,"786.707,851.018,861.676,879.865,899.672"
,f3ced3320d,2026-08-07T05:33:41,,test_wallet_swap_first_open_loading_time[wallet_load_alex_user],test_wallet_swap_first_open_ram_wallet_load_alex,passed,825.554,825.554,825.554,1,825.554
,f3ced3320d,2026-08-07T05:33:41,,test_wallet_swap_loading_time[wallet_load_alex_user],test_wallet_swap_ram_wallet_load_alex,passed,797.689,845.816,822.848,5,"816.77,797.689,823.545,830.418,845.816"
,f3ced3320d,2026-08-07T05:33:41,,test_wallet_repeat_open_loading_time[wallet_load_alex_user],test_wallet_repeat_open_ram_wallet_load_alex,passed,837.336,944.064,900.884,5,"837.336,944.064,890.592,897.016,935.412"
,f3ced3320d,2026-08-07T05:33:41,,test_wallet_assets_tab_first_open_loading_time[wallet_load_user],test_wallet_assets_tab_first_open_ram_wallet_load,passed,813.585,813.585,813.585,1,813.585
,f3ced3320d,2026-08-07T05:33:41,,test_wallet_assets_tab_loading_time[wallet_load_user],test_wallet_assets_tab_ram_wallet_load,passed,773.049,807.311,791.355,5,"773.049,784.889,784.451,807.074,807.311"
,f3ced3320d,2026-08-07T05:33:41,,test_wallet_collectibles_tab_first_open_loading_time[wallet_load_user],test_wallet_collectibles_tab_first_open_ram_wallet_load,passed,726.577,726.577,726.577,1,726.577
,f3ced3320d,2026-08-07T05:33:41,,test_wallet_collectibles_tab_loading_time[wallet_load_user],test_wallet_collectibles_tab_ram_wallet_load,passed,727.832,734.473,730.513,5,"727.832,729.031,730.355,730.871,734.473"
,f3ced3320d,2026-08-07T05:33:41,,test_wallet_send_first_open_loading_time[wallet_load_alex_user],test_wallet_send_first_open_ram_wallet_load_alex,passed,806.414,806.414,806.414,1,806.414
,f3ced3320d,2026-08-07T05:33:41,,test_wallet_send_loading_time[wallet_load_alex_user],test_wallet_send_ram_wallet_load_alex,passed,801.553,812.207,806.593,5,"812.178,812.207,801.553,804.469,802.559"
,f3ced3320d,2026-08-07T05:33:41,,test_wallet_receive_first_open_loading_time[fresh_user],test_wallet_receive_first_open_ram_fresh,passed,777.365,777.365,777.365,1,777.365
,f3ced3320d,2026-08-07T05:33:41,,test_wallet_receive_loading_time[fresh_user],test_wallet_receive_ram_fresh,passed,762.461,763.873,763.026,5,"763.873,762.461,762.672,762.75,763.375"
,f3ced3320d,2026-08-07T05:33:41,,test_wallet_assets_tab_first_open_loading_time[fresh_user],test_wallet_assets_tab_first_open_ram_fresh,passed,771.578,771.578,771.578,1,771.578
,f3ced3320d,2026-08-07T05:33:41,,test_wallet_assets_tab_loading_time[fresh_user],test_wallet_assets_tab_ram_fresh,passed,788.408,827.518,799.629,5,"788.408,788.941,791.627,801.648,827.518"
,f3ced3320d,2026-08-07T05:33:41,,test_wallet_collectibles_tab_first_open_loading_time[wallet_load_alex_user],test_wallet_collectibles_tab_first_open_ram_wallet_load_alex,passed,841.029,841.029,841.029,1,841.029
,f3ced3320d,2026-08-07T05:33:41,,test_wallet_collectibles_tab_loading_time[wallet_load_alex_user],test_wallet_collectibles_tab_ram_wallet_load_alex,passed,1055.814,1085.379,1075.332,5,"1055.814,1068.764,1082.084,1084.616,1085.379"
,f3ced3320d,2026-08-07T05:33:41,,test_wallet_swap_first_open_loading_time[fresh_user],test_wallet_swap_first_open_ram_fresh,passed,769.949,769.949,769.949,1,769.949
,f3ced3320d,2026-08-07T05:33:41,,test_wallet_swap_loading_time[fresh_user],test_wallet_swap_ram_fresh,passed,780.48,860.156,816.187,5,"860.156,834.768,812.52,780.48,793.01"
,f3ced3320d,2026-08-07T05:33:41,,test_wallet_add_account_first_open_loading_time[wallet_load_user],test_wallet_add_account_first_open_ram_wallet_load,passed,855.15,855.15,855.15,1,855.15
,f3ced3320d,2026-08-07T05:33:41,,test_wallet_add_account_loading_time[wallet_load_user],test_wallet_add_account_ram_wallet_load,passed,757.127,789.023,770.693,5,"789.023,757.127,760.857,774.367,772.088"
,f3ced3320d,2026-08-07T05:33:41,,test_status_community_first_open_loading_time[user_data0-user_account0],test_status_community_first_open_ram_member,passed,782.163,782.163,782.163,1,782.163
,f3ced3320d,2026-08-07T05:33:41,,test_wallet_add_account_first_open_loading_time[fresh_user],test_wallet_add_account_first_open_ram_fresh,passed,702.648,702.648,702.648,1,702.648
,f3ced3320d,2026-08-07T05:33:41,,test_wallet_add_account_loading_time[fresh_user],test_wallet_add_account_ram_fresh,passed,725.172,791.459,744.189,5,"791.459,725.172,730.309,731.52,742.484"
,f3ced3320d,2026-08-07T05:33:41,,test_wallet_account_open_loading_time[wallet_load_alex_user],test_wallet_account_first_open_ram_wallet_load_alex,passed,771.461,771.461,771.461,1,771.461
,f3ced3320d,2026-08-07T05:33:41,,test_wallet_add_account_first_open_loading_time[wallet_load_alex_user],test_wallet_add_account_first_open_ram_wallet_load_alex,passed,768.857,768.857,768.857,1,768.857
,f3ced3320d,2026-08-07T05:33:41,,test_wallet_add_account_loading_time[wallet_load_alex_user],test_wallet_add_account_ram_wallet_load_alex,passed,779.695,841.381,796.364,5,"779.695,841.381,793.559,780.223,786.961"
,f3ced3320d,2026-08-07T05:33:41,,test_wallet_activity_tab_first_open_loading_time[wallet_load_alex_user],test_wallet_activity_tab_first_open_ram_wallet_load_alex,passed,890.031,890.031,890.031,1,890.031
,f3ced3320d,2026-08-07T05:33:41,,test_wallet_activity_tab_loading_time[wallet_load_alex_user],test_wallet_activity_tab_ram_wallet_load_alex,passed,836.012,849.311,843.658,5,"849.311,836.012,842.311,847.105,843.549"
,f3ced3320d,2026-08-07T05:33:41,,test_wallet_activity_tab_first_open_loading_time[fresh_user],test_wallet_activity_tab_first_open_ram_fresh,passed,666.227,666.227,666.227,1,666.227
,f3ced3320d,2026-08-07T05:33:41,,test_wallet_activity_tab_loading_time[fresh_user],test_wallet_activity_tab_ram_fresh,passed,680.652,693.234,684.718,5,"680.652,682.012,682.645,685.047,693.234"
,f3ced3320d,2026-08-07T05:33:41,,test_wallet_first_open_loading_time[wallet_load_alex_user],test_wallet_first_open_ram_wallet_load_alex,passed,783.74,783.74,783.74,1,783.74
,5504680a17,2026-08-08T05:30:24,,test_wallet_assets_tab_first_open_loading_time[wallet_load_user],test_wallet_assets_tab_first_open_ram_wallet_load,passed,758.889,758.889,758.889,1,758.889
,5504680a17,2026-08-08T05:30:24,,test_wallet_assets_tab_loading_time[wallet_load_user],test_wallet_assets_tab_ram_wallet_load,passed,741.596,759.489,752.4,5,"741.596,746.154,759.489,757.556,757.204"
,5504680a17,2026-08-08T05:30:24,,test_wallet_send_first_open_loading_time[fresh_user],test_wallet_send_first_open_ram_fresh,passed,777.807,777.807,777.807,1,777.807
,5504680a17,2026-08-08T05:30:24,,test_wallet_send_loading_time[fresh_user],test_wallet_send_ram_fresh,passed,774.766,783.078,776.875,5,"783.078,774.766,775.068,775.342,776.121"
,5504680a17,2026-08-08T05:30:24,,test_wallet_swap_first_open_loading_time[wallet_load_user],test_wallet_swap_first_open_ram_wallet_load,passed,743.393,743.393,743.393,1,743.393
,5504680a17,2026-08-08T05:30:24,,test_wallet_swap_loading_time[wallet_load_user],test_wallet_swap_ram_wallet_load,passed,744.729,787.99,768.004,5,"744.729,764.602,763.613,787.99,779.088"
,5504680a17,2026-08-08T05:30:24,,test_wallet_account_open_loading_time[fresh_user],test_wallet_account_first_open_ram_fresh,passed,797.586,797.586,797.586,1,797.586
,5504680a17,2026-08-08T05:30:24,,test_wallet_receive_first_open_loading_time[wallet_load_alex_user],test_wallet_receive_first_open_ram_wallet_load_alex,passed,761.908,761.908,761.908,1,761.908
,5504680a17,2026-08-08T05:30:24,,test_wallet_receive_loading_time[wallet_load_alex_user],test_wallet_receive_ram_wallet_load_alex,passed,740.32,762.422,750.686,5,"762.422,740.32,744.236,750.4,756.053"
,5504680a17,2026-08-08T05:30:24,,test_wallet_send_first_open_loading_time[wallet_load_user],test_wallet_send_first_open_ram_wallet_load,passed,750.473,750.473,750.473,1,750.473
,5504680a17,2026-08-08T05:30:24,,test_wallet_send_loading_time[wallet_load_user],test_wallet_send_ram_wallet_load,passed,741.889,754.078,746.593,5,"745.01,746.311,754.078,745.68,741.889"
,5504680a17,2026-08-08T05:30:24,,test_wallet_swap_first_open_loading_time[fresh_user],test_wallet_swap_first_open_ram_fresh,passed,706.167,706.167,706.167,1,706.167
,5504680a17,2026-08-08T05:30:24,,test_wallet_swap_loading_time[fresh_user],test_wallet_swap_ram_fresh,passed,712.973,757.254,734.657,5,"743.277,712.973,757.254,728.512,731.27"
,5504680a17,2026-08-08T05:30:24,,test_wallet_add_account_first_open_loading_time[wallet_load_alex_user],test_wallet_add_account_first_open_ram_wallet_load_alex,passed,810.867,810.867,810.867,1,810.867
,5504680a17,2026-08-08T05:30:24,,test_wallet_add_account_loading_time[wallet_load_alex_user],test_wallet_add_account_ram_wallet_load_alex,passed,783.363,823.297,801.922,5,"783.363,810.717,823.297,793.496,798.738"
,5504680a17,2026-08-08T05:30:24,,test_wallet_swap_first_open_loading_time[wallet_load_alex_user],test_wallet_swap_first_open_ram_wallet_load_alex,passed,796.271,796.271,796.271,1,796.271
,5504680a17,2026-08-08T05:30:24,,test_wallet_swap_loading_time[wallet_load_alex_user],test_wallet_swap_ram_wallet_load_alex,passed,797.824,848.621,823.969,5,"797.824,827.754,808.162,837.482,848.621"
,5504680a17,2026-08-08T05:30:24,,test_wallet_repeat_open_loading_time[wallet_load_user],test_wallet_repeat_open_ram_wallet_load,passed,791.381,874.613,841.92,5,"791.381,825.473,874.613,867.029,851.105"
,5504680a17,2026-08-08T05:30:24,,test_wallet_activity_tab_first_open_loading_time[fresh_user],test_wallet_activity_tab_first_open_ram_fresh,passed,721.766,721.766,721.766,1,721.766
,5504680a17,2026-08-08T05:30:24,,test_wallet_activity_tab_loading_time[fresh_user],test_wallet_activity_tab_ram_fresh,passed,737.59,759.445,751.484,5,"737.59,752.055,753.164,755.168,759.445"
,5504680a17,2026-08-08T05:30:24,,test_wallet_receive_first_open_loading_time[fresh_user],test_wallet_receive_first_open_ram_fresh,passed,838.613,838.613,838.613,1,838.613
,5504680a17,2026-08-08T05:30:24,,test_wallet_receive_loading_time[fresh_user],test_wallet_receive_ram_fresh,passed,793.961,828.412,814.869,5,"828.412,823.467,820.244,808.262,793.961"
,5504680a17,2026-08-08T05:30:24,,test_wallet_activity_tab_first_open_loading_time[wallet_load_alex_user],test_wallet_activity_tab_first_open_ram_wallet_load_alex,passed,824.447,824.447,824.447,1,824.447
,5504680a17,2026-08-08T05:30:24,,test_wallet_activity_tab_loading_time[wallet_load_alex_user],test_wallet_activity_tab_ram_wallet_load_alex,passed,822.498,837.949,829.501,5,"825.556,831.512,822.498,829.988,837.949"
,5504680a17,2026-08-08T05:30:24,,test_wallet_collectibles_tab_first_open_loading_time[wallet_load_alex_user],test_wallet_collectibles_tab_first_open_ram_wallet_load_alex,passed,830.616,830.616,830.616,1,830.616
,5504680a17,2026-08-08T05:30:24,,test_wallet_collectibles_tab_loading_time[wallet_load_alex_user],test_wallet_collectibles_tab_ram_wallet_load_alex,passed,1101.294,1130.225,1117.919,5,"1101.294,1114.684,1127.875,1115.52,1130.225"
,5504680a17,2026-08-08T05:30:24,,test_wallet_repeat_open_loading_time[fresh_user],test_wallet_repeat_open_ram_fresh,passed,788.797,883.402,858.647,5,"788.797,876.896,865.215,878.926,883.402"
,5504680a17,2026-08-08T05:30:24,,test_wallet_first_open_loading_time[wallet_load_alex_user],test_wallet_first_open_ram_wallet_load_alex,passed,897.121,897.121,897.121,1,897.121
,5504680a17,2026-08-08T05:30:24,,test_wallet_first_open_loading_time[wallet_load_user],test_wallet_first_open_ram_wallet_load,passed,891.082,891.082,891.082,1,891.082
,5504680a17,2026-08-08T05:30:24,,test_wallet_collectibles_tab_first_open_loading_time[wallet_load_user],test_wallet_collectibles_tab_first_open_ram_wallet_load,passed,736.625,736.625,736.625,1,736.625
,5504680a17,2026-08-08T05:30:24,,test_wallet_collectibles_tab_loading_time[wallet_load_user],test_wallet_collectibles_tab_ram_wallet_load,passed,742.43,744.598,743.02,5,"742.5,742.43,742.703,742.867,744.598"
,5504680a17,2026-08-08T05:30:24,,test_wallet_send_first_open_loading_time[wallet_load_alex_user],test_wallet_send_first_open_ram_wallet_load_alex,passed,778.445,778.445,778.445,1,778.445
,5504680a17,2026-08-08T05:30:24,,test_wallet_send_loading_time[wallet_load_alex_user],test_wallet_send_ram_wallet_load_alex,passed,775.361,789.996,782.266,5,"775.361,789.996,778.861,779.74,787.371"
,5504680a17,2026-08-08T05:30:24,,test_status_community_first_open_loading_time[user_data0-user_account0],test_status_community_first_open_ram_member,passed,766.366,766.366,766.366,1,766.366
,5504680a17,2026-08-08T05:30:24,,test_wallet_assets_tab_first_open_loading_time[fresh_user],test_wallet_assets_tab_first_open_ram_fresh,passed,756.942,756.942,756.942,1,756.942
,5504680a17,2026-08-08T05:30:24,,test_wallet_assets_tab_loading_time[fresh_user],test_wallet_assets_tab_ram_fresh,passed,752.473,810.076,782.685,5,"778.414,752.473,763.836,808.627,810.076"
,5504680a17,2026-08-08T05:30:24,,test_wallet_account_open_loading_time[wallet_load_user],test_wallet_account_first_open_ram_wallet_load,passed,767.885,767.885,767.885,1,767.885
,5504680a17,2026-08-08T05:30:24,,test_wallet_activity_tab_first_open_loading_time[wallet_load_user],test_wallet_activity_tab_first_open_ram_wallet_load,passed,818.234,818.234,818.234,1,818.234
,5504680a17,2026-08-08T05:30:24,,test_wallet_activity_tab_loading_time[wallet_load_user],test_wallet_activity_tab_ram_wallet_load,passed,782.258,806.959,792.869,5,"788.873,782.258,786.83,799.424,806.959"
,5504680a17,2026-08-08T05:30:24,,test_wallet_collectibles_tab_first_open_loading_time[fresh_user],test_wallet_collectibles_tab_first_open_ram_fresh,passed,814.009,814.009,814.009,1,814.009
,5504680a17,2026-08-08T05:30:24,,test_wallet_collectibles_tab_loading_time[fresh_user],test_wallet_collectibles_tab_ram_fresh,passed,786.641,790.156,788.896,5,"786.641,788.422,789.293,789.969,790.156"
,5504680a17,2026-08-08T05:30:24,,test_wallet_repeat_open_loading_time[wallet_load_alex_user],test_wallet_repeat_open_ram_wallet_load_alex,passed,844.146,959.215,900.67,5,"844.146,873.867,953.064,873.059,959.215"
,5504680a17,2026-08-08T05:30:24,,test_wallet_add_account_first_open_loading_time[wallet_load_user],test_wallet_add_account_first_open_ram_wallet_load,passed,805.93,805.93,805.93,1,805.93
,5504680a17,2026-08-08T05:30:24,,test_wallet_add_account_loading_time[wallet_load_user],test_wallet_add_account_ram_wallet_load,passed,769.299,784.395,775.295,5,"772.668,769.299,772.926,784.395,777.188"
,5504680a17,2026-08-08T05:30:24,,test_wallet_add_account_first_open_loading_time[fresh_user],test_wallet_add_account_first_open_ram_fresh,passed,680.663,680.663,680.663,1,680.663
,5504680a17,2026-08-08T05:30:24,,test_wallet_add_account_loading_time[fresh_user],test_wallet_add_account_ram_fresh,passed,711.324,743.127,734.014,5,"711.324,739.746,742.141,743.127,733.73"
,5504680a17,2026-08-08T05:30:24,,test_wallet_receive_first_open_loading_time[wallet_load_user],test_wallet_receive_first_open_ram_wallet_load,passed,796.285,796.285,796.285,1,796.285
,5504680a17,2026-08-08T05:30:24,,test_wallet_receive_loading_time[wallet_load_user],test_wallet_receive_ram_wallet_load,passed,737.695,747.428,744.44,5,"744.727,745.912,737.695,747.428,746.438"
,5504680a17,2026-08-08T05:30:24,,test_wallet_account_open_loading_time[wallet_load_alex_user],test_wallet_account_first_open_ram_wallet_load_alex,passed,776.68,776.68,776.68,1,776.68
,5504680a17,2026-08-08T05:30:24,,test_wallet_assets_tab_first_open_loading_time[wallet_load_alex_user],test_wallet_assets_tab_first_open_ram_wallet_load_alex,passed,763.091,763.091,763.091,1,763.091
,5504680a17,2026-08-08T05:30:24,,test_wallet_assets_tab_loading_time[wallet_load_alex_user],test_wallet_assets_tab_ram_wallet_load_alex,passed,783.66,791.94,787.318,5,"785.215,783.66,789.254,791.94,786.521"
,5504680a17,2026-08-08T05:30:24,,test_status_community_second_open_loading_time[user_data0-user_account0],test_status_community_second_open_ram_member,passed,902.957,950.099,923.687,5,"917.074,902.957,909.58,938.726,950.099"
,5504680a17,2026-08-08T05:30:24,,test_wallet_first_open_loading_time[fresh_user],test_wallet_first_open_ram_fresh,passed,673.961,673.961,673.961,1,673.961
,e285fde4a6,2026-08-09T05:27:16,,test_wallet_assets_tab_first_open_loading_time[wallet_load_user],test_wallet_assets_tab_first_open_ram_wallet_load,passed,802.949,802.949,802.949,1,802.949
,e285fde4a6,2026-08-09T05:27:16,,test_wallet_assets_tab_loading_time[wallet_load_user],test_wallet_assets_tab_ram_wallet_load,passed,773.723,802.706,784.691,5,"773.723,779.289,780.945,786.79,802.706"
,e285fde4a6,2026-08-09T05:27:16,,test_wallet_first_open_loading_time[wallet_load_alex_user],test_wallet_first_open_ram_wallet_load_alex,passed,767.59,767.59,767.59,1,767.59
,e285fde4a6,2026-08-09T05:27:16,,test_wallet_swap_first_open_loading_time[fresh_user],test_wallet_swap_first_open_ram_fresh,passed,677.519,677.519,677.519,1,677.519
,e285fde4a6,2026-08-09T05:27:16,,test_wallet_swap_loading_time[fresh_user],test_wallet_swap_ram_fresh,passed,743.414,779.178,762.491,5,"744.578,779.178,743.414,767.953,777.332"
,e285fde4a6,2026-08-09T05:27:16,,test_wallet_repeat_open_loading_time[fresh_user],test_wallet_repeat_open_ram_fresh,passed,778.473,838.926,803.541,5,"778.473,812.588,794.617,793.102,838.926"
,e285fde4a6,2026-08-09T05:27:16,,test_wallet_send_first_open_loading_time[wallet_load_user],test_wallet_send_first_open_ram_wallet_load,passed,735.874,735.874,735.874,1,735.874
,e285fde4a6,2026-08-09T05:27:16,,test_wallet_send_loading_time[wallet_load_user],test_wallet_send_ram_wallet_load,passed,738.383,763.807,752.709,5,"738.383,745.0,753.975,763.807,762.379"
,e285fde4a6,2026-08-09T05:27:16,,test_wallet_add_account_first_open_loading_time[fresh_user],test_wallet_add_account_first_open_ram_fresh,passed,742.002,742.002,742.002,1,742.002
,e285fde4a6,2026-08-09T05:27:16,,test_wallet_add_account_loading_time[fresh_user],test_wallet_add_account_ram_fresh,passed,763.539,809.203,788.934,5,"763.539,764.121,800.402,807.402,809.203"
,e285fde4a6,2026-08-09T05:27:16,,test_wallet_receive_first_open_loading_time[wallet_load_alex_user],test_wallet_receive_first_open_ram_wallet_load_alex,passed,764.729,764.729,764.729,1,764.729
,e285fde4a6,2026-08-09T05:27:16,,test_wallet_receive_loading_time[wallet_load_alex_user],test_wallet_receive_ram_wallet_load_alex,passed,749.191,774.561,756.029,5,"774.561,749.191,749.479,751.578,755.336"
,e285fde4a6,2026-08-09T05:27:16,,test_wallet_add_account_first_open_loading_time[wallet_load_alex_user],test_wallet_add_account_first_open_ram_wallet_load_alex,passed,821.385,821.385,821.385,1,821.385
,e285fde4a6,2026-08-09T05:27:16,,test_wallet_add_account_loading_time[wallet_load_alex_user],test_wallet_add_account_ram_wallet_load_alex,passed,804.449,873.279,832.306,5,"873.279,811.418,804.449,807.041,865.344"
,e285fde4a6,2026-08-09T05:27:16,,test_wallet_assets_tab_first_open_loading_time[fresh_user],test_wallet_assets_tab_first_open_ram_fresh,passed,742.891,742.891,742.891,1,742.891
,e285fde4a6,2026-08-09T05:27:16,,test_wallet_assets_tab_loading_time[fresh_user],test_wallet_assets_tab_ram_fresh,passed,776.387,804.98,794.907,5,"776.387,797.289,802.033,804.98,793.844"
,e285fde4a6,2026-08-09T05:27:16,,test_wallet_activity_tab_first_open_loading_time[wallet_load_user],test_wallet_activity_tab_first_open_ram_wallet_load,passed,741.244,741.244,741.244,1,741.244
,e285fde4a6,2026-08-09T05:27:16,,test_wallet_activity_tab_loading_time[wallet_load_user],test_wallet_activity_tab_ram_wallet_load,passed,759.176,777.135,769.014,5,"759.176,769.738,764.748,774.273,777.135"
,e285fde4a6,2026-08-09T05:27:16,,test_wallet_collectibles_tab_first_open_loading_time[fresh_user],test_wallet_collectibles_tab_first_open_ram_fresh,passed,799.788,799.788,799.788,1,799.788
,e285fde4a6,2026-08-09T05:27:16,,test_wallet_collectibles_tab_loading_time[fresh_user],test_wallet_collectibles_tab_ram_fresh,passed,749.355,772.738,763.541,5,"769.246,770.105,772.738,756.262,749.355"
,e285fde4a6,2026-08-09T05:27:16,,test_status_community_first_open_loading_time[user_data0-user_account0],test_status_community_first_open_ram_member,passed,768.433,768.433,768.433,1,768.433
,e285fde4a6,2026-08-09T05:27:16,,test_wallet_add_account_first_open_loading_time[wallet_load_user],test_wallet_add_account_first_open_ram_wallet_load,passed,817.195,817.195,817.195,1,817.195
,e285fde4a6,2026-08-09T05:27:16,,test_wallet_add_account_loading_time[wallet_load_user],test_wallet_add_account_ram_wallet_load,passed,741.082,825.559,766.744,5,"825.559,755.988,741.082,751.721,759.369"
,e285fde4a6,2026-08-09T05:27:16,,test_wallet_first_open_loading_time[fresh_user],test_wallet_first_open_ram_fresh,passed,759.668,759.668,759.668,1,759.668
,e285fde4a6,2026-08-09T05:27:16,,test_wallet_swap_first_open_loading_time[wallet_load_alex_user],test_wallet_swap_first_open_ram_wallet_load_alex,passed,796.664,796.664,796.664,1,796.664
,e285fde4a6,2026-08-09T05:27:16,,test_wallet_swap_loading_time[wallet_load_alex_user],test_wallet_swap_ram_wallet_load_alex,passed,794.578,843.875,828.638,5,"794.578,830.045,841.443,833.246,843.875"
,e285fde4a6,2026-08-09T05:27:16,,test_wallet_account_open_loading_time[fresh_user],test_wallet_account_first_open_ram_fresh,passed,775.496,775.496,775.496,1,775.496
,e285fde4a6,2026-08-09T05:27:16,,test_status_community_second_open_loading_time[user_data0-user_account0],test_status_community_second_open_ram_member,passed,876.932,934.97,904.106,5,"876.932,902.476,908.492,897.659,934.97"
,e285fde4a6,2026-08-09T05:27:16,,test_wallet_activity_tab_first_open_loading_time[wallet_load_alex_user],test_wallet_activity_tab_first_open_ram_wallet_load_alex,passed,848.652,848.652,848.652,1,848.652
,e285fde4a6,2026-08-09T05:27:16,,test_wallet_activity_tab_loading_time[wallet_load_alex_user],test_wallet_activity_tab_ram_wallet_load_alex,passed,829.742,874.199,854.3,5,"829.742,841.029,864.145,874.199,862.387"
,e285fde4a6,2026-08-09T05:27:16,,test_wallet_assets_tab_first_open_loading_time[wallet_load_alex_user],test_wallet_assets_tab_first_open_ram_wallet_load_alex,passed,773.605,773.605,773.605,1,773.605
,e285fde4a6,2026-08-09T05:27:16,,test_wallet_assets_tab_loading_time[wallet_load_alex_user],test_wallet_assets_tab_ram_wallet_load_alex,passed,786.234,800.174,792.962,5,"792.145,800.174,795.036,786.234,791.223"
,e285fde4a6,2026-08-09T05:27:16,,test_wallet_activity_tab_first_open_loading_time[fresh_user],test_wallet_activity_tab_first_open_ram_fresh,passed,749.934,749.934,749.934,1,749.934
,e285fde4a6,2026-08-09T05:27:16,,test_wallet_activity_tab_loading_time[fresh_user],test_wallet_activity_tab_ram_fresh,passed,763.436,827.008,791.063,5,"787.395,769.074,763.436,827.008,808.402"
,e285fde4a6,2026-08-09T05:27:16,,test_wallet_collectibles_tab_first_open_loading_time[wallet_load_alex_user],test_wallet_collectibles_tab_first_open_ram_wallet_load_alex,passed,867.037,867.037,867.037,1,867.037
,e285fde4a6,2026-08-09T05:27:16,,test_wallet_collectibles_tab_loading_time[wallet_load_alex_user],test_wallet_collectibles_tab_ram_wallet_load_alex,passed,1085.288,1110.898,1101.426,5,"1085.288,1100.988,1105.898,1110.898,1104.055"
,e285fde4a6,2026-08-09T05:27:16,,test_wallet_swap_first_open_loading_time[wallet_load_user],test_wallet_swap_first_open_ram_wallet_load,passed,797.465,797.465,797.465,1,797.465
,e285fde4a6,2026-08-09T05:27:16,,test_wallet_swap_loading_time[wallet_load_user],test_wallet_swap_ram_wallet_load,passed,770.062,804.895,789.004,5,"804.895,770.062,778.127,790.307,801.629"
,e285fde4a6,2026-08-09T05:27:16,,test_wallet_account_open_loading_time[wallet_load_alex_user],test_wallet_account_first_open_ram_wallet_load_alex,passed,793.889,793.889,793.889,1,793.889
,e285fde4a6,2026-08-09T05:27:16,,test_wallet_collectibles_tab_first_open_loading_time[wallet_load_user],test_wallet_collectibles_tab_first_open_ram_wallet_load,passed,756.944,756.944,756.944,1,756.944
,e285fde4a6,2026-08-09T05:27:16,,test_wallet_collectibles_tab_loading_time[wallet_load_user],test_wallet_collectibles_tab_ram_wallet_load,passed,754.629,757.602,755.604,5,"754.629,754.812,755.035,755.941,757.602"
,e285fde4a6,2026-08-09T05:27:16,,test_wallet_first_open_loading_time[wallet_load_user],test_wallet_first_open_ram_wallet_load,passed,908.156,908.156,908.156,1,908.156
,e285fde4a6,2026-08-09T05:27:16,,test_wallet_receive_first_open_loading_time[fresh_user],test_wallet_receive_first_open_ram_fresh,passed,782.873,782.873,782.873,1,782.873
,e285fde4a6,2026-08-09T05:27:16,,test_wallet_receive_loading_time[fresh_user],test_wallet_receive_ram_fresh,passed,700.73,772.803,729.427,5,"772.803,749.477,722.967,700.73,701.158"
,e285fde4a6,2026-08-09T05:27:16,,test_wallet_receive_first_open_loading_time[wallet_load_user],test_wallet_receive_first_open_ram_wallet_load,passed,804.238,804.238,804.238,1,804.238
,e285fde4a6,2026-08-09T05:27:16,,test_wallet_receive_loading_time[wallet_load_user],test_wallet_receive_ram_wallet_load,passed,740.072,756.758,748.836,5,"750.195,756.758,755.146,740.072,742.01"
,e285fde4a6,2026-08-09T05:27:16,,test_wallet_send_first_open_loading_time[wallet_load_alex_user],test_wallet_send_first_open_ram_wallet_load_alex,passed,822.947,822.947,822.947,1,822.947
,e285fde4a6,2026-08-09T05:27:16,,test_wallet_send_loading_time[wallet_load_alex_user],test_wallet_send_ram_wallet_load_alex,passed,811.238,824.443,818.034,5,"819.012,824.443,820.621,811.238,814.855"
,e285fde4a6,2026-08-09T05:27:16,,test_wallet_repeat_open_loading_time[wallet_load_alex_user],test_wallet_repeat_open_ram_wallet_load_alex,passed,805.471,933.723,885.782,5,"805.471,900.996,933.723,903.469,885.25"
,e285fde4a6,2026-08-09T05:27:16,,test_wallet_repeat_open_loading_time[wallet_load_user],test_wallet_repeat_open_ram_wallet_load,passed,778.68,938.014,872.944,5,"778.68,883.432,876.791,887.803,938.014"
,e285fde4a6,2026-08-09T05:27:16,,test_wallet_send_first_open_loading_time[fresh_user],test_wallet_send_first_open_ram_fresh,passed,708.471,708.471,708.471,1,708.471
,e285fde4a6,2026-08-09T05:27:16,,test_wallet_send_loading_time[fresh_user],test_wallet_send_ram_fresh,passed,739.205,783.883,769.065,5,"770.623,770.092,781.521,739.205,783.883"
,e285fde4a6,2026-08-09T05:27:16,,test_wallet_account_open_loading_time[wallet_load_user],test_wallet_account_first_open_ram_wallet_load,passed,781.793,781.793,781.793,1,781.793
,f0ca5f1d08,2026-08-10T05:28:49,,test_wallet_assets_tab_first_open_loading_time[wallet_load_alex_user],test_wallet_assets_tab_first_open_ram_wallet_load_alex,passed,747.741,747.741,747.741,1,747.741
,f0ca5f1d08,2026-08-10T05:28:49,,test_wallet_assets_tab_loading_time[wallet_load_alex_user],test_wallet_assets_tab_ram_wallet_load_alex,passed,766.592,794.711,780.893,5,"769.858,789.253,766.592,784.052,794.711"
,f0ca5f1d08,2026-08-10T05:28:49,,test_wallet_add_account_first_open_loading_time[wallet_load_user],test_wallet_add_account_first_open_ram_wallet_load,passed,727.705,727.705,727.705,1,727.705
,f0ca5f1d08,2026-08-10T05:28:49,,test_wallet_add_account_loading_time[wallet_load_user],test_wallet_add_account_ram_wallet_load,passed,728.5,741.434,732.789,5,"728.5,741.434,729.742,731.629,732.639"
,f0ca5f1d08,2026-08-10T05:28:49,,test_wallet_swap_first_open_loading_time[wallet_load_alex_user],test_wallet_swap_first_open_ram_wallet_load_alex,passed,777.268,777.268,777.268,1,777.268
,f0ca5f1d08,2026-08-10T05:28:49,,test_wallet_swap_loading_time[wallet_load_alex_user],test_wallet_swap_ram_wallet_load_alex,passed,839.402,868.23,847.607,5,"868.23,848.213,841.432,839.402,840.758"
,f0ca5f1d08,2026-08-10T05:28:49,,test_wallet_swap_first_open_loading_time[wallet_load_user],test_wallet_swap_first_open_ram_wallet_load,passed,741.518,741.518,741.518,1,741.518
,f0ca5f1d08,2026-08-10T05:28:49,,test_wallet_swap_loading_time[wallet_load_user],test_wallet_swap_ram_wallet_load,passed,736.693,775.039,750.389,5,"736.693,745.742,744.869,749.602,775.039"
,f0ca5f1d08,2026-08-10T05:28:49,,test_wallet_receive_first_open_loading_time[wallet_load_alex_user],test_wallet_receive_first_open_ram_wallet_load_alex,passed,808.715,808.715,808.715,1,808.715
,f0ca5f1d08,2026-08-10T05:28:49,,test_wallet_receive_loading_time[wallet_load_alex_user],test_wallet_receive_ram_wallet_load_alex,passed,748.25,780.748,765.551,5,"780.748,764.277,764.338,770.143,748.25"
,f0ca5f1d08,2026-08-10T05:28:49,,test_wallet_account_open_loading_time[wallet_load_alex_user],test_wallet_account_first_open_ram_wallet_load_alex,passed,821.309,821.309,821.309,1,821.309
,f0ca5f1d08,2026-08-10T05:28:49,,test_wallet_repeat_open_loading_time[wallet_load_alex_user],test_wallet_repeat_open_ram_wallet_load_alex,passed,857.52,954.35,895.932,5,"857.52,873.219,863.031,954.35,931.543"
,f0ca5f1d08,2026-08-10T05:28:49,,test_wallet_first_open_loading_time[wallet_load_user],test_wallet_first_open_ram_wallet_load,passed,753.742,753.742,753.742,1,753.742
,f0ca5f1d08,2026-08-10T05:28:49,,test_wallet_receive_first_open_loading_time[wallet_load_user],test_wallet_receive_first_open_ram_wallet_load,passed,740.441,740.441,740.441,1,740.441
,f0ca5f1d08,2026-08-10T05:28:49,,test_wallet_receive_loading_time[wallet_load_user],test_wallet_receive_ram_wallet_load,passed,727.553,737.719,732.163,5,"729.943,737.719,731.064,727.553,734.533"
,f0ca5f1d08,2026-08-10T05:28:49,,test_status_community_second_open_loading_time[user_data0-user_account0],test_status_community_second_open_ram_member,passed,846.086,902.947,870.605,5,"846.086,854.448,854.621,902.947,894.922"
,f0ca5f1d08,2026-08-10T05:28:49,,test_wallet_send_first_open_loading_time[wallet_load_user],test_wallet_send_first_open_ram_wallet_load,passed,797.478,797.478,797.478,1,797.478
,f0ca5f1d08,2026-08-10T05:28:49,,test_wallet_send_loading_time[wallet_load_user],test_wallet_send_ram_wallet_load,passed,761.51,768.15,763.018,5,"761.51,768.15,761.732,761.762,761.934"
,f0ca5f1d08,2026-08-10T05:28:49,,test_wallet_repeat_open_loading_time[wallet_load_user],test_wallet_repeat_open_ram_wallet_load,passed,795.945,913.232,864.983,5,"795.945,859.02,869.176,887.541,913.232"
,f0ca5f1d08,2026-08-10T05:28:49,,test_wallet_send_first_open_loading_time[wallet_load_alex_user],test_wallet_send_first_open_ram_wallet_load_alex,passed,799.147,799.147,799.147,1,799.147
,f0ca5f1d08,2026-08-10T05:28:49,,test_wallet_send_loading_time[wallet_load_alex_user],test_wallet_send_ram_wallet_load_alex,passed,779.961,796.684,786.702,5,"781.412,782.862,792.594,796.684,779.961"
,f0ca5f1d08,2026-08-10T05:28:49,,test_wallet_collectibles_tab_first_open_loading_time[wallet_load_user],test_wallet_collectibles_tab_first_open_ram_wallet_load,passed,742.074,742.074,742.074,1,742.074
,f0ca5f1d08,2026-08-10T05:28:49,,test_wallet_collectibles_tab_loading_time[wallet_load_user],test_wallet_collectibles_tab_ram_wallet_load,passed,754.875,758.859,756.656,5,"754.875,755.578,756.48,757.488,758.859"
,f0ca5f1d08,2026-08-10T05:28:49,,test_wallet_collectibles_tab_first_open_loading_time[fresh_user],test_wallet_collectibles_tab_first_open_ram_fresh,passed,783.033,783.033,783.033,1,783.033
,f0ca5f1d08,2026-08-10T05:28:49,,test_wallet_collectibles_tab_loading_time[fresh_user],test_wallet_collectibles_tab_ram_fresh,passed,737.098,756.961,743.784,5,"756.961,742.824,744.422,737.098,737.617"
,f0ca5f1d08,2026-08-10T05:28:49,,test_wallet_add_account_first_open_loading_time[wallet_load_alex_user],test_wallet_add_account_first_open_ram_wallet_load_alex,passed,771.619,771.619,771.619,1,771.619
,f0ca5f1d08,2026-08-10T05:28:49,,test_wallet_add_account_loading_time[wallet_load_alex_user],test_wallet_add_account_ram_wallet_load_alex,passed,759.041,816.537,776.866,5,"770.98,763.695,774.076,816.537,759.041"
,f0ca5f1d08,2026-08-10T05:28:49,,test_wallet_add_account_first_open_loading_time[fresh_user],test_wallet_add_account_first_open_ram_fresh,passed,725.285,725.285,725.285,1,725.285
,f0ca5f1d08,2026-08-10T05:28:49,,test_wallet_add_account_loading_time[fresh_user],test_wallet_add_account_ram_fresh,passed,773.957,777.217,775.592,5,"773.957,774.459,775.816,776.512,777.217"
,f0ca5f1d08,2026-08-10T05:28:49,,test_wallet_account_open_loading_time[fresh_user],test_wallet_account_first_open_ram_fresh,passed,712.492,712.492,712.492,1,712.492
,f0ca5f1d08,2026-08-10T05:28:49,,test_wallet_receive_first_open_loading_time[fresh_user],test_wallet_receive_first_open_ram_fresh,passed,793.115,793.115,793.115,1,793.115
,f0ca5f1d08,2026-08-10T05:28:49,,test_wallet_receive_loading_time[fresh_user],test_wallet_receive_ram_fresh,passed,760.32,793.373,772.705,5,"760.32,767.586,770.219,772.025,793.373"
,f0ca5f1d08,2026-08-10T05:28:49,,test_wallet_activity_tab_first_open_loading_time[wallet_load_user],test_wallet_activity_tab_first_open_ram_wallet_load,passed,780.842,780.842,780.842,1,780.842
,f0ca5f1d08,2026-08-10T05:28:49,,test_wallet_activity_tab_loading_time[wallet_load_user],test_wallet_activity_tab_ram_wallet_load,passed,755.779,786.584,774.332,5,"755.779,765.371,779.598,786.584,784.326"
,f0ca5f1d08,2026-08-10T05:28:49,,test_wallet_assets_tab_first_open_loading_time[fresh_user],test_wallet_assets_tab_first_open_ram_fresh,passed,775.898,775.898,775.898,1,775.898
,f0ca5f1d08,2026-08-10T05:28:49,,test_wallet_assets_tab_loading_time[fresh_user],test_wallet_assets_tab_ram_fresh,passed,774.729,783.596,777.567,5,"774.729,775.6,776.205,777.705,783.596"
,f0ca5f1d08,2026-08-10T05:28:49,,test_wallet_activity_tab_first_open_loading_time[fresh_user],test_wallet_activity_tab_first_open_ram_fresh,passed,682.793,682.793,682.793,1,682.793
,f0ca5f1d08,2026-08-10T05:28:49,,test_wallet_activity_tab_loading_time[fresh_user],test_wallet_activity_tab_ram_fresh,passed,695.158,729.512,722.035,5,"695.158,727.863,728.809,728.832,729.512"
,f0ca5f1d08,2026-08-10T05:28:49,,test_status_community_first_open_loading_time[user_data0-user_account0],test_status_community_first_open_ram_member,passed,772.109,772.109,772.109,1,772.109
,f0ca5f1d08,2026-08-10T05:28:49,,test_wallet_first_open_loading_time[wallet_load_alex_user],test_wallet_first_open_ram_wallet_load_alex,passed,862.547,862.547,862.547,1,862.547
,f0ca5f1d08,2026-08-10T05:28:49,,test_wallet_send_first_open_loading_time[fresh_user],test_wallet_send_first_open_ram_fresh,passed,776.921,776.921,776.921,1,776.921
,f0ca5f1d08,2026-08-10T05:28:49,,test_wallet_send_loading_time[fresh_user],test_wallet_send_ram_fresh,passed,765.744,767.74,766.682,5,"767.059,765.744,766.043,766.822,767.74"
,f0ca5f1d08,2026-08-10T05:28:49,,test_wallet_account_open_loading_time[wallet_load_user],test_wallet_account_first_open_ram_wallet_load,passed,745.411,745.411,745.411,1,745.411
,f0ca5f1d08,2026-08-10T05:28:49,,test_wallet_repeat_open_loading_time[fresh_user],test_wallet_repeat_open_ram_fresh,passed,751.24,842.754,819.434,5,"751.24,833.432,827.688,842.754,842.059"
,f0ca5f1d08,2026-08-10T05:28:49,,test_wallet_assets_tab_first_open_loading_time[wallet_load_user],test_wallet_assets_tab_first_open_ram_wallet_load,passed,825.302,825.302,825.302,1,825.302
,f0ca5f1d08,2026-08-10T05:28:49,,test_wallet_assets_tab_loading_time[wallet_load_user],test_wallet_assets_tab_ram_wallet_load,passed,772.911,784.182,777.972,5,"779.995,773.951,784.182,772.911,778.822"
,f0ca5f1d08,2026-08-10T05:28:49,,test_wallet_swap_first_open_loading_time[fresh_user],test_wallet_swap_first_open_ram_fresh,passed,682.309,682.309,682.309,1,682.309
,f0ca5f1d08,2026-08-10T05:28:49,,test_wallet_swap_loading_time[fresh_user],test_wallet_swap_ram_fresh,passed,684.275,787.271,746.707,5,"684.275,721.338,762.66,787.271,777.992"
,f0ca5f1d08,2026-08-10T05:28:49,,test_wallet_collectibles_tab_first_open_loading_time[wallet_load_alex_user],test_wallet_collectibles_tab_first_open_ram_wallet_load_alex,passed,856.293,856.293,856.293,1,856.293
,f0ca5f1d08,2026-08-10T05:28:49,,test_wallet_collectibles_tab_loading_time[wallet_load_alex_user],test_wallet_collectibles_tab_ram_wallet_load_alex,passed,1123.572,1154.85,1141.386,5,"1123.572,1145.255,1131.145,1152.109,1154.85"
,f0ca5f1d08,2026-08-10T05:28:49,,test_wallet_first_open_loading_time[fresh_user],test_wallet_first_open_ram_fresh,passed,689.406,689.406,689.406,1,689.406
,f0ca5f1d08,2026-08-10T05:28:49,,test_wallet_activity_tab_first_open_loading_time[wallet_load_alex_user],test_wallet_activity_tab_first_open_ram_wallet_load_alex,passed,805.314,805.314,805.314,1,805.314
,f0ca5f1d08,2026-08-10T05:28:49,,test_wallet_activity_tab_loading_time[wallet_load_alex_user],test_wallet_activity_tab_ram_wallet_load_alex,passed,803.775,826.189,812.639,5,"804.115,803.775,817.369,826.189,811.748"
,69fe4bb384,2026-08-11T05:30:20,,test_wallet_collectibles_tab_first_open_loading_time[wallet_load_alex_user],test_wallet_collectibles_tab_first_open_ram_wallet_load_alex,passed,826.573,826.573,826.573,1,826.573
,69fe4bb384,2026-08-11T05:30:20,,test_wallet_collectibles_tab_loading_time[wallet_load_alex_user],test_wallet_collectibles_tab_ram_wallet_load_alex,passed,1012.195,1041.717,1028.529,5,"1012.195,1018.564,1032.398,1037.771,1041.717"
,69fe4bb384,2026-08-11T05:30:20,,test_wallet_first_open_loading_time[fresh_user],test_wallet_first_open_ram_fresh,passed,767.535,767.535,767.535,1,767.535
,69fe4bb384,2026-08-11T05:30:20,,test_wallet_send_first_open_loading_time[wallet_load_user],test_wallet_send_first_open_ram_wallet_load,passed,811.199,811.199,811.199,1,811.199
,69fe4bb384,2026-08-11T05:30:20,,test_wallet_send_loading_time[wallet_load_user],test_wallet_send_ram_wallet_load,passed,763.143,778.527,770.395,5,"777.098,778.527,767.793,763.143,765.414"
,69fe4bb384,2026-08-11T05:30:20,,test_wallet_add_account_first_open_loading_time[wallet_load_alex_user],test_wallet_add_account_first_open_ram_wallet_load_alex,passed,809.58,809.58,809.58,1,809.58
,69fe4bb384,2026-08-11T05:30:20,,test_wallet_add_account_loading_time[wallet_load_alex_user],test_wallet_add_account_ram_wallet_load_alex,passed,785.574,840.303,814.536,5,"810.604,840.303,831.363,804.834,785.574"
,69fe4bb384,2026-08-11T05:30:20,,test_wallet_swap_first_open_loading_time[fresh_user],test_wallet_swap_first_open_ram_fresh,passed,783.717,783.717,783.717,1,783.717
,69fe4bb384,2026-08-11T05:30:20,,test_wallet_swap_loading_time[fresh_user],test_wallet_swap_ram_fresh,passed,822.482,853.541,836.435,5,"822.482,825.033,833.096,853.541,848.023"
,69fe4bb384,2026-08-11T05:30:20,,test_wallet_swap_first_open_loading_time[wallet_load_alex_user],test_wallet_swap_first_open_ram_wallet_load_alex,passed,799.432,799.432,799.432,1,799.432
,69fe4bb384,2026-08-11T05:30:20,,test_wallet_swap_loading_time[wallet_load_alex_user],test_wallet_swap_ram_wallet_load_alex,passed,807.186,838.236,823.565,5,"807.186,813.441,830.854,828.107,838.236"
,69fe4bb384,2026-08-11T05:30:20,,test_wallet_receive_first_open_loading_time[fresh_user],test_wallet_receive_first_open_ram_fresh,passed,656.674,656.674,656.674,1,656.674
,69fe4bb384,2026-08-11T05:30:20,,test_wallet_receive_loading_time[fresh_user],test_wallet_receive_ram_fresh,passed,733.096,745.283,737.135,5,"733.096,745.283,735.266,735.648,736.381"
,69fe4bb384,2026-08-11T05:30:20,,test_wallet_first_open_loading_time[wallet_load_alex_user],test_wallet_first_open_ram_wallet_load_alex,passed,769.648,769.648,769.648,1,769.648
,69fe4bb384,2026-08-11T05:30:20,,test_wallet_account_open_loading_time[wallet_load_alex_user],test_wallet_account_first_open_ram_wallet_load_alex,passed,769.513,769.513,769.513,1,769.513
,69fe4bb384,2026-08-11T05:30:20,,test_wallet_send_first_open_loading_time[fresh_user],test_wallet_send_first_open_ram_fresh,passed,672.129,672.129,672.129,1,672.129
,69fe4bb384,2026-08-11T05:30:20,,test_wallet_send_loading_time[fresh_user],test_wallet_send_ram_fresh,passed,693.779,733.668,710.66,5,"693.779,698.635,733.668,712.291,714.928"
,69fe4bb384,2026-08-11T05:30:20,,test_status_community_first_open_loading_time[user_data0-user_account0],test_status_community_first_open_ram_member,passed,810.748,810.748,810.748,1,810.748
,69fe4bb384,2026-08-11T05:30:20,,test_wallet_add_account_first_open_loading_time[wallet_load_user],test_wallet_add_account_first_open_ram_wallet_load,passed,742.307,742.307,742.307,1,742.307
,69fe4bb384,2026-08-11T05:30:20,,test_wallet_add_account_loading_time[wallet_load_user],test_wallet_add_account_ram_wallet_load,passed,721.262,741.639,731.672,5,"733.414,721.262,729.221,741.639,732.824"
,69fe4bb384,2026-08-11T05:30:20,,test_wallet_assets_tab_first_open_loading_time[fresh_user],test_wallet_assets_tab_first_open_ram_fresh,passed,767.82,767.82,767.82,1,767.82
,69fe4bb384,2026-08-11T05:30:20,,test_wallet_assets_tab_loading_time[fresh_user],test_wallet_assets_tab_ram_fresh,passed,783.604,832.256,803.957,5,"807.805,804.453,783.604,791.67,832.256"
,69fe4bb384,2026-08-11T05:30:20,,test_wallet_collectibles_tab_first_open_loading_time[wallet_load_user],test_wallet_collectibles_tab_first_open_ram_wallet_load,passed,756.063,756.063,756.063,1,756.063
,69fe4bb384,2026-08-11T05:30:20,,test_wallet_collectibles_tab_loading_time[wallet_load_user],test_wallet_collectibles_tab_ram_wallet_load,passed,753.309,760.781,757.334,5,"753.309,755.746,757.785,759.047,760.781"
,69fe4bb384,2026-08-11T05:30:20,,test_wallet_repeat_open_loading_time[wallet_load_user],test_wallet_repeat_open_ram_wallet_load,passed,795.184,923.723,875.122,5,"795.184,874.211,903.82,923.723,878.672"
,69fe4bb384,2026-08-11T05:30:20,,test_wallet_send_first_open_loading_time[wallet_load_alex_user],test_wallet_send_first_open_ram_wallet_load_alex,passed,839.053,839.053,839.053,1,839.053
,69fe4bb384,2026-08-11T05:30:20,,test_wallet_send_loading_time[wallet_load_alex_user],test_wallet_send_ram_wallet_load_alex,passed,795.705,810.312,802.697,5,"806.045,805.365,810.312,796.057,795.705"
,69fe4bb384,2026-08-11T05:30:20,,test_wallet_account_open_loading_time[wallet_load_user],test_wallet_account_first_open_ram_wallet_load,passed,736.123,736.123,736.123,1,736.123
,69fe4bb384,2026-08-11T05:30:20,,test_wallet_collectibles_tab_first_open_loading_time[fresh_user],test_wallet_collectibles_tab_first_open_ram_fresh,passed,741.526,741.526,741.526,1,741.526
,69fe4bb384,2026-08-11T05:30:20,,test_wallet_collectibles_tab_loading_time[fresh_user],test_wallet_collectibles_tab_ram_fresh,passed,779.348,799.336,786.017,5,"779.348,799.336,791.02,780.105,780.277"
,69fe4bb384,2026-08-11T05:30:20,,test_wallet_activity_tab_first_open_loading_time[wallet_load_user],test_wallet_activity_tab_first_open_ram_wallet_load,passed,789.818,789.818,789.818,1,789.818
,69fe4bb384,2026-08-11T05:30:20,,test_wallet_activity_tab_loading_time[wallet_load_user],test_wallet_activity_tab_ram_wallet_load,passed,777.082,798.518,786.005,5,"777.082,785.811,781.438,787.18,798.518"
,69fe4bb384,2026-08-11T05:30:20,,test_wallet_assets_tab_first_open_loading_time[wallet_load_user],test_wallet_assets_tab_first_open_ram_wallet_load,passed,819.738,819.738,819.738,1,819.738
,69fe4bb384,2026-08-11T05:30:20,,test_wallet_assets_tab_loading_time[wallet_load_user],test_wallet_assets_tab_ram_wallet_load,passed,773.724,783.312,779.292,5,"776.897,779.507,783.022,773.724,783.312"
,69fe4bb384,2026-08-11T05:30:20,,test_wallet_account_open_loading_time[fresh_user],test_wallet_account_first_open_ram_fresh,passed,698.105,698.105,698.105,1,698.105
,69fe4bb384,2026-08-11T05:30:20,,test_wallet_activity_tab_first_open_loading_time[wallet_load_alex_user],test_wallet_activity_tab_first_open_ram_wallet_load_alex,passed,780.582,780.582,780.582,1,780.582
,69fe4bb384,2026-08-11T05:30:20,,test_wallet_activity_tab_loading_time[wallet_load_alex_user],test_wallet_activity_tab_ram_wallet_load_alex,passed,784.658,799.711,792.295,5,"793.711,784.658,799.711,789.049,794.344"
,69fe4bb384,2026-08-11T05:30:20,,test_wallet_first_open_loading_time[wallet_load_user],test_wallet_first_open_ram_wallet_load,passed,873.826,873.826,873.826,1,873.826
,69fe4bb384,2026-08-11T05:30:20,,test_wallet_swap_first_open_loading_time[wallet_load_user],test_wallet_swap_first_open_ram_wallet_load,passed,785.832,785.832,785.832,1,785.832
,69fe4bb384,2026-08-11T05:30:20,,test_wallet_swap_loading_time[wallet_load_user],test_wallet_swap_ram_wallet_load,passed,754.695,793.611,779.426,5,"754.695,784.191,781.281,783.352,793.611"
,69fe4bb384,2026-08-11T05:30:20,,test_wallet_add_account_first_open_loading_time[fresh_user],test_wallet_add_account_first_open_ram_fresh,passed,807.16,807.16,807.16,1,807.16
,69fe4bb384,2026-08-11T05:30:20,,test_wallet_add_account_loading_time[fresh_user],test_wallet_add_account_ram_fresh,passed,812.781,818.026,814.992,5,"812.781,814.621,818.026,814.449,815.084"
,69fe4bb384,2026-08-11T05:30:20,,test_wallet_repeat_open_loading_time[wallet_load_alex_user],test_wallet_repeat_open_ram_wallet_load_alex,passed,845.918,920.645,896.092,5,"845.918,893.053,908.648,920.645,912.197"
,69fe4bb384,2026-08-11T05:30:20,,test_status_community_second_open_loading_time[user_data0-user_account0],test_status_community_second_open_ram_member,passed,833.292,886.054,860.002,5,"833.292,844.403,865.133,871.127,886.054"
,69fe4bb384,2026-08-11T05:30:20,,test_wallet_assets_tab_first_open_loading_time[wallet_load_alex_user],test_wallet_assets_tab_first_open_ram_wallet_load_alex,passed,759.219,759.219,759.219,1,759.219
,69fe4bb384,2026-08-11T05:30:20,,test_wallet_assets_tab_loading_time[wallet_load_alex_user],test_wallet_assets_tab_ram_wallet_load_alex,passed,770.621,794.185,781.393,5,"770.621,775.801,786.512,779.845,794.185"
,69fe4bb384,2026-08-11T05:30:20,,test_wallet_repeat_open_loading_time[fresh_user],test_wallet_repeat_open_ram_fresh,passed,827.102,870.262,845.469,5,"833.422,839.711,870.262,827.102,856.85"
,69fe4bb384,2026-08-11T05:30:20,,test_wallet_receive_first_open_loading_time[wallet_load_user],test_wallet_receive_first_open_ram_wallet_load,passed,781.783,781.783,781.783,1,781.783
,69fe4bb384,2026-08-11T05:30:20,,test_wallet_receive_loading_time[wallet_load_user],test_wallet_receive_ram_wallet_load,passed,736.963,754.211,742.957,5,"754.211,747.67,736.963,737.201,738.742"
,69fe4bb384,2026-08-11T05:30:20,,test_wallet_receive_first_open_loading_time[wallet_load_alex_user],test_wallet_receive_first_open_ram_wallet_load_alex,passed,775.771,775.771,775.771,1,775.771
,69fe4bb384,2026-08-11T05:30:20,,test_wallet_receive_loading_time[wallet_load_alex_user],test_wallet_receive_ram_wallet_load_alex,passed,757.643,779.232,771.655,5,"773.035,779.232,775.857,772.51,757.643"
,69fe4bb384,2026-08-11T05:30:20,,test_wallet_activity_tab_first_open_loading_time[fresh_user],test_wallet_activity_tab_first_open_ram_fresh,passed,660.152,660.152,660.152,1,660.152
,69fe4bb384,2026-08-11T05:30:20,,test_wallet_activity_tab_loading_time[fresh_user],test_wallet_activity_tab_ram_fresh,passed,663.812,726.465,686.895,5,"665.504,663.812,663.996,726.465,714.695"
,7f5842eee1,2026-08-12T04:38:29,,test_wallet_activity_tab_first_open_loading_time[wallet_load_user],test_wallet_activity_tab_first_open_ram_wallet_load,passed,775.52,775.52,775.52,1,775.52
,7f5842eee1,2026-08-12T04:38:29,,test_wallet_activity_tab_loading_time[wallet_load_user],test_wallet_activity_tab_ram_wallet_load,passed,764.207,809.318,782.149,5,"764.207,776.285,776.941,783.994,809.318"
,7f5842eee1,2026-08-12T04:38:29,,test_status_community_second_open_loading_time[user_data0-user_account0],test_status_community_second_open_ram_member,passed,835.832,885.426,859.56,5,"835.832,860.712,845.015,885.426,870.818"
,7f5842eee1,2026-08-12T04:38:29,,test_wallet_first_open_loading_time[wallet_load_user],test_wallet_first_open_ram_wallet_load,passed,732.568,732.568,732.568,1,732.568
,7f5842eee1,2026-08-12T04:38:29,,test_wallet_swap_first_open_loading_time[wallet_load_alex_user],test_wallet_swap_first_open_ram_wallet_load_alex,passed,853.998,853.998,853.998,1,853.998
,7f5842eee1,2026-08-12T04:38:29,,test_wallet_swap_loading_time[wallet_load_alex_user],test_wallet_swap_ram_wallet_load_alex,passed,819.588,855.541,841.107,5,"819.588,836.32,840.102,855.541,853.982"
,7f5842eee1,2026-08-12T04:38:29,,test_wallet_assets_tab_first_open_loading_time[fresh_user],test_wallet_assets_tab_first_open_ram_fresh,passed,685.027,685.027,685.027,1,685.027
,7f5842eee1,2026-08-12T04:38:29,,test_wallet_assets_tab_loading_time[fresh_user],test_wallet_assets_tab_ram_fresh,passed,700.748,794.412,751.207,5,"700.748,751.805,753.926,755.145,794.412"
,7f5842eee1,2026-08-12T04:38:29,,test_wallet_assets_tab_first_open_loading_time[wallet_load_user],test_wallet_assets_tab_first_open_ram_wallet_load,passed,749.738,749.738,749.738,1,749.738
,7f5842eee1,2026-08-12T04:38:29,,test_wallet_assets_tab_loading_time[wallet_load_user],test_wallet_assets_tab_ram_wallet_load,passed,767.155,785.991,778.057,5,"775.432,781.987,785.991,779.721,767.155"
,7f5842eee1,2026-08-12T04:38:29,,test_wallet_receive_first_open_loading_time[wallet_load_user],test_wallet_receive_first_open_ram_wallet_load,passed,733.902,733.902,733.902,1,733.902
,7f5842eee1,2026-08-12T04:38:29,,test_wallet_receive_loading_time[wallet_load_user],test_wallet_receive_ram_wallet_load,passed,710.025,727.561,719.008,5,"727.561,720.07,723.252,714.131,710.025"
,7f5842eee1,2026-08-12T04:38:29,,test_wallet_add_account_first_open_loading_time[wallet_load_alex_user],test_wallet_add_account_first_open_ram_wallet_load_alex,passed,799.963,799.963,799.963,1,799.963
,7f5842eee1,2026-08-12T04:38:29,,test_wallet_add_account_loading_time[wallet_load_alex_user],test_wallet_add_account_ram_wallet_load_alex,passed,789.84,855.801,809.107,5,"798.879,789.84,855.801,802.838,798.18"
,7f5842eee1,2026-08-12T04:38:29,,test_wallet_repeat_open_loading_time[wallet_load_user],test_wallet_repeat_open_ram_wallet_load,passed,872.566,890.33,882.208,5,"890.33,882.635,875.627,872.566,889.883"
,7f5842eee1,2026-08-12T04:38:29,,test_wallet_collectibles_tab_first_open_loading_time[wallet_load_user],test_wallet_collectibles_tab_first_open_ram_wallet_load,passed,757.906,757.906,757.906,1,757.906
,7f5842eee1,2026-08-12T04:38:29,,test_wallet_collectibles_tab_loading_time[wallet_load_user],test_wallet_collectibles_tab_ram_wallet_load,passed,749.266,777.383,756.708,5,"749.266,750.508,752.445,753.938,777.383"
,7f5842eee1,2026-08-12T04:38:29,,test_wallet_repeat_open_loading_time[fresh_user],test_wallet_repeat_open_ram_fresh,passed,742.02,850.201,814.046,5,"742.02,850.201,822.109,818.133,837.77"
,7f5842eee1,2026-08-12T04:38:29,,test_wallet_swap_first_open_loading_time[wallet_load_user],test_wallet_swap_first_open_ram_wallet_load,passed,812.303,812.303,812.303,1,812.303
,7f5842eee1,2026-08-12T04:38:29,,test_wallet_swap_loading_time[wallet_load_user],test_wallet_swap_ram_wallet_load,passed,775.975,792.184,782.867,5,"778.201,775.975,780.488,792.184,787.488"
,7f5842eee1,2026-08-12T04:38:29,,test_wallet_activity_tab_first_open_loading_time[wallet_load_alex_user],test_wallet_activity_tab_first_open_ram_wallet_load_alex,passed,830.574,830.574,830.574,1,830.574
,7f5842eee1,2026-08-12T04:38:29,,test_wallet_activity_tab_loading_time[wallet_load_alex_user],test_wallet_activity_tab_ram_wallet_load_alex,passed,812.623,828.674,822.343,5,"812.623,828.674,819.305,826.402,824.713"
,7f5842eee1,2026-08-12T04:38:29,,test_wallet_swap_first_open_loading_time[fresh_user],test_wallet_swap_first_open_ram_fresh,passed,781.363,781.363,781.363,1,781.363
,7f5842eee1,2026-08-12T04:38:29,,test_wallet_swap_loading_time[fresh_user],test_wallet_swap_ram_fresh,passed,762.816,843.922,794.424,5,"762.816,776.814,787.826,800.742,843.922"
,7f5842eee1,2026-08-12T04:38:29,,test_wallet_send_first_open_loading_time[wallet_load_user],test_wallet_send_first_open_ram_wallet_load,passed,775.578,775.578,775.578,1,775.578
,7f5842eee1,2026-08-12T04:38:29,,test_wallet_send_loading_time[wallet_load_user],test_wallet_send_ram_wallet_load,passed,731.027,741.309,736.014,5,"741.309,738.148,736.254,731.027,733.334"
,7f5842eee1,2026-08-12T04:38:29,,test_wallet_repeat_open_loading_time[wallet_load_alex_user],test_wallet_repeat_open_ram_wallet_load_alex,passed,849.561,933.535,886.829,5,"849.561,865.838,890.963,933.535,894.25"
,7f5842eee1,2026-08-12T04:38:29,,test_wallet_account_open_loading_time[fresh_user],test_wallet_account_first_open_ram_fresh,passed,701.676,701.676,701.676,1,701.676
,7f5842eee1,2026-08-12T04:38:29,,test_wallet_send_first_open_loading_time[wallet_load_alex_user],test_wallet_send_first_open_ram_wallet_load_alex,passed,777.498,777.498,777.498,1,777.498
,7f5842eee1,2026-08-12T04:38:29,,test_wallet_send_loading_time[wallet_load_alex_user],test_wallet_send_ram_wallet_load_alex,passed,768.607,788.361,776.608,5,"771.695,771.881,788.361,782.496,768.607"
,7f5842eee1,2026-08-12T04:38:29,,test_wallet_receive_first_open_loading_time[fresh_user],test_wallet_receive_first_open_ram_fresh,passed,676.189,676.189,676.189,1,676.189
,7f5842eee1,2026-08-12T04:38:29,,test_wallet_receive_loading_time[fresh_user],test_wallet_receive_ram_fresh,passed,715.229,728.941,720.768,5,"728.941,717.496,715.229,715.859,726.312"
,7f5842eee1,2026-08-12T04:38:29,,test_wallet_activity_tab_first_open_loading_time[fresh_user],test_wallet_activity_tab_first_open_ram_fresh,passed,742.082,742.082,742.082,1,742.082
,7f5842eee1,2026-08-12T04:38:29,,test_wallet_activity_tab_loading_time[fresh_user],test_wallet_activity_tab_ram_fresh,passed,689.605,716.391,696.893,5,"716.391,697.496,689.605,690.34,690.633"
,7f5842eee1,2026-08-12T04:38:29,,test_wallet_account_open_loading_time[wallet_load_alex_user],test_wallet_account_first_open_ram_wallet_load_alex,passed,761.887,761.887,761.887,1,761.887
,7f5842eee1,2026-08-12T04:38:29,,test_status_community_first_open_loading_time[user_data0-user_account0],test_status_community_first_open_ram_member,passed,762.044,762.044,762.044,1,762.044
,7f5842eee1,2026-08-12T04:38:29,,test_wallet_first_open_loading_time[fresh_user],test_wallet_first_open_ram_fresh,passed,752.891,752.891,752.891,1,752.891
,7f5842eee1,2026-08-12T04:38:29,,test_wallet_account_open_loading_time[wallet_load_user],test_wallet_account_first_open_ram_wallet_load,passed,767.002,767.002,767.002,1,767.002
,7f5842eee1,2026-08-12T04:38:29,,test_wallet_receive_first_open_loading_time[wallet_load_alex_user],test_wallet_receive_first_open_ram_wallet_load_alex,passed,767.336,767.336,767.336,1,767.336
,7f5842eee1,2026-08-12T04:38:29,,test_wallet_receive_loading_time[wallet_load_alex_user],test_wallet_receive_ram_wallet_load_alex,passed,739.885,760.025,751.859,5,"760.025,753.055,751.592,754.74,739.885"
,7f5842eee1,2026-08-12T04:38:29,,test_wallet_collectibles_tab_first_open_loading_time[wallet_load_alex_user],test_wallet_collectibles_tab_first_open_ram_wallet_load_alex,passed,821.112,821.112,821.112,1,821.112
,7f5842eee1,2026-08-12T04:38:29,,test_wallet_collectibles_tab_loading_time[wallet_load_alex_user],test_wallet_collectibles_tab_ram_wallet_load_alex,passed,1016.547,1037.75,1028.861,5,"1016.547,1029.934,1037.75,1032.732,1027.344"
,7f5842eee1,2026-08-12T04:38:29,,test_wallet_assets_tab_first_open_loading_time[wallet_load_alex_user],test_wallet_assets_tab_first_open_ram_wallet_load_alex,passed,755.994,755.994,755.994,1,755.994
,7f5842eee1,2026-08-12T04:38:29,,test_wallet_assets_tab_loading_time[wallet_load_alex_user],test_wallet_assets_tab_ram_wallet_load_alex,passed,770.474,789.02,777.442,5,"770.474,789.02,773.271,774.602,779.842"
,7f5842eee1,2026-08-12T04:38:29,,test_wallet_add_account_first_open_loading_time[fresh_user],test_wallet_add_account_first_open_ram_fresh,passed,674.512,674.512,674.512,1,674.512
,7f5842eee1,2026-08-12T04:38:29,,test_wallet_add_account_loading_time[fresh_user],test_wallet_add_account_ram_fresh,passed,678.895,783.943,734.033,5,"678.895,783.943,732.0,732.449,742.879"
,7f5842eee1,2026-08-12T04:38:29,,test_wallet_send_first_open_loading_time[fresh_user],test_wallet_send_first_open_ram_fresh,passed,676.251,676.251,676.251,1,676.251
,7f5842eee1,2026-08-12T04:38:29,,test_wallet_send_loading_time[fresh_user],test_wallet_send_ram_fresh,passed,759.588,778.033,767.055,5,"759.588,778.033,762.307,762.359,772.99"
,7f5842eee1,2026-08-12T04:38:29,,test_wallet_add_account_first_open_loading_time[wallet_load_user],test_wallet_add_account_first_open_ram_wallet_load,passed,751.461,751.461,751.461,1,751.461
,7f5842eee1,2026-08-12T04:38:29,,test_wallet_add_account_loading_time[wallet_load_user],test_wallet_add_account_ram_wallet_load,passed,745.504,755.742,749.67,5,"745.504,753.285,747.965,755.742,745.852"
,7f5842eee1,2026-08-12T04:38:29,,test_wallet_first_open_loading_time[wallet_load_alex_user],test_wallet_first_open_ram_wallet_load_alex,passed,807.375,807.375,807.375,1,807.375
,7f5842eee1,2026-08-12T04:38:29,,test_wallet_collectibles_tab_first_open_loading_time[fresh_user],test_wallet_collectibles_tab_first_open_ram_fresh,passed,786.428,786.428,786.428,1,786.428
,7f5842eee1,2026-08-12T04:38:29,,test_wallet_collectibles_tab_loading_time[fresh_user],test_wallet_collectibles_tab_ram_fresh,passed,759.273,762.074,760.862,5,"759.273,759.676,761.594,761.695,762.074"
,4acdfba962,2026-08-12T12:45:46,,test_wallet_add_account_first_open_loading_time[fresh_user],test_wallet_add_account_first_open_ram_fresh,passed,793.969,793.969,793.969,1,793.969
,4acdfba962,2026-08-12T12:45:46,,test_wallet_add_account_loading_time[fresh_user],test_wallet_add_account_ram_fresh,passed,740.008,816.955,781.831,5,"740.008,747.055,807.533,816.955,797.605"
,4acdfba962,2026-08-12T12:45:46,,test_status_community_second_open_loading_time[user_data0-user_account0],test_status_community_second_open_ram_member,passed,844.693,883.381,866.179,5,"844.693,866.87,857.129,878.821,883.381"
,4acdfba962,2026-08-12T12:45:46,,test_wallet_first_open_loading_time[fresh_user],test_wallet_first_open_ram_fresh,passed,712.27,712.27,712.27,1,712.27
,4acdfba962,2026-08-12T12:45:46,,test_wallet_receive_first_open_loading_time[fresh_user],test_wallet_receive_first_open_ram_fresh,passed,666.469,666.469,666.469,1,666.469
,4acdfba962,2026-08-12T12:45:46,,test_wallet_receive_loading_time[fresh_user],test_wallet_receive_ram_fresh,passed,725.254,750.346,744.384,5,"725.254,749.252,748.152,748.914,750.346"
,4acdfba962,2026-08-12T12:45:46,,test_wallet_send_first_open_loading_time[wallet_load_user],test_wallet_send_first_open_ram_wallet_load,passed,733.969,733.969,733.969,1,733.969
,4acdfba962,2026-08-12T12:45:46,,test_wallet_send_loading_time[wallet_load_user],test_wallet_send_ram_wallet_load,passed,742.77,757.955,750.982,5,"742.77,754.266,749.248,750.674,757.955"
,4acdfba962,2026-08-12T12:45:46,,test_wallet_activity_tab_first_open_loading_time[fresh_user],test_wallet_activity_tab_first_open_ram_fresh,passed,738.223,738.223,738.223,1,738.223
,4acdfba962,2026-08-12T12:45:46,,test_wallet_activity_tab_loading_time[fresh_user],test_wallet_activity_tab_ram_fresh,passed,739.238,743.984,740.743,5,"741.262,739.238,739.367,739.863,743.984"
,4acdfba962,2026-08-12T12:45:46,,test_wallet_first_open_loading_time[wallet_load_user],test_wallet_first_open_ram_wallet_load,passed,825.016,825.016,825.016,1,825.016
,4acdfba962,2026-08-12T12:45:46,,test_wallet_add_account_first_open_loading_time[wallet_load_alex_user],test_wallet_add_account_first_open_ram_wallet_load_alex,passed,773.652,773.652,773.652,1,773.652
,4acdfba962,2026-08-12T12:45:46,,test_wallet_add_account_loading_time[wallet_load_alex_user],test_wallet_add_account_ram_wallet_load_alex,passed,762.104,793.455,772.064,5,"768.469,793.455,773.328,762.963,762.104"
,4acdfba962,2026-08-12T12:45:46,,test_wallet_account_open_loading_time[wallet_load_user],test_wallet_account_first_open_ram_wallet_load,passed,744.29,744.29,744.29,1,744.29
,4acdfba962,2026-08-12T12:45:46,,test_wallet_repeat_open_loading_time[fresh_user],test_wallet_repeat_open_ram_fresh,passed,844.211,880.984,859.957,5,"858.066,854.041,862.484,880.984,844.211"
,4acdfba962,2026-08-12T12:45:46,,test_wallet_add_account_first_open_loading_time[wallet_load_user],test_wallet_add_account_first_open_ram_wallet_load,passed,740.818,740.818,740.818,1,740.818
,4acdfba962,2026-08-12T12:45:46,,test_wallet_add_account_loading_time[wallet_load_user],test_wallet_add_account_ram_wallet_load,passed,729.904,742.617,738.411,5,"736.057,729.904,742.617,740.99,742.486"
,4acdfba962,2026-08-12T12:45:46,,test_wallet_send_first_open_loading_time[fresh_user],test_wallet_send_first_open_ram_fresh,passed,830.389,830.389,830.389,1,830.389
,4acdfba962,2026-08-12T12:45:46,,test_wallet_send_loading_time[fresh_user],test_wallet_send_ram_fresh,passed,810.959,840.701,832.308,5,"834.023,837.16,838.695,840.701,810.959"
,4acdfba962,2026-08-12T12:45:46,,test_wallet_first_open_loading_time[wallet_load_alex_user],test_wallet_first_open_ram_wallet_load_alex,passed,764.744,764.744,764.744,1,764.744
,4acdfba962,2026-08-12T12:45:46,,test_wallet_assets_tab_first_open_loading_time[wallet_load_user],test_wallet_assets_tab_first_open_ram_wallet_load,passed,727.956,727.956,727.956,1,727.956
,4acdfba962,2026-08-12T12:45:46,,test_wallet_assets_tab_loading_time[wallet_load_user],test_wallet_assets_tab_ram_wallet_load,passed,750.777,766.599,758.169,5,"750.777,766.599,754.434,762.746,756.29"
,4acdfba962,2026-08-12T12:45:46,,test_wallet_assets_tab_first_open_loading_time[fresh_user],test_wallet_assets_tab_first_open_ram_fresh,passed,739.75,739.75,739.75,1,739.75
,4acdfba962,2026-08-12T12:45:46,,test_wallet_assets_tab_loading_time[fresh_user],test_wallet_assets_tab_ram_fresh,passed,785.82,841.59,810.254,5,"841.59,791.234,785.82,813.475,819.148"
,4acdfba962,2026-08-12T12:45:46,,test_wallet_collectibles_tab_first_open_loading_time[wallet_load_alex_user],test_wallet_collectibles_tab_first_open_ram_wallet_load_alex,passed,809.42,809.42,809.42,1,809.42
,4acdfba962,2026-08-12T12:45:46,,test_wallet_collectibles_tab_loading_time[wallet_load_alex_user],test_wallet_collectibles_tab_ram_wallet_load_alex,passed,1151.163,1172.834,1165.127,5,"1151.163,1164.045,1168.572,1169.023,1172.834"
,4acdfba962,2026-08-12T12:45:46,,test_wallet_account_open_loading_time[wallet_load_alex_user],test_wallet_account_first_open_ram_wallet_load_alex,passed,781.414,781.414,781.414,1,781.414
,4acdfba962,2026-08-12T12:45:46,,test_wallet_swap_first_open_loading_time[wallet_load_user],test_wallet_swap_first_open_ram_wallet_load,passed,757.398,757.398,757.398,1,757.398
,4acdfba962,2026-08-12T12:45:46,,test_wallet_swap_loading_time[wallet_load_user],test_wallet_swap_ram_wallet_load,passed,754.959,804.1,776.68,5,"761.586,754.959,775.449,787.305,804.1"
,4acdfba962,2026-08-12T12:45:46,,test_wallet_send_first_open_loading_time[wallet_load_alex_user],test_wallet_send_first_open_ram_wallet_load_alex,passed,828.111,828.111,828.111,1,828.111
,4acdfba962,2026-08-12T12:45:46,,test_wallet_send_loading_time[wallet_load_alex_user],test_wallet_send_ram_wallet_load_alex,passed,788.859,813.559,801.154,5,"788.859,801.363,805.264,813.559,796.723"
,4acdfba962,2026-08-12T12:45:46,,test_wallet_collectibles_tab_first_open_loading_time[fresh_user],test_wallet_collectibles_tab_first_open_ram_fresh,passed,752.18,752.18,752.18,1,752.18
,4acdfba962,2026-08-12T12:45:46,,test_wallet_collectibles_tab_loading_time[fresh_user],test_wallet_collectibles_tab_ram_fresh,passed,729.07,729.309,729.197,5,"729.07,729.129,729.227,729.25,729.309"
,4acdfba962,2026-08-12T12:45:46,,test_status_community_first_open_loading_time[user_data0-user_account0],test_status_community_first_open_ram_member,passed,757.103,757.103,757.103,1,757.103
,4acdfba962,2026-08-12T12:45:46,,test_wallet_receive_first_open_loading_time[wallet_load_user],test_wallet_receive_first_open_ram_wallet_load,passed,739.561,739.561,739.561,1,739.561
,4acdfba962,2026-08-12T12:45:46,,test_wallet_receive_loading_time[wallet_load_user],test_wallet_receive_ram_wallet_load,passed,716.682,727.553,720.761,5,"722.145,727.553,720.525,716.902,716.682"
,4acdfba962,2026-08-12T12:45:46,,test_wallet_account_open_loading_time[fresh_user],test_wallet_account_first_open_ram_fresh,passed,764.828,764.828,764.828,1,764.828
,4acdfba962,2026-08-12T12:45:46,,test_wallet_repeat_open_loading_time[wallet_load_alex_user],test_wallet_repeat_open_ram_wallet_load_alex,passed,805.982,873.842,853.613,5,"805.982,858.613,858.674,873.842,870.953"
,4acdfba962,2026-08-12T12:45:46,,test_wallet_repeat_open_loading_time[wallet_load_user],test_wallet_repeat_open_ram_wallet_load,passed,802.945,870.906,849.566,5,"802.945,870.906,859.27,847.357,867.352"
,4acdfba962,2026-08-12T12:45:46,,test_wallet_swap_first_open_loading_time[wallet_load_alex_user],test_wallet_swap_first_open_ram_wallet_load_alex,passed,755.082,755.082,755.082,1,755.082
,4acdfba962,2026-08-12T12:45:46,,test_wallet_swap_loading_time[wallet_load_alex_user],test_wallet_swap_ram_wallet_load_alex,passed,776.145,825.756,804.616,5,"776.145,798.594,807.398,815.188,825.756"
,4acdfba962,2026-08-12T12:45:46,,test_wallet_assets_tab_first_open_loading_time[wallet_load_alex_user],test_wallet_assets_tab_first_open_ram_wallet_load_alex,passed,779.859,779.859,779.859,1,779.859
,4acdfba962,2026-08-12T12:45:46,,test_wallet_assets_tab_loading_time[wallet_load_alex_user],test_wallet_assets_tab_ram_wallet_load_alex,passed,794.486,845.458,814.267,5,"811.518,816.059,845.458,803.814,794.486"
,4acdfba962,2026-08-12T12:45:46,,test_wallet_collectibles_tab_first_open_loading_time[wallet_load_user],test_wallet_collectibles_tab_first_open_ram_wallet_load,passed,757.036,757.036,757.036,1,757.036
,4acdfba962,2026-08-12T12:45:46,,test_wallet_collectibles_tab_loading_time[wallet_load_user],test_wallet_collectibles_tab_ram_wallet_load,passed,774.134,819.107,803.51,5,"774.134,802.439,811.594,819.107,810.275"
,4acdfba962,2026-08-12T12:45:46,,test_wallet_swap_first_open_loading_time[fresh_user],test_wallet_swap_first_open_ram_fresh,passed,765.992,765.992,765.992,1,765.992
,4acdfba962,2026-08-12T12:45:46,,test_wallet_swap_loading_time[fresh_user],test_wallet_swap_ram_fresh,passed,782.322,870.107,825.837,5,"782.322,792.555,831.545,852.656,870.107"
,4acdfba962,2026-08-12T12:45:46,,test_wallet_activity_tab_first_open_loading_time[wallet_load_user],test_wallet_activity_tab_first_open_ram_wallet_load,passed,788.725,788.725,788.725,1,788.725
,4acdfba962,2026-08-12T12:45:46,,test_wallet_activity_tab_loading_time[wallet_load_user],test_wallet_activity_tab_ram_wallet_load,passed,749.748,778.863,767.358,5,"749.748,758.629,772.361,777.188,778.863"
,4acdfba962,2026-08-12T12:45:46,,test_wallet_activity_tab_first_open_loading_time[wallet_load_alex_user],test_wallet_activity_tab_first_open_ram_wallet_load_alex,passed,791.676,791.676,791.676,1,791.676
,4acdfba962,2026-08-12T12:45:46,,test_wallet_activity_tab_loading_time[wallet_load_alex_user],test_wallet_activity_tab_ram_wallet_load_alex,passed,806.807,830.598,821.184,5,"814.957,806.807,830.598,824.357,829.203"
,4acdfba962,2026-08-12T12:45:46,,test_wallet_receive_first_open_loading_time[wallet_load_alex_user],test_wallet_receive_first_open_ram_wallet_load_alex,passed,775.652,775.652,775.652,1,775.652
,4acdfba962,2026-08-12T12:45:46,,test_wallet_receive_loading_time[wallet_load_alex_user],test_wallet_receive_ram_wallet_load_alex,passed,750.334,775.613,762.553,5,"764.729,775.613,763.176,750.334,758.914"
,8fddc0c46e,2026-08-13T05:28:37,,test_wallet_swap_first_open_loading_time[wallet_load_user],test_wallet_swap_first_open_ram_wallet_load,passed,772.176,772.176,772.176,1,772.176
,8fddc0c46e,2026-08-13T05:28:37,,test_wallet_swap_loading_time[wallet_load_user],test_wallet_swap_ram_wallet_load,passed,771.783,803.68,784.208,5,"771.783,774.91,780.543,790.125,803.68"
,8fddc0c46e,2026-08-13T05:28:37,,test_wallet_assets_tab_first_open_loading_time[wallet_load_alex_user],test_wallet_assets_tab_first_open_ram_wallet_load_alex,passed,776.716,776.716,776.716,1,776.716
,8fddc0c46e,2026-08-13T05:28:37,,test_wallet_assets_tab_loading_time[wallet_load_alex_user],test_wallet_assets_tab_ram_wallet_load_alex,passed,788.202,806.786,799.56,5,"801.229,806.786,788.202,796.815,804.77"
,8fddc0c46e,2026-08-13T05:28:37,,test_wallet_collectibles_tab_first_open_loading_time[wallet_load_alex_user],test_wallet_collectibles_tab_first_open_ram_wallet_load_alex,passed,793.779,793.779,793.779,1,793.779
,8fddc0c46e,2026-08-13T05:28:37,,test_wallet_collectibles_tab_loading_time[wallet_load_alex_user],test_wallet_collectibles_tab_ram_wallet_load_alex,passed,1057.756,1085.684,1075.311,5,"1057.756,1071.895,1078.885,1082.337,1085.684"
,8fddc0c46e,2026-08-13T05:28:37,,test_wallet_add_account_first_open_loading_time[wallet_load_user],test_wallet_add_account_first_open_ram_wallet_load,passed,828.705,828.705,828.705,1,828.705
,8fddc0c46e,2026-08-13T05:28:37,,test_wallet_add_account_loading_time[wallet_load_user],test_wallet_add_account_ram_wallet_load,passed,755.463,768.74,763.3,5,"766.77,755.463,768.74,759.156,766.369"
,8fddc0c46e,2026-08-13T05:28:37,,test_wallet_activity_tab_first_open_loading_time[fresh_user],test_wallet_activity_tab_first_open_ram_fresh,passed,740.598,740.598,740.598,1,740.598
,8fddc0c46e,2026-08-13T05:28:37,,test_wallet_activity_tab_loading_time[fresh_user],test_wallet_activity_tab_ram_fresh,passed,762.902,766.254,765.163,5,"762.902,765.016,765.418,766.227,766.254"
,8fddc0c46e,2026-08-13T05:28:37,,test_status_community_first_open_loading_time[user_data0-user_account0],test_status_community_first_open_ram_member,passed,781.88,781.88,781.88,1,781.88
,8fddc0c46e,2026-08-13T05:28:37,,test_wallet_activity_tab_first_open_loading_time[wallet_load_alex_user],test_wallet_activity_tab_first_open_ram_wallet_load_alex,passed,814.475,814.475,814.475,1,814.475
,8fddc0c46e,2026-08-13T05:28:37,,test_wallet_activity_tab_loading_time[wallet_load_alex_user],test_wallet_activity_tab_ram_wallet_load_alex,passed,806.084,818.283,811.739,5,"818.283,818.125,806.916,806.084,809.285"
,8fddc0c46e,2026-08-13T05:28:37,,test_wallet_swap_first_open_loading_time[wallet_load_alex_user],test_wallet_swap_first_open_ram_wallet_load_alex,passed,796.055,796.055,796.055,1,796.055
,8fddc0c46e,2026-08-13T05:28:37,,test_wallet_swap_loading_time[wallet_load_alex_user],test_wallet_swap_ram_wallet_load_alex,passed,796.691,820.992,808.348,5,"806.717,796.691,811.312,806.025,820.992"
,8fddc0c46e,2026-08-13T05:28:37,,test_wallet_add_account_first_open_loading_time[wallet_load_alex_user],test_wallet_add_account_first_open_ram_wallet_load_alex,passed,781.262,781.262,781.262,1,781.262
,8fddc0c46e,2026-08-13T05:28:37,,test_wallet_add_account_loading_time[wallet_load_alex_user],test_wallet_add_account_ram_wallet_load_alex,passed,776.426,795.889,786.518,5,"788.523,791.301,795.889,780.449,776.426"
,8fddc0c46e,2026-08-13T05:28:37,,test_wallet_collectibles_tab_first_open_loading_time[wallet_load_user],test_wallet_collectibles_tab_first_open_ram_wallet_load,passed,748.537,748.537,748.537,1,748.537
,8fddc0c46e,2026-08-13T05:28:37,,test_wallet_collectibles_tab_loading_time[wallet_load_user],test_wallet_collectibles_tab_ram_wallet_load,passed,739.766,746.68,742.299,5,"739.766,740.582,741.312,743.156,746.68"
,8fddc0c46e,2026-08-13T05:28:37,,test_wallet_receive_first_open_loading_time[fresh_user],test_wallet_receive_first_open_ram_fresh,passed,734.441,734.441,734.441,1,734.441
,8fddc0c46e,2026-08-13T05:28:37,,test_wallet_receive_loading_time[fresh_user],test_wallet_receive_ram_fresh,passed,770.107,779.607,773.258,5,"772.371,770.107,774.053,779.607,770.15"
,8fddc0c46e,2026-08-13T05:28:37,,test_wallet_first_open_loading_time[wallet_load_user],test_wallet_first_open_ram_wallet_load,passed,775.315,775.315,775.315,1,775.315
,8fddc0c46e,2026-08-13T05:28:37,,test_wallet_account_open_loading_time[fresh_user],test_wallet_account_first_open_ram_fresh,passed,783.941,783.941,783.941,1,783.941
,8fddc0c46e,2026-08-13T05:28:37,,test_wallet_activity_tab_first_open_loading_time[wallet_load_user],test_wallet_activity_tab_first_open_ram_wallet_load,passed,756.241,756.241,756.241,1,756.241
,8fddc0c46e,2026-08-13T05:28:37,,test_wallet_activity_tab_loading_time[wallet_load_user],test_wallet_activity_tab_ram_wallet_load,passed,767.434,792.85,782.082,5,"767.434,772.635,788.129,789.365,792.85"
,8fddc0c46e,2026-08-13T05:28:37,,test_wallet_first_open_loading_time[wallet_load_alex_user],test_wallet_first_open_ram_wallet_load_alex,passed,763.785,763.785,763.785,1,763.785
,8fddc0c46e,2026-08-13T05:28:37,,test_wallet_swap_first_open_loading_time[fresh_user],test_wallet_swap_first_open_ram_fresh,passed,797.971,797.971,797.971,1,797.971
,8fddc0c46e,2026-08-13T05:28:37,,test_wallet_swap_loading_time[fresh_user],test_wallet_swap_ram_fresh,passed,818.004,859.701,841.419,5,"829.148,850.395,849.848,859.701,818.004"
,8fddc0c46e,2026-08-13T05:28:37,,test_wallet_account_open_loading_time[wallet_load_alex_user],test_wallet_account_first_open_ram_wallet_load_alex,passed,767.373,767.373,767.373,1,767.373
,8fddc0c46e,2026-08-13T05:28:37,,test_wallet_first_open_loading_time[fresh_user],test_wallet_first_open_ram_fresh,passed,765.973,765.973,765.973,1,765.973
,8fddc0c46e,2026-08-13T05:28:37,,test_wallet_send_first_open_loading_time[wallet_load_alex_user],test_wallet_send_first_open_ram_wallet_load_alex,passed,769.816,769.816,769.816,1,769.816
,8fddc0c46e,2026-08-13T05:28:37,,test_wallet_send_loading_time[wallet_load_alex_user],test_wallet_send_ram_wallet_load_alex,passed,775.506,781.822,778.961,5,"781.822,781.727,777.963,777.785,775.506"
,8fddc0c46e,2026-08-13T05:28:37,,test_wallet_receive_first_open_loading_time[wallet_load_alex_user],test_wallet_receive_first_open_ram_wallet_load_alex,passed,772.794,772.794,772.794,1,772.794
,8fddc0c46e,2026-08-13T05:28:37,,test_wallet_receive_loading_time[wallet_load_alex_user],test_wallet_receive_ram_wallet_load_alex,passed,746.865,769.727,757.346,5,"769.727,766.604,750.662,746.865,752.871"
,8fddc0c46e,2026-08-13T05:28:37,,test_wallet_repeat_open_loading_time[wallet_load_user],test_wallet_repeat_open_ram_wallet_load,passed,758.045,903.693,859.167,5,"758.045,852.58,878.779,903.693,902.736"
,8fddc0c46e,2026-08-13T05:28:37,,test_wallet_send_first_open_loading_time[fresh_user],test_wallet_send_first_open_ram_fresh,passed,712.798,712.798,712.798,1,712.798
,8fddc0c46e,2026-08-13T05:28:37,,test_wallet_send_loading_time[fresh_user],test_wallet_send_ram_fresh,passed,738.902,748.609,743.849,5,"748.609,738.902,742.025,743.859,745.85"
,8fddc0c46e,2026-08-13T05:28:37,,test_wallet_collectibles_tab_first_open_loading_time[fresh_user],test_wallet_collectibles_tab_first_open_ram_fresh,passed,774.392,774.392,774.392,1,774.392
,8fddc0c46e,2026-08-13T05:28:37,,test_wallet_collectibles_tab_loading_time[fresh_user],test_wallet_collectibles_tab_ram_fresh,passed,751.289,754.539,752.716,5,"751.289,751.84,752.176,753.734,754.539"
,8fddc0c46e,2026-08-13T05:28:37,,test_wallet_repeat_open_loading_time[fresh_user],test_wallet_repeat_open_ram_fresh,passed,793.016,876.086,836.559,5,"860.24,819.566,833.889,793.016,876.086"
,8fddc0c46e,2026-08-13T05:28:37,,test_status_community_second_open_loading_time[user_data0-user_account0],test_status_community_second_open_ram_member,passed,888.093,955.653,916.56,5,"888.093,911.788,922.639,904.625,955.653"
,8fddc0c46e,2026-08-13T05:28:37,,test_wallet_assets_tab_first_open_loading_time[wallet_load_user],test_wallet_assets_tab_first_open_ram_wallet_load,passed,771.898,771.898,771.898,1,771.898
,8fddc0c46e,2026-08-13T05:28:37,,test_wallet_assets_tab_loading_time[wallet_load_user],test_wallet_assets_tab_ram_wallet_load,passed,733.51,766.042,755.082,5,"733.51,761.076,754.654,766.042,760.129"
,8fddc0c46e,2026-08-13T05:28:37,,test_wallet_repeat_open_loading_time[wallet_load_alex_user],test_wallet_repeat_open_ram_wallet_load_alex,passed,791.729,955.252,875.155,5,"791.729,840.242,896.936,891.615,955.252"
,8fddc0c46e,2026-08-13T05:28:37,,test_wallet_send_first_open_loading_time[wallet_load_user],test_wallet_send_first_open_ram_wallet_load,passed,777.529,777.529,777.529,1,777.529
,8fddc0c46e,2026-08-13T05:28:37,,test_wallet_send_loading_time[wallet_load_user],test_wallet_send_ram_wallet_load,passed,753.461,775.156,761.848,5,"758.766,753.461,754.09,775.156,767.77"
,8fddc0c46e,2026-08-13T05:28:37,,test_wallet_receive_first_open_loading_time[wallet_load_user],test_wallet_receive_first_open_ram_wallet_load,passed,734.181,734.181,734.181,1,734.181
,8fddc0c46e,2026-08-13T05:28:37,,test_wallet_receive_loading_time[wallet_load_user],test_wallet_receive_ram_wallet_load,passed,719.637,734.244,724.034,5,"734.244,719.637,720.836,722.643,722.809"
,8fddc0c46e,2026-08-13T05:28:37,,test_wallet_account_open_loading_time[wallet_load_user],test_wallet_account_first_open_ram_wallet_load,passed,778.553,778.553,778.553,1,778.553
,8fddc0c46e,2026-08-13T05:28:37,,test_wallet_add_account_first_open_loading_time[fresh_user],test_wallet_add_account_first_open_ram_fresh,passed,830.895,830.895,830.895,1,830.895
,8fddc0c46e,2026-08-13T05:28:37,,test_wallet_add_account_loading_time[fresh_user],test_wallet_add_account_ram_fresh,passed,792.143,851.799,809.982,5,"792.143,797.699,851.799,803.643,804.629"
,8fddc0c46e,2026-08-13T05:28:37,,test_wallet_assets_tab_first_open_loading_time[fresh_user],test_wallet_assets_tab_first_open_ram_fresh,passed,747.406,747.406,747.406,1,747.406
,8fddc0c46e,2026-08-13T05:28:37,,test_wallet_assets_tab_loading_time[fresh_user],test_wallet_assets_tab_ram_fresh,passed,778.434,845.375,794.558,5,"845.375,780.797,778.434,782.98,785.205"
,36ff7f1308,2026-08-13T16:12:48,,test_wallet_account_open_loading_time[wallet_load_alex_user],test_wallet_account_first_open_ram_wallet_load_alex,passed,807.797,807.797,807.797,1,807.797
,36ff7f1308,2026-08-13T16:12:48,,test_wallet_send_first_open_loading_time[wallet_load_user],test_wallet_send_first_open_ram_wallet_load,passed,782.6,782.6,782.6,1,782.6
,36ff7f1308,2026-08-13T16:12:48,,test_wallet_send_loading_time[wallet_load_user],test_wallet_send_ram_wallet_load,passed,756.615,769.613,762.253,5,"758.77,756.615,761.303,764.963,769.613"
,36ff7f1308,2026-08-13T16:12:48,,test_wallet_send_first_open_loading_time[fresh_user],test_wallet_send_first_open_ram_fresh,passed,831.955,831.955,831.955,1,831.955
,36ff7f1308,2026-08-13T16:12:48,,test_wallet_send_loading_time[fresh_user],test_wallet_send_ram_fresh,passed,777.625,801.418,789.52,5,"800.449,801.418,777.625,783.318,784.791"
,36ff7f1308,2026-08-13T16:12:48,,test_wallet_account_open_loading_time[wallet_load_user],test_wallet_account_first_open_ram_wallet_load,passed,759.758,759.758,759.758,1,759.758
,36ff7f1308,2026-08-13T16:12:48,,test_wallet_add_account_first_open_loading_time[fresh_user],test_wallet_add_account_first_open_ram_fresh,passed,671.5,671.5,671.5,1,671.5
,36ff7f1308,2026-08-13T16:12:48,,test_wallet_add_account_loading_time[fresh_user],test_wallet_add_account_ram_fresh,passed,679.803,732.119,718.823,5,"679.803,732.119,726.344,727.523,728.328"
,36ff7f1308,2026-08-13T16:12:48,,test_wallet_receive_first_open_loading_time[wallet_load_alex_user],test_wallet_receive_first_open_ram_wallet_load_alex,passed,788.785,788.785,788.785,1,788.785
,36ff7f1308,2026-08-13T16:12:48,,test_wallet_receive_loading_time[wallet_load_alex_user],test_wallet_receive_ram_wallet_load_alex,passed,763.016,781.281,774.311,5,"778.441,781.281,763.016,773.764,775.051"
,36ff7f1308,2026-08-13T16:12:48,,test_wallet_activity_tab_first_open_loading_time[fresh_user],test_wallet_activity_tab_first_open_ram_fresh,passed,664.693,664.693,664.693,1,664.693
,36ff7f1308,2026-08-13T16:12:48,,test_wallet_activity_tab_loading_time[fresh_user],test_wallet_activity_tab_ram_fresh,passed,658.492,680.781,668.438,5,"658.492,660.709,662.938,679.27,680.781"
,36ff7f1308,2026-08-13T16:12:48,,test_wallet_first_open_loading_time[wallet_load_user],test_wallet_first_open_ram_wallet_load,passed,734.057,734.057,734.057,1,734.057
,36ff7f1308,2026-08-13T16:12:48,,test_wallet_first_open_loading_time[fresh_user],test_wallet_first_open_ram_fresh,passed,683.59,683.59,683.59,1,683.59
,36ff7f1308,2026-08-13T16:12:48,,test_wallet_repeat_open_loading_time[wallet_load_user],test_wallet_repeat_open_ram_wallet_load,passed,845.273,913.314,879.891,5,"858.891,845.273,893.355,913.314,888.621"
,36ff7f1308,2026-08-13T16:12:48,,test_wallet_assets_tab_first_open_loading_time[fresh_user],test_wallet_assets_tab_first_open_ram_fresh,passed,787.16,787.16,787.16,1,787.16
,36ff7f1308,2026-08-13T16:12:48,,test_wallet_assets_tab_loading_time[fresh_user],test_wallet_assets_tab_ram_fresh,passed,798.408,853.594,822.457,5,"851.25,853.594,808.965,798.408,800.07"
,36ff7f1308,2026-08-13T16:12:48,,test_wallet_swap_first_open_loading_time[fresh_user],test_wallet_swap_first_open_ram_fresh,passed,672.893,672.893,672.893,1,672.893
,36ff7f1308,2026-08-13T16:12:48,,test_wallet_swap_loading_time[fresh_user],test_wallet_swap_ram_fresh,passed,693.797,755.16,726.747,5,"693.797,708.629,728.939,747.209,755.16"
,36ff7f1308,2026-08-13T16:12:48,,test_wallet_swap_first_open_loading_time[wallet_load_alex_user],test_wallet_swap_first_open_ram_wallet_load_alex,passed,766.482,766.482,766.482,1,766.482
,36ff7f1308,2026-08-13T16:12:48,,test_wallet_swap_loading_time[wallet_load_alex_user],test_wallet_swap_ram_wallet_load_alex,passed,786.764,841.854,814.724,5,"786.764,810.902,815.945,818.156,841.854"
,36ff7f1308,2026-08-13T16:12:48,,test_wallet_assets_tab_first_open_loading_time[wallet_load_alex_user],test_wallet_assets_tab_first_open_ram_wallet_load_alex,passed,802.184,802.184,802.184,1,802.184
,36ff7f1308,2026-08-13T16:12:48,,test_wallet_assets_tab_loading_time[wallet_load_alex_user],test_wallet_assets_tab_ram_wallet_load_alex,passed,796.113,827.164,811.0,5,"807.889,827.164,809.283,814.552,796.113"
,36ff7f1308,2026-08-13T16:12:48,,test_wallet_receive_first_open_loading_time[fresh_user],test_wallet_receive_first_open_ram_fresh,passed,690.137,690.137,690.137,1,690.137
,36ff7f1308,2026-08-13T16:12:48,,test_wallet_receive_loading_time[fresh_user],test_wallet_receive_ram_fresh,passed,694.902,785.127,739.608,5,"694.902,695.469,754.098,785.127,768.443"
,36ff7f1308,2026-08-13T16:12:48,,test_wallet_add_account_first_open_loading_time[wallet_load_alex_user],test_wallet_add_account_first_open_ram_wallet_load_alex,passed,819.859,819.859,819.859,1,819.859
,36ff7f1308,2026-08-13T16:12:48,,test_wallet_add_account_loading_time[wallet_load_alex_user],test_wallet_add_account_ram_wallet_load_alex,passed,803.01,831.074,812.195,5,"803.01,805.699,804.26,831.074,816.93"
,36ff7f1308,2026-08-13T16:12:48,,test_wallet_send_first_open_loading_time[wallet_load_alex_user],test_wallet_send_first_open_ram_wallet_load_alex,passed,780.419,780.419,780.419,1,780.419
,36ff7f1308,2026-08-13T16:12:48,,test_wallet_send_loading_time[wallet_load_alex_user],test_wallet_send_ram_wallet_load_alex,passed,766.604,780.336,772.903,5,"766.604,778.66,780.336,768.369,770.545"
,36ff7f1308,2026-08-13T16:12:48,,test_wallet_collectibles_tab_first_open_loading_time[wallet_load_user],test_wallet_collectibles_tab_first_open_ram_wallet_load,passed,774.461,774.461,774.461,1,774.461
,36ff7f1308,2026-08-13T16:12:48,,test_wallet_collectibles_tab_loading_time[wallet_load_user],test_wallet_collectibles_tab_ram_wallet_load,passed,772.316,777.332,774.25,5,"772.316,772.617,772.965,776.02,777.332"
,36ff7f1308,2026-08-13T16:12:48,,test_wallet_receive_first_open_loading_time[wallet_load_user],test_wallet_receive_first_open_ram_wallet_load,passed,759.934,759.934,759.934,1,759.934
,36ff7f1308,2026-08-13T16:12:48,,test_wallet_receive_loading_time[wallet_load_user],test_wallet_receive_ram_wallet_load,passed,734.881,746.967,742.511,5,"746.967,743.422,744.494,742.791,734.881"
,36ff7f1308,2026-08-13T16:12:48,,test_wallet_repeat_open_loading_time[fresh_user],test_wallet_repeat_open_ram_fresh,passed,796.898,824.447,816.694,5,"796.898,824.447,821.434,820.621,820.07"
,36ff7f1308,2026-08-13T16:12:48,,test_wallet_add_account_first_open_loading_time[wallet_load_user],test_wallet_add_account_first_open_ram_wallet_load,passed,795.924,795.924,795.924,1,795.924
,36ff7f1308,2026-08-13T16:12:48,,test_wallet_add_account_loading_time[wallet_load_user],test_wallet_add_account_ram_wallet_load,passed,791.506,834.842,808.143,5,"821.797,834.842,791.506,796.178,796.391"
,36ff7f1308,2026-08-13T16:12:48,,test_wallet_repeat_open_loading_time[wallet_load_alex_user],test_wallet_repeat_open_ram_wallet_load_alex,passed,814.994,914.676,870.602,5,"814.994,885.742,872.041,865.555,914.676"
,36ff7f1308,2026-08-13T16:12:48,,test_wallet_swap_first_open_loading_time[wallet_load_user],test_wallet_swap_first_open_ram_wallet_load,passed,808.139,808.139,808.139,1,808.139
,36ff7f1308,2026-08-13T16:12:48,,test_wallet_swap_loading_time[wallet_load_user],test_wallet_swap_ram_wallet_load,passed,790.434,829.715,805.256,5,"829.715,790.434,795.016,807.596,803.52"
,36ff7f1308,2026-08-13T16:12:48,,test_wallet_first_open_loading_time[wallet_load_alex_user],test_wallet_first_open_ram_wallet_load_alex,passed,775.787,775.787,775.787,1,775.787
,36ff7f1308,2026-08-13T16:12:48,,test_status_community_first_open_loading_time[user_data0-user_account0],test_status_community_first_open_ram_member,passed,820.144,820.144,820.144,1,820.144
,36ff7f1308,2026-08-13T16:12:48,,test_wallet_assets_tab_first_open_loading_time[wallet_load_user],test_wallet_assets_tab_first_open_ram_wallet_load,passed,773.166,773.166,773.166,1,773.166
,36ff7f1308,2026-08-13T16:12:48,,test_wallet_assets_tab_loading_time[wallet_load_user],test_wallet_assets_tab_ram_wallet_load,passed,782.931,798.526,789.598,5,"786.639,794.362,782.931,798.526,785.533"
,36ff7f1308,2026-08-13T16:12:48,,test_wallet_account_open_loading_time[fresh_user],test_wallet_account_first_open_ram_fresh,passed,675.727,675.727,675.727,1,675.727
,36ff7f1308,2026-08-13T16:12:48,,test_wallet_collectibles_tab_first_open_loading_time[fresh_user],test_wallet_collectibles_tab_first_open_ram_fresh,passed,826.804,826.804,826.804,1,826.804
,36ff7f1308,2026-08-13T16:12:48,,test_wallet_collectibles_tab_loading_time[fresh_user],test_wallet_collectibles_tab_ram_fresh,passed,770.148,772.117,771.363,5,"770.148,770.406,772.059,772.086,772.117"
,36ff7f1308,2026-08-13T16:12:48,,test_wallet_activity_tab_first_open_loading_time[wallet_load_alex_user],test_wallet_activity_tab_first_open_ram_wallet_load_alex,passed,810.547,810.547,810.547,1,810.547
,36ff7f1308,2026-08-13T16:12:48,,test_wallet_activity_tab_loading_time[wallet_load_alex_user],test_wallet_activity_tab_ram_wallet_load_alex,passed,821.732,832.656,826.008,5,"824.551,821.732,827.57,823.531,832.656"
,36ff7f1308,2026-08-13T16:12:48,,test_wallet_activity_tab_first_open_loading_time[wallet_load_user],test_wallet_activity_tab_first_open_ram_wallet_load,passed,765.561,765.561,765.561,1,765.561
,36ff7f1308,2026-08-13T16:12:48,,test_wallet_activity_tab_loading_time[wallet_load_user],test_wallet_activity_tab_ram_wallet_load,passed,761.506,786.213,774.219,5,"761.506,780.33,786.213,767.908,775.139"
,36ff7f1308,2026-08-13T16:12:48,,test_status_community_second_open_loading_time[user_data0-user_account0],test_status_community_second_open_ram_member,passed,826.887,909.459,859.824,5,"837.116,826.887,855.786,869.875,909.459"
,36ff7f1308,2026-08-13T16:12:48,,test_wallet_collectibles_tab_first_open_loading_time[wallet_load_alex_user],test_wallet_collectibles_tab_first_open_ram_wallet_load_alex,passed,829.105,829.105,829.105,1,829.105
,36ff7f1308,2026-08-13T16:12:48,,test_wallet_collectibles_tab_loading_time[wallet_load_alex_user],test_wallet_collectibles_tab_ram_wallet_load_alex,passed,1076.613,1100.912,1091.684,5,"1076.613,1085.348,1100.912,1096.385,1099.16"
,bd84c55138,2026-08-14T07:28:56,,test_wallet_send_first_open_loading_time[wallet_load_alex_user],test_wallet_send_first_open_ram_wallet_load_alex,passed,785.289,785.289,785.289,1,785.289
,bd84c55138,2026-08-14T07:28:56,,test_wallet_send_loading_time[wallet_load_alex_user],test_wallet_send_ram_wallet_load_alex,passed,781.816,844.926,798.532,5,"789.219,844.926,781.816,793.225,783.473"
,bd84c55138,2026-08-14T07:28:56,,test_wallet_receive_first_open_loading_time[wallet_load_user],test_wallet_receive_first_open_ram_wallet_load,passed,747.611,747.611,747.611,1,747.611
,bd84c55138,2026-08-14T07:28:56,,test_wallet_receive_loading_time[wallet_load_user],test_wallet_receive_ram_wallet_load,passed,729.963,741.906,734.844,5,"741.906,729.963,732.695,731.463,738.193"
,bd84c55138,2026-08-14T07:28:56,,test_status_community_first_open_loading_time[user_data0-user_account0],test_status_community_first_open_ram_member,passed,789.753,789.753,789.753,1,789.753
,bd84c55138,2026-08-14T07:28:56,,test_wallet_receive_first_open_loading_time[fresh_user],test_wallet_receive_first_open_ram_fresh,passed,702.736,702.736,702.736,1,702.736
,bd84c55138,2026-08-14T07:28:56,,test_wallet_receive_loading_time[fresh_user],test_wallet_receive_ram_fresh,passed,762.281,783.303,766.826,5,"762.281,762.857,783.303,763.371,762.316"
,bd84c55138,2026-08-14T07:28:56,,test_wallet_receive_first_open_loading_time[wallet_load_alex_user],test_wallet_receive_first_open_ram_wallet_load_alex,passed,759.949,759.949,759.949,1,759.949
,bd84c55138,2026-08-14T07:28:56,,test_wallet_receive_loading_time[wallet_load_alex_user],test_wallet_receive_ram_wallet_load_alex,passed,737.424,757.855,746.429,5,"750.865,757.855,737.424,738.637,747.363"
,bd84c55138,2026-08-14T07:28:56,,test_wallet_add_account_first_open_loading_time[wallet_load_user],test_wallet_add_account_first_open_ram_wallet_load,passed,757.379,757.379,757.379,1,757.379
,bd84c55138,2026-08-14T07:28:56,,test_wallet_add_account_loading_time[wallet_load_user],test_wallet_add_account_ram_wallet_load,passed,742.777,755.707,749.263,5,"750.742,742.777,754.303,742.787,755.707"
,bd84c55138,2026-08-14T07:28:56,,test_wallet_swap_first_open_loading_time[wallet_load_alex_user],test_wallet_swap_first_open_ram_wallet_load_alex,passed,836.107,836.107,836.107,1,836.107
,bd84c55138,2026-08-14T07:28:56,,test_wallet_swap_loading_time[wallet_load_alex_user],test_wallet_swap_ram_wallet_load_alex,passed,812.447,854.652,832.979,5,"829.863,812.447,822.998,844.936,854.652"
,bd84c55138,2026-08-14T07:28:56,,test_wallet_first_open_loading_time[wallet_load_alex_user],test_wallet_first_open_ram_wallet_load_alex,passed,789.703,789.703,789.703,1,789.703
,bd84c55138,2026-08-14T07:28:56,,test_wallet_assets_tab_first_open_loading_time[wallet_load_alex_user],test_wallet_assets_tab_first_open_ram_wallet_load_alex,passed,796.912,796.912,796.912,1,796.912
,bd84c55138,2026-08-14T07:28:56,,test_wallet_assets_tab_loading_time[wallet_load_alex_user],test_wallet_assets_tab_ram_wallet_load_alex,passed,795.75,829.74,815.922,5,"795.75,813.445,823.055,829.74,817.62"
,bd84c55138,2026-08-14T07:28:56,,test_wallet_activity_tab_first_open_loading_time[fresh_user],test_wallet_activity_tab_first_open_ram_fresh,passed,703.801,703.801,703.801,1,703.801
,bd84c55138,2026-08-14T07:28:56,,test_wallet_activity_tab_loading_time[fresh_user],test_wallet_activity_tab_ram_fresh,passed,735.191,877.814,803.164,5,"735.191,756.547,799.824,877.814,846.441"
,bd84c55138,2026-08-14T07:28:56,,test_wallet_add_account_first_open_loading_time[fresh_user],test_wallet_add_account_first_open_ram_fresh,passed,787.484,787.484,787.484,1,787.484
,bd84c55138,2026-08-14T07:28:56,,test_wallet_add_account_loading_time[fresh_user],test_wallet_add_account_ram_fresh,passed,793.51,860.348,822.485,5,"851.273,811.887,793.51,795.406,860.348"
,bd84c55138,2026-08-14T07:28:56,,test_wallet_activity_tab_first_open_loading_time[wallet_load_alex_user],test_wallet_activity_tab_first_open_ram_wallet_load_alex,passed,781.385,781.385,781.385,1,781.385
,bd84c55138,2026-08-14T07:28:56,,test_wallet_activity_tab_loading_time[wallet_load_alex_user],test_wallet_activity_tab_ram_wallet_load_alex,passed,805.654,838.592,823.578,5,"805.654,813.328,828.48,831.834,838.592"
,bd84c55138,2026-08-14T07:28:56,,test_wallet_first_open_loading_time[fresh_user],test_wallet_first_open_ram_fresh,passed,749.574,749.574,749.574,1,749.574
,bd84c55138,2026-08-14T07:28:56,,test_wallet_collectibles_tab_first_open_loading_time[wallet_load_user],test_wallet_collectibles_tab_first_open_ram_wallet_load,passed,744.092,744.092,744.092,1,744.092
,bd84c55138,2026-08-14T07:28:56,,test_wallet_collectibles_tab_loading_time[wallet_load_user],test_wallet_collectibles_tab_ram_wallet_load,passed,752.043,754.445,752.928,5,"752.043,752.281,752.914,752.957,754.445"
,bd84c55138,2026-08-14T07:28:56,,test_wallet_first_open_loading_time[wallet_load_user],test_wallet_first_open_ram_wallet_load,passed,768.67,768.67,768.67,1,768.67
,bd84c55138,2026-08-14T07:28:56,,test_wallet_collectibles_tab_first_open_loading_time[fresh_user],test_wallet_collectibles_tab_first_open_ram_fresh,passed,828.44,828.44,828.44,1,828.44
,bd84c55138,2026-08-14T07:28:56,,test_wallet_collectibles_tab_loading_time[fresh_user],test_wallet_collectibles_tab_ram_fresh,passed,782.711,784.988,784.162,5,"782.711,784.238,784.355,784.516,784.988"
,bd84c55138,2026-08-14T07:28:56,,test_wallet_account_open_loading_time[wallet_load_user],test_wallet_account_first_open_ram_wallet_load,passed,736.553,736.553,736.553,1,736.553
,bd84c55138,2026-08-14T07:28:56,,test_wallet_swap_first_open_loading_time[wallet_load_user],test_wallet_swap_first_open_ram_wallet_load,passed,744.069,744.069,744.069,1,744.069
,bd84c55138,2026-08-14T07:28:56,,test_wallet_swap_loading_time[wallet_load_user],test_wallet_swap_ram_wallet_load,passed,757.414,802.537,779.595,5,"757.414,774.299,778.781,784.941,802.537"
,bd84c55138,2026-08-14T07:28:56,,test_wallet_repeat_open_loading_time[wallet_load_user],test_wallet_repeat_open_ram_wallet_load,passed,854.346,950.219,893.667,5,"854.346,883.041,869.859,910.869,950.219"
,bd84c55138,2026-08-14T07:28:56,,test_wallet_send_first_open_loading_time[wallet_load_user],test_wallet_send_first_open_ram_wallet_load,passed,756.036,756.036,756.036,1,756.036
,bd84c55138,2026-08-14T07:28:56,,test_wallet_send_loading_time[wallet_load_user],test_wallet_send_ram_wallet_load,passed,754.525,778.977,767.886,5,"754.525,762.047,767.047,776.834,778.977"
,bd84c55138,2026-08-14T07:28:56,,test_wallet_swap_first_open_loading_time[fresh_user],test_wallet_swap_first_open_ram_fresh,passed,706.473,706.473,706.473,1,706.473
,bd84c55138,2026-08-14T07:28:56,,test_wallet_swap_loading_time[fresh_user],test_wallet_swap_ram_fresh,passed,779.207,806.73,788.891,5,"806.73,779.207,783.266,782.408,792.844"
,bd84c55138,2026-08-14T07:28:56,,test_wallet_account_open_loading_time[fresh_user],test_wallet_account_first_open_ram_fresh,passed,798.617,798.617,798.617,1,798.617
,bd84c55138,2026-08-14T07:28:56,,test_wallet_collectibles_tab_first_open_loading_time[wallet_load_alex_user],test_wallet_collectibles_tab_first_open_ram_wallet_load_alex,passed,806.313,806.313,806.313,1,806.313
,bd84c55138,2026-08-14T07:28:56,,test_wallet_collectibles_tab_loading_time[wallet_load_alex_user],test_wallet_collectibles_tab_ram_wallet_load_alex,passed,1029.15,1038.5,1033.887,5,"1029.15,1032.302,1033.626,1035.858,1038.5"
,bd84c55138,2026-08-14T07:28:56,,test_wallet_add_account_first_open_loading_time[wallet_load_alex_user],test_wallet_add_account_first_open_ram_wallet_load_alex,passed,858.867,858.867,858.867,1,858.867
,bd84c55138,2026-08-14T07:28:56,,test_wallet_add_account_loading_time[wallet_load_alex_user],test_wallet_add_account_ram_wallet_load_alex,passed,800.594,816.258,807.001,5,"800.594,809.242,803.379,816.258,805.531"
,bd84c55138,2026-08-14T07:28:56,,test_status_community_second_open_loading_time[user_data0-user_account0],test_status_community_second_open_ram_member,passed,882.123,936.453,906.638,5,"882.123,898.199,898.695,917.721,936.453"
,bd84c55138,2026-08-14T07:28:56,,test_wallet_repeat_open_loading_time[wallet_load_alex_user],test_wallet_repeat_open_ram_wallet_load_alex,passed,860.396,959.664,907.061,5,"860.396,879.27,924.219,911.756,959.664"
,bd84c55138,2026-08-14T07:28:56,,test_wallet_assets_tab_first_open_loading_time[wallet_load_user],test_wallet_assets_tab_first_open_ram_wallet_load,passed,770.385,770.385,770.385,1,770.385
,bd84c55138,2026-08-14T07:28:56,,test_wallet_assets_tab_loading_time[wallet_load_user],test_wallet_assets_tab_ram_wallet_load,passed,755.646,798.236,781.365,5,"755.646,777.725,783.341,791.876,798.236"
,bd84c55138,2026-08-14T07:28:56,,test_wallet_send_first_open_loading_time[fresh_user],test_wallet_send_first_open_ram_fresh,passed,872.525,872.525,872.525,1,872.525
,bd84c55138,2026-08-14T07:28:56,,test_wallet_send_loading_time[fresh_user],test_wallet_send_ram_fresh,passed,843.741,906.303,873.851,5,"868.693,873.314,877.201,906.303,843.741"
,bd84c55138,2026-08-14T07:28:56,,test_wallet_repeat_open_loading_time[fresh_user],test_wallet_repeat_open_ram_fresh,passed,819.752,882.021,850.532,5,"856.648,882.021,858.914,819.752,835.326"
,bd84c55138,2026-08-14T07:28:56,,test_wallet_assets_tab_first_open_loading_time[fresh_user],test_wallet_assets_tab_first_open_ram_fresh,passed,676.859,676.859,676.859,1,676.859
,bd84c55138,2026-08-14T07:28:56,,test_wallet_assets_tab_loading_time[fresh_user],test_wallet_assets_tab_ram_fresh,passed,713.791,780.402,761.954,5,"713.791,770.469,780.402,771.578,773.527"
,bd84c55138,2026-08-14T07:28:56,,test_wallet_activity_tab_first_open_loading_time[wallet_load_user],test_wallet_activity_tab_first_open_ram_wallet_load,passed,763.449,763.449,763.449,1,763.449
,bd84c55138,2026-08-14T07:28:56,,test_wallet_activity_tab_loading_time[wallet_load_user],test_wallet_activity_tab_ram_wallet_load,passed,766.781,793.586,779.447,5,"766.781,771.582,779.479,785.807,793.586"
,bd84c55138,2026-08-14T07:28:56,,test_wallet_account_open_loading_time[wallet_load_alex_user],test_wallet_account_first_open_ram_wallet_load_alex,passed,840.688,840.688,840.688,1,840.688
nightly-0f49c7a9da-362,0f49c7a9da,2026-08-15T08:40:54,2026-08-15T08:40:54|0f49c7a9da,test_wallet_swap_first_open_loading_time[fresh_user],test_wallet_swap_first_open_ram_fresh,passed,679.61484375,679.61484375,679.61484375,1,679.61484375
nightly-0f49c7a9da-362,0f49c7a9da,2026-08-15T08:40:54,2026-08-15T08:40:54|0f49c7a9da,test_wallet_swap_loading_time[fresh_user],test_wallet_swap_ram_fresh,passed,721.3671875,742.4296875,729.934765625,5,"721.994140625,726.55078125,742.4296875,721.3671875,737.33203125"
nightly-0f49c7a9da-362,0f49c7a9da,2026-08-15T08:40:54,2026-08-15T08:40:54|0f49c7a9da,test_status_community_second_open_loading_time[user_data0-user_account0],test_status_community_second_open_ram_member,passed,890.8655598958334,947.3720703125,921.4875651041668,5,"890.8655598958334,910.4892578125,925.0582682291666,933.6526692708334,947.3720703125"
nightly-0f49c7a9da-362,0f49c7a9da,2026-08-15T08:40:54,2026-08-15T08:40:54|0f49c7a9da,test_wallet_account_open_loading_time[wallet_load_alex_user],test_wallet_account_first_open_ram_wallet_load_alex,passed,793.427734375,793.427734375,793.427734375,1,793.427734375
nightly-0f49c7a9da-362,0f49c7a9da,2026-08-15T08:40:54,2026-08-15T08:40:54|0f49c7a9da,test_wallet_account_open_loading_time[wallet_load_user],test_wallet_account_first_open_ram_wallet_load,passed,743.8072916666666,743.8072916666666,743.8072916666666,1,743.8072916666666
nightly-0f49c7a9da-362,0f49c7a9da,2026-08-15T08:40:54,2026-08-15T08:40:54|0f49c7a9da,test_wallet_send_first_open_loading_time[wallet_load_user],test_wallet_send_first_open_ram_wallet_load,passed,742.5859375,742.5859375,742.5859375,1,742.5859375
nightly-0f49c7a9da-362,0f49c7a9da,2026-08-15T08:40:54,2026-08-15T08:40:54|0f49c7a9da,test_wallet_send_loading_time[wallet_load_user],test_wallet_send_ram_wallet_load,passed,748.408203125,767.521484375,756.996875,5,"748.408203125,751.755859375,753.2890625,764.009765625,767.521484375"
nightly-0f49c7a9da-362,0f49c7a9da,2026-08-15T08:40:54,2026-08-15T08:40:54|0f49c7a9da,test_wallet_swap_first_open_loading_time[wallet_load_alex_user],test_wallet_swap_first_open_ram_wallet_load_alex,passed,791.46875,791.46875,791.46875,1,791.46875
nightly-0f49c7a9da-362,0f49c7a9da,2026-08-15T08:40:54,2026-08-15T08:40:54|0f49c7a9da,test_wallet_swap_loading_time[wallet_load_alex_user],test_wallet_swap_ram_wallet_load_alex,passed,833.693359375,849.564453125,841.884765625,5,"833.693359375,839.150390625,839.23046875,849.564453125,847.78515625"
nightly-0f49c7a9da-362,0f49c7a9da,2026-08-15T08:40:54,2026-08-15T08:40:54|0f49c7a9da,test_wallet_add_account_first_open_loading_time[wallet_load_alex_user],test_wallet_add_account_first_open_ram_wallet_load_alex,passed,798.5104166666666,798.5104166666666,798.5104166666666,1,798.5104166666666
nightly-0f49c7a9da-362,0f49c7a9da,2026-08-15T08:40:54,2026-08-15T08:40:54|0f49c7a9da,test_wallet_add_account_loading_time[wallet_load_alex_user],test_wallet_add_account_ram_wallet_load_alex,passed,789.13671875,843.857421875,808.191796875,5,"811.435546875,843.857421875,804.841796875,789.13671875,791.6875"
nightly-0f49c7a9da-362,0f49c7a9da,2026-08-15T08:40:54,2026-08-15T08:40:54|0f49c7a9da,test_wallet_activity_tab_first_open_loading_time[wallet_load_alex_user],test_wallet_activity_tab_first_open_ram_wallet_load_alex,passed,845.1497395833334,845.1497395833334,845.1497395833334,1,845.1497395833334
nightly-0f49c7a9da-362,0f49c7a9da,2026-08-15T08:40:54,2026-08-15T08:40:54|0f49c7a9da,test_wallet_activity_tab_loading_time[wallet_load_alex_user],test_wallet_activity_tab_ram_wallet_load_alex,passed,812.42578125,837.927734375,824.42421875,5,"812.42578125,825.458984375,825.263671875,821.044921875,837.927734375"
nightly-0f49c7a9da-362,0f49c7a9da,2026-08-15T08:40:54,2026-08-15T08:40:54|0f49c7a9da,test_wallet_receive_first_open_loading_time[wallet_load_alex_user],test_wallet_receive_first_open_ram_wallet_load_alex,passed,783.234375,783.234375,783.234375,1,783.234375
nightly-0f49c7a9da-362,0f49c7a9da,2026-08-15T08:40:54,2026-08-15T08:40:54|0f49c7a9da,test_wallet_receive_loading_time[wallet_load_alex_user],test_wallet_receive_ram_wallet_load_alex,passed,759.291015625,781.771484375,769.594140625,5,"773.203125,781.771484375,771.2109375,759.291015625,762.494140625"
nightly-0f49c7a9da-362,0f49c7a9da,2026-08-15T08:40:54,2026-08-15T08:40:54|0f49c7a9da,test_wallet_assets_tab_first_open_loading_time[fresh_user],test_wallet_assets_tab_first_open_ram_fresh,passed,693.734375,693.734375,693.734375,1,693.734375
nightly-0f49c7a9da-362,0f49c7a9da,2026-08-15T08:40:54,2026-08-15T08:40:54|0f49c7a9da,test_wallet_assets_tab_loading_time[fresh_user],test_wallet_assets_tab_ram_fresh,passed,693.01953125,792.01953125,743.528515625,5,"693.01953125,693.12890625,753.953125,785.521484375,792.01953125"
nightly-0f49c7a9da-362,0f49c7a9da,2026-08-15T08:40:54,2026-08-15T08:40:54|0f49c7a9da,test_wallet_collectibles_tab_first_open_loading_time[fresh_user],test_wallet_collectibles_tab_first_open_ram_fresh,passed,665.03125,665.03125,665.03125,1,665.03125
nightly-0f49c7a9da-362,0f49c7a9da,2026-08-15T08:40:54,2026-08-15T08:40:54|0f49c7a9da,test_wallet_collectibles_tab_loading_time[fresh_user],test_wallet_collectibles_tab_ram_fresh,passed,663.62890625,725.88671875,687.36484375,5,"663.62890625,667.859375,668.6015625,710.84765625,725.88671875"
nightly-0f49c7a9da-362,0f49c7a9da,2026-08-15T08:40:54,2026-08-15T08:40:54|0f49c7a9da,test_wallet_receive_first_open_loading_time[fresh_user],test_wallet_receive_first_open_ram_fresh,passed,666.978515625,666.978515625,666.978515625,1,666.978515625
nightly-0f49c7a9da-362,0f49c7a9da,2026-08-15T08:40:54,2026-08-15T08:40:54|0f49c7a9da,test_wallet_receive_loading_time[fresh_user],test_wallet_receive_ram_fresh,passed,667.64453125,732.921875,702.02109375,5,"667.64453125,732.921875,702.130859375,703.30078125,704.107421875"
nightly-0f49c7a9da-362,0f49c7a9da,2026-08-15T08:40:54,2026-08-15T08:40:54|0f49c7a9da,test_wallet_account_open_loading_time[fresh_user],test_wallet_account_first_open_ram_fresh,passed,840.5625,840.5625,840.5625,1,840.5625
nightly-0f49c7a9da-362,0f49c7a9da,2026-08-15T08:40:54,2026-08-15T08:40:54|0f49c7a9da,test_wallet_first_open_loading_time[wallet_load_user],test_wallet_first_open_ram_wallet_load,passed,837.2109375,837.2109375,837.2109375,1,837.2109375
nightly-0f49c7a9da-362,0f49c7a9da,2026-08-15T08:40:54,2026-08-15T08:40:54|0f49c7a9da,test_wallet_activity_tab_first_open_loading_time[fresh_user],test_wallet_activity_tab_first_open_ram_fresh,passed,691.515625,691.515625,691.515625,1,691.515625
nightly-0f49c7a9da-362,0f49c7a9da,2026-08-15T08:40:54,2026-08-15T08:40:54|0f49c7a9da,test_wallet_activity_tab_loading_time[fresh_user],test_wallet_activity_tab_ram_fresh,passed,694.16015625,756.18359375,719.125,5,"694.953125,694.16015625,694.6484375,755.6796875,756.18359375"
nightly-0f49c7a9da-362,0f49c7a9da,2026-08-15T08:40:54,2026-08-15T08:40:54|0f49c7a9da,test_wallet_activity_tab_first_open_loading_time[wallet_load_user],test_wallet_activity_tab_first_open_ram_wallet_load,passed,822.669921875,822.669921875,822.669921875,1,822.669921875
nightly-0f49c7a9da-362,0f49c7a9da,2026-08-15T08:40:54,2026-08-15T08:40:54|0f49c7a9da,test_wallet_activity_tab_loading_time[wallet_load_user],test_wallet_activity_tab_ram_wallet_load,passed,774.21484375,787.73828125,782.7203125,5,"787.73828125,786.876953125,780.244140625,774.21484375,784.52734375"
nightly-0f49c7a9da-362,0f49c7a9da,2026-08-15T08:40:54,2026-08-15T08:40:54|0f49c7a9da,test_wallet_assets_tab_first_open_loading_time[wallet_load_user],test_wallet_assets_tab_first_open_ram_wallet_load,passed,755.314453125,755.314453125,755.314453125,1,755.314453125
nightly-0f49c7a9da-362,0f49c7a9da,2026-08-15T08:40:54,2026-08-15T08:40:54|0f49c7a9da,test_wallet_assets_tab_loading_time[wallet_load_user],test_wallet_assets_tab_ram_wallet_load,passed,742.8268229166666,749.25,747.0647135416666,5,"747.2526041666666,742.8268229166666,746.75390625,749.25,749.240234375"
nightly-0f49c7a9da-362,0f49c7a9da,2026-08-15T08:40:54,2026-08-15T08:40:54|0f49c7a9da,test_wallet_swap_first_open_loading_time[wallet_load_user],test_wallet_swap_first_open_ram_wallet_load,passed,760.09375,760.09375,760.09375,1,760.09375
nightly-0f49c7a9da-362,0f49c7a9da,2026-08-15T08:40:54,2026-08-15T08:40:54|0f49c7a9da,test_wallet_swap_loading_time[wallet_load_user],test_wallet_swap_ram_wallet_load,passed,791.509765625,825.322265625,808.304296875,5,"791.509765625,799.841796875,813.416015625,825.322265625,811.431640625"
nightly-0f49c7a9da-362,0f49c7a9da,2026-08-15T08:40:54,2026-08-15T08:40:54|0f49c7a9da,test_wallet_collectibles_tab_first_open_loading_time[wallet_load_user],test_wallet_collectibles_tab_first_open_ram_wallet_load,passed,765.25,765.25,765.25,1,765.25
nightly-0f49c7a9da-362,0f49c7a9da,2026-08-15T08:40:54,2026-08-15T08:40:54|0f49c7a9da,test_wallet_collectibles_tab_loading_time[wallet_load_user],test_wallet_collectibles_tab_ram_wallet_load,passed,727.3515625,749.33203125,736.9421875,5,"738.00390625,737.58203125,749.33203125,727.3515625,732.44140625"
nightly-0f49c7a9da-362,0f49c7a9da,2026-08-15T08:40:54,2026-08-15T08:40:54|0f49c7a9da,test_wallet_repeat_open_loading_time[fresh_user],test_wallet_repeat_open_ram_fresh,passed,770.60546875,848.01953125,798.387109375,5,"775.40625,792.84375,805.060546875,770.60546875,848.01953125"
nightly-0f49c7a9da-362,0f49c7a9da,2026-08-15T08:40:54,2026-08-15T08:40:54|0f49c7a9da,test_wallet_assets_tab_first_open_loading_time[wallet_load_alex_user],test_wallet_assets_tab_first_open_ram_wallet_load_alex,passed,784.1171875,784.1171875,784.1171875,1,784.1171875
nightly-0f49c7a9da-362,0f49c7a9da,2026-08-15T08:40:54,2026-08-15T08:40:54|0f49c7a9da,test_wallet_assets_tab_loading_time[wallet_load_alex_user],test_wallet_assets_tab_ram_wallet_load_alex,passed,779.044921875,795.171875,787.9998697916667,5,"789.83984375,795.171875,792.81640625,783.1263020833334,779.044921875"
nightly-0f49c7a9da-362,0f49c7a9da,2026-08-15T08:40:54,2026-08-15T08:40:54|0f49c7a9da,test_status_community_first_open_loading_time[user_data0-user_account0],test_status_community_first_open_ram_member,passed,798.121875,798.121875,798.121875,1,798.121875
nightly-0f49c7a9da-362,0f49c7a9da,2026-08-15T08:40:54,2026-08-15T08:40:54|0f49c7a9da,test_wallet_add_account_first_open_loading_time[wallet_load_user],test_wallet_add_account_first_open_ram_wallet_load,passed,782.337890625,782.337890625,782.337890625,1,782.337890625
nightly-0f49c7a9da-362,0f49c7a9da,2026-08-15T08:40:54,2026-08-15T08:40:54|0f49c7a9da,test_wallet_add_account_loading_time[wallet_load_user],test_wallet_add_account_ram_wallet_load,passed,760.31640625,764.638671875,761.940234375,5,"762.2734375,761.97265625,764.638671875,760.5,760.31640625"
nightly-0f49c7a9da-362,0f49c7a9da,2026-08-15T08:40:54,2026-08-15T08:40:54|0f49c7a9da,test_wallet_add_account_first_open_loading_time[fresh_user],test_wallet_add_account_first_open_ram_fresh,passed,699.93359375,699.93359375,699.93359375,1,699.93359375
nightly-0f49c7a9da-362,0f49c7a9da,2026-08-15T08:40:54,2026-08-15T08:40:54|0f49c7a9da,test_wallet_add_account_loading_time[fresh_user],test_wallet_add_account_ram_fresh,passed,756.2734375,779.30859375,764.05078125,5,"779.30859375,756.2734375,760.396484375,761.830078125,762.4453125"
nightly-0f49c7a9da-362,0f49c7a9da,2026-08-15T08:40:54,2026-08-15T08:40:54|0f49c7a9da,test_wallet_first_open_loading_time[fresh_user],test_wallet_first_open_ram_fresh,passed,782.96875,782.96875,782.96875,1,782.96875
nightly-0f49c7a9da-362,0f49c7a9da,2026-08-15T08:40:54,2026-08-15T08:40:54|0f49c7a9da,test_wallet_repeat_open_loading_time[wallet_load_user],test_wallet_repeat_open_ram_wallet_load,passed,777.76171875,930.8515625,875.146875,5,"777.76171875,852.7734375,884.2578125,930.08984375,930.8515625"
nightly-0f49c7a9da-362,0f49c7a9da,2026-08-15T08:40:54,2026-08-15T08:40:54|0f49c7a9da,test_wallet_receive_first_open_loading_time[wallet_load_user],test_wallet_receive_first_open_ram_wallet_load,passed,722.17578125,722.17578125,722.17578125,1,722.17578125
nightly-0f49c7a9da-362,0f49c7a9da,2026-08-15T08:40:54,2026-08-15T08:40:54|0f49c7a9da,test_wallet_receive_loading_time[wallet_load_user],test_wallet_receive_ram_wallet_load,passed,715.728515625,728.515625,722.46171875,5,"723.5625,727.578125,728.515625,716.923828125,715.728515625"
nightly-0f49c7a9da-362,0f49c7a9da,2026-08-15T08:40:54,2026-08-15T08:40:54|0f49c7a9da,test_wallet_first_open_loading_time[wallet_load_alex_user],test_wallet_first_open_ram_wallet_load_alex,passed,759.33984375,759.33984375,759.33984375,1,759.33984375
nightly-0f49c7a9da-362,0f49c7a9da,2026-08-15T08:40:54,2026-08-15T08:40:54|0f49c7a9da,test_wallet_send_first_open_loading_time[fresh_user],test_wallet_send_first_open_ram_fresh,passed,764.939453125,764.939453125,764.939453125,1,764.939453125
nightly-0f49c7a9da-362,0f49c7a9da,2026-08-15T08:40:54,2026-08-15T08:40:54|0f49c7a9da,test_wallet_send_loading_time[fresh_user],test_wallet_send_ram_fresh,passed,771.82421875,778.142578125,774.4109375,5,"771.82421875,772.2578125,774.2734375,775.556640625,778.142578125"
nightly-0f49c7a9da-362,0f49c7a9da,2026-08-15T08:40:54,2026-08-15T08:40:54|0f49c7a9da,test_wallet_send_first_open_loading_time[wallet_load_alex_user],test_wallet_send_first_open_ram_wallet_load_alex,passed,793.3046875,793.3046875,793.3046875,1,793.3046875
nightly-0f49c7a9da-362,0f49c7a9da,2026-08-15T08:40:54,2026-08-15T08:40:54|0f49c7a9da,test_wallet_send_loading_time[wallet_load_alex_user],test_wallet_send_ram_wallet_load_alex,passed,788.31640625,800.390625,792.430078125,5,"793.486328125,800.390625,788.31640625,789.283203125,790.673828125"
nightly-0f49c7a9da-362,0f49c7a9da,2026-08-15T08:40:54,2026-08-15T08:40:54|0f49c7a9da,test_wallet_repeat_open_loading_time[wallet_load_alex_user],test_wallet_repeat_open_ram_wallet_load_alex,passed,825.212890625,934.609375,894.683203125,5,"825.212890625,914.64453125,878.15625,934.609375,920.79296875"
nightly-0f49c7a9da-362,0f49c7a9da,2026-08-15T08:40:54,2026-08-15T08:40:54|0f49c7a9da,test_wallet_collectibles_tab_first_open_loading_time[wallet_load_alex_user],test_wallet_collectibles_tab_first_open_ram_wallet_load_alex,passed,795.9765625,795.9765625,795.9765625,1,795.9765625
nightly-0f49c7a9da-362,0f49c7a9da,2026-08-15T08:40:54,2026-08-15T08:40:54|0f49c7a9da,test_wallet_collectibles_tab_loading_time[wallet_load_alex_user],test_wallet_collectibles_tab_ram_wallet_load_alex,passed,790.58203125,797.640625,794.0328125,5,"797.640625,790.58203125,796.50390625,790.796875,794.640625"
nightly-27614460fb-363,27614460fb,2026-08-16T05:28:42,2026-08-16T05:28:42|27614460fb,test_wallet_swap_first_open_loading_time[fresh_user],test_wallet_swap_first_open_ram_fresh,passed,702.2662760416666,702.2662760416666,702.2662760416666,1,702.2662760416666
nightly-27614460fb-363,27614460fb,2026-08-16T05:28:42,2026-08-16T05:28:42|27614460fb,test_wallet_swap_loading_time[fresh_user],test_wallet_swap_ram_fresh,passed,751.4140625,797.03515625,767.38515625,5,"797.03515625,762.2578125,751.4140625,761.673828125,764.544921875"
nightly-27614460fb-363,27614460fb,2026-08-16T05:28:42,2026-08-16T05:28:42|27614460fb,test_status_community_second_open_loading_time[user_data0-user_account0],test_status_community_second_open_ram_member,passed,866.8427734375,949.2682291666666,905.3324869791668,5,"866.8427734375,892.9368489583334,920.3919270833334,897.22265625,949.2682291666666"
nightly-27614460fb-363,27614460fb,2026-08-16T05:28:42,2026-08-16T05:28:42|27614460fb,test_wallet_account_open_loading_time[wallet_load_alex_user],test_wallet_account_first_open_ram_wallet_load_alex,passed,784.259765625,784.259765625,784.259765625,1,784.259765625
nightly-27614460fb-363,27614460fb,2026-08-16T05:28:42,2026-08-16T05:28:42|27614460fb,test_wallet_account_open_loading_time[wallet_load_user],test_wallet_account_first_open_ram_wallet_load,passed,738.11328125,738.11328125,738.11328125,1,738.11328125
nightly-27614460fb-363,27614460fb,2026-08-16T05:28:42,2026-08-16T05:28:42|27614460fb,test_wallet_send_first_open_loading_time[wallet_load_user],test_wallet_send_first_open_ram_wallet_load,passed,803.53515625,803.53515625,803.53515625,1,803.53515625
nightly-27614460fb-363,27614460fb,2026-08-16T05:28:42,2026-08-16T05:28:42|27614460fb,test_wallet_send_loading_time[wallet_load_user],test_wallet_send_ram_wallet_load,passed,776.294921875,785.064453125,780.18984375,5,"778.21875,785.064453125,776.294921875,779.916015625,781.455078125"
nightly-27614460fb-363,27614460fb,2026-08-16T05:28:42,2026-08-16T05:28:42|27614460fb,test_wallet_swap_first_open_loading_time[wallet_load_alex_user],test_wallet_swap_first_open_ram_wallet_load_alex,passed,789.701171875,789.701171875,789.701171875,1,789.701171875
nightly-27614460fb-363,27614460fb,2026-08-16T05:28:42,2026-08-16T05:28:42|27614460fb,test_wallet_swap_loading_time[wallet_load_alex_user],test_wallet_swap_ram_wallet_load_alex,passed,811.361328125,857.826171875,827.28125,5,"811.361328125,828.939453125,857.826171875,817.818359375,820.4609375"
nightly-27614460fb-363,27614460fb,2026-08-16T05:28:42,2026-08-16T05:28:42|27614460fb,test_wallet_add_account_first_open_loading_time[wallet_load_alex_user],test_wallet_add_account_first_open_ram_wallet_load_alex,passed,785.591796875,785.591796875,785.591796875,1,785.591796875
nightly-27614460fb-363,27614460fb,2026-08-16T05:28:42,2026-08-16T05:28:42|27614460fb,test_wallet_add_account_loading_time[wallet_load_alex_user],test_wallet_add_account_ram_wallet_load_alex,passed,777.20703125,812.162109375,796.991796875,5,"794.7890625,794.748046875,806.052734375,812.162109375,777.20703125"
nightly-27614460fb-363,27614460fb,2026-08-16T05:28:42,2026-08-16T05:28:42|27614460fb,test_wallet_activity_tab_first_open_loading_time[wallet_load_alex_user],test_wallet_activity_tab_first_open_ram_wallet_load_alex,passed,771.29296875,771.29296875,771.29296875,1,771.29296875
nightly-27614460fb-363,27614460fb,2026-08-16T05:28:42,2026-08-16T05:28:42|27614460fb,test_wallet_activity_tab_loading_time[wallet_load_alex_user],test_wallet_activity_tab_ram_wallet_load_alex,passed,781.947265625,813.853515625,801.38671875,5,"781.947265625,794.51171875,809.810546875,813.853515625,806.810546875"
nightly-27614460fb-363,27614460fb,2026-08-16T05:28:42,2026-08-16T05:28:42|27614460fb,test_wallet_receive_first_open_loading_time[wallet_load_alex_user],test_wallet_receive_first_open_ram_wallet_load_alex,passed,790.99609375,790.99609375,790.99609375,1,790.99609375
nightly-27614460fb-363,27614460fb,2026-08-16T05:28:42,2026-08-16T05:28:42|27614460fb,test_wallet_receive_loading_time[wallet_load_alex_user],test_wallet_receive_ram_wallet_load_alex,passed,762.123046875,782.533203125,770.85078125,5,"776.998046875,782.533203125,762.123046875,762.833984375,769.765625"
nightly-27614460fb-363,27614460fb,2026-08-16T05:28:42,2026-08-16T05:28:42|27614460fb,test_wallet_assets_tab_first_open_loading_time[fresh_user],test_wallet_assets_tab_first_open_ram_fresh,passed,795.125,795.125,795.125,1,795.125
nightly-27614460fb-363,27614460fb,2026-08-16T05:28:42,2026-08-16T05:28:42|27614460fb,test_wallet_assets_tab_loading_time[fresh_user],test_wallet_assets_tab_ram_fresh,passed,803.44140625,858.6875,827.190625,5,"841.1171875,858.6875,823.296875,803.44140625,809.41015625"
nightly-27614460fb-363,27614460fb,2026-08-16T05:28:42,2026-08-16T05:28:42|27614460fb,test_wallet_collectibles_tab_first_open_loading_time[fresh_user],test_wallet_collectibles_tab_first_open_ram_fresh,passed,793.99609375,793.99609375,793.99609375,1,793.99609375
nightly-27614460fb-363,27614460fb,2026-08-16T05:28:42,2026-08-16T05:28:42|27614460fb,test_wallet_collectibles_tab_loading_time[fresh_user],test_wallet_collectibles_tab_ram_fresh,passed,719.73046875,757.3203125,730.42734375,5,"757.3203125,735.59375,719.73046875,719.734375,719.7578125"
nightly-27614460fb-363,27614460fb,2026-08-16T05:28:42,2026-08-16T05:28:42|27614460fb,test_wallet_receive_first_open_loading_time[fresh_user],test_wallet_receive_first_open_ram_fresh,passed,683.888671875,683.888671875,683.888671875,1,683.888671875
nightly-27614460fb-363,27614460fb,2026-08-16T05:28:42,2026-08-16T05:28:42|27614460fb,test_wallet_receive_loading_time[fresh_user],test_wallet_receive_ram_fresh,passed,730.21875,762.513671875,747.423828125,5,"740.783203125,730.21875,758.349609375,745.25390625,762.513671875"
nightly-27614460fb-363,27614460fb,2026-08-16T05:28:42,2026-08-16T05:28:42|27614460fb,test_wallet_account_open_loading_time[fresh_user],test_wallet_account_first_open_ram_fresh,passed,840.9609375,840.9609375,840.9609375,1,840.9609375
nightly-27614460fb-363,27614460fb,2026-08-16T05:28:42,2026-08-16T05:28:42|27614460fb,test_wallet_first_open_loading_time[wallet_load_user],test_wallet_first_open_ram_wallet_load,passed,861.27734375,861.27734375,861.27734375,1,861.27734375
nightly-27614460fb-363,27614460fb,2026-08-16T05:28:42,2026-08-16T05:28:42|27614460fb,test_wallet_activity_tab_first_open_loading_time[fresh_user],test_wallet_activity_tab_first_open_ram_fresh,passed,745.3203125,745.3203125,745.3203125,1,745.3203125
nightly-27614460fb-363,27614460fb,2026-08-16T05:28:42,2026-08-16T05:28:42|27614460fb,test_wallet_activity_tab_loading_time[fresh_user],test_wallet_activity_tab_ram_fresh,passed,771.537109375,849.31640625,814.73046875,5,"802.298828125,843.37890625,849.31640625,807.12109375,771.537109375"
nightly-27614460fb-363,27614460fb,2026-08-16T05:28:42,2026-08-16T05:28:42|27614460fb,test_wallet_activity_tab_first_open_loading_time[wallet_load_user],test_wallet_activity_tab_first_open_ram_wallet_load,passed,750.529296875,750.529296875,750.529296875,1,750.529296875
nightly-27614460fb-363,27614460fb,2026-08-16T05:28:42,2026-08-16T05:28:42|27614460fb,test_wallet_activity_tab_loading_time[wallet_load_user],test_wallet_activity_tab_ram_wallet_load,passed,750.3138020833334,777.69140625,764.1088541666667,5,"750.3138020833334,760.130859375,777.69140625,759.1015625,773.306640625"
nightly-27614460fb-363,27614460fb,2026-08-16T05:28:42,2026-08-16T05:28:42|27614460fb,test_wallet_assets_tab_first_open_loading_time[wallet_load_user],test_wallet_assets_tab_first_open_ram_wallet_load,passed,738.0390625,738.0390625,738.0390625,1,738.0390625
nightly-27614460fb-363,27614460fb,2026-08-16T05:28:42,2026-08-16T05:28:42|27614460fb,test_wallet_assets_tab_loading_time[wallet_load_user],test_wallet_assets_tab_ram_wallet_load,passed,730.6484375,742.04296875,736.317578125,5,"742.04296875,730.6484375,736.966796875,737.126953125,734.802734375"
nightly-27614460fb-363,27614460fb,2026-08-16T05:28:42,2026-08-16T05:28:42|27614460fb,test_wallet_swap_first_open_loading_time[wallet_load_user],test_wallet_swap_first_open_ram_wallet_load,passed,751.8268229166666,751.8268229166666,751.8268229166666,1,751.8268229166666
nightly-27614460fb-363,27614460fb,2026-08-16T05:28:42,2026-08-16T05:28:42|27614460fb,test_wallet_swap_loading_time[wallet_load_user],test_wallet_swap_ram_wallet_load,passed,775.650390625,830.390625,803.983203125,5,"775.650390625,800.328125,807.69921875,805.84765625,830.390625"
nightly-27614460fb-363,27614460fb,2026-08-16T05:28:42,2026-08-16T05:28:42|27614460fb,test_wallet_collectibles_tab_first_open_loading_time[wallet_load_user],test_wallet_collectibles_tab_first_open_ram_wallet_load,passed,804.97265625,804.97265625,804.97265625,1,804.97265625
nightly-27614460fb-363,27614460fb,2026-08-16T05:28:42,2026-08-16T05:28:42|27614460fb,test_wallet_collectibles_tab_loading_time[wallet_load_user],test_wallet_collectibles_tab_ram_wallet_load,passed,759.5234375,782.2421875,766.18125,5,"782.2421875,764.7421875,761.828125,759.5234375,762.5703125"
nightly-27614460fb-363,27614460fb,2026-08-16T05:28:42,2026-08-16T05:28:42|27614460fb,test_wallet_repeat_open_loading_time[fresh_user],test_wallet_repeat_open_ram_fresh,passed,779.69140625,845.7890625,802.998046875,5,"801.724609375,781.8671875,805.91796875,779.69140625,845.7890625"
nightly-27614460fb-363,27614460fb,2026-08-16T05:28:42,2026-08-16T05:28:42|27614460fb,test_wallet_assets_tab_first_open_loading_time[wallet_load_alex_user],test_wallet_assets_tab_first_open_ram_wallet_load_alex,passed,800.677734375,800.677734375,800.677734375,1,800.677734375
nightly-27614460fb-363,27614460fb,2026-08-16T05:28:42,2026-08-16T05:28:42|27614460fb,test_wallet_assets_tab_loading_time[wallet_load_alex_user],test_wallet_assets_tab_ram_wallet_load_alex,passed,772.609375,806.009765625,788.846484375,5,"806.009765625,793.1432291666666,786.6380208333334,785.83203125,772.609375"
nightly-27614460fb-363,27614460fb,2026-08-16T05:28:42,2026-08-16T05:28:42|27614460fb,test_status_community_first_open_loading_time[user_data0-user_account0],test_status_community_first_open_ram_member,passed,772.466015625,772.466015625,772.466015625,1,772.466015625
nightly-27614460fb-363,27614460fb,2026-08-16T05:28:42,2026-08-16T05:28:42|27614460fb,test_wallet_add_account_first_open_loading_time[wallet_load_user],test_wallet_add_account_first_open_ram_wallet_load,passed,770.7265625,770.7265625,770.7265625,1,770.7265625
nightly-27614460fb-363,27614460fb,2026-08-16T05:28:42,2026-08-16T05:28:42|27614460fb,test_wallet_add_account_loading_time[wallet_load_user],test_wallet_add_account_ram_wallet_load,passed,747.34375,757.51171875,752.4125,5,"754.466796875,749.421875,747.34375,753.318359375,757.51171875"
nightly-27614460fb-363,27614460fb,2026-08-16T05:28:42,2026-08-16T05:28:42|27614460fb,test_wallet_add_account_first_open_loading_time[fresh_user],test_wallet_add_account_first_open_ram_fresh,passed,684.029296875,684.029296875,684.029296875,1,684.029296875
nightly-27614460fb-363,27614460fb,2026-08-16T05:28:42,2026-08-16T05:28:42|27614460fb,test_wallet_add_account_loading_time[fresh_user],test_wallet_add_account_ram_fresh,passed,724.28515625,750.15625,743.37265625,5,"724.28515625,745.32421875,747.923828125,749.173828125,750.15625"
nightly-27614460fb-363,27614460fb,2026-08-16T05:28:42,2026-08-16T05:28:42|27614460fb,test_wallet_first_open_loading_time[fresh_user],test_wallet_first_open_ram_fresh,passed,662.27734375,662.27734375,662.27734375,1,662.27734375
nightly-27614460fb-363,27614460fb,2026-08-16T05:28:42,2026-08-16T05:28:42|27614460fb,test_wallet_repeat_open_loading_time[wallet_load_user],test_wallet_repeat_open_ram_wallet_load,passed,814.669921875,945.90625,890.511328125,5,"814.669921875,881.390625,881.689453125,928.900390625,945.90625"
nightly-27614460fb-363,27614460fb,2026-08-16T05:28:42,2026-08-16T05:28:42|27614460fb,test_wallet_receive_first_open_loading_time[wallet_load_user],test_wallet_receive_first_open_ram_wallet_load,passed,732.337890625,732.337890625,732.337890625,1,732.337890625
nightly-27614460fb-363,27614460fb,2026-08-16T05:28:42,2026-08-16T05:28:42|27614460fb,test_wallet_receive_loading_time[wallet_load_user],test_wallet_receive_ram_wallet_load,passed,729.50390625,741.099609375,735.495703125,5,"729.50390625,735.810546875,741.099609375,736.349609375,734.71484375"
nightly-27614460fb-363,27614460fb,2026-08-16T05:28:42,2026-08-16T05:28:42|27614460fb,test_wallet_first_open_loading_time[wallet_load_alex_user],test_wallet_first_open_ram_wallet_load_alex,passed,842.0546875,842.0546875,842.0546875,1,842.0546875
nightly-27614460fb-363,27614460fb,2026-08-16T05:28:42,2026-08-16T05:28:42|27614460fb,test_wallet_send_first_open_loading_time[fresh_user],test_wallet_send_first_open_ram_fresh,passed,653.6623883928571,653.6623883928571,653.6623883928571,1,653.6623883928571
nightly-27614460fb-363,27614460fb,2026-08-16T05:28:42,2026-08-16T05:28:42|27614460fb,test_wallet_send_loading_time[fresh_user],test_wallet_send_ram_fresh,passed,661.16015625,819.587890625,746.9722098214286,5,"661.16015625,684.154296875,772.5368303571429,797.421875,819.587890625"
nightly-27614460fb-363,27614460fb,2026-08-16T05:28:42,2026-08-16T05:28:42|27614460fb,test_wallet_send_first_open_loading_time[wallet_load_alex_user],test_wallet_send_first_open_ram_wallet_load_alex,passed,841.5286458333334,841.5286458333334,841.5286458333334,1,841.5286458333334
nightly-27614460fb-363,27614460fb,2026-08-16T05:28:42,2026-08-16T05:28:42|27614460fb,test_wallet_send_loading_time[wallet_load_alex_user],test_wallet_send_ram_wallet_load_alex,passed,819.64453125,830.5703125,823.34765625,5,"830.5703125,820.181640625,826.294921875,820.046875,819.64453125"
nightly-27614460fb-363,27614460fb,2026-08-16T05:28:42,2026-08-16T05:28:42|27614460fb,test_wallet_repeat_open_loading_time[wallet_load_alex_user],test_wallet_repeat_open_ram_wallet_load_alex,passed,829.6171875,988.125,922.23984375,5,"829.6171875,905.421875,934.05859375,953.9765625,988.125"
nightly-27614460fb-363,27614460fb,2026-08-16T05:28:42,2026-08-16T05:28:42|27614460fb,test_wallet_collectibles_tab_first_open_loading_time[wallet_load_alex_user],test_wallet_collectibles_tab_first_open_ram_wallet_load_alex,passed,767.54296875,767.54296875,767.54296875,1,767.54296875
nightly-27614460fb-363,27614460fb,2026-08-16T05:28:42,2026-08-16T05:28:42|27614460fb,test_wallet_collectibles_tab_loading_time[wallet_load_alex_user],test_wallet_collectibles_tab_ram_wallet_load_alex,passed,761.44921875,774.6171875,766.340625,5,"761.44921875,762.5625,774.6171875,763.80078125,769.2734375"
nightly-27614460fb-364,27614460fb,2026-08-17T05:27:56,2026-08-17T05:27:56|27614460fb,test_wallet_swap_first_open_loading_time[fresh_user],test_wallet_swap_first_open_ram_fresh,passed,681.21953125,681.21953125,681.21953125,1,681.21953125
nightly-27614460fb-364,27614460fb,2026-08-17T05:27:56,2026-08-17T05:27:56|27614460fb,test_wallet_swap_loading_time[fresh_user],test_wallet_swap_ram_fresh,passed,709.744140625,796.6028645833334,772.4276041666667,5,"709.744140625,796.6028645833334,771.1171875,795.623046875,789.05078125"
nightly-27614460fb-364,27614460fb,2026-08-17T05:27:56,2026-08-17T05:27:56|27614460fb,test_status_community_second_open_loading_time[user_data0-user_account0],test_status_community_second_open_ram_member,passed,849.408203125,893.1266276041666,874.6557291666668,5,"849.408203125,871.0862630208334,893.1266276041666,876.1321614583334,883.525390625"
nightly-27614460fb-364,27614460fb,2026-08-17T05:27:56,2026-08-17T05:27:56|27614460fb,test_wallet_account_open_loading_time[wallet_load_alex_user],test_wallet_account_first_open_ram_wallet_load_alex,passed,787.853515625,787.853515625,787.853515625,1,787.853515625
nightly-27614460fb-364,27614460fb,2026-08-17T05:27:56,2026-08-17T05:27:56|27614460fb,test_wallet_account_open_loading_time[wallet_load_user],test_wallet_account_first_open_ram_wallet_load,passed,788.130859375,788.130859375,788.130859375,1,788.130859375
nightly-27614460fb-364,27614460fb,2026-08-17T05:27:56,2026-08-17T05:27:56|27614460fb,test_wallet_send_first_open_loading_time[wallet_load_user],test_wallet_send_first_open_ram_wallet_load,passed,768.40625,768.40625,768.40625,1,768.40625
nightly-27614460fb-364,27614460fb,2026-08-17T05:27:56,2026-08-17T05:27:56|27614460fb,test_wallet_send_loading_time[wallet_load_user],test_wallet_send_ram_wallet_load,passed,745.1796875,776.0078125,763.0967447916667,5,"745.1796875,759.72265625,767.623046875,766.9505208333334,776.0078125"
nightly-27614460fb-364,27614460fb,2026-08-17T05:27:56,2026-08-17T05:27:56|27614460fb,test_wallet_swap_first_open_loading_time[wallet_load_alex_user],test_wallet_swap_first_open_ram_wallet_load_alex,passed,800.37890625,800.37890625,800.37890625,1,800.37890625
nightly-27614460fb-364,27614460fb,2026-08-17T05:27:56,2026-08-17T05:27:56|27614460fb,test_wallet_swap_loading_time[wallet_load_alex_user],test_wallet_swap_ram_wallet_load_alex,passed,837.94921875,849.453125,843.5338541666667,5,"838.6302083333334,837.94921875,849.453125,848.34375,843.29296875"
nightly-27614460fb-364,27614460fb,2026-08-17T05:27:56,2026-08-17T05:27:56|27614460fb,test_wallet_add_account_first_open_loading_time[wallet_load_alex_user],test_wallet_add_account_first_open_ram_wallet_load_alex,passed,803.982421875,803.982421875,803.982421875,1,803.982421875
nightly-27614460fb-364,27614460fb,2026-08-17T05:27:56,2026-08-17T05:27:56|27614460fb,test_wallet_add_account_loading_time[wallet_load_alex_user],test_wallet_add_account_ram_wallet_load_alex,passed,788.107421875,841.638671875,803.95703125,5,"805.390625,841.638671875,792.578125,792.0703125,788.107421875"
nightly-27614460fb-364,27614460fb,2026-08-17T05:27:56,2026-08-17T05:27:56|27614460fb,test_wallet_activity_tab_first_open_loading_time[wallet_load_alex_user],test_wallet_activity_tab_first_open_ram_wallet_load_alex,passed,805.39453125,805.39453125,805.39453125,1,805.39453125
nightly-27614460fb-364,27614460fb,2026-08-17T05:27:56,2026-08-17T05:27:56|27614460fb,test_wallet_activity_tab_loading_time[wallet_load_alex_user],test_wallet_activity_tab_ram_wallet_load_alex,passed,811.43359375,828.375,820.606640625,5,"822.10546875,811.43359375,828.26171875,812.857421875,828.375"
nightly-27614460fb-364,27614460fb,2026-08-17T05:27:56,2026-08-17T05:27:56|27614460fb,test_wallet_receive_first_open_loading_time[wallet_load_alex_user],test_wallet_receive_first_open_ram_wallet_load_alex,passed,795.349609375,795.349609375,795.349609375,1,795.349609375
nightly-27614460fb-364,27614460fb,2026-08-17T05:27:56,2026-08-17T05:27:56|27614460fb,test_wallet_receive_loading_time[wallet_load_alex_user],test_wallet_receive_ram_wallet_load_alex,passed,768.84375,799.271484375,781.954296875,5,"799.271484375,785.908203125,785.544921875,768.84375,770.203125"
nightly-27614460fb-364,27614460fb,2026-08-17T05:27:56,2026-08-17T05:27:56|27614460fb,test_wallet_assets_tab_first_open_loading_time[fresh_user],test_wallet_assets_tab_first_open_ram_fresh,passed,685.36328125,685.36328125,685.36328125,1,685.36328125
nightly-27614460fb-364,27614460fb,2026-08-17T05:27:56,2026-08-17T05:27:56|27614460fb,test_wallet_assets_tab_loading_time[fresh_user],test_wallet_assets_tab_ram_fresh,passed,688.5390625,818.328125,761.87578125,5,"688.5390625,744.546875,744.44921875,813.515625,818.328125"
nightly-27614460fb-364,27614460fb,2026-08-17T05:27:56,2026-08-17T05:27:56|27614460fb,test_wallet_collectibles_tab_first_open_loading_time[fresh_user],test_wallet_collectibles_tab_first_open_ram_fresh,passed,765.80078125,765.80078125,765.80078125,1,765.80078125
nightly-27614460fb-364,27614460fb,2026-08-17T05:27:56,2026-08-17T05:27:56|27614460fb,test_wallet_collectibles_tab_loading_time[fresh_user],test_wallet_collectibles_tab_ram_fresh,passed,759.8046875,847.53515625,797.22109375,5,"759.8046875,847.53515625,830.1015625,788.390625,760.2734375"
nightly-27614460fb-364,27614460fb,2026-08-17T05:27:56,2026-08-17T05:27:56|27614460fb,test_wallet_receive_first_open_loading_time[fresh_user],test_wallet_receive_first_open_ram_fresh,passed,686.05078125,686.05078125,686.05078125,1,686.05078125
nightly-27614460fb-364,27614460fb,2026-08-17T05:27:56,2026-08-17T05:27:56|27614460fb,test_wallet_receive_loading_time[fresh_user],test_wallet_receive_ram_fresh,passed,712.26953125,732.65625,726.763671875,5,"712.26953125,724.337890625,732.26171875,732.29296875,732.65625"
nightly-27614460fb-364,27614460fb,2026-08-17T05:27:56,2026-08-17T05:27:56|27614460fb,test_wallet_account_open_loading_time[fresh_user],test_wallet_account_first_open_ram_fresh,passed,798.599609375,798.599609375,798.599609375,1,798.599609375
nightly-27614460fb-364,27614460fb,2026-08-17T05:27:56,2026-08-17T05:27:56|27614460fb,test_wallet_first_open_loading_time[wallet_load_user],test_wallet_first_open_ram_wallet_load,passed,776.943359375,776.943359375,776.943359375,1,776.943359375
nightly-27614460fb-364,27614460fb,2026-08-17T05:27:56,2026-08-17T05:27:56|27614460fb,test_wallet_activity_tab_first_open_loading_time[fresh_user],test_wallet_activity_tab_first_open_ram_fresh,passed,692.265625,692.265625,692.265625,1,692.265625
nightly-27614460fb-364,27614460fb,2026-08-17T05:27:56,2026-08-17T05:27:56|27614460fb,test_wallet_activity_tab_loading_time[fresh_user],test_wallet_activity_tab_ram_fresh,passed,693.515625,747.7421875,711.5296875,5,"693.515625,697.1328125,709.6015625,709.65625,747.7421875"
nightly-27614460fb-364,27614460fb,2026-08-17T05:27:56,2026-08-17T05:27:56|27614460fb,test_wallet_activity_tab_first_open_loading_time[wallet_load_user],test_wallet_activity_tab_first_open_ram_wallet_load,passed,801.955078125,801.955078125,801.955078125,1,801.955078125
nightly-27614460fb-364,27614460fb,2026-08-17T05:27:56,2026-08-17T05:27:56|27614460fb,test_wallet_activity_tab_loading_time[wallet_load_user],test_wallet_activity_tab_ram_wallet_load,passed,774.0546875,782.6796875,778.0109375,5,"774.0546875,782.6796875,779.97265625,776.73046875,776.6171875"
nightly-27614460fb-364,27614460fb,2026-08-17T05:27:56,2026-08-17T05:27:56|27614460fb,test_wallet_assets_tab_first_open_loading_time[wallet_load_user],test_wallet_assets_tab_first_open_ram_wallet_load,passed,784.76953125,784.76953125,784.76953125,1,784.76953125
nightly-27614460fb-364,27614460fb,2026-08-17T05:27:56,2026-08-17T05:27:56|27614460fb,test_wallet_assets_tab_loading_time[wallet_load_user],test_wallet_assets_tab_ram_wallet_load,passed,745.2799479166666,761.6484375,752.8821614583333,5,"761.6484375,745.2799479166666,746.091796875,756.779296875,754.611328125"
nightly-27614460fb-364,27614460fb,2026-08-17T05:27:56,2026-08-17T05:27:56|27614460fb,test_wallet_swap_first_open_loading_time[wallet_load_user],test_wallet_swap_first_open_ram_wallet_load,passed,740.748046875,740.748046875,740.748046875,1,740.748046875
nightly-27614460fb-364,27614460fb,2026-08-17T05:27:56,2026-08-17T05:27:56|27614460fb,test_wallet_swap_loading_time[wallet_load_user],test_wallet_swap_ram_wallet_load,passed,755.994140625,808.328125,773.3140625,5,"757.85546875,755.994140625,771.779296875,772.61328125,808.328125"
nightly-27614460fb-364,27614460fb,2026-08-17T05:27:56,2026-08-17T05:27:56|27614460fb,test_wallet_collectibles_tab_first_open_loading_time[wallet_load_user],test_wallet_collectibles_tab_first_open_ram_wallet_load,passed,827.953125,827.953125,827.953125,1,827.953125
nightly-27614460fb-364,27614460fb,2026-08-17T05:27:56,2026-08-17T05:27:56|27614460fb,test_wallet_collectibles_tab_loading_time[wallet_load_user],test_wallet_collectibles_tab_ram_wallet_load,passed,762.484375,812.875,780.7140625,5,"812.875,797.421875,762.953125,767.8359375,762.484375"
nightly-27614460fb-364,27614460fb,2026-08-17T05:27:56,2026-08-17T05:27:56|27614460fb,test_wallet_repeat_open_loading_time[fresh_user],test_wallet_repeat_open_ram_fresh,passed,812.35546875,869.48828125,834.44140625,5,"812.35546875,817.703125,815.6171875,857.04296875,869.48828125"
nightly-27614460fb-364,27614460fb,2026-08-17T05:27:56,2026-08-17T05:27:56|27614460fb,test_wallet_assets_tab_first_open_loading_time[wallet_load_alex_user],test_wallet_assets_tab_first_open_ram_wallet_load_alex,passed,854.9765625,854.9765625,854.9765625,1,854.9765625
nightly-27614460fb-364,27614460fb,2026-08-17T05:27:56,2026-08-17T05:27:56|27614460fb,test_wallet_assets_tab_loading_time[wallet_load_alex_user],test_wallet_assets_tab_ram_wallet_load_alex,passed,781.3190104166666,810.03515625,789.1381510416666,5,"810.03515625,786.0859375,781.3190104166666,785.150390625,783.1002604166666"
nightly-27614460fb-364,27614460fb,2026-08-17T05:27:56,2026-08-17T05:27:56|27614460fb,test_status_community_first_open_loading_time[user_data0-user_account0],test_status_community_first_open_ram_member,passed,767.8296875,767.8296875,767.8296875,1,767.8296875
nightly-27614460fb-364,27614460fb,2026-08-17T05:27:56,2026-08-17T05:27:56|27614460fb,test_wallet_add_account_first_open_loading_time[wallet_load_user],test_wallet_add_account_first_open_ram_wallet_load,passed,750.658203125,750.658203125,750.658203125,1,750.658203125
nightly-27614460fb-364,27614460fb,2026-08-17T05:27:56,2026-08-17T05:27:56|27614460fb,test_wallet_add_account_loading_time[wallet_load_user],test_wallet_add_account_ram_wallet_load,passed,743.08984375,780.859375,761.41875,5,"743.08984375,752.818359375,761.234375,769.091796875,780.859375"
nightly-27614460fb-364,27614460fb,2026-08-17T05:27:56,2026-08-17T05:27:56|27614460fb,test_wallet_add_account_first_open_loading_time[fresh_user],test_wallet_add_account_first_open_ram_fresh,passed,818.24609375,818.24609375,818.24609375,1,818.24609375
nightly-27614460fb-364,27614460fb,2026-08-17T05:27:56,2026-08-17T05:27:56|27614460fb,test_wallet_add_account_loading_time[fresh_user],test_wallet_add_account_ram_fresh,passed,779.70703125,796.73046875,786.937109375,5,"796.73046875,779.70703125,780.7578125,780.970703125,796.51953125"
nightly-27614460fb-364,27614460fb,2026-08-17T05:27:56,2026-08-17T05:27:56|27614460fb,test_wallet_first_open_loading_time[fresh_user],test_wallet_first_open_ram_fresh,passed,674.0,674.0,674.0,1,674.0
nightly-27614460fb-364,27614460fb,2026-08-17T05:27:56,2026-08-17T05:27:56|27614460fb,test_wallet_repeat_open_loading_time[wallet_load_user],test_wallet_repeat_open_ram_wallet_load,passed,838.90234375,913.615234375,873.3859375,5,"853.68359375,860.65625,838.90234375,913.615234375,900.072265625"
nightly-27614460fb-364,27614460fb,2026-08-17T05:27:56,2026-08-17T05:27:56|27614460fb,test_wallet_receive_first_open_loading_time[wallet_load_user],test_wallet_receive_first_open_ram_wallet_load,passed,727.9765625,727.9765625,727.9765625,1,727.9765625
nightly-27614460fb-364,27614460fb,2026-08-17T05:27:56,2026-08-17T05:27:56|27614460fb,test_wallet_receive_loading_time[wallet_load_user],test_wallet_receive_ram_wallet_load,passed,724.822265625,730.8125,727.9421875,5,"724.822265625,726.107421875,728.353515625,729.615234375,730.8125"
nightly-27614460fb-364,27614460fb,2026-08-17T05:27:56,2026-08-17T05:27:56|27614460fb,test_wallet_first_open_loading_time[wallet_load_alex_user],test_wallet_first_open_ram_wallet_load_alex,passed,779.58984375,779.58984375,779.58984375,1,779.58984375
nightly-27614460fb-364,27614460fb,2026-08-17T05:27:56,2026-08-17T05:27:56|27614460fb,test_wallet_send_first_open_loading_time[fresh_user],test_wallet_send_first_open_ram_fresh,passed,673.5140625,673.5140625,673.5140625,1,673.5140625
nightly-27614460fb-364,27614460fb,2026-08-17T05:27:56,2026-08-17T05:27:56|27614460fb,test_wallet_send_loading_time[fresh_user],test_wallet_send_ram_fresh,passed,695.578125,771.134765625,743.251171875,5,"695.578125,738.1328125,771.134765625,749.15234375,762.2578125"
nightly-27614460fb-364,27614460fb,2026-08-17T05:27:56,2026-08-17T05:27:56|27614460fb,test_wallet_send_first_open_loading_time[wallet_load_alex_user],test_wallet_send_first_open_ram_wallet_load_alex,passed,805.591796875,805.591796875,805.591796875,1,805.591796875
nightly-27614460fb-364,27614460fb,2026-08-17T05:27:56,2026-08-17T05:27:56|27614460fb,test_wallet_send_loading_time[wallet_load_alex_user],test_wallet_send_ram_wallet_load_alex,passed,784.26171875,791.748046875,789.1313802083333,5,"790.181640625,784.26171875,791.673828125,791.748046875,787.7916666666666"
nightly-27614460fb-364,27614460fb,2026-08-17T05:27:56,2026-08-17T05:27:56|27614460fb,test_wallet_repeat_open_loading_time[wallet_load_alex_user],test_wallet_repeat_open_ram_wallet_load_alex,passed,894.1640625,926.05078125,908.90625,5,"903.15234375,894.1640625,913.1640625,926.05078125,908.0"
nightly-27614460fb-364,27614460fb,2026-08-17T05:27:56,2026-08-17T05:27:56|27614460fb,test_wallet_collectibles_tab_first_open_loading_time[wallet_load_alex_user],test_wallet_collectibles_tab_first_open_ram_wallet_load_alex,passed,877.41015625,877.41015625,877.41015625,1,877.41015625
nightly-27614460fb-364,27614460fb,2026-08-17T05:27:56,2026-08-17T05:27:56|27614460fb,test_wallet_collectibles_tab_loading_time[wallet_load_alex_user],test_wallet_collectibles_tab_ram_wallet_load_alex,passed,806.9921875,855.20703125,822.6953125,5,"855.20703125,824.8203125,806.9921875,811.19921875,815.2578125"
nightly-e348b4caa8-365,e348b4caa8,2026-08-18T05:30:17,2026-08-18T05:30:17|e348b4caa8,test_wallet_swap_first_open_loading_time[fresh_user],test_wallet_swap_first_open_ram_fresh,passed,713.8255208333334,713.8255208333334,713.8255208333334,1,713.8255208333334
nightly-e348b4caa8-365,e348b4caa8,2026-08-18T05:30:17,2026-08-18T05:30:17|e348b4caa8,test_wallet_swap_loading_time[fresh_user],test_wallet_swap_ram_fresh,passed,783.39453125,831.501953125,805.03359375,5,"783.39453125,804.634765625,791.734375,813.90234375,831.501953125"
nightly-e348b4caa8-365,e348b4caa8,2026-08-18T05:30:17,2026-08-18T05:30:17|e348b4caa8,test_status_community_second_open_loading_time[user_data0-user_account0],test_status_community_second_open_ram_member,passed,860.5973307291666,906.4049479166666,888.23125,5,"860.5973307291666,881.0208333333334,895.2679036458334,897.865234375,906.4049479166666"
nightly-e348b4caa8-365,e348b4caa8,2026-08-18T05:30:17,2026-08-18T05:30:17|e348b4caa8,test_wallet_account_open_loading_time[wallet_load_alex_user],test_wallet_account_first_open_ram_wallet_load_alex,passed,808.990234375,808.990234375,808.990234375,1,808.990234375
nightly-e348b4caa8-365,e348b4caa8,2026-08-18T05:30:17,2026-08-18T05:30:17|e348b4caa8,test_wallet_account_open_loading_time[wallet_load_user],test_wallet_account_first_open_ram_wallet_load,passed,788.68359375,788.68359375,788.68359375,1,788.68359375
nightly-e348b4caa8-365,e348b4caa8,2026-08-18T05:30:17,2026-08-18T05:30:17|e348b4caa8,test_wallet_send_first_open_loading_time[wallet_load_user],test_wallet_send_first_open_ram_wallet_load,passed,754.85546875,754.85546875,754.85546875,1,754.85546875
nightly-e348b4caa8-365,e348b4caa8,2026-08-18T05:30:17,2026-08-18T05:30:17|e348b4caa8,test_wallet_send_loading_time[wallet_load_user],test_wallet_send_ram_wallet_load,passed,726.279296875,750.177734375,740.765625,5,"746.18359375,726.279296875,735.169921875,746.017578125,750.177734375"
nightly-e348b4caa8-365,e348b4caa8,2026-08-18T05:30:17,2026-08-18T05:30:17|e348b4caa8,test_wallet_swap_first_open_loading_time[wallet_load_alex_user],test_wallet_swap_first_open_ram_wallet_load_alex,passed,783.404296875,783.404296875,783.404296875,1,783.404296875
nightly-e348b4caa8-365,e348b4caa8,2026-08-18T05:30:17,2026-08-18T05:30:17|e348b4caa8,test_wallet_swap_loading_time[wallet_load_alex_user],test_wallet_swap_ram_wallet_load_alex,passed,816.73046875,845.29296875,835.947265625,5,"816.73046875,845.29296875,843.134765625,839.234375,835.34375"
nightly-e348b4caa8-365,e348b4caa8,2026-08-18T05:30:17,2026-08-18T05:30:17|e348b4caa8,test_wallet_add_account_first_open_loading_time[wallet_load_alex_user],test_wallet_add_account_first_open_ram_wallet_load_alex,passed,840.5364583333334,840.5364583333334,840.5364583333334,1,840.5364583333334
nightly-e348b4caa8-365,e348b4caa8,2026-08-18T05:30:17,2026-08-18T05:30:17|e348b4caa8,test_wallet_add_account_loading_time[wallet_load_alex_user],test_wallet_add_account_ram_wallet_load_alex,passed,792.1640625,829.640625,809.46953125,5,"792.1640625,803.76953125,829.640625,814.076171875,807.697265625"
nightly-e348b4caa8-365,e348b4caa8,2026-08-18T05:30:17,2026-08-18T05:30:17|e348b4caa8,test_wallet_activity_tab_first_open_loading_time[wallet_load_alex_user],test_wallet_activity_tab_first_open_ram_wallet_load_alex,passed,816.1302083333334,816.1302083333334,816.1302083333334,1,816.1302083333334
nightly-e348b4caa8-365,e348b4caa8,2026-08-18T05:30:17,2026-08-18T05:30:17|e348b4caa8,test_wallet_activity_tab_loading_time[wallet_load_alex_user],test_wallet_activity_tab_ram_wallet_load_alex,passed,812.271484375,835.8828125,830.10703125,5,"832.326171875,835.529296875,835.8828125,834.525390625,812.271484375"
nightly-e348b4caa8-365,e348b4caa8,2026-08-18T05:30:17,2026-08-18T05:30:17|e348b4caa8,test_wallet_receive_first_open_loading_time[wallet_load_alex_user],test_wallet_receive_first_open_ram_wallet_load_alex,passed,789.8180803571429,789.8180803571429,789.8180803571429,1,789.8180803571429
nightly-e348b4caa8-365,e348b4caa8,2026-08-18T05:30:17,2026-08-18T05:30:17|e348b4caa8,test_wallet_receive_loading_time[wallet_load_alex_user],test_wallet_receive_ram_wallet_load_alex,passed,763.9453125,779.642578125,771.822265625,5,"774.94921875,779.642578125,772.982421875,767.591796875,763.9453125"
nightly-e348b4caa8-365,e348b4caa8,2026-08-18T05:30:17,2026-08-18T05:30:17|e348b4caa8,test_wallet_assets_tab_first_open_loading_time[fresh_user],test_wallet_assets_tab_first_open_ram_fresh,passed,755.96484375,755.96484375,755.96484375,1,755.96484375
nightly-e348b4caa8-365,e348b4caa8,2026-08-18T05:30:17,2026-08-18T05:30:17|e348b4caa8,test_wallet_assets_tab_loading_time[fresh_user],test_wallet_assets_tab_ram_fresh,passed,704.88671875,796.6901041666666,749.3122395833333,5,"790.90625,796.6901041666666,742.74609375,711.33203125,704.88671875"
nightly-e348b4caa8-365,e348b4caa8,2026-08-18T05:30:17,2026-08-18T05:30:17|e348b4caa8,test_wallet_collectibles_tab_first_open_loading_time[fresh_user],test_wallet_collectibles_tab_first_open_ram_fresh,passed,673.26171875,673.26171875,673.26171875,1,673.26171875
nightly-e348b4caa8-365,e348b4caa8,2026-08-18T05:30:17,2026-08-18T05:30:17|e348b4caa8,test_wallet_collectibles_tab_loading_time[fresh_user],test_wallet_collectibles_tab_ram_fresh,passed,672.19140625,693.1640625,680.871875,5,"672.19140625,672.89453125,672.9609375,693.1484375,693.1640625"
nightly-e348b4caa8-365,e348b4caa8,2026-08-18T05:30:17,2026-08-18T05:30:17|e348b4caa8,test_wallet_receive_first_open_loading_time[fresh_user],test_wallet_receive_first_open_ram_fresh,passed,708.708984375,708.708984375,708.708984375,1,708.708984375
nightly-e348b4caa8-365,e348b4caa8,2026-08-18T05:30:17,2026-08-18T05:30:17|e348b4caa8,test_wallet_receive_loading_time[fresh_user],test_wallet_receive_ram_fresh,passed,742.681640625,800.140625,765.386328125,5,"742.681640625,800.140625,765.607421875,768.09375,750.408203125"
nightly-e348b4caa8-365,e348b4caa8,2026-08-18T05:30:17,2026-08-18T05:30:17|e348b4caa8,test_wallet_account_open_loading_time[fresh_user],test_wallet_account_first_open_ram_fresh,passed,797.0234375,797.0234375,797.0234375,1,797.0234375
nightly-e348b4caa8-365,e348b4caa8,2026-08-18T05:30:17,2026-08-18T05:30:17|e348b4caa8,test_wallet_first_open_loading_time[wallet_load_user],test_wallet_first_open_ram_wallet_load,passed,755.943359375,755.943359375,755.943359375,1,755.943359375
nightly-e348b4caa8-365,e348b4caa8,2026-08-18T05:30:17,2026-08-18T05:30:17|e348b4caa8,test_wallet_activity_tab_first_open_loading_time[fresh_user],test_wallet_activity_tab_first_open_ram_fresh,passed,675.6171875,675.6171875,675.6171875,1,675.6171875
nightly-e348b4caa8-365,e348b4caa8,2026-08-18T05:30:17,2026-08-18T05:30:17|e348b4caa8,test_wallet_activity_tab_loading_time[fresh_user],test_wallet_activity_tab_ram_fresh,passed,674.3984375,752.59375,703.63359375,5,"674.3984375,693.90234375,694.4140625,702.859375,752.59375"
nightly-e348b4caa8-365,e348b4caa8,2026-08-18T05:30:17,2026-08-18T05:30:17|e348b4caa8,test_wallet_activity_tab_first_open_loading_time[wallet_load_user],test_wallet_activity_tab_first_open_ram_wallet_load,passed,766.9609375,766.9609375,766.9609375,1,766.9609375
nightly-e348b4caa8-365,e348b4caa8,2026-08-18T05:30:17,2026-08-18T05:30:17|e348b4caa8,test_wallet_activity_tab_loading_time[wallet_load_user],test_wallet_activity_tab_ram_wallet_load,passed,776.9375,807.0078125,787.871875,5,"780.19921875,776.9375,807.0078125,780.55078125,794.6640625"
nightly-e348b4caa8-365,e348b4caa8,2026-08-18T05:30:17,2026-08-18T05:30:17|e348b4caa8,test_wallet_assets_tab_first_open_loading_time[wallet_load_user],test_wallet_assets_tab_first_open_ram_wallet_load,passed,749.2393973214286,749.2393973214286,749.2393973214286,1,749.2393973214286
nightly-e348b4caa8-365,e348b4caa8,2026-08-18T05:30:17,2026-08-18T05:30:17|e348b4caa8,test_wallet_assets_tab_loading_time[wallet_load_user],test_wallet_assets_tab_ram_wallet_load,passed,748.5755208333334,755.0130208333334,752.2067708333334,5,"749.951171875,748.5755208333334,753.580078125,755.0130208333334,753.9140625"
nightly-e348b4caa8-365,e348b4caa8,2026-08-18T05:30:17,2026-08-18T05:30:17|e348b4caa8,test_wallet_swap_first_open_loading_time[wallet_load_user],test_wallet_swap_first_open_ram_wallet_load,passed,741.455078125,741.455078125,741.455078125,1,741.455078125
nightly-e348b4caa8-365,e348b4caa8,2026-08-18T05:30:17,2026-08-18T05:30:17|e348b4caa8,test_wallet_swap_loading_time[wallet_load_user],test_wallet_swap_ram_wallet_load,passed,752.08203125,792.58984375,772.0109375,5,"752.08203125,768.826171875,772.1875,774.369140625,792.58984375"
nightly-e348b4caa8-365,e348b4caa8,2026-08-18T05:30:17,2026-08-18T05:30:17|e348b4caa8,test_wallet_collectibles_tab_first_open_loading_time[wallet_load_user],test_wallet_collectibles_tab_first_open_ram_wallet_load,passed,806.01171875,806.01171875,806.01171875,1,806.01171875
nightly-e348b4caa8-365,e348b4caa8,2026-08-18T05:30:17,2026-08-18T05:30:17|e348b4caa8,test_wallet_collectibles_tab_loading_time[wallet_load_user],test_wallet_collectibles_tab_ram_wallet_load,passed,758.86328125,784.54296875,766.3890625,5,"784.54296875,758.86328125,765.0546875,763.37109375,760.11328125"
nightly-e348b4caa8-365,e348b4caa8,2026-08-18T05:30:17,2026-08-18T05:30:17|e348b4caa8,test_wallet_repeat_open_loading_time[fresh_user],test_wallet_repeat_open_ram_fresh,passed,753.2265625,806.421875,773.47734375,5,"753.2265625,775.65234375,762.90234375,769.18359375,806.421875"
nightly-e348b4caa8-365,e348b4caa8,2026-08-18T05:30:17,2026-08-18T05:30:17|e348b4caa8,test_wallet_assets_tab_first_open_loading_time[wallet_load_alex_user],test_wallet_assets_tab_first_open_ram_wallet_load_alex,passed,790.421875,790.421875,790.421875,1,790.421875
nightly-e348b4caa8-365,e348b4caa8,2026-08-18T05:30:17,2026-08-18T05:30:17|e348b4caa8,test_wallet_assets_tab_loading_time[wallet_load_alex_user],test_wallet_assets_tab_ram_wallet_load_alex,passed,785.2018229166666,824.4596354166666,798.7841145833333,5,"789.6848958333334,824.4596354166666,805.49609375,789.078125,785.2018229166666"
nightly-e348b4caa8-365,e348b4caa8,2026-08-18T05:30:17,2026-08-18T05:30:17|e348b4caa8,test_status_community_first_open_loading_time[user_data0-user_account0],test_status_community_first_open_ram_member,passed,800.75625,800.75625,800.75625,1,800.75625
nightly-e348b4caa8-365,e348b4caa8,2026-08-18T05:30:17,2026-08-18T05:30:17|e348b4caa8,test_wallet_add_account_first_open_loading_time[wallet_load_user],test_wallet_add_account_first_open_ram_wallet_load,passed,791.939453125,791.939453125,791.939453125,1,791.939453125
nightly-e348b4caa8-365,e348b4caa8,2026-08-18T05:30:17,2026-08-18T05:30:17|e348b4caa8,test_wallet_add_account_loading_time[wallet_load_user],test_wallet_add_account_ram_wallet_load,passed,745.865234375,764.85546875,755.459765625,5,"764.85546875,753.814453125,745.865234375,751.8671875,760.896484375"
nightly-e348b4caa8-365,e348b4caa8,2026-08-18T05:30:17,2026-08-18T05:30:17|e348b4caa8,test_wallet_add_account_first_open_loading_time[fresh_user],test_wallet_add_account_first_open_ram_fresh,passed,785.509765625,785.509765625,785.509765625,1,785.509765625
nightly-e348b4caa8-365,e348b4caa8,2026-08-18T05:30:17,2026-08-18T05:30:17|e348b4caa8,test_wallet_add_account_loading_time[fresh_user],test_wallet_add_account_ram_fresh,passed,741.76953125,743.8203125,742.73046875,5,"741.76953125,742.203125,742.9140625,742.9453125,743.8203125"
nightly-e348b4caa8-365,e348b4caa8,2026-08-18T05:30:17,2026-08-18T05:30:17|e348b4caa8,test_wallet_first_open_loading_time[fresh_user],test_wallet_first_open_ram_fresh,passed,666.40625,666.40625,666.40625,1,666.40625
nightly-e348b4caa8-365,e348b4caa8,2026-08-18T05:30:17,2026-08-18T05:30:17|e348b4caa8,test_wallet_repeat_open_loading_time[wallet_load_user],test_wallet_repeat_open_ram_wallet_load,passed,848.634765625,946.033203125,890.335546875,5,"848.634765625,876.830078125,891.19921875,888.98046875,946.033203125"
nightly-e348b4caa8-365,e348b4caa8,2026-08-18T05:30:17,2026-08-18T05:30:17|e348b4caa8,test_wallet_receive_first_open_loading_time[wallet_load_user],test_wallet_receive_first_open_ram_wallet_load,passed,771.3665364583334,771.3665364583334,771.3665364583334,1,771.3665364583334
nightly-e348b4caa8-365,e348b4caa8,2026-08-18T05:30:17,2026-08-18T05:30:17|e348b4caa8,test_wallet_receive_loading_time[wallet_load_user],test_wallet_receive_ram_wallet_load,passed,733.6640625,753.978515625,741.588671875,5,"753.978515625,746.474609375,737.564453125,736.26171875,733.6640625"
nightly-e348b4caa8-365,e348b4caa8,2026-08-18T05:30:17,2026-08-18T05:30:17|e348b4caa8,test_wallet_first_open_loading_time[wallet_load_alex_user],test_wallet_first_open_ram_wallet_load_alex,passed,917.94140625,917.94140625,917.94140625,1,917.94140625
nightly-e348b4caa8-365,e348b4caa8,2026-08-18T05:30:17,2026-08-18T05:30:17|e348b4caa8,test_wallet_send_first_open_loading_time[fresh_user],test_wallet_send_first_open_ram_fresh,passed,740.6204427083334,740.6204427083334,740.6204427083334,1,740.6204427083334
nightly-e348b4caa8-365,e348b4caa8,2026-08-18T05:30:17,2026-08-18T05:30:17|e348b4caa8,test_wallet_send_loading_time[fresh_user],test_wallet_send_ram_fresh,passed,743.8203125,760.80078125,755.251953125,5,"743.8203125,751.69921875,759.5,760.439453125,760.80078125"
nightly-e348b4caa8-365,e348b4caa8,2026-08-18T05:30:17,2026-08-18T05:30:17|e348b4caa8,test_wallet_send_first_open_loading_time[wallet_load_alex_user],test_wallet_send_first_open_ram_wallet_load_alex,passed,810.4832589285714,810.4832589285714,810.4832589285714,1,810.4832589285714
nightly-e348b4caa8-365,e348b4caa8,2026-08-18T05:30:17,2026-08-18T05:30:17|e348b4caa8,test_wallet_send_loading_time[wallet_load_alex_user],test_wallet_send_ram_wallet_load_alex,passed,797.92578125,810.48046875,805.3652157738095,5,"809.0200892857143,810.48046875,810.2434895833334,797.92578125,799.15625"
nightly-e348b4caa8-365,e348b4caa8,2026-08-18T05:30:17,2026-08-18T05:30:17|e348b4caa8,test_wallet_repeat_open_loading_time[wallet_load_alex_user],test_wallet_repeat_open_ram_wallet_load_alex,passed,839.607421875,969.46484375,917.91953125,5,"839.607421875,914.9296875,969.46484375,926.23828125,939.357421875"
nightly-e348b4caa8-365,e348b4caa8,2026-08-18T05:30:17,2026-08-18T05:30:17|e348b4caa8,test_wallet_collectibles_tab_first_open_loading_time[wallet_load_alex_user],test_wallet_collectibles_tab_first_open_ram_wallet_load_alex,passed,823.8359375,823.8359375,823.8359375,1,823.8359375
nightly-e348b4caa8-365,e348b4caa8,2026-08-18T05:30:17,2026-08-18T05:30:17|e348b4caa8,test_wallet_collectibles_tab_loading_time[wallet_load_alex_user],test_wallet_collectibles_tab_ram_wallet_load_alex,passed,787.41015625,804.55859375,794.4171875,5,"787.41015625,791.125,804.55859375,796.8046875,792.1875"
nightly-be3c566e16-366,be3c566e16,2026-08-18T20:25:19,2026-08-18T20:25:19|be3c566e16,test_wallet_swap_first_open_loading_time[fresh_user],test_wallet_swap_first_open_ram_fresh,passed,802.8626302083334,802.8626302083334,802.8626302083334,1,802.8626302083334
nightly-be3c566e16-366,be3c566e16,2026-08-18T20:25:19,2026-08-18T20:25:19|be3c566e16,test_wallet_swap_loading_time[fresh_user],test_wallet_swap_ram_fresh,passed,832.51171875,861.33203125,847.12265625,5,"861.33203125,837.19921875,832.51171875,847.494140625,857.076171875"
nightly-be3c566e16-366,be3c566e16,2026-08-18T20:25:19,2026-08-18T20:25:19|be3c566e16,test_status_community_second_open_loading_time[user_data0-user_account0],test_status_community_second_open_ram_member,passed,892.0397135416666,911.5618489583334,902.9286221590908,5,"892.0397135416666,899.748046875,909.392578125,901.9009232954545,911.5618489583334"
nightly-be3c566e16-366,be3c566e16,2026-08-18T20:25:19,2026-08-18T20:25:19|be3c566e16,test_wallet_account_open_loading_time[wallet_load_alex_user],test_wallet_account_first_open_ram_wallet_load_alex,passed,762.521484375,762.521484375,762.521484375,1,762.521484375
nightly-be3c566e16-366,be3c566e16,2026-08-18T20:25:19,2026-08-18T20:25:19|be3c566e16,test_wallet_account_open_loading_time[wallet_load_user],test_wallet_account_first_open_ram_wallet_load,passed,760.583984375,760.583984375,760.583984375,1,760.583984375
nightly-be3c566e16-366,be3c566e16,2026-08-18T20:25:19,2026-08-18T20:25:19|be3c566e16,test_wallet_send_first_open_loading_time[wallet_load_user],test_wallet_send_first_open_ram_wallet_load,passed,737.7591145833334,737.7591145833334,737.7591145833334,1,737.7591145833334
nightly-be3c566e16-366,be3c566e16,2026-08-18T20:25:19,2026-08-18T20:25:19|be3c566e16,test_wallet_send_loading_time[wallet_load_user],test_wallet_send_ram_wallet_load,passed,724.78125,751.263671875,740.79765625,5,"724.78125,736.15234375,741.328125,750.462890625,751.263671875"
nightly-be3c566e16-366,be3c566e16,2026-08-18T20:25:19,2026-08-18T20:25:19|be3c566e16,test_wallet_swap_first_open_loading_time[wallet_load_alex_user],test_wallet_swap_first_open_ram_wallet_load_alex,passed,766.125,766.125,766.125,1,766.125
nightly-be3c566e16-366,be3c566e16,2026-08-18T20:25:19,2026-08-18T20:25:19|be3c566e16,test_wallet_swap_loading_time[wallet_load_alex_user],test_wallet_swap_ram_wallet_load_alex,passed,776.59765625,821.330078125,800.614453125,5,"798.791015625,800.703125,776.59765625,805.650390625,821.330078125"
nightly-be3c566e16-366,be3c566e16,2026-08-18T20:25:19,2026-08-18T20:25:19|be3c566e16,test_wallet_add_account_first_open_loading_time[wallet_load_alex_user],test_wallet_add_account_first_open_ram_wallet_load_alex,passed,812.966796875,812.966796875,812.966796875,1,812.966796875
nightly-be3c566e16-366,be3c566e16,2026-08-18T20:25:19,2026-08-18T20:25:19|be3c566e16,test_wallet_add_account_loading_time[wallet_load_alex_user],test_wallet_add_account_ram_wallet_load_alex,passed,784.6171875,817.8984375,799.6140625,5,"799.041015625,801.390625,784.6171875,817.8984375,795.123046875"
nightly-be3c566e16-366,be3c566e16,2026-08-18T20:25:19,2026-08-18T20:25:19|be3c566e16,test_wallet_activity_tab_first_open_loading_time[wallet_load_alex_user],test_wallet_activity_tab_first_open_ram_wallet_load_alex,passed,795.35546875,795.35546875,795.35546875,1,795.35546875
nightly-be3c566e16-366,be3c566e16,2026-08-18T20:25:19,2026-08-18T20:25:19|be3c566e16,test_wallet_activity_tab_loading_time[wallet_load_alex_user],test_wallet_activity_tab_ram_wallet_load_alex,passed,814.044921875,828.83203125,823.94296875,5,"822.783203125,814.044921875,828.83203125,828.484375,825.5703125"
nightly-be3c566e16-366,be3c566e16,2026-08-18T20:25:19,2026-08-18T20:25:19|be3c566e16,test_wallet_receive_first_open_loading_time[wallet_load_alex_user],test_wallet_receive_first_open_ram_wallet_load_alex,passed,795.443359375,795.443359375,795.443359375,1,795.443359375
nightly-be3c566e16-366,be3c566e16,2026-08-18T20:25:19,2026-08-18T20:25:19|be3c566e16,test_wallet_receive_loading_time[wallet_load_alex_user],test_wallet_receive_ram_wallet_load_alex,passed,766.87890625,825.32421875,799.769140625,5,"790.4140625,794.521484375,821.70703125,825.32421875,766.87890625"
nightly-be3c566e16-366,be3c566e16,2026-08-18T20:25:19,2026-08-18T20:25:19|be3c566e16,test_wallet_assets_tab_first_open_loading_time[fresh_user],test_wallet_assets_tab_first_open_ram_fresh,passed,778.794921875,778.794921875,778.794921875,1,778.794921875
nightly-be3c566e16-366,be3c566e16,2026-08-18T20:25:19,2026-08-18T20:25:19|be3c566e16,test_wallet_assets_tab_loading_time[fresh_user],test_wallet_assets_tab_ram_fresh,passed,789.1328125,860.140625,827.58125,5,"789.1328125,860.140625,826.31640625,831.17578125,831.140625"
nightly-be3c566e16-366,be3c566e16,2026-08-18T20:25:19,2026-08-18T20:25:19|be3c566e16,test_wallet_collectibles_tab_first_open_loading_time[fresh_user],test_wallet_collectibles_tab_first_open_ram_fresh,passed,666.5078125,666.5078125,666.5078125,1,666.5078125
nightly-be3c566e16-366,be3c566e16,2026-08-18T20:25:19,2026-08-18T20:25:19|be3c566e16,test_wallet_collectibles_tab_loading_time[fresh_user],test_wallet_collectibles_tab_ram_fresh,passed,665.34765625,678.96484375,668.35703125,5,"665.34765625,665.703125,665.8828125,665.88671875,678.96484375"
nightly-be3c566e16-366,be3c566e16,2026-08-18T20:25:19,2026-08-18T20:25:19|be3c566e16,test_wallet_receive_first_open_loading_time[fresh_user],test_wallet_receive_first_open_ram_fresh,passed,689.1875,689.1875,689.1875,1,689.1875
nightly-be3c566e16-366,be3c566e16,2026-08-18T20:25:19,2026-08-18T20:25:19|be3c566e16,test_wallet_receive_loading_time[fresh_user],test_wallet_receive_ram_fresh,passed,690.93359375,727.1529017857143,713.9122209821428,5,"690.93359375,726.123046875,703.6953125,727.1529017857143,721.65625"
nightly-be3c566e16-366,be3c566e16,2026-08-18T20:25:19,2026-08-18T20:25:19|be3c566e16,test_wallet_account_open_loading_time[fresh_user],test_wallet_account_first_open_ram_fresh,passed,807.79296875,807.79296875,807.79296875,1,807.79296875
nightly-be3c566e16-366,be3c566e16,2026-08-18T20:25:19,2026-08-18T20:25:19|be3c566e16,test_wallet_first_open_loading_time[wallet_load_user],test_wallet_first_open_ram_wallet_load,passed,869.8984375,869.8984375,869.8984375,1,869.8984375
nightly-be3c566e16-366,be3c566e16,2026-08-18T20:25:19,2026-08-18T20:25:19|be3c566e16,test_wallet_activity_tab_first_open_loading_time[fresh_user],test_wallet_activity_tab_first_open_ram_fresh,passed,691.33984375,691.33984375,691.33984375,1,691.33984375
nightly-be3c566e16-366,be3c566e16,2026-08-18T20:25:19,2026-08-18T20:25:19|be3c566e16,test_wallet_activity_tab_loading_time[fresh_user],test_wallet_activity_tab_ram_fresh,passed,689.99609375,707.1640625,694.0671875,5,"692.6875,689.99609375,690.0625,690.42578125,707.1640625"
nightly-be3c566e16-366,be3c566e16,2026-08-18T20:25:19,2026-08-18T20:25:19|be3c566e16,test_wallet_activity_tab_first_open_loading_time[wallet_load_user],test_wallet_activity_tab_first_open_ram_wallet_load,passed,744.953125,744.953125,744.953125,1,744.953125
nightly-be3c566e16-366,be3c566e16,2026-08-18T20:25:19,2026-08-18T20:25:19|be3c566e16,test_wallet_activity_tab_loading_time[wallet_load_user],test_wallet_activity_tab_ram_wallet_load,passed,762.595703125,792.11328125,780.26171875,5,"762.595703125,776.005859375,779.681640625,790.912109375,792.11328125"
nightly-be3c566e16-366,be3c566e16,2026-08-18T20:25:19,2026-08-18T20:25:19|be3c566e16,test_wallet_assets_tab_first_open_loading_time[wallet_load_user],test_wallet_assets_tab_first_open_ram_wallet_load,passed,815.53515625,815.53515625,815.53515625,1,815.53515625
nightly-be3c566e16-366,be3c566e16,2026-08-18T20:25:19,2026-08-18T20:25:19|be3c566e16,test_wallet_assets_tab_loading_time[wallet_load_user],test_wallet_assets_tab_ram_wallet_load,passed,756.404296875,820.48046875,778.9565104166667,5,"820.48046875,792.69921875,756.404296875,757.0911458333334,768.107421875"
nightly-be3c566e16-366,be3c566e16,2026-08-18T20:25:19,2026-08-18T20:25:19|be3c566e16,test_wallet_swap_first_open_loading_time[wallet_load_user],test_wallet_swap_first_open_ram_wallet_load,passed,810.77734375,810.77734375,810.77734375,1,810.77734375
nightly-be3c566e16-366,be3c566e16,2026-08-18T20:25:19,2026-08-18T20:25:19|be3c566e16,test_wallet_swap_loading_time[wallet_load_user],test_wallet_swap_ram_wallet_load,passed,783.03515625,802.162109375,791.798828125,5,"784.2265625,783.03515625,795.955078125,793.615234375,802.162109375"
nightly-be3c566e16-366,be3c566e16,2026-08-18T20:25:19,2026-08-18T20:25:19|be3c566e16,test_wallet_collectibles_tab_first_open_loading_time[wallet_load_user],test_wallet_collectibles_tab_first_open_ram_wallet_load,passed,761.546875,761.546875,761.546875,1,761.546875
nightly-be3c566e16-366,be3c566e16,2026-08-18T20:25:19,2026-08-18T20:25:19|be3c566e16,test_wallet_collectibles_tab_loading_time[wallet_load_user],test_wallet_collectibles_tab_ram_wallet_load,passed,734.85546875,751.40234375,745.6171875,5,"751.40234375,744.58203125,747.3203125,749.92578125,734.85546875"
nightly-be3c566e16-366,be3c566e16,2026-08-18T20:25:19,2026-08-18T20:25:19|be3c566e16,test_wallet_repeat_open_loading_time[fresh_user],test_wallet_repeat_open_ram_fresh,passed,707.783203125,833.796875,781.670703125,5,"707.783203125,798.73828125,783.67578125,784.359375,833.796875"
nightly-be3c566e16-366,be3c566e16,2026-08-18T20:25:19,2026-08-18T20:25:19|be3c566e16,test_wallet_assets_tab_first_open_loading_time[wallet_load_alex_user],test_wallet_assets_tab_first_open_ram_wallet_load_alex,passed,821.9149305555555,821.9149305555555,821.9149305555555,1,821.9149305555555
nightly-be3c566e16-366,be3c566e16,2026-08-18T20:25:19,2026-08-18T20:25:19|be3c566e16,test_wallet_assets_tab_loading_time[wallet_load_alex_user],test_wallet_assets_tab_ram_wallet_load_alex,passed,787.8645833333334,804.560546875,795.0832031250001,5,"787.8645833333334,796.98828125,804.560546875,791.2942708333334,794.7083333333334"
nightly-be3c566e16-366,be3c566e16,2026-08-18T20:25:19,2026-08-18T20:25:19|be3c566e16,test_status_community_first_open_loading_time[user_data0-user_account0],test_status_community_first_open_ram_member,passed,782.3732638888889,782.3732638888889,782.3732638888889,1,782.3732638888889
nightly-be3c566e16-366,be3c566e16,2026-08-18T20:25:19,2026-08-18T20:25:19|be3c566e16,test_wallet_add_account_first_open_loading_time[wallet_load_user],test_wallet_add_account_first_open_ram_wallet_load,passed,819.4453125,819.4453125,819.4453125,1,819.4453125
nightly-be3c566e16-366,be3c566e16,2026-08-18T20:25:19,2026-08-18T20:25:19|be3c566e16,test_wallet_add_account_loading_time[wallet_load_user],test_wallet_add_account_ram_wallet_load,passed,767.25,782.794921875,776.274609375,5,"780.0546875,767.25,770.529296875,780.744140625,782.794921875"
nightly-be3c566e16-366,be3c566e16,2026-08-18T20:25:19,2026-08-18T20:25:19|be3c566e16,test_wallet_add_account_first_open_loading_time[fresh_user],test_wallet_add_account_first_open_ram_fresh,passed,784.1171875,784.1171875,784.1171875,1,784.1171875
nightly-be3c566e16-366,be3c566e16,2026-08-18T20:25:19,2026-08-18T20:25:19|be3c566e16,test_wallet_add_account_loading_time[fresh_user],test_wallet_add_account_ram_fresh,passed,748.7421875,834.66015625,778.99296875,5,"834.66015625,767.3203125,769.298828125,774.943359375,748.7421875"
nightly-be3c566e16-366,be3c566e16,2026-08-18T20:25:19,2026-08-18T20:25:19|be3c566e16,test_wallet_first_open_loading_time[fresh_user],test_wallet_first_open_ram_fresh,passed,692.37890625,692.37890625,692.37890625,1,692.37890625
nightly-be3c566e16-366,be3c566e16,2026-08-18T20:25:19,2026-08-18T20:25:19|be3c566e16,test_wallet_repeat_open_loading_time[wallet_load_user],test_wallet_repeat_open_ram_wallet_load,passed,817.37109375,912.109375,869.678125,5,"847.21484375,879.77734375,891.91796875,817.37109375,912.109375"
nightly-be3c566e16-366,be3c566e16,2026-08-18T20:25:19,2026-08-18T20:25:19|be3c566e16,test_wallet_receive_first_open_loading_time[wallet_load_user],test_wallet_receive_first_open_ram_wallet_load,passed,732.6640625,732.6640625,732.6640625,1,732.6640625
nightly-be3c566e16-366,be3c566e16,2026-08-18T20:25:19,2026-08-18T20:25:19|be3c566e16,test_wallet_receive_loading_time[wallet_load_user],test_wallet_receive_ram_wallet_load,passed,720.666015625,735.05078125,726.665234375,5,"720.8359375,720.666015625,731.90234375,724.87109375,735.05078125"
nightly-be3c566e16-366,be3c566e16,2026-08-18T20:25:19,2026-08-18T20:25:19|be3c566e16,test_wallet_first_open_loading_time[wallet_load_alex_user],test_wallet_first_open_ram_wallet_load_alex,passed,847.05078125,847.05078125,847.05078125,1,847.05078125
nightly-be3c566e16-366,be3c566e16,2026-08-18T20:25:19,2026-08-18T20:25:19|be3c566e16,test_wallet_send_first_open_loading_time[fresh_user],test_wallet_send_first_open_ram_fresh,passed,758.2819010416666,758.2819010416666,758.2819010416666,1,758.2819010416666
nightly-be3c566e16-366,be3c566e16,2026-08-18T20:25:19,2026-08-18T20:25:19|be3c566e16,test_wallet_send_loading_time[fresh_user],test_wallet_send_ram_fresh,passed,692.1171875,699.8828125,696.641796875,5,"697.55078125,692.1171875,696.2265625,697.431640625,699.8828125"
nightly-be3c566e16-366,be3c566e16,2026-08-18T20:25:19,2026-08-18T20:25:19|be3c566e16,test_wallet_send_first_open_loading_time[wallet_load_alex_user],test_wallet_send_first_open_ram_wallet_load_alex,passed,770.806640625,770.806640625,770.806640625,1,770.806640625
nightly-be3c566e16-366,be3c566e16,2026-08-18T20:25:19,2026-08-18T20:25:19|be3c566e16,test_wallet_send_loading_time[wallet_load_alex_user],test_wallet_send_ram_wallet_load_alex,passed,766.12890625,784.966796875,777.027734375,5,"777.66015625,766.12890625,774.841796875,781.541015625,784.966796875"
nightly-be3c566e16-366,be3c566e16,2026-08-18T20:25:19,2026-08-18T20:25:19|be3c566e16,test_wallet_repeat_open_loading_time[wallet_load_alex_user],test_wallet_repeat_open_ram_wallet_load_alex,passed,824.064453125,974.72265625,905.58515625,5,"824.064453125,905.21484375,930.49609375,893.427734375,974.72265625"
nightly-be3c566e16-366,be3c566e16,2026-08-18T20:25:19,2026-08-18T20:25:19|be3c566e16,test_wallet_collectibles_tab_first_open_loading_time[wallet_load_alex_user],test_wallet_collectibles_tab_first_open_ram_wallet_load_alex,passed,780.29296875,780.29296875,780.29296875,1,780.29296875
nightly-be3c566e16-366,be3c566e16,2026-08-18T20:25:19,2026-08-18T20:25:19|be3c566e16,test_wallet_collectibles_tab_loading_time[wallet_load_alex_user],test_wallet_collectibles_tab_ram_wallet_load_alex,passed,776.58984375,789.30859375,783.18828125,5,"782.5078125,789.30859375,776.58984375,780.05859375,787.4765625"
nightly-6d4aa0faf8-367,6d4aa0faf8,2026-08-19T06:10:51,2026-08-19T06:10:51|6d4aa0faf8,test_wallet_swap_first_open_loading_time[fresh_user],test_wallet_swap_first_open_ram_fresh,passed,782.9810267857143,782.9810267857143,782.9810267857143,1,782.9810267857143
nightly-6d4aa0faf8-367,6d4aa0faf8,2026-08-19T06:10:51,2026-08-19T06:10:51|6d4aa0faf8,test_wallet_swap_loading_time[fresh_user],test_wallet_swap_ram_fresh,passed,760.73046875,822.798828125,778.960546875,5,"822.798828125,771.4921875,760.73046875,766.083984375,773.697265625"
nightly-6d4aa0faf8-367,6d4aa0faf8,2026-08-19T06:10:51,2026-08-19T06:10:51|6d4aa0faf8,test_status_community_second_open_loading_time[user_data0-user_account0],test_status_community_second_open_ram_member,passed,884.599609375,930.8831380208334,902.8145182291667,5,"886.4586588541666,884.599609375,893.39453125,918.7366536458334,930.8831380208334"
nightly-6d4aa0faf8-367,6d4aa0faf8,2026-08-19T06:10:51,2026-08-19T06:10:51|6d4aa0faf8,test_wallet_account_open_loading_time[wallet_load_alex_user],test_wallet_account_first_open_ram_wallet_load_alex,passed,773.5611979166666,773.5611979166666,773.5611979166666,1,773.5611979166666
nightly-6d4aa0faf8-367,6d4aa0faf8,2026-08-19T06:10:51,2026-08-19T06:10:51|6d4aa0faf8,test_wallet_account_open_loading_time[wallet_load_user],test_wallet_account_first_open_ram_wallet_load,passed,747.32265625,747.32265625,747.32265625,1,747.32265625
nightly-6d4aa0faf8-367,6d4aa0faf8,2026-08-19T06:10:51,2026-08-19T06:10:51|6d4aa0faf8,test_wallet_send_first_open_loading_time[wallet_load_user],test_wallet_send_first_open_ram_wallet_load,passed,771.0592447916666,771.0592447916666,771.0592447916666,1,771.0592447916666
nightly-6d4aa0faf8-367,6d4aa0faf8,2026-08-19T06:10:51,2026-08-19T06:10:51|6d4aa0faf8,test_wallet_send_loading_time[wallet_load_user],test_wallet_send_ram_wallet_load,passed,741.330078125,769.060546875,755.689453125,5,"741.330078125,763.236328125,747.609375,757.2109375,769.060546875"
nightly-6d4aa0faf8-367,6d4aa0faf8,2026-08-19T06:10:51,2026-08-19T06:10:51|6d4aa0faf8,test_wallet_swap_first_open_loading_time[wallet_load_alex_user],test_wallet_swap_first_open_ram_wallet_load_alex,passed,860.5299479166666,860.5299479166666,860.5299479166666,1,860.5299479166666
nightly-6d4aa0faf8-367,6d4aa0faf8,2026-08-19T06:10:51,2026-08-19T06:10:51|6d4aa0faf8,test_wallet_swap_loading_time[wallet_load_alex_user],test_wallet_swap_ram_wallet_load_alex,passed,822.595703125,847.783203125,838.646484375,5,"822.595703125,840.23828125,847.783203125,838.40234375,844.212890625"
nightly-6d4aa0faf8-367,6d4aa0faf8,2026-08-19T06:10:51,2026-08-19T06:10:51|6d4aa0faf8,test_wallet_add_account_first_open_loading_time[wallet_load_alex_user],test_wallet_add_account_first_open_ram_wallet_load_alex,passed,828.177734375,828.177734375,828.177734375,1,828.177734375
nightly-6d4aa0faf8-367,6d4aa0faf8,2026-08-19T06:10:51,2026-08-19T06:10:51|6d4aa0faf8,test_wallet_add_account_loading_time[wallet_load_alex_user],test_wallet_add_account_ram_wallet_load_alex,passed,777.7578125,799.84765625,793.40703125,5,"799.591796875,792.599609375,799.84765625,797.23828125,777.7578125"
nightly-6d4aa0faf8-367,6d4aa0faf8,2026-08-19T06:10:51,2026-08-19T06:10:51|6d4aa0faf8,test_wallet_activity_tab_first_open_loading_time[wallet_load_alex_user],test_wallet_activity_tab_first_open_ram_wallet_load_alex,passed,781.578125,781.578125,781.578125,1,781.578125
nightly-6d4aa0faf8-367,6d4aa0faf8,2026-08-19T06:10:51,2026-08-19T06:10:51|6d4aa0faf8,test_wallet_activity_tab_loading_time[wallet_load_alex_user],test_wallet_activity_tab_ram_wallet_load_alex,passed,791.888671875,815.83203125,805.783203125,5,"796.029296875,791.888671875,809.509765625,815.83203125,815.65625"
nightly-6d4aa0faf8-367,6d4aa0faf8,2026-08-19T06:10:51,2026-08-19T06:10:51|6d4aa0faf8,test_wallet_receive_first_open_loading_time[wallet_load_alex_user],test_wallet_receive_first_open_ram_wallet_load_alex,passed,786.373046875,786.373046875,786.373046875,1,786.373046875
nightly-6d4aa0faf8-367,6d4aa0faf8,2026-08-19T06:10:51,2026-08-19T06:10:51|6d4aa0faf8,test_wallet_receive_loading_time[wallet_load_alex_user],test_wallet_receive_ram_wallet_load_alex,passed,772.34765625,790.07421875,776.766015625,5,"790.07421875,774.1484375,772.34765625,773.34375,773.916015625"
nightly-6d4aa0faf8-367,6d4aa0faf8,2026-08-19T06:10:51,2026-08-19T06:10:51|6d4aa0faf8,test_wallet_assets_tab_first_open_loading_time[fresh_user],test_wallet_assets_tab_first_open_ram_fresh,passed,760.5859375,760.5859375,760.5859375,1,760.5859375
nightly-6d4aa0faf8-367,6d4aa0faf8,2026-08-19T06:10:51,2026-08-19T06:10:51|6d4aa0faf8,test_wallet_assets_tab_loading_time[fresh_user],test_wallet_assets_tab_ram_fresh,passed,758.3984375,800.92578125,772.580859375,5,"758.3984375,761.62890625,800.92578125,769.322265625,772.62890625"
nightly-6d4aa0faf8-367,6d4aa0faf8,2026-08-19T06:10:51,2026-08-19T06:10:51|6d4aa0faf8,test_wallet_collectibles_tab_first_open_loading_time[fresh_user],test_wallet_collectibles_tab_first_open_ram_fresh,passed,768.03125,768.03125,768.03125,1,768.03125
nightly-6d4aa0faf8-367,6d4aa0faf8,2026-08-19T06:10:51,2026-08-19T06:10:51|6d4aa0faf8,test_wallet_collectibles_tab_loading_time[fresh_user],test_wallet_collectibles_tab_ram_fresh,passed,781.26171875,870.53125,818.4234375,5,"870.53125,843.921875,813.328125,783.07421875,781.26171875"
nightly-6d4aa0faf8-367,6d4aa0faf8,2026-08-19T06:10:51,2026-08-19T06:10:51|6d4aa0faf8,test_wallet_receive_first_open_loading_time[fresh_user],test_wallet_receive_first_open_ram_fresh,passed,767.03515625,767.03515625,767.03515625,1,767.03515625
nightly-6d4aa0faf8-367,6d4aa0faf8,2026-08-19T06:10:51,2026-08-19T06:10:51|6d4aa0faf8,test_wallet_receive_loading_time[fresh_user],test_wallet_receive_ram_fresh,passed,762.77734375,769.259765625,766.830078125,5,"769.251953125,762.77734375,765.0078125,767.853515625,769.259765625"
nightly-6d4aa0faf8-367,6d4aa0faf8,2026-08-19T06:10:51,2026-08-19T06:10:51|6d4aa0faf8,test_wallet_account_open_loading_time[fresh_user],test_wallet_account_first_open_ram_fresh,passed,677.6640625,677.6640625,677.6640625,1,677.6640625
nightly-6d4aa0faf8-367,6d4aa0faf8,2026-08-19T06:10:51,2026-08-19T06:10:51|6d4aa0faf8,test_wallet_first_open_loading_time[wallet_load_user],test_wallet_first_open_ram_wallet_load,passed,777.640625,777.640625,777.640625,1,777.640625
nightly-6d4aa0faf8-367,6d4aa0faf8,2026-08-19T06:10:51,2026-08-19T06:10:51|6d4aa0faf8,test_wallet_activity_tab_first_open_loading_time[fresh_user],test_wallet_activity_tab_first_open_ram_fresh,passed,667.1484375,667.1484375,667.1484375,1,667.1484375
nightly-6d4aa0faf8-367,6d4aa0faf8,2026-08-19T06:10:51,2026-08-19T06:10:51|6d4aa0faf8,test_wallet_activity_tab_loading_time[fresh_user],test_wallet_activity_tab_ram_fresh,passed,671.0013020833334,736.828125,694.8611979166667,5,"671.0013020833334,671.65234375,671.69140625,723.1328125,736.828125"
nightly-6d4aa0faf8-367,6d4aa0faf8,2026-08-19T06:10:51,2026-08-19T06:10:51|6d4aa0faf8,test_wallet_activity_tab_first_open_loading_time[wallet_load_user],test_wallet_activity_tab_first_open_ram_wallet_load,passed,826.86328125,826.86328125,826.86328125,1,826.86328125
nightly-6d4aa0faf8-367,6d4aa0faf8,2026-08-19T06:10:51,2026-08-19T06:10:51|6d4aa0faf8,test_wallet_activity_tab_loading_time[wallet_load_user],test_wallet_activity_tab_ram_wallet_load,passed,787.166015625,817.072265625,796.39140625,5,"817.072265625,789.005859375,799.103515625,787.166015625,789.609375"
nightly-6d4aa0faf8-367,6d4aa0faf8,2026-08-19T06:10:51,2026-08-19T06:10:51|6d4aa0faf8,test_wallet_assets_tab_first_open_loading_time[wallet_load_user],test_wallet_assets_tab_first_open_ram_wallet_load,passed,794.9681919642857,794.9681919642857,794.9681919642857,1,794.9681919642857
nightly-6d4aa0faf8-367,6d4aa0faf8,2026-08-19T06:10:51,2026-08-19T06:10:51|6d4aa0faf8,test_wallet_assets_tab_loading_time[wallet_load_user],test_wallet_assets_tab_ram_wallet_load,passed,742.224609375,762.947265625,752.52265625,5,"752.40625,754.302734375,742.224609375,762.947265625,750.732421875"
nightly-6d4aa0faf8-367,6d4aa0faf8,2026-08-19T06:10:51,2026-08-19T06:10:51|6d4aa0faf8,test_wallet_swap_first_open_loading_time[wallet_load_user],test_wallet_swap_first_open_ram_wallet_load,passed,762.3873697916666,762.3873697916666,762.3873697916666,1,762.3873697916666
nightly-6d4aa0faf8-367,6d4aa0faf8,2026-08-19T06:10:51,2026-08-19T06:10:51|6d4aa0faf8,test_wallet_swap_loading_time[wallet_load_user],test_wallet_swap_ram_wallet_load,passed,758.833984375,805.837890625,777.16484375,5,"758.833984375,763.96484375,764.517578125,792.669921875,805.837890625"
nightly-6d4aa0faf8-367,6d4aa0faf8,2026-08-19T06:10:51,2026-08-19T06:10:51|6d4aa0faf8,test_wallet_collectibles_tab_first_open_loading_time[wallet_load_user],test_wallet_collectibles_tab_first_open_ram_wallet_load,passed,777.3203125,777.3203125,777.3203125,1,777.3203125
nightly-6d4aa0faf8-367,6d4aa0faf8,2026-08-19T06:10:51,2026-08-19T06:10:51|6d4aa0faf8,test_wallet_collectibles_tab_loading_time[wallet_load_user],test_wallet_collectibles_tab_ram_wallet_load,passed,754.265625,766.8515625,758.68515625,5,"754.265625,755.93359375,754.51171875,761.86328125,766.8515625"
nightly-6d4aa0faf8-367,6d4aa0faf8,2026-08-19T06:10:51,2026-08-19T06:10:51|6d4aa0faf8,test_wallet_repeat_open_loading_time[fresh_user],test_wallet_repeat_open_ram_fresh,passed,773.138671875,831.69140625,799.764453125,5,"825.2109375,785.57421875,783.20703125,773.138671875,831.69140625"
nightly-6d4aa0faf8-367,6d4aa0faf8,2026-08-19T06:10:51,2026-08-19T06:10:51|6d4aa0faf8,test_wallet_assets_tab_first_open_loading_time[wallet_load_alex_user],test_wallet_assets_tab_first_open_ram_wallet_load_alex,passed,804.4609375,804.4609375,804.4609375,1,804.4609375
nightly-6d4aa0faf8-367,6d4aa0faf8,2026-08-19T06:10:51,2026-08-19T06:10:51|6d4aa0faf8,test_wallet_assets_tab_loading_time[wallet_load_alex_user],test_wallet_assets_tab_ram_wallet_load_alex,passed,795.70703125,806.7161458333334,801.378125,5,"795.70703125,806.7161458333334,804.095703125,800.5182291666666,799.853515625"
nightly-6d4aa0faf8-367,6d4aa0faf8,2026-08-19T06:10:51,2026-08-19T06:10:51|6d4aa0faf8,test_status_community_first_open_loading_time[user_data0-user_account0],test_status_community_first_open_ram_member,passed,768.1384548611111,768.1384548611111,768.1384548611111,1,768.1384548611111
nightly-6d4aa0faf8-367,6d4aa0faf8,2026-08-19T06:10:51,2026-08-19T06:10:51|6d4aa0faf8,test_wallet_add_account_first_open_loading_time[wallet_load_user],test_wallet_add_account_first_open_ram_wallet_load,passed,783.611328125,783.611328125,783.611328125,1,783.611328125
nightly-6d4aa0faf8-367,6d4aa0faf8,2026-08-19T06:10:51,2026-08-19T06:10:51|6d4aa0faf8,test_wallet_add_account_loading_time[wallet_load_user],test_wallet_add_account_ram_wallet_load,passed,769.109375,776.12109375,772.137109375,5,"774.626953125,769.109375,776.12109375,771.67578125,769.15234375"
nightly-6d4aa0faf8-367,6d4aa0faf8,2026-08-19T06:10:51,2026-08-19T06:10:51|6d4aa0faf8,test_wallet_add_account_first_open_loading_time[fresh_user],test_wallet_add_account_first_open_ram_fresh,passed,760.126953125,760.126953125,760.126953125,1,760.126953125
nightly-6d4aa0faf8-367,6d4aa0faf8,2026-08-19T06:10:51,2026-08-19T06:10:51|6d4aa0faf8,test_wallet_add_account_loading_time[fresh_user],test_wallet_add_account_ram_fresh,passed,744.283203125,753.7421875,751.1671875,5,"744.283203125,752.0390625,752.8671875,752.904296875,753.7421875"
nightly-6d4aa0faf8-367,6d4aa0faf8,2026-08-19T06:10:51,2026-08-19T06:10:51|6d4aa0faf8,test_wallet_first_open_loading_time[fresh_user],test_wallet_first_open_ram_fresh,passed,665.609375,665.609375,665.609375,1,665.609375
nightly-6d4aa0faf8-367,6d4aa0faf8,2026-08-19T06:10:51,2026-08-19T06:10:51|6d4aa0faf8,test_wallet_repeat_open_loading_time[wallet_load_user],test_wallet_repeat_open_ram_wallet_load,passed,770.685546875,926.16015625,871.1359375,5,"770.685546875,880.869140625,889.6015625,888.36328125,926.16015625"
nightly-6d4aa0faf8-367,6d4aa0faf8,2026-08-19T06:10:51,2026-08-19T06:10:51|6d4aa0faf8,test_wallet_receive_first_open_loading_time[wallet_load_user],test_wallet_receive_first_open_ram_wallet_load,passed,729.193359375,729.193359375,729.193359375,1,729.193359375
nightly-6d4aa0faf8-367,6d4aa0faf8,2026-08-19T06:10:51,2026-08-19T06:10:51|6d4aa0faf8,test_wallet_receive_loading_time[wallet_load_user],test_wallet_receive_ram_wallet_load,passed,713.69921875,730.626953125,718.549609375,5,"730.626953125,713.69921875,714.8984375,716.787109375,716.736328125"
nightly-6d4aa0faf8-367,6d4aa0faf8,2026-08-19T06:10:51,2026-08-19T06:10:51|6d4aa0faf8,test_wallet_first_open_loading_time[wallet_load_alex_user],test_wallet_first_open_ram_wallet_load_alex,passed,843.6484375,843.6484375,843.6484375,1,843.6484375
nightly-6d4aa0faf8-367,6d4aa0faf8,2026-08-19T06:10:51,2026-08-19T06:10:51|6d4aa0faf8,test_wallet_send_first_open_loading_time[fresh_user],test_wallet_send_first_open_ram_fresh,passed,697.4322916666666,697.4322916666666,697.4322916666666,1,697.4322916666666
nightly-6d4aa0faf8-367,6d4aa0faf8,2026-08-19T06:10:51,2026-08-19T06:10:51|6d4aa0faf8,test_wallet_send_loading_time[fresh_user],test_wallet_send_ram_fresh,passed,742.3515625,748.40625,745.31484375,5,"748.40625,742.3515625,744.625,745.42578125,745.765625"
nightly-6d4aa0faf8-367,6d4aa0faf8,2026-08-19T06:10:51,2026-08-19T06:10:51|6d4aa0faf8,test_wallet_send_first_open_loading_time[wallet_load_alex_user],test_wallet_send_first_open_ram_wallet_load_alex,passed,792.478515625,792.478515625,792.478515625,1,792.478515625
nightly-6d4aa0faf8-367,6d4aa0faf8,2026-08-19T06:10:51,2026-08-19T06:10:51|6d4aa0faf8,test_wallet_send_loading_time[wallet_load_alex_user],test_wallet_send_ram_wallet_load_alex,passed,771.826171875,793.7421875,786.991015625,5,"793.7421875,789.13671875,790.630859375,789.619140625,771.826171875"
nightly-6d4aa0faf8-367,6d4aa0faf8,2026-08-19T06:10:51,2026-08-19T06:10:51|6d4aa0faf8,test_wallet_repeat_open_loading_time[wallet_load_alex_user],test_wallet_repeat_open_ram_wallet_load_alex,passed,810.84375,943.466796875,884.767578125,5,"810.84375,877.71484375,886.6953125,943.466796875,905.1171875"
nightly-6d4aa0faf8-367,6d4aa0faf8,2026-08-19T06:10:51,2026-08-19T06:10:51|6d4aa0faf8,test_wallet_collectibles_tab_first_open_loading_time[wallet_load_alex_user],test_wallet_collectibles_tab_first_open_ram_wallet_load_alex,passed,772.6875,772.6875,772.6875,1,772.6875
nightly-6d4aa0faf8-367,6d4aa0faf8,2026-08-19T06:10:51,2026-08-19T06:10:51|6d4aa0faf8,test_wallet_collectibles_tab_loading_time[wallet_load_alex_user],test_wallet_collectibles_tab_ram_wallet_load_alex,passed,767.91015625,779.86328125,772.29921875,5,"775.046875,767.91015625,779.86328125,769.5234375,769.15234375"
nightly-a435c8619d-368,a435c8619d,2026-08-20T06:14:16,2026-08-20T06:14:16|a435c8619d,test_wallet_swap_first_open_loading_time[fresh_user],test_wallet_swap_first_open_ram_fresh,passed,677.8046875,677.8046875,677.8046875,1,677.8046875
nightly-a435c8619d-368,a435c8619d,2026-08-20T06:14:16,2026-08-20T06:14:16|a435c8619d,test_wallet_swap_loading_time[fresh_user],test_wallet_swap_ram_fresh,passed,753.486328125,789.087890625,768.874609375,5,"753.486328125,777.658203125,755.7265625,789.087890625,768.4140625"
nightly-a435c8619d-368,a435c8619d,2026-08-20T06:14:16,2026-08-20T06:14:16|a435c8619d,test_status_community_second_open_loading_time[user_data0-user_account0],test_status_community_second_open_ram_member,passed,876.1588541666666,899.3248697916666,892.1265625,5,"876.1588541666666,897.5703125,893.8974609375,893.6813151041666,899.3248697916666"
nightly-a435c8619d-368,a435c8619d,2026-08-20T06:14:16,2026-08-20T06:14:16|a435c8619d,test_wallet_account_open_loading_time[wallet_load_alex_user],test_wallet_account_first_open_ram_wallet_load_alex,passed,838.0833333333334,838.0833333333334,838.0833333333334,1,838.0833333333334
nightly-a435c8619d-368,a435c8619d,2026-08-20T06:14:16,2026-08-20T06:14:16|a435c8619d,test_wallet_account_open_loading_time[wallet_load_user],test_wallet_account_first_open_ram_wallet_load,passed,742.98828125,742.98828125,742.98828125,1,742.98828125
nightly-a435c8619d-368,a435c8619d,2026-08-20T06:14:16,2026-08-20T06:14:16|a435c8619d,test_wallet_send_first_open_loading_time[wallet_load_user],test_wallet_send_first_open_ram_wallet_load,passed,751.57421875,751.57421875,751.57421875,1,751.57421875
nightly-a435c8619d-368,a435c8619d,2026-08-20T06:14:16,2026-08-20T06:14:16|a435c8619d,test_wallet_send_loading_time[wallet_load_user],test_wallet_send_ram_wallet_load,passed,751.654296875,774.744140625,765.61015625,5,"751.654296875,764.216796875,766.130859375,771.3046875,774.744140625"
nightly-a435c8619d-368,a435c8619d,2026-08-20T06:14:16,2026-08-20T06:14:16|a435c8619d,test_wallet_swap_first_open_loading_time[wallet_load_alex_user],test_wallet_swap_first_open_ram_wallet_load_alex,passed,855.66796875,855.66796875,855.66796875,1,855.66796875
nightly-a435c8619d-368,a435c8619d,2026-08-20T06:14:16,2026-08-20T06:14:16|a435c8619d,test_wallet_swap_loading_time[wallet_load_alex_user],test_wallet_swap_ram_wallet_load_alex,passed,816.453125,845.37890625,833.708203125,5,"816.453125,841.810546875,845.37890625,825.63671875,839.26171875"
nightly-a435c8619d-368,a435c8619d,2026-08-20T06:14:16,2026-08-20T06:14:16|a435c8619d,test_wallet_add_account_first_open_loading_time[wallet_load_alex_user],test_wallet_add_account_first_open_ram_wallet_load_alex,passed,812.4296875,812.4296875,812.4296875,1,812.4296875
nightly-a435c8619d-368,a435c8619d,2026-08-20T06:14:16,2026-08-20T06:14:16|a435c8619d,test_wallet_add_account_loading_time[wallet_load_alex_user],test_wallet_add_account_ram_wallet_load_alex,passed,772.4765625,828.404296875,787.722265625,5,"776.61328125,772.4765625,779.955078125,781.162109375,828.404296875"
nightly-a435c8619d-368,a435c8619d,2026-08-20T06:14:16,2026-08-20T06:14:16|a435c8619d,test_wallet_activity_tab_first_open_loading_time[wallet_load_alex_user],test_wallet_activity_tab_first_open_ram_wallet_load_alex,passed,807.12890625,807.12890625,807.12890625,1,807.12890625
nightly-a435c8619d-368,a435c8619d,2026-08-20T06:14:16,2026-08-20T06:14:16|a435c8619d,test_wallet_activity_tab_loading_time[wallet_load_alex_user],test_wallet_activity_tab_ram_wallet_load_alex,passed,832.51953125,848.6875,840.127734375,5,"835.572265625,836.478515625,847.380859375,848.6875,832.51953125"
nightly-a435c8619d-368,a435c8619d,2026-08-20T06:14:16,2026-08-20T06:14:16|a435c8619d,test_wallet_receive_first_open_loading_time[wallet_load_alex_user],test_wallet_receive_first_open_ram_wallet_load_alex,passed,777.984375,777.984375,777.984375,1,777.984375
nightly-a435c8619d-368,a435c8619d,2026-08-20T06:14:16,2026-08-20T06:14:16|a435c8619d,test_wallet_receive_loading_time[wallet_load_alex_user],test_wallet_receive_ram_wallet_load_alex,passed,757.009765625,770.06640625,764.368359375,5,"770.06640625,757.009765625,765.466796875,762.509765625,766.7890625"
nightly-a435c8619d-368,a435c8619d,2026-08-20T06:14:16,2026-08-20T06:14:16|a435c8619d,test_wallet_assets_tab_first_open_loading_time[fresh_user],test_wallet_assets_tab_first_open_ram_fresh,passed,679.953125,679.953125,679.953125,1,679.953125
nightly-a435c8619d-368,a435c8619d,2026-08-20T06:14:16,2026-08-20T06:14:16|a435c8619d,test_wallet_assets_tab_loading_time[fresh_user],test_wallet_assets_tab_ram_fresh,passed,727.87109375,760.77734375,739.2713541666667,5,"727.87109375,730.0130208333334,732.734375,760.77734375,744.9609375"
nightly-a435c8619d-368,a435c8619d,2026-08-20T06:14:16,2026-08-20T06:14:16|a435c8619d,test_wallet_collectibles_tab_first_open_loading_time[fresh_user],test_wallet_collectibles_tab_first_open_ram_fresh,passed,709.76953125,709.76953125,709.76953125,1,709.76953125
nightly-a435c8619d-368,a435c8619d,2026-08-20T06:14:16,2026-08-20T06:14:16|a435c8619d,test_wallet_collectibles_tab_loading_time[fresh_user],test_wallet_collectibles_tab_ram_fresh,passed,714.47265625,796.6015625,749.3171875,5,"714.47265625,714.62890625,747.046875,796.6015625,773.8359375"
nightly-a435c8619d-368,a435c8619d,2026-08-20T06:14:16,2026-08-20T06:14:16|a435c8619d,test_wallet_receive_first_open_loading_time[fresh_user],test_wallet_receive_first_open_ram_fresh,passed,765.02734375,765.02734375,765.02734375,1,765.02734375
nightly-a435c8619d-368,a435c8619d,2026-08-20T06:14:16,2026-08-20T06:14:16|a435c8619d,test_wallet_receive_loading_time[fresh_user],test_wallet_receive_ram_fresh,passed,731.859375,794.390625,763.844140625,5,"773.0,794.390625,783.46484375,731.859375,736.505859375"
nightly-a435c8619d-368,a435c8619d,2026-08-20T06:14:16,2026-08-20T06:14:16|a435c8619d,test_wallet_account_open_loading_time[fresh_user],test_wallet_account_first_open_ram_fresh,passed,730.76953125,730.76953125,730.76953125,1,730.76953125
nightly-a435c8619d-368,a435c8619d,2026-08-20T06:14:16,2026-08-20T06:14:16|a435c8619d,test_wallet_first_open_loading_time[wallet_load_user],test_wallet_first_open_ram_wallet_load,passed,796.8515625,796.8515625,796.8515625,1,796.8515625
nightly-a435c8619d-368,a435c8619d,2026-08-20T06:14:16,2026-08-20T06:14:16|a435c8619d,test_wallet_activity_tab_first_open_loading_time[fresh_user],test_wallet_activity_tab_first_open_ram_fresh,passed,818.58984375,818.58984375,818.58984375,1,818.58984375
nightly-a435c8619d-368,a435c8619d,2026-08-20T06:14:16,2026-08-20T06:14:16|a435c8619d,test_wallet_activity_tab_loading_time[fresh_user],test_wallet_activity_tab_ram_fresh,passed,731.109375,799.171875,762.95859375,5,"799.171875,784.7421875,761.625,731.109375,738.14453125"
nightly-a435c8619d-368,a435c8619d,2026-08-20T06:14:16,2026-08-20T06:14:16|a435c8619d,test_wallet_activity_tab_first_open_loading_time[wallet_load_user],test_wallet_activity_tab_first_open_ram_wallet_load,passed,751.935546875,751.935546875,751.935546875,1,751.935546875
nightly-a435c8619d-368,a435c8619d,2026-08-20T06:14:16,2026-08-20T06:14:16|a435c8619d,test_wallet_activity_tab_loading_time[wallet_load_user],test_wallet_activity_tab_ram_wallet_load,passed,774.259765625,790.2421875,782.764453125,5,"774.259765625,781.662109375,790.2421875,781.7734375,785.884765625"
nightly-a435c8619d-368,a435c8619d,2026-08-20T06:14:16,2026-08-20T06:14:16|a435c8619d,test_wallet_assets_tab_first_open_loading_time[wallet_load_user],test_wallet_assets_tab_first_open_ram_wallet_load,passed,818.939453125,818.939453125,818.939453125,1,818.939453125
nightly-a435c8619d-368,a435c8619d,2026-08-20T06:14:16,2026-08-20T06:14:16|a435c8619d,test_wallet_assets_tab_loading_time[wallet_load_user],test_wallet_assets_tab_ram_wallet_load,passed,729.921875,755.080078125,741.07421875,5,"755.080078125,732.91015625,738.29296875,749.166015625,729.921875"
nightly-a435c8619d-368,a435c8619d,2026-08-20T06:14:16,2026-08-20T06:14:16|a435c8619d,test_wallet_swap_first_open_loading_time[wallet_load_user],test_wallet_swap_first_open_ram_wallet_load,passed,771.548828125,771.548828125,771.548828125,1,771.548828125
nightly-a435c8619d-368,a435c8619d,2026-08-20T06:14:16,2026-08-20T06:14:16|a435c8619d,test_wallet_swap_loading_time[wallet_load_user],test_wallet_swap_ram_wallet_load,passed,757.2265625,794.546875,777.7390625,5,"757.2265625,767.794921875,778.427734375,790.69921875,794.546875"
nightly-a435c8619d-368,a435c8619d,2026-08-20T06:14:16,2026-08-20T06:14:16|a435c8619d,test_wallet_collectibles_tab_first_open_loading_time[wallet_load_user],test_wallet_collectibles_tab_first_open_ram_wallet_load,passed,763.50390625,763.50390625,763.50390625,1,763.50390625
nightly-a435c8619d-368,a435c8619d,2026-08-20T06:14:16,2026-08-20T06:14:16|a435c8619d,test_wallet_collectibles_tab_loading_time[wallet_load_user],test_wallet_collectibles_tab_ram_wallet_load,passed,736.265625,747.8125,743.86953125,5,"736.265625,741.39453125,747.8125,746.9921875,746.8828125"
nightly-a435c8619d-368,a435c8619d,2026-08-20T06:14:16,2026-08-20T06:14:16|a435c8619d,test_wallet_repeat_open_loading_time[fresh_user],test_wallet_repeat_open_ram_fresh,passed,786.119140625,869.359375,816.08828125,5,"869.359375,803.125,796.9140625,786.119140625,824.923828125"
nightly-a435c8619d-368,a435c8619d,2026-08-20T06:14:16,2026-08-20T06:14:16|a435c8619d,test_wallet_assets_tab_first_open_loading_time[wallet_load_alex_user],test_wallet_assets_tab_first_open_ram_wallet_load_alex,passed,791.7488839285714,791.7488839285714,791.7488839285714,1,791.7488839285714
nightly-a435c8619d-368,a435c8619d,2026-08-20T06:14:16,2026-08-20T06:14:16|a435c8619d,test_wallet_assets_tab_loading_time[wallet_load_alex_user],test_wallet_assets_tab_ram_wallet_load_alex,passed,754.455078125,796.361328125,774.180859375,5,"777.6015625,770.31640625,796.361328125,772.169921875,754.455078125"
nightly-a435c8619d-368,a435c8619d,2026-08-20T06:14:16,2026-08-20T06:14:16|a435c8619d,test_status_community_first_open_loading_time[user_data0-user_account0],test_status_community_first_open_ram_member,passed,812.644140625,812.644140625,812.644140625,1,812.644140625
nightly-a435c8619d-368,a435c8619d,2026-08-20T06:14:16,2026-08-20T06:14:16|a435c8619d,test_wallet_add_account_first_open_loading_time[wallet_load_user],test_wallet_add_account_first_open_ram_wallet_load,passed,755.021484375,755.021484375,755.021484375,1,755.021484375
nightly-a435c8619d-368,a435c8619d,2026-08-20T06:14:16,2026-08-20T06:14:16|a435c8619d,test_wallet_add_account_loading_time[wallet_load_user],test_wallet_add_account_ram_wallet_load,passed,748.689453125,759.5859375,752.17578125,5,"749.509765625,752.046875,759.5859375,748.689453125,751.046875"
nightly-a435c8619d-368,a435c8619d,2026-08-20T06:14:16,2026-08-20T06:14:16|a435c8619d,test_wallet_add_account_first_open_loading_time[fresh_user],test_wallet_add_account_first_open_ram_fresh,passed,727.44921875,727.44921875,727.44921875,1,727.44921875
nightly-a435c8619d-368,a435c8619d,2026-08-20T06:14:16,2026-08-20T06:14:16|a435c8619d,test_wallet_add_account_loading_time[fresh_user],test_wallet_add_account_ram_fresh,passed,766.70703125,793.087890625,778.856640625,5,"766.70703125,793.087890625,773.5625,781.2890625,779.63671875"
nightly-a435c8619d-368,a435c8619d,2026-08-20T06:14:16,2026-08-20T06:14:16|a435c8619d,test_wallet_first_open_loading_time[fresh_user],test_wallet_first_open_ram_fresh,passed,667.22265625,667.22265625,667.22265625,1,667.22265625
nightly-a435c8619d-368,a435c8619d,2026-08-20T06:14:16,2026-08-20T06:14:16|a435c8619d,test_wallet_repeat_open_loading_time[wallet_load_user],test_wallet_repeat_open_ram_wallet_load,passed,792.7578125,922.25390625,871.541015625,5,"792.7578125,858.767578125,898.7890625,885.13671875,922.25390625"
nightly-a435c8619d-368,a435c8619d,2026-08-20T06:14:16,2026-08-20T06:14:16|a435c8619d,test_wallet_receive_first_open_loading_time[wallet_load_user],test_wallet_receive_first_open_ram_wallet_load,passed,745.482421875,745.482421875,745.482421875,1,745.482421875
nightly-a435c8619d-368,a435c8619d,2026-08-20T06:14:16,2026-08-20T06:14:16|a435c8619d,test_wallet_receive_loading_time[wallet_load_user],test_wallet_receive_ram_wallet_load,passed,727.357421875,739.05078125,731.34921875,5,"739.05078125,732.109375,727.357421875,728.365234375,729.86328125"
nightly-a435c8619d-368,a435c8619d,2026-08-20T06:14:16,2026-08-20T06:14:16|a435c8619d,test_wallet_first_open_loading_time[wallet_load_alex_user],test_wallet_first_open_ram_wallet_load_alex,passed,859.01953125,859.01953125,859.01953125,1,859.01953125
nightly-a435c8619d-368,a435c8619d,2026-08-20T06:14:16,2026-08-20T06:14:16|a435c8619d,test_wallet_send_first_open_loading_time[fresh_user],test_wallet_send_first_open_ram_fresh,passed,691.025390625,691.025390625,691.025390625,1,691.025390625
nightly-a435c8619d-368,a435c8619d,2026-08-20T06:14:16,2026-08-20T06:14:16|a435c8619d,test_wallet_send_loading_time[fresh_user],test_wallet_send_ram_fresh,passed,709.89453125,773.59765625,756.5471354166667,5,"709.89453125,761.8098958333334,764.8203125,772.61328125,773.59765625"
nightly-a435c8619d-368,a435c8619d,2026-08-20T06:14:16,2026-08-20T06:14:16|a435c8619d,test_wallet_send_first_open_loading_time[wallet_load_alex_user],test_wallet_send_first_open_ram_wallet_load_alex,passed,777.71875,777.71875,777.71875,1,777.71875
nightly-a435c8619d-368,a435c8619d,2026-08-20T06:14:16,2026-08-20T06:14:16|a435c8619d,test_wallet_send_loading_time[wallet_load_alex_user],test_wallet_send_ram_wallet_load_alex,passed,768.677734375,784.09765625,779.407421875,5,"782.6015625,784.09765625,783.42578125,778.234375,768.677734375"
nightly-a435c8619d-368,a435c8619d,2026-08-20T06:14:16,2026-08-20T06:14:16|a435c8619d,test_wallet_repeat_open_loading_time[wallet_load_alex_user],test_wallet_repeat_open_ram_wallet_load_alex,passed,873.900390625,963.8828125,901.675,5,"873.900390625,875.3046875,888.30859375,906.978515625,963.8828125"
nightly-a435c8619d-368,a435c8619d,2026-08-20T06:14:16,2026-08-20T06:14:16|a435c8619d,test_wallet_collectibles_tab_first_open_loading_time[wallet_load_alex_user],test_wallet_collectibles_tab_first_open_ram_wallet_load_alex,passed,803.328125,803.328125,803.328125,1,803.328125
nightly-a435c8619d-368,a435c8619d,2026-08-20T06:14:16,2026-08-20T06:14:16|a435c8619d,test_wallet_collectibles_tab_loading_time[wallet_load_alex_user],test_wallet_collectibles_tab_ram_wallet_load_alex,passed,764.2578125,779.70703125,771.9734375,5,"772.48046875,777.40625,779.70703125,764.2578125,766.015625"
nightly-1fd9ebba8d-369,1fd9ebba8d,2026-08-21T07:12:57,2026-08-21T07:12:57|1fd9ebba8d,test_wallet_swap_first_open_loading_time[fresh_user],test_wallet_swap_first_open_ram_fresh,passed,757.4933035714286,757.4933035714286,757.4933035714286,1,757.4933035714286
nightly-1fd9ebba8d-369,1fd9ebba8d,2026-08-21T07:12:57,2026-08-21T07:12:57|1fd9ebba8d,test_wallet_swap_loading_time[fresh_user],test_wallet_swap_ram_fresh,passed,769.28125,807.310546875,786.2375,5,"807.310546875,769.28125,783.8671875,784.958984375,785.76953125"
nightly-1fd9ebba8d-369,1fd9ebba8d,2026-08-21T07:12:57,2026-08-21T07:12:57|1fd9ebba8d,test_status_community_second_open_loading_time[user_data0-user_account0],test_status_community_second_open_ram_member,passed,874.0192057291666,929.9072265625,900.735546875,5,"874.0192057291666,889.5442708333334,899.4075520833334,910.7994791666666,929.9072265625"
nightly-1fd9ebba8d-369,1fd9ebba8d,2026-08-21T07:12:57,2026-08-21T07:12:57|1fd9ebba8d,test_wallet_account_open_loading_time[wallet_load_alex_user],test_wallet_account_first_open_ram_wallet_load_alex,passed,781.013671875,781.013671875,781.013671875,1,781.013671875
nightly-1fd9ebba8d-369,1fd9ebba8d,2026-08-21T07:12:57,2026-08-21T07:12:57|1fd9ebba8d,test_wallet_account_open_loading_time[wallet_load_user],test_wallet_account_first_open_ram_wallet_load,passed,751.759765625,751.759765625,751.759765625,1,751.759765625
nightly-1fd9ebba8d-369,1fd9ebba8d,2026-08-21T07:12:57,2026-08-21T07:12:57|1fd9ebba8d,test_wallet_send_first_open_loading_time[wallet_load_user],test_wallet_send_first_open_ram_wallet_load,passed,753.6328125,753.6328125,753.6328125,1,753.6328125
nightly-1fd9ebba8d-369,1fd9ebba8d,2026-08-21T07:12:57,2026-08-21T07:12:57|1fd9ebba8d,test_wallet_send_loading_time[wallet_load_user],test_wallet_send_ram_wallet_load,passed,769.05078125,784.37109375,774.76015625,5,"769.05078125,769.4140625,774.51171875,784.37109375,776.453125"
nightly-1fd9ebba8d-369,1fd9ebba8d,2026-08-21T07:12:57,2026-08-21T07:12:57|1fd9ebba8d,test_wallet_swap_first_open_loading_time[wallet_load_alex_user],test_wallet_swap_first_open_ram_wallet_load_alex,passed,810.091796875,810.091796875,810.091796875,1,810.091796875
nightly-1fd9ebba8d-369,1fd9ebba8d,2026-08-21T07:12:57,2026-08-21T07:12:57|1fd9ebba8d,test_wallet_swap_loading_time[wallet_load_alex_user],test_wallet_swap_ram_wallet_load_alex,passed,820.42578125,873.779296875,844.84375,5,"820.42578125,844.654296875,833.25,852.109375,873.779296875"
nightly-1fd9ebba8d-369,1fd9ebba8d,2026-08-21T07:12:57,2026-08-21T07:12:57|1fd9ebba8d,test_wallet_add_account_first_open_loading_time[wallet_load_alex_user],test_wallet_add_account_first_open_ram_wallet_load_alex,passed,847.4453125,847.4453125,847.4453125,1,847.4453125
nightly-1fd9ebba8d-369,1fd9ebba8d,2026-08-21T07:12:57,2026-08-21T07:12:57|1fd9ebba8d,test_wallet_add_account_loading_time[wallet_load_alex_user],test_wallet_add_account_ram_wallet_load_alex,passed,811.625,865.3671875,828.926171875,5,"811.625,865.3671875,825.681640625,824.125,817.83203125"
nightly-1fd9ebba8d-369,1fd9ebba8d,2026-08-21T07:12:57,2026-08-21T07:12:57|1fd9ebba8d,test_wallet_activity_tab_first_open_loading_time[wallet_load_alex_user],test_wallet_activity_tab_first_open_ram_wallet_load_alex,passed,810.578125,810.578125,810.578125,1,810.578125
nightly-1fd9ebba8d-369,1fd9ebba8d,2026-08-21T07:12:57,2026-08-21T07:12:57|1fd9ebba8d,test_wallet_activity_tab_loading_time[wallet_load_alex_user],test_wallet_activity_tab_ram_wallet_load_alex,passed,837.337890625,877.82421875,853.7140625,5,"877.82421875,856.654296875,851.685546875,837.337890625,845.068359375"
nightly-1fd9ebba8d-369,1fd9ebba8d,2026-08-21T07:12:57,2026-08-21T07:12:57|1fd9ebba8d,test_wallet_receive_first_open_loading_time[wallet_load_alex_user],test_wallet_receive_first_open_ram_wallet_load_alex,passed,812.5625,812.5625,812.5625,1,812.5625
nightly-1fd9ebba8d-369,1fd9ebba8d,2026-08-21T07:12:57,2026-08-21T07:12:57|1fd9ebba8d,test_wallet_receive_loading_time[wallet_load_alex_user],test_wallet_receive_ram_wallet_load_alex,passed,789.578125,849.658203125,817.19140625,5,"789.578125,849.658203125,845.2578125,806.66796875,794.794921875"
nightly-1fd9ebba8d-369,1fd9ebba8d,2026-08-21T07:12:57,2026-08-21T07:12:57|1fd9ebba8d,test_wallet_assets_tab_first_open_loading_time[fresh_user],test_wallet_assets_tab_first_open_ram_fresh,passed,701.54296875,701.54296875,701.54296875,1,701.54296875
nightly-1fd9ebba8d-369,1fd9ebba8d,2026-08-21T07:12:57,2026-08-21T07:12:57|1fd9ebba8d,test_wallet_assets_tab_loading_time[fresh_user],test_wallet_assets_tab_ram_fresh,passed,702.12890625,702.96484375,702.59609375,5,"702.96484375,702.12890625,702.53515625,702.59765625,702.75390625"
nightly-1fd9ebba8d-369,1fd9ebba8d,2026-08-21T07:12:57,2026-08-21T07:12:57|1fd9ebba8d,test_wallet_collectibles_tab_first_open_loading_time[fresh_user],test_wallet_collectibles_tab_first_open_ram_fresh,passed,805.84375,805.84375,805.84375,1,805.84375
nightly-1fd9ebba8d-369,1fd9ebba8d,2026-08-21T07:12:57,2026-08-21T07:12:57|1fd9ebba8d,test_wallet_collectibles_tab_loading_time[fresh_user],test_wallet_collectibles_tab_ram_fresh,passed,805.0234375,815.3984375,808.63046875,5,"805.0234375,805.86328125,806.9296875,809.9375,815.3984375"
nightly-1fd9ebba8d-369,1fd9ebba8d,2026-08-21T07:12:57,2026-08-21T07:12:57|1fd9ebba8d,test_wallet_receive_first_open_loading_time[fresh_user],test_wallet_receive_first_open_ram_fresh,passed,702.58984375,702.58984375,702.58984375,1,702.58984375
nightly-1fd9ebba8d-369,1fd9ebba8d,2026-08-21T07:12:57,2026-08-21T07:12:57|1fd9ebba8d,test_wallet_receive_loading_time[fresh_user],test_wallet_receive_ram_fresh,passed,681.779296875,741.5,716.123046875,5,"702.318359375,681.779296875,727.458984375,727.55859375,741.5"
nightly-1fd9ebba8d-369,1fd9ebba8d,2026-08-21T07:12:57,2026-08-21T07:12:57|1fd9ebba8d,test_wallet_account_open_loading_time[fresh_user],test_wallet_account_first_open_ram_fresh,passed,825.4453125,825.4453125,825.4453125,1,825.4453125
nightly-1fd9ebba8d-369,1fd9ebba8d,2026-08-21T07:12:57,2026-08-21T07:12:57|1fd9ebba8d,test_wallet_first_open_loading_time[wallet_load_user],test_wallet_first_open_ram_wallet_load,passed,786.166015625,786.166015625,786.166015625,1,786.166015625
nightly-1fd9ebba8d-369,1fd9ebba8d,2026-08-21T07:12:57,2026-08-21T07:12:57|1fd9ebba8d,test_wallet_activity_tab_first_open_loading_time[fresh_user],test_wallet_activity_tab_first_open_ram_fresh,passed,780.41015625,780.41015625,780.41015625,1,780.41015625
nightly-1fd9ebba8d-369,1fd9ebba8d,2026-08-21T07:12:57,2026-08-21T07:12:57|1fd9ebba8d,test_wallet_activity_tab_loading_time[fresh_user],test_wallet_activity_tab_ram_fresh,passed,780.95703125,845.63671875,824.0109375,5,"780.95703125,845.63671875,817.0234375,839.7265625,836.7109375"
nightly-1fd9ebba8d-369,1fd9ebba8d,2026-08-21T07:12:57,2026-08-21T07:12:57|1fd9ebba8d,test_wallet_activity_tab_first_open_loading_time[wallet_load_user],test_wallet_activity_tab_first_open_ram_wallet_load,passed,751.30859375,751.30859375,751.30859375,1,751.30859375
nightly-1fd9ebba8d-369,1fd9ebba8d,2026-08-21T07:12:57,2026-08-21T07:12:57|1fd9ebba8d,test_wallet_activity_tab_loading_time[wallet_load_user],test_wallet_activity_tab_ram_wallet_load,passed,769.7578125,786.931640625,775.4235677083333,5,"769.7578125,770.4830729166666,772.15625,777.7890625,786.931640625"
nightly-1fd9ebba8d-369,1fd9ebba8d,2026-08-21T07:12:57,2026-08-21T07:12:57|1fd9ebba8d,test_wallet_assets_tab_first_open_loading_time[wallet_load_user],test_wallet_assets_tab_first_open_ram_wallet_load,passed,808.3359375,808.3359375,808.3359375,1,808.3359375
nightly-1fd9ebba8d-369,1fd9ebba8d,2026-08-21T07:12:57,2026-08-21T07:12:57|1fd9ebba8d,test_wallet_assets_tab_loading_time[wallet_load_user],test_wallet_assets_tab_ram_wallet_load,passed,767.89453125,816.6028645833334,795.8231119791667,5,"789.30859375,767.89453125,789.8916015625,815.41796875,816.6028645833334"
nightly-1fd9ebba8d-369,1fd9ebba8d,2026-08-21T07:12:57,2026-08-21T07:12:57|1fd9ebba8d,test_wallet_swap_first_open_loading_time[wallet_load_user],test_wallet_swap_first_open_ram_wallet_load,passed,754.919921875,754.919921875,754.919921875,1,754.919921875
nightly-1fd9ebba8d-369,1fd9ebba8d,2026-08-21T07:12:57,2026-08-21T07:12:57|1fd9ebba8d,test_wallet_swap_loading_time[wallet_load_user],test_wallet_swap_ram_wallet_load,passed,761.3671875,831.013671875,793.209765625,5,"761.3671875,778.08203125,789.6171875,805.96875,831.013671875"
nightly-1fd9ebba8d-369,1fd9ebba8d,2026-08-21T07:12:57,2026-08-21T07:12:57|1fd9ebba8d,test_wallet_collectibles_tab_first_open_loading_time[wallet_load_user],test_wallet_collectibles_tab_first_open_ram_wallet_load,passed,771.1875,771.1875,771.1875,1,771.1875
nightly-1fd9ebba8d-369,1fd9ebba8d,2026-08-21T07:12:57,2026-08-21T07:12:57|1fd9ebba8d,test_wallet_collectibles_tab_loading_time[wallet_load_user],test_wallet_collectibles_tab_ram_wallet_load,passed,797.1298828125,829.69921875,813.7022786458334,5,"829.69921875,797.1298828125,807.9036458333334,811.88671875,821.8919270833334"
nightly-1fd9ebba8d-369,1fd9ebba8d,2026-08-21T07:12:57,2026-08-21T07:12:57|1fd9ebba8d,test_wallet_repeat_open_loading_time[fresh_user],test_wallet_repeat_open_ram_fresh,passed,737.98828125,824.52734375,791.48984375,5,"737.98828125,803.4609375,781.19921875,810.2734375,824.52734375"
nightly-1fd9ebba8d-369,1fd9ebba8d,2026-08-21T07:12:57,2026-08-21T07:12:57|1fd9ebba8d,test_wallet_assets_tab_first_open_loading_time[wallet_load_alex_user],test_wallet_assets_tab_first_open_ram_wallet_load_alex,passed,871.53515625,871.53515625,871.53515625,1,871.53515625
nightly-1fd9ebba8d-369,1fd9ebba8d,2026-08-21T07:12:57,2026-08-21T07:12:57|1fd9ebba8d,test_wallet_assets_tab_loading_time[wallet_load_alex_user],test_wallet_assets_tab_ram_wallet_load_alex,passed,802.1497395833334,847.4609375,816.2364583333334,5,"847.4609375,813.5442708333334,802.1497395833334,808.6875,809.33984375"
nightly-1fd9ebba8d-369,1fd9ebba8d,2026-08-21T07:12:57,2026-08-21T07:12:57|1fd9ebba8d,test_status_community_first_open_loading_time[user_data0-user_account0],test_status_community_first_open_ram_member,passed,786.9095052083334,786.9095052083334,786.9095052083334,1,786.9095052083334
nightly-1fd9ebba8d-369,1fd9ebba8d,2026-08-21T07:12:57,2026-08-21T07:12:57|1fd9ebba8d,test_wallet_add_account_first_open_loading_time[wallet_load_user],test_wallet_add_account_first_open_ram_wallet_load,passed,781.091796875,781.091796875,781.091796875,1,781.091796875
nightly-1fd9ebba8d-369,1fd9ebba8d,2026-08-21T07:12:57,2026-08-21T07:12:57|1fd9ebba8d,test_wallet_add_account_loading_time[wallet_load_user],test_wallet_add_account_ram_wallet_load,passed,779.8984375,826.576171875,805.126171875,5,"813.470703125,803.638671875,802.046875,826.576171875,779.8984375"
nightly-1fd9ebba8d-369,1fd9ebba8d,2026-08-21T07:12:57,2026-08-21T07:12:57|1fd9ebba8d,test_wallet_add_account_first_open_loading_time[fresh_user],test_wallet_add_account_first_open_ram_fresh,passed,815.091796875,815.091796875,815.091796875,1,815.091796875
nightly-1fd9ebba8d-369,1fd9ebba8d,2026-08-21T07:12:57,2026-08-21T07:12:57|1fd9ebba8d,test_wallet_add_account_loading_time[fresh_user],test_wallet_add_account_ram_fresh,passed,759.62109375,765.279296875,761.99140625,5,"759.62109375,759.69921875,761.75,763.607421875,765.279296875"
nightly-1fd9ebba8d-369,1fd9ebba8d,2026-08-21T07:12:57,2026-08-21T07:12:57|1fd9ebba8d,test_wallet_first_open_loading_time[fresh_user],test_wallet_first_open_ram_fresh,passed,711.1796875,711.1796875,711.1796875,1,711.1796875
nightly-1fd9ebba8d-369,1fd9ebba8d,2026-08-21T07:12:57,2026-08-21T07:12:57|1fd9ebba8d,test_wallet_repeat_open_loading_time[wallet_load_user],test_wallet_repeat_open_ram_wallet_load,passed,804.74609375,941.548828125,875.91171875,5,"804.74609375,863.564453125,866.72265625,902.9765625,941.548828125"
nightly-1fd9ebba8d-369,1fd9ebba8d,2026-08-21T07:12:57,2026-08-21T07:12:57|1fd9ebba8d,test_wallet_receive_first_open_loading_time[wallet_load_user],test_wallet_receive_first_open_ram_wallet_load,passed,800.783203125,800.783203125,800.783203125,1,800.783203125
nightly-1fd9ebba8d-369,1fd9ebba8d,2026-08-21T07:12:57,2026-08-21T07:12:57|1fd9ebba8d,test_wallet_receive_loading_time[wallet_load_user],test_wallet_receive_ram_wallet_load,passed,756.052734375,774.521484375,767.4203125,5,"773.712890625,774.521484375,770.515625,756.052734375,762.298828125"
nightly-1fd9ebba8d-369,1fd9ebba8d,2026-08-21T07:12:57,2026-08-21T07:12:57|1fd9ebba8d,test_wallet_first_open_loading_time[wallet_load_alex_user],test_wallet_first_open_ram_wallet_load_alex,passed,770.765625,770.765625,770.765625,1,770.765625
nightly-1fd9ebba8d-369,1fd9ebba8d,2026-08-21T07:12:57,2026-08-21T07:12:57|1fd9ebba8d,test_wallet_send_first_open_loading_time[fresh_user],test_wallet_send_first_open_ram_fresh,passed,767.8287760416666,767.8287760416666,767.8287760416666,1,767.8287760416666
nightly-1fd9ebba8d-369,1fd9ebba8d,2026-08-21T07:12:57,2026-08-21T07:12:57|1fd9ebba8d,test_wallet_send_loading_time[fresh_user],test_wallet_send_ram_fresh,passed,791.8984375,856.705078125,822.0140625,5,"856.705078125,808.1484375,791.8984375,830.646484375,822.671875"
nightly-1fd9ebba8d-369,1fd9ebba8d,2026-08-21T07:12:57,2026-08-21T07:12:57|1fd9ebba8d,test_wallet_send_first_open_loading_time[wallet_load_alex_user],test_wallet_send_first_open_ram_wallet_load_alex,passed,818.0546875,818.0546875,818.0546875,1,818.0546875
nightly-1fd9ebba8d-369,1fd9ebba8d,2026-08-21T07:12:57,2026-08-21T07:12:57|1fd9ebba8d,test_wallet_send_loading_time[wallet_load_alex_user],test_wallet_send_ram_wallet_load_alex,passed,821.208984375,867.49609375,834.65703125,5,"838.48046875,867.49609375,821.208984375,822.974609375,823.125"
nightly-1fd9ebba8d-369,1fd9ebba8d,2026-08-21T07:12:57,2026-08-21T07:12:57|1fd9ebba8d,test_wallet_repeat_open_loading_time[wallet_load_alex_user],test_wallet_repeat_open_ram_wallet_load_alex,passed,848.662109375,988.7421875,928.0734375,5,"848.662109375,988.7421875,923.263671875,936.36328125,943.3359375"
nightly-1fd9ebba8d-369,1fd9ebba8d,2026-08-21T07:12:57,2026-08-21T07:12:57|1fd9ebba8d,test_wallet_collectibles_tab_first_open_loading_time[wallet_load_alex_user],test_wallet_collectibles_tab_first_open_ram_wallet_load_alex,passed,789.71484375,789.71484375,789.71484375,1,789.71484375
nightly-1fd9ebba8d-369,1fd9ebba8d,2026-08-21T07:12:57,2026-08-21T07:12:57|1fd9ebba8d,test_wallet_collectibles_tab_loading_time[wallet_load_alex_user],test_wallet_collectibles_tab_ram_wallet_load_alex,passed,796.3515625,803.31640625,799.99296875,5,"798.07421875,800.30078125,801.921875,803.31640625,796.3515625"
nightly-6784c4472d-370,6784c4472d,2026-08-22T06:22:12,2026-08-22T06:22:12|6784c4472d,test_wallet_swap_first_open_loading_time[fresh_user],test_wallet_swap_first_open_ram_fresh,passed,771.44140625,771.44140625,771.44140625,1,771.44140625
nightly-6784c4472d-370,6784c4472d,2026-08-22T06:22:12,2026-08-22T06:22:12|6784c4472d,test_wallet_swap_loading_time[fresh_user],test_wallet_swap_ram_fresh,passed,782.62890625,835.3515625,810.98828125,5,"782.62890625,805.08984375,834.5625,835.3515625,797.30859375"
nightly-6784c4472d-370,6784c4472d,2026-08-22T06:22:12,2026-08-22T06:22:12|6784c4472d,test_status_community_second_open_loading_time[user_data0-user_account0],test_status_community_second_open_ram_member,passed,876.203125,897.9778645833334,886.118359375,5,"876.203125,882.6845703125,885.8199869791666,897.9778645833334,887.90625"
nightly-6784c4472d-370,6784c4472d,2026-08-22T06:22:12,2026-08-22T06:22:12|6784c4472d,test_wallet_account_open_loading_time[wallet_load_alex_user],test_wallet_account_first_open_ram_wallet_load_alex,passed,841.9205729166666,841.9205729166666,841.9205729166666,1,841.9205729166666
nightly-6784c4472d-370,6784c4472d,2026-08-22T06:22:12,2026-08-22T06:22:12|6784c4472d,test_wallet_account_open_loading_time[wallet_load_user],test_wallet_account_first_open_ram_wallet_load,passed,753.3059895833334,753.3059895833334,753.3059895833334,1,753.3059895833334
nightly-6784c4472d-370,6784c4472d,2026-08-22T06:22:12,2026-08-22T06:22:12|6784c4472d,test_wallet_send_first_open_loading_time[wallet_load_user],test_wallet_send_first_open_ram_wallet_load,passed,750.353515625,750.353515625,750.353515625,1,750.353515625
nightly-6784c4472d-370,6784c4472d,2026-08-22T06:22:12,2026-08-22T06:22:12|6784c4472d,test_wallet_send_loading_time[wallet_load_user],test_wallet_send_ram_wallet_load,passed,745.451171875,750.3984375,748.692578125,5,"749.97265625,748.0390625,745.451171875,750.3984375,749.6015625"
nightly-6784c4472d-370,6784c4472d,2026-08-22T06:22:12,2026-08-22T06:22:12|6784c4472d,test_wallet_swap_first_open_loading_time[wallet_load_alex_user],test_wallet_swap_first_open_ram_wallet_load_alex,passed,816.5533854166666,816.5533854166666,816.5533854166666,1,816.5533854166666
nightly-6784c4472d-370,6784c4472d,2026-08-22T06:22:12,2026-08-22T06:22:12|6784c4472d,test_wallet_swap_loading_time[wallet_load_alex_user],test_wallet_swap_ram_wallet_load_alex,passed,847.828125,913.056640625,869.026171875,5,"847.828125,854.4609375,913.056640625,871.5546875,858.23046875"
nightly-6784c4472d-370,6784c4472d,2026-08-22T06:22:12,2026-08-22T06:22:12|6784c4472d,test_wallet_add_account_first_open_loading_time[wallet_load_alex_user],test_wallet_add_account_first_open_ram_wallet_load_alex,passed,821.408203125,821.408203125,821.408203125,1,821.408203125
nightly-6784c4472d-370,6784c4472d,2026-08-22T06:22:12,2026-08-22T06:22:12|6784c4472d,test_wallet_add_account_loading_time[wallet_load_alex_user],test_wallet_add_account_ram_wallet_load_alex,passed,818.09765625,863.638671875,835.441796875,5,"818.09765625,863.638671875,826.625,842.40625,826.44140625"
nightly-6784c4472d-370,6784c4472d,2026-08-22T06:22:12,2026-08-22T06:22:12|6784c4472d,test_wallet_activity_tab_first_open_loading_time[wallet_load_alex_user],test_wallet_activity_tab_first_open_ram_wallet_load_alex,passed,792.3046875,792.3046875,792.3046875,1,792.3046875
nightly-6784c4472d-370,6784c4472d,2026-08-22T06:22:12,2026-08-22T06:22:12|6784c4472d,test_wallet_activity_tab_loading_time[wallet_load_alex_user],test_wallet_activity_tab_ram_wallet_load_alex,passed,809.9140625,900.212890625,847.262890625,5,"817.689453125,809.9140625,900.212890625,856.875,851.623046875"
nightly-6784c4472d-370,6784c4472d,2026-08-22T06:22:12,2026-08-22T06:22:12|6784c4472d,test_wallet_receive_first_open_loading_time[wallet_load_alex_user],test_wallet_receive_first_open_ram_wallet_load_alex,passed,789.541015625,789.541015625,789.541015625,1,789.541015625
nightly-6784c4472d-370,6784c4472d,2026-08-22T06:22:12,2026-08-22T06:22:12|6784c4472d,test_wallet_receive_loading_time[wallet_load_alex_user],test_wallet_receive_ram_wallet_load_alex,passed,757.169921875,834.57421875,784.58515625,5,"783.611328125,834.57421875,785.501953125,757.169921875,762.068359375"
nightly-6784c4472d-370,6784c4472d,2026-08-22T06:22:12,2026-08-22T06:22:12|6784c4472d,test_wallet_assets_tab_first_open_loading_time[fresh_user],test_wallet_assets_tab_first_open_ram_fresh,passed,750.9541015625,750.9541015625,750.9541015625,1,750.9541015625
nightly-6784c4472d-370,6784c4472d,2026-08-22T06:22:12,2026-08-22T06:22:12|6784c4472d,test_wallet_assets_tab_loading_time[fresh_user],test_wallet_assets_tab_ram_fresh,passed,785.23046875,832.48046875,810.69921875,5,"832.48046875,785.23046875,796.37109375,827.94140625,811.47265625"
nightly-6784c4472d-370,6784c4472d,2026-08-22T06:22:12,2026-08-22T06:22:12|6784c4472d,test_wallet_collectibles_tab_first_open_loading_time[fresh_user],test_wallet_collectibles_tab_first_open_ram_fresh,passed,771.7109375,771.7109375,771.7109375,1,771.7109375
nightly-6784c4472d-370,6784c4472d,2026-08-22T06:22:12,2026-08-22T06:22:12|6784c4472d,test_wallet_collectibles_tab_loading_time[fresh_user],test_wallet_collectibles_tab_ram_fresh,passed,792.58203125,842.484375,816.35234375,5,"801.75390625,842.484375,810.953125,792.58203125,833.98828125"
nightly-6784c4472d-370,6784c4472d,2026-08-22T06:22:12,2026-08-22T06:22:12|6784c4472d,test_wallet_receive_first_open_loading_time[fresh_user],test_wallet_receive_first_open_ram_fresh,passed,699.6640625,699.6640625,699.6640625,1,699.6640625
nightly-6784c4472d-370,6784c4472d,2026-08-22T06:22:12,2026-08-22T06:22:12|6784c4472d,test_wallet_receive_loading_time[fresh_user],test_wallet_receive_ram_fresh,passed,757.9921875,800.228515625,791.128515625,5,"757.9921875,799.744140625,798.822265625,798.85546875,800.228515625"
nightly-6784c4472d-370,6784c4472d,2026-08-22T06:22:12,2026-08-22T06:22:12|6784c4472d,test_wallet_account_open_loading_time[fresh_user],test_wallet_account_first_open_ram_fresh,passed,709.42578125,709.42578125,709.42578125,1,709.42578125
nightly-6784c4472d-370,6784c4472d,2026-08-22T06:22:12,2026-08-22T06:22:12|6784c4472d,test_wallet_first_open_loading_time[wallet_load_user],test_wallet_first_open_ram_wallet_load,passed,860.51953125,860.51953125,860.51953125,1,860.51953125
nightly-6784c4472d-370,6784c4472d,2026-08-22T06:22:12,2026-08-22T06:22:12|6784c4472d,test_wallet_activity_tab_first_open_loading_time[fresh_user],test_wallet_activity_tab_first_open_ram_fresh,passed,774.7734375,774.7734375,774.7734375,1,774.7734375
nightly-6784c4472d-370,6784c4472d,2026-08-22T06:22:12,2026-08-22T06:22:12|6784c4472d,test_wallet_activity_tab_loading_time[fresh_user],test_wallet_activity_tab_ram_fresh,passed,807.734375,810.328125,809.0859375,5,"808.4140625,807.734375,809.0,809.953125,810.328125"
nightly-6784c4472d-370,6784c4472d,2026-08-22T06:22:12,2026-08-22T06:22:12|6784c4472d,test_wallet_activity_tab_first_open_loading_time[wallet_load_user],test_wallet_activity_tab_first_open_ram_wallet_load,passed,757.6796875,757.6796875,757.6796875,1,757.6796875
nightly-6784c4472d-370,6784c4472d,2026-08-22T06:22:12,2026-08-22T06:22:12|6784c4472d,test_wallet_activity_tab_loading_time[wallet_load_user],test_wallet_activity_tab_ram_wallet_load,passed,798.513671875,809.5625,804.698046875,5,"807.26953125,798.931640625,798.513671875,809.212890625,809.5625"
nightly-6784c4472d-370,6784c4472d,2026-08-22T06:22:12,2026-08-22T06:22:12|6784c4472d,test_wallet_assets_tab_first_open_loading_time[wallet_load_user],test_wallet_assets_tab_first_open_ram_wallet_load,passed,830.33203125,830.33203125,830.33203125,1,830.33203125
nightly-6784c4472d-370,6784c4472d,2026-08-22T06:22:12,2026-08-22T06:22:12|6784c4472d,test_wallet_assets_tab_loading_time[wallet_load_user],test_wallet_assets_tab_ram_wallet_load,passed,813.76171875,839.1875,823.07734375,5,"820.21484375,813.76171875,822.8984375,819.32421875,839.1875"
nightly-6784c4472d-370,6784c4472d,2026-08-22T06:22:12,2026-08-22T06:22:12|6784c4472d,test_wallet_swap_first_open_loading_time[wallet_load_user],test_wallet_swap_first_open_ram_wallet_load,passed,772.306640625,772.306640625,772.306640625,1,772.306640625
nightly-6784c4472d-370,6784c4472d,2026-08-22T06:22:12,2026-08-22T06:22:12|6784c4472d,test_wallet_swap_loading_time[wallet_load_user],test_wallet_swap_ram_wallet_load,passed,764.5546875,786.150390625,776.2015625,5,"764.5546875,770.044921875,779.107421875,781.150390625,786.150390625"
nightly-6784c4472d-370,6784c4472d,2026-08-22T06:22:12,2026-08-22T06:22:12|6784c4472d,test_wallet_collectibles_tab_first_open_loading_time[wallet_load_user],test_wallet_collectibles_tab_first_open_ram_wallet_load,passed,823.4609375,823.4609375,823.4609375,1,823.4609375
nightly-6784c4472d-370,6784c4472d,2026-08-22T06:22:12,2026-08-22T06:22:12|6784c4472d,test_wallet_collectibles_tab_loading_time[wallet_load_user],test_wallet_collectibles_tab_ram_wallet_load,passed,795.57421875,830.8541666666666,814.5236979166667,5,"805.109375,795.57421875,812.7005208333334,830.8541666666666,828.3802083333334"
nightly-6784c4472d-370,6784c4472d,2026-08-22T06:22:12,2026-08-22T06:22:12|6784c4472d,test_wallet_repeat_open_loading_time[fresh_user],test_wallet_repeat_open_ram_fresh,passed,808.2109375,862.462890625,839.179296875,5,"862.462890625,847.62109375,818.20703125,808.2109375,859.39453125"
nightly-6784c4472d-370,6784c4472d,2026-08-22T06:22:12,2026-08-22T06:22:12|6784c4472d,test_wallet_assets_tab_first_open_loading_time[wallet_load_alex_user],test_wallet_assets_tab_first_open_ram_wallet_load_alex,passed,857.236328125,857.236328125,857.236328125,1,857.236328125
nightly-6784c4472d-370,6784c4472d,2026-08-22T06:22:12,2026-08-22T06:22:12|6784c4472d,test_wallet_assets_tab_loading_time[wallet_load_alex_user],test_wallet_assets_tab_ram_wallet_load_alex,passed,801.7395833333334,860.83203125,822.949609375,5,"801.7395833333334,806.3098958333334,802.2903645833334,843.576171875,860.83203125"
nightly-6784c4472d-370,6784c4472d,2026-08-22T06:22:12,2026-08-22T06:22:12|6784c4472d,test_status_community_first_open_loading_time[user_data0-user_account0],test_status_community_first_open_ram_member,passed,814.5763888888889,814.5763888888889,814.5763888888889,1,814.5763888888889
nightly-6784c4472d-370,6784c4472d,2026-08-22T06:22:12,2026-08-22T06:22:12|6784c4472d,test_wallet_add_account_first_open_loading_time[wallet_load_user],test_wallet_add_account_first_open_ram_wallet_load,passed,830.99609375,830.99609375,830.99609375,1,830.99609375
nightly-6784c4472d-370,6784c4472d,2026-08-22T06:22:12,2026-08-22T06:22:12|6784c4472d,test_wallet_add_account_loading_time[wallet_load_user],test_wallet_add_account_ram_wallet_load,passed,764.126953125,771.3984375,767.5109933035714,5,"770.05859375,764.2834821428571,764.126953125,767.6875,771.3984375"
nightly-6784c4472d-370,6784c4472d,2026-08-22T06:22:12,2026-08-22T06:22:12|6784c4472d,test_wallet_add_account_first_open_loading_time[fresh_user],test_wallet_add_account_first_open_ram_fresh,passed,762.36328125,762.36328125,762.36328125,1,762.36328125
nightly-6784c4472d-370,6784c4472d,2026-08-22T06:22:12,2026-08-22T06:22:12|6784c4472d,test_wallet_add_account_loading_time[fresh_user],test_wallet_add_account_ram_fresh,passed,820.890625,848.50390625,827.10859375,5,"848.50390625,820.890625,821.599609375,821.966796875,822.58203125"
nightly-6784c4472d-370,6784c4472d,2026-08-22T06:22:12,2026-08-22T06:22:12|6784c4472d,test_wallet_first_open_loading_time[fresh_user],test_wallet_first_open_ram_fresh,passed,691.51953125,691.51953125,691.51953125,1,691.51953125
nightly-6784c4472d-370,6784c4472d,2026-08-22T06:22:12,2026-08-22T06:22:12|6784c4472d,test_wallet_repeat_open_loading_time[wallet_load_user],test_wallet_repeat_open_ram_wallet_load,passed,784.94921875,940.8515625,876.05625,5,"784.94921875,886.953125,892.46484375,875.0625,940.8515625"
nightly-6784c4472d-370,6784c4472d,2026-08-22T06:22:12,2026-08-22T06:22:12|6784c4472d,test_wallet_receive_first_open_loading_time[wallet_load_user],test_wallet_receive_first_open_ram_wallet_load,passed,751.021484375,751.021484375,751.021484375,1,751.021484375
nightly-6784c4472d-370,6784c4472d,2026-08-22T06:22:12,2026-08-22T06:22:12|6784c4472d,test_wallet_receive_loading_time[wallet_load_user],test_wallet_receive_ram_wallet_load,passed,735.837890625,744.24609375,740.875,5,"743.564453125,741.23828125,735.837890625,739.48828125,744.24609375"
nightly-6784c4472d-370,6784c4472d,2026-08-22T06:22:12,2026-08-22T06:22:12|6784c4472d,test_wallet_first_open_loading_time[wallet_load_alex_user],test_wallet_first_open_ram_wallet_load_alex,passed,757.19921875,757.19921875,757.19921875,1,757.19921875
nightly-6784c4472d-370,6784c4472d,2026-08-22T06:22:12,2026-08-22T06:22:12|6784c4472d,test_wallet_send_first_open_loading_time[fresh_user],test_wallet_send_first_open_ram_fresh,passed,707.0638020833334,707.0638020833334,707.0638020833334,1,707.0638020833334
nightly-6784c4472d-370,6784c4472d,2026-08-22T06:22:12,2026-08-22T06:22:12|6784c4472d,test_wallet_send_loading_time[fresh_user],test_wallet_send_ram_fresh,passed,753.3984375,764.90234375,761.23125,5,"762.525390625,753.3984375,762.1953125,763.134765625,764.90234375"
nightly-6784c4472d-370,6784c4472d,2026-08-22T06:22:12,2026-08-22T06:22:12|6784c4472d,test_wallet_send_first_open_loading_time[wallet_load_alex_user],test_wallet_send_first_open_ram_wallet_load_alex,passed,782.9905133928571,782.9905133928571,782.9905133928571,1,782.9905133928571
nightly-6784c4472d-370,6784c4472d,2026-08-22T06:22:12,2026-08-22T06:22:12|6784c4472d,test_wallet_send_loading_time[wallet_load_alex_user],test_wallet_send_ram_wallet_load_alex,passed,769.255859375,780.79296875,774.08125,5,"770.09765625,769.255859375,770.1171875,780.79296875,780.142578125"
nightly-6784c4472d-370,6784c4472d,2026-08-22T06:22:12,2026-08-22T06:22:12|6784c4472d,test_wallet_repeat_open_loading_time[wallet_load_alex_user],test_wallet_repeat_open_ram_wallet_load_alex,passed,810.86328125,979.0078125,909.003125,5,"810.86328125,921.66796875,919.5625,913.9140625,979.0078125"
nightly-6784c4472d-370,6784c4472d,2026-08-22T06:22:12,2026-08-22T06:22:12|6784c4472d,test_wallet_collectibles_tab_first_open_loading_time[wallet_load_alex_user],test_wallet_collectibles_tab_first_open_ram_wallet_load_alex,passed,855.3046875,855.3046875,855.3046875,1,855.3046875
nightly-6784c4472d-370,6784c4472d,2026-08-22T06:22:12,2026-08-22T06:22:12|6784c4472d,test_wallet_collectibles_tab_loading_time[wallet_load_alex_user],test_wallet_collectibles_tab_ram_wallet_load_alex,passed,796.8984375,889.6861979166666,830.3130208333334,5,"829.67578125,796.8984375,804.0234375,831.28125,889.6861979166666"
nightly-a152a8bd55-371,a152a8bd55,2026-08-22T10:04:32,2026-08-22T10:04:32|a152a8bd55,test_wallet_swap_first_open_loading_time[fresh_user],test_wallet_swap_first_open_ram_fresh,passed,797.6015625,797.6015625,797.6015625,1,797.6015625
nightly-a152a8bd55-371,a152a8bd55,2026-08-22T10:04:32,2026-08-22T10:04:32|a152a8bd55,test_wallet_swap_loading_time[fresh_user],test_wallet_swap_ram_fresh,passed,770.302734375,815.20703125,787.54296875,5,"815.20703125,790.23828125,770.302734375,778.640625,783.326171875"
nightly-a152a8bd55-371,a152a8bd55,2026-08-22T10:04:32,2026-08-22T10:04:32|a152a8bd55,test_status_community_second_open_loading_time[user_data0-user_account0],test_status_community_second_open_ram_member,passed,811.64453125,857.2942708333334,843.6918619791668,5,"811.64453125,842.9811197916666,857.2942708333334,854.7122395833334,851.8271484375"
nightly-a152a8bd55-371,a152a8bd55,2026-08-22T10:04:32,2026-08-22T10:04:32|a152a8bd55,test_wallet_account_open_loading_time[wallet_load_alex_user],test_wallet_account_first_open_ram_wallet_load_alex,passed,802.099609375,802.099609375,802.099609375,1,802.099609375
nightly-a152a8bd55-371,a152a8bd55,2026-08-22T10:04:32,2026-08-22T10:04:32|a152a8bd55,test_wallet_account_open_loading_time[wallet_load_user],test_wallet_account_first_open_ram_wallet_load,passed,739.806640625,739.806640625,739.806640625,1,739.806640625
nightly-a152a8bd55-371,a152a8bd55,2026-08-22T10:04:32,2026-08-22T10:04:32|a152a8bd55,test_wallet_send_first_open_loading_time[wallet_load_user],test_wallet_send_first_open_ram_wallet_load,passed,746.9596354166666,746.9596354166666,746.9596354166666,1,746.9596354166666
nightly-a152a8bd55-371,a152a8bd55,2026-08-22T10:04:32,2026-08-22T10:04:32|a152a8bd55,test_wallet_send_loading_time[wallet_load_user],test_wallet_send_ram_wallet_load,passed,742.943359375,751.830078125,749.326171875,5,"750.40234375,751.830078125,742.943359375,750.416015625,751.0390625"
nightly-a152a8bd55-371,a152a8bd55,2026-08-22T10:04:32,2026-08-22T10:04:32|a152a8bd55,test_wallet_swap_first_open_loading_time[wallet_load_alex_user],test_wallet_swap_first_open_ram_wallet_load_alex,passed,801.75,801.75,801.75,1,801.75
nightly-a152a8bd55-371,a152a8bd55,2026-08-22T10:04:32,2026-08-22T10:04:32|a152a8bd55,test_wallet_swap_loading_time[wallet_load_alex_user],test_wallet_swap_ram_wallet_load_alex,passed,827.740234375,866.13671875,847.811328125,5,"827.740234375,841.90234375,839.244140625,864.033203125,866.13671875"
nightly-a152a8bd55-371,a152a8bd55,2026-08-22T10:04:32,2026-08-22T10:04:32|a152a8bd55,test_wallet_add_account_first_open_loading_time[wallet_load_alex_user],test_wallet_add_account_first_open_ram_wallet_load_alex,passed,811.31640625,811.31640625,811.31640625,1,811.31640625
nightly-a152a8bd55-371,a152a8bd55,2026-08-22T10:04:32,2026-08-22T10:04:32|a152a8bd55,test_wallet_add_account_loading_time[wallet_load_alex_user],test_wallet_add_account_ram_wallet_load_alex,passed,798.203125,820.47265625,811.04296875,5,"820.47265625,818.5546875,813.69921875,798.203125,804.28515625"
nightly-a152a8bd55-371,a152a8bd55,2026-08-22T10:04:32,2026-08-22T10:04:32|a152a8bd55,test_wallet_activity_tab_first_open_loading_time[wallet_load_alex_user],test_wallet_activity_tab_first_open_ram_wallet_load_alex,passed,826.5989583333334,826.5989583333334,826.5989583333334,1,826.5989583333334
nightly-a152a8bd55-371,a152a8bd55,2026-08-22T10:04:32,2026-08-22T10:04:32|a152a8bd55,test_wallet_activity_tab_loading_time[wallet_load_alex_user],test_wallet_activity_tab_ram_wallet_load_alex,passed,810.3997395833334,855.6497395833334,833.5730208333334,5,"847.63515625,855.6497395833334,821.30234375,810.3997395833334,832.878125"
nightly-a152a8bd55-371,a152a8bd55,2026-08-22T10:04:32,2026-08-22T10:04:32|a152a8bd55,test_wallet_receive_first_open_loading_time[wallet_load_alex_user],test_wallet_receive_first_open_ram_wallet_load_alex,passed,790.404296875,790.404296875,790.404296875,1,790.404296875
nightly-a152a8bd55-371,a152a8bd55,2026-08-22T10:04:32,2026-08-22T10:04:32|a152a8bd55,test_wallet_receive_loading_time[wallet_load_alex_user],test_wallet_receive_ram_wallet_load_alex,passed,775.9296875,796.888671875,783.103515625,5,"796.888671875,777.1640625,780.505859375,775.9296875,785.029296875"
nightly-a152a8bd55-371,a152a8bd55,2026-08-22T10:04:32,2026-08-22T10:04:32|a152a8bd55,test_wallet_assets_tab_first_open_loading_time[fresh_user],test_wallet_assets_tab_first_open_ram_fresh,passed,811.6484375,811.6484375,811.6484375,1,811.6484375
nightly-a152a8bd55-371,a152a8bd55,2026-08-22T10:04:32,2026-08-22T10:04:32|a152a8bd55,test_wallet_assets_tab_loading_time[fresh_user],test_wallet_assets_tab_ram_fresh,passed,808.87109375,856.958984375,824.93671875,5,"856.958984375,831.578125,808.87109375,811.0078125,816.267578125"
nightly-a152a8bd55-371,a152a8bd55,2026-08-22T10:04:32,2026-08-22T10:04:32|a152a8bd55,test_wallet_collectibles_tab_first_open_loading_time[fresh_user],test_wallet_collectibles_tab_first_open_ram_fresh,passed,802.126953125,802.126953125,802.126953125,1,802.126953125
nightly-a152a8bd55-371,a152a8bd55,2026-08-22T10:04:32,2026-08-22T10:04:32|a152a8bd55,test_wallet_collectibles_tab_loading_time[fresh_user],test_wallet_collectibles_tab_ram_fresh,passed,788.14453125,873.431640625,830.382421875,5,"873.431640625,847.3828125,820.67578125,822.27734375,788.14453125"
nightly-a152a8bd55-371,a152a8bd55,2026-08-22T10:04:32,2026-08-22T10:04:32|a152a8bd55,test_wallet_receive_first_open_loading_time[fresh_user],test_wallet_receive_first_open_ram_fresh,passed,691.3671875,691.3671875,691.3671875,1,691.3671875
nightly-a152a8bd55-371,a152a8bd55,2026-08-22T10:04:32,2026-08-22T10:04:32|a152a8bd55,test_wallet_receive_loading_time[fresh_user],test_wallet_receive_ram_fresh,passed,746.578125,772.154296875,755.499609375,5,"772.154296875,746.578125,749.05859375,754.25390625,755.453125"
nightly-a152a8bd55-371,a152a8bd55,2026-08-22T10:04:32,2026-08-22T10:04:32|a152a8bd55,test_wallet_account_open_loading_time[fresh_user],test_wallet_account_first_open_ram_fresh,passed,765.00390625,765.00390625,765.00390625,1,765.00390625
nightly-a152a8bd55-371,a152a8bd55,2026-08-22T10:04:32,2026-08-22T10:04:32|a152a8bd55,test_wallet_first_open_loading_time[wallet_load_user],test_wallet_first_open_ram_wallet_load,passed,772.609375,772.609375,772.609375,1,772.609375
nightly-a152a8bd55-371,a152a8bd55,2026-08-22T10:04:32,2026-08-22T10:04:32|a152a8bd55,test_wallet_activity_tab_first_open_loading_time[fresh_user],test_wallet_activity_tab_first_open_ram_fresh,passed,751.221875,751.221875,751.221875,1,751.221875
nightly-a152a8bd55-371,a152a8bd55,2026-08-22T10:04:32,2026-08-22T10:04:32|a152a8bd55,test_wallet_activity_tab_loading_time[fresh_user],test_wallet_activity_tab_ram_fresh,passed,757.140625,820.4453125,790.91328125,5,"757.140625,820.4453125,792.16015625,792.30859375,792.51171875"
nightly-a152a8bd55-371,a152a8bd55,2026-08-22T10:04:32,2026-08-22T10:04:32|a152a8bd55,test_wallet_activity_tab_first_open_loading_time[wallet_load_user],test_wallet_activity_tab_first_open_ram_wallet_load,passed,783.98828125,783.98828125,783.98828125,1,783.98828125
nightly-a152a8bd55-371,a152a8bd55,2026-08-22T10:04:32,2026-08-22T10:04:32|a152a8bd55,test_wallet_activity_tab_loading_time[wallet_load_user],test_wallet_activity_tab_ram_wallet_load,passed,781.76328125,814.6078125,801.467421875,5,"781.76328125,800.11171875,799.732421875,814.6078125,811.121875"
nightly-a152a8bd55-371,a152a8bd55,2026-08-22T10:04:32,2026-08-22T10:04:32|a152a8bd55,test_wallet_assets_tab_first_open_loading_time[wallet_load_user],test_wallet_assets_tab_first_open_ram_wallet_load,passed,758.2421875,758.2421875,758.2421875,1,758.2421875
nightly-a152a8bd55-371,a152a8bd55,2026-08-22T10:04:32,2026-08-22T10:04:32|a152a8bd55,test_wallet_assets_tab_loading_time[wallet_load_user],test_wallet_assets_tab_ram_wallet_load,passed,749.0950520833334,764.1927083333334,757.9145833333333,5,"753.3450520833334,764.1927083333334,749.0950520833334,761.39453125,761.5455729166666"
nightly-a152a8bd55-371,a152a8bd55,2026-08-22T10:04:32,2026-08-22T10:04:32|a152a8bd55,test_wallet_swap_first_open_loading_time[wallet_load_user],test_wallet_swap_first_open_ram_wallet_load,passed,821.6328125,821.6328125,821.6328125,1,821.6328125
nightly-a152a8bd55-371,a152a8bd55,2026-08-22T10:04:32,2026-08-22T10:04:32|a152a8bd55,test_wallet_swap_loading_time[wallet_load_user],test_wallet_swap_ram_wallet_load,passed,792.21875,806.20703125,800.815234375,5,"792.21875,806.20703125,798.169921875,804.52734375,802.953125"
nightly-a152a8bd55-371,a152a8bd55,2026-08-22T10:04:32,2026-08-22T10:04:32|a152a8bd55,test_wallet_collectibles_tab_first_open_loading_time[wallet_load_user],test_wallet_collectibles_tab_first_open_ram_wallet_load,passed,788.46484375,788.46484375,788.46484375,1,788.46484375
nightly-a152a8bd55-371,a152a8bd55,2026-08-22T10:04:32,2026-08-22T10:04:32|a152a8bd55,test_wallet_collectibles_tab_loading_time[wallet_load_user],test_wallet_collectibles_tab_ram_wallet_load,passed,779.7059151785714,812.9166666666666,800.1206101190476,5,"779.7059151785714,794.0167410714286,811.2393973214286,802.7243303571429,812.9166666666666"
nightly-a152a8bd55-371,a152a8bd55,2026-08-22T10:04:32,2026-08-22T10:04:32|a152a8bd55,test_wallet_repeat_open_loading_time[fresh_user],test_wallet_repeat_open_ram_fresh,passed,804.94921875,854.57421875,835.190625,5,"804.94921875,849.7682291666666,828.37890625,838.2825520833334,854.57421875"
nightly-a152a8bd55-371,a152a8bd55,2026-08-22T10:04:32,2026-08-22T10:04:32|a152a8bd55,test_wallet_assets_tab_first_open_loading_time[wallet_load_alex_user],test_wallet_assets_tab_first_open_ram_wallet_load_alex,passed,831.634765625,831.634765625,831.634765625,1,831.634765625
nightly-a152a8bd55-371,a152a8bd55,2026-08-22T10:04:32,2026-08-22T10:04:32|a152a8bd55,test_wallet_assets_tab_loading_time[wallet_load_alex_user],test_wallet_assets_tab_ram_wallet_load_alex,passed,826.6197916666666,889.3463541666666,852.1630208333333,5,"826.6197916666666,833.17578125,834.01171875,877.6614583333334,889.3463541666666"
nightly-a152a8bd55-371,a152a8bd55,2026-08-22T10:04:32,2026-08-22T10:04:32|a152a8bd55,test_status_community_first_open_loading_time[user_data0-user_account0],test_status_community_first_open_ram_member,passed,767.8402777777778,767.8402777777778,767.8402777777778,1,767.8402777777778
nightly-a152a8bd55-371,a152a8bd55,2026-08-22T10:04:32,2026-08-22T10:04:32|a152a8bd55,test_wallet_add_account_first_open_loading_time[wallet_load_user],test_wallet_add_account_first_open_ram_wallet_load,passed,772.52734375,772.52734375,772.52734375,1,772.52734375
nightly-a152a8bd55-371,a152a8bd55,2026-08-22T10:04:32,2026-08-22T10:04:32|a152a8bd55,test_wallet_add_account_loading_time[wallet_load_user],test_wallet_add_account_ram_wallet_load,passed,741.369140625,755.14453125,748.713671875,5,"753.189453125,741.369140625,747.41796875,746.447265625,755.14453125"
nightly-a152a8bd55-371,a152a8bd55,2026-08-22T10:04:32,2026-08-22T10:04:32|a152a8bd55,test_wallet_add_account_first_open_loading_time[fresh_user],test_wallet_add_account_first_open_ram_fresh,passed,692.76171875,692.76171875,692.76171875,1,692.76171875
nightly-a152a8bd55-371,a152a8bd55,2026-08-22T10:04:32,2026-08-22T10:04:32|a152a8bd55,test_wallet_add_account_loading_time[fresh_user],test_wallet_add_account_ram_fresh,passed,746.763671875,773.21875,754.3515625,5,"773.21875,746.763671875,747.9453125,751.26171875,752.568359375"
nightly-a152a8bd55-371,a152a8bd55,2026-08-22T10:04:32,2026-08-22T10:04:32|a152a8bd55,test_wallet_first_open_loading_time[fresh_user],test_wallet_first_open_ram_fresh,passed,753.716796875,753.716796875,753.716796875,1,753.716796875
nightly-a152a8bd55-371,a152a8bd55,2026-08-22T10:04:32,2026-08-22T10:04:32|a152a8bd55,test_wallet_repeat_open_loading_time[wallet_load_user],test_wallet_repeat_open_ram_wallet_load,passed,827.1263020833334,884.37890625,857.7677083333334,5,"827.1263020833334,838.2395833333334,856.9127604166666,882.1809895833334,884.37890625"
nightly-a152a8bd55-371,a152a8bd55,2026-08-22T10:04:32,2026-08-22T10:04:32|a152a8bd55,test_wallet_receive_first_open_loading_time[wallet_load_user],test_wallet_receive_first_open_ram_wallet_load,passed,765.697265625,765.697265625,765.697265625,1,765.697265625
nightly-a152a8bd55-371,a152a8bd55,2026-08-22T10:04:32,2026-08-22T10:04:32|a152a8bd55,test_wallet_receive_loading_time[wallet_load_user],test_wallet_receive_ram_wallet_load,passed,751.142578125,765.5859375,758.680859375,5,"760.962890625,765.5859375,763.927734375,751.142578125,751.78515625"
nightly-a152a8bd55-371,a152a8bd55,2026-08-22T10:04:32,2026-08-22T10:04:32|a152a8bd55,test_wallet_first_open_loading_time[wallet_load_alex_user],test_wallet_first_open_ram_wallet_load_alex,passed,881.89453125,881.89453125,881.89453125,1,881.89453125
nightly-a152a8bd55-371,a152a8bd55,2026-08-22T10:04:32,2026-08-22T10:04:32|a152a8bd55,test_wallet_send_first_open_loading_time[fresh_user],test_wallet_send_first_open_ram_fresh,passed,824.2063802083334,824.2063802083334,824.2063802083334,1,824.2063802083334
nightly-a152a8bd55-371,a152a8bd55,2026-08-22T10:04:32,2026-08-22T10:04:32|a152a8bd55,test_wallet_send_loading_time[fresh_user],test_wallet_send_ram_fresh,passed,802.71875,807.62890625,805.244140625,5,"802.71875,804.029296875,805.154296875,806.689453125,807.62890625"
nightly-a152a8bd55-371,a152a8bd55,2026-08-22T10:04:32,2026-08-22T10:04:32|a152a8bd55,test_wallet_send_first_open_loading_time[wallet_load_alex_user],test_wallet_send_first_open_ram_wallet_load_alex,passed,836.267578125,836.267578125,836.267578125,1,836.267578125
nightly-a152a8bd55-371,a152a8bd55,2026-08-22T10:04:32,2026-08-22T10:04:32|a152a8bd55,test_wallet_send_loading_time[wallet_load_alex_user],test_wallet_send_ram_wallet_load_alex,passed,818.716796875,856.12109375,833.7170386904761,5,"840.431640625,818.716796875,819.8111979166666,833.5044642857143,856.12109375"
nightly-a152a8bd55-371,a152a8bd55,2026-08-22T10:04:32,2026-08-22T10:04:32|a152a8bd55,test_wallet_repeat_open_loading_time[wallet_load_alex_user],test_wallet_repeat_open_ram_wallet_load_alex,passed,855.875,973.0364583333334,912.390234375,5,"855.875,898.3645833333334,908.0364583333334,926.638671875,973.0364583333334"
nightly-a152a8bd55-371,a152a8bd55,2026-08-22T10:04:32,2026-08-22T10:04:32|a152a8bd55,test_wallet_collectibles_tab_first_open_loading_time[wallet_load_alex_user],test_wallet_collectibles_tab_first_open_ram_wallet_load_alex,passed,821.5533854166666,821.5533854166666,821.5533854166666,1,821.5533854166666
nightly-a152a8bd55-371,a152a8bd55,2026-08-22T10:04:32,2026-08-22T10:04:32|a152a8bd55,test_wallet_collectibles_tab_loading_time[wallet_load_alex_user],test_wallet_collectibles_tab_ram_wallet_load_alex,passed,829.546875,890.482421875,856.1515625,5,"829.546875,835.708984375,890.482421875,865.32421875,859.6953125"
nightly-a6728b41f3-375,a6728b41f3,2026-08-24T09:20:11,2026-08-24T09:20:11|a6728b41f3,test_wallet_swap_first_open_loading_time[fresh_user],test_wallet_swap_first_open_ram_fresh,passed,727.4934895833334,727.4934895833334,727.4934895833334,1,727.4934895833334
nightly-a6728b41f3-375,a6728b41f3,2026-08-24T09:20:11,2026-08-24T09:20:11|a6728b41f3,test_wallet_swap_loading_time[fresh_user],test_wallet_swap_ram_fresh,passed,787.283203125,863.779296875,823.06015625,5,"787.283203125,792.896484375,841.431640625,863.779296875,829.91015625"
nightly-a6728b41f3-375,a6728b41f3,2026-08-24T09:20:11,2026-08-24T09:20:11|a6728b41f3,test_status_community_second_open_loading_time[user_data0-user_account0],test_status_community_second_open_ram_member,passed,878.9521484375,912.7347005208334,888.8779296875,5,"881.4716796875,878.9521484375,883.1158854166666,888.115234375,912.7347005208334"
nightly-a6728b41f3-375,a6728b41f3,2026-08-24T09:20:11,2026-08-24T09:20:11|a6728b41f3,test_wallet_account_open_loading_time[wallet_load_alex_user],test_wallet_account_first_open_ram_wallet_load_alex,passed,798.84375,798.84375,798.84375,1,798.84375
nightly-a6728b41f3-375,a6728b41f3,2026-08-24T09:20:11,2026-08-24T09:20:11|a6728b41f3,test_wallet_account_open_loading_time[wallet_load_user],test_wallet_account_first_open_ram_wallet_load,passed,810.171875,810.171875,810.171875,1,810.171875
nightly-a6728b41f3-375,a6728b41f3,2026-08-24T09:20:11,2026-08-24T09:20:11|a6728b41f3,test_wallet_send_first_open_loading_time[wallet_load_user],test_wallet_send_first_open_ram_wallet_load,passed,862.53125,862.53125,862.53125,1,862.53125
nightly-a6728b41f3-375,a6728b41f3,2026-08-24T09:20:11,2026-08-24T09:20:11|a6728b41f3,test_wallet_send_loading_time[wallet_load_user],test_wallet_send_ram_wallet_load,passed,801.041015625,816.673828125,808.613671875,5,"816.673828125,811.640625,809.9921875,803.720703125,801.041015625"
nightly-a6728b41f3-375,a6728b41f3,2026-08-24T09:20:11,2026-08-24T09:20:11|a6728b41f3,test_wallet_swap_first_open_loading_time[wallet_load_alex_user],test_wallet_swap_first_open_ram_wallet_load_alex,passed,827.55078125,827.55078125,827.55078125,1,827.55078125
nightly-a6728b41f3-375,a6728b41f3,2026-08-24T09:20:11,2026-08-24T09:20:11|a6728b41f3,test_wallet_swap_loading_time[wallet_load_alex_user],test_wallet_swap_ram_wallet_load_alex,passed,855.150390625,908.759765625,886.505078125,5,"855.150390625,900.220703125,878.703125,889.69140625,908.759765625"
nightly-a6728b41f3-375,a6728b41f3,2026-08-24T09:20:11,2026-08-24T09:20:11|a6728b41f3,test_wallet_add_account_first_open_loading_time[wallet_load_alex_user],test_wallet_add_account_first_open_ram_wallet_load_alex,passed,813.537109375,813.537109375,813.537109375,1,813.537109375
nightly-a6728b41f3-375,a6728b41f3,2026-08-24T09:20:11,2026-08-24T09:20:11|a6728b41f3,test_wallet_add_account_loading_time[wallet_load_alex_user],test_wallet_add_account_ram_wallet_load_alex,passed,837.166015625,901.158203125,857.9578125,5,"901.158203125,854.728515625,851.560546875,837.166015625,845.17578125"
nightly-a6728b41f3-375,a6728b41f3,2026-08-24T09:20:11,2026-08-24T09:20:11|a6728b41f3,test_wallet_activity_tab_first_open_loading_time[wallet_load_alex_user],test_wallet_activity_tab_first_open_ram_wallet_load_alex,passed,833.814453125,833.814453125,833.814453125,1,833.814453125
nightly-a6728b41f3-375,a6728b41f3,2026-08-24T09:20:11,2026-08-24T09:20:11|a6728b41f3,test_wallet_activity_tab_loading_time[wallet_load_alex_user],test_wallet_activity_tab_ram_wallet_load_alex,passed,843.88671875,858.6359375,851.1887760416666,5,"843.88671875,858.6359375,845.208984375,851.9361979166666,856.2760416666666"
nightly-a6728b41f3-375,a6728b41f3,2026-08-24T09:20:11,2026-08-24T09:20:11|a6728b41f3,test_wallet_receive_first_open_loading_time[wallet_load_alex_user],test_wallet_receive_first_open_ram_wallet_load_alex,passed,812.052734375,812.052734375,812.052734375,1,812.052734375
nightly-a6728b41f3-375,a6728b41f3,2026-08-24T09:20:11,2026-08-24T09:20:11|a6728b41f3,test_wallet_receive_loading_time[wallet_load_alex_user],test_wallet_receive_ram_wallet_load_alex,passed,801.8984375,905.173828125,842.655078125,5,"821.685546875,840.705078125,905.173828125,843.8125,801.8984375"
nightly-a6728b41f3-375,a6728b41f3,2026-08-24T09:20:11,2026-08-24T09:20:11|a6728b41f3,test_wallet_assets_tab_first_open_loading_time[fresh_user],test_wallet_assets_tab_first_open_ram_fresh,passed,725.1171875,725.1171875,725.1171875,1,725.1171875
nightly-a6728b41f3-375,a6728b41f3,2026-08-24T09:20:11,2026-08-24T09:20:11|a6728b41f3,test_wallet_assets_tab_loading_time[fresh_user],test_wallet_assets_tab_ram_fresh,passed,734.43359375,827.4609375,790.0916294642857,5,"734.43359375,772.669921875,806.8839285714286,809.009765625,827.4609375"
nightly-a6728b41f3-375,a6728b41f3,2026-08-24T09:20:11,2026-08-24T09:20:11|a6728b41f3,test_wallet_collectibles_tab_first_open_loading_time[fresh_user],test_wallet_collectibles_tab_first_open_ram_fresh,passed,726.87890625,726.87890625,726.87890625,1,726.87890625
nightly-a6728b41f3-375,a6728b41f3,2026-08-24T09:20:11,2026-08-24T09:20:11|a6728b41f3,test_wallet_collectibles_tab_loading_time[fresh_user],test_wallet_collectibles_tab_ram_fresh,passed,732.46875,867.8203125,822.5078125,5,"732.46875,797.84375,848.04296875,866.36328125,867.8203125"
nightly-a6728b41f3-375,a6728b41f3,2026-08-24T09:20:11,2026-08-24T09:20:11|a6728b41f3,test_wallet_receive_first_open_loading_time[fresh_user],test_wallet_receive_first_open_ram_fresh,passed,821.490234375,821.490234375,821.490234375,1,821.490234375
nightly-a6728b41f3-375,a6728b41f3,2026-08-24T09:20:11,2026-08-24T09:20:11|a6728b41f3,test_wallet_receive_loading_time[fresh_user],test_wallet_receive_ram_fresh,passed,872.7578125,899.1953125,880.690625,5,"899.1953125,882.29296875,872.7578125,874.271484375,874.935546875"
nightly-a6728b41f3-375,a6728b41f3,2026-08-24T09:20:11,2026-08-24T09:20:11|a6728b41f3,test_wallet_account_open_loading_time[fresh_user],test_wallet_account_first_open_ram_fresh,passed,726.84765625,726.84765625,726.84765625,1,726.84765625
nightly-a6728b41f3-375,a6728b41f3,2026-08-24T09:20:11,2026-08-24T09:20:11|a6728b41f3,test_wallet_first_open_loading_time[wallet_load_user],test_wallet_first_open_ram_wallet_load,passed,824.310546875,824.310546875,824.310546875,1,824.310546875
nightly-a6728b41f3-375,a6728b41f3,2026-08-24T09:20:11,2026-08-24T09:20:11|a6728b41f3,test_wallet_activity_tab_first_open_loading_time[fresh_user],test_wallet_activity_tab_first_open_ram_fresh,passed,719.21484375,719.21484375,719.21484375,1,719.21484375
nightly-a6728b41f3-375,a6728b41f3,2026-08-24T09:20:11,2026-08-24T09:20:11|a6728b41f3,test_wallet_activity_tab_loading_time[fresh_user],test_wallet_activity_tab_ram_fresh,passed,720.865234375,771.900390625,741.43515625,5,"720.865234375,721.3515625,721.228515625,771.900390625,771.830078125"
nightly-a6728b41f3-375,a6728b41f3,2026-08-24T09:20:11,2026-08-24T09:20:11|a6728b41f3,test_wallet_activity_tab_first_open_loading_time[wallet_load_user],test_wallet_activity_tab_first_open_ram_wallet_load,passed,806.90078125,806.90078125,806.90078125,1,806.90078125
nightly-a6728b41f3-375,a6728b41f3,2026-08-24T09:20:11,2026-08-24T09:20:11|a6728b41f3,test_wallet_activity_tab_loading_time[wallet_load_user],test_wallet_activity_tab_ram_wallet_load,passed,811.12890625,837.8111979166666,827.8934505208333,5,"811.12890625,824.482421875,836.3955078125,829.64921875,837.8111979166666"
nightly-a6728b41f3-375,a6728b41f3,2026-08-24T09:20:11,2026-08-24T09:20:11|a6728b41f3,test_wallet_assets_tab_first_open_loading_time[wallet_load_user],test_wallet_assets_tab_first_open_ram_wallet_load,passed,794.92578125,794.92578125,794.92578125,1,794.92578125
nightly-a6728b41f3-375,a6728b41f3,2026-08-24T09:20:11,2026-08-24T09:20:11|a6728b41f3,test_wallet_assets_tab_loading_time[wallet_load_user],test_wallet_assets_tab_ram_wallet_load,passed,780.94921875,792.2578125,786.6630208333333,5,"792.2578125,786.69140625,788.3203125,780.94921875,785.0963541666666"
nightly-a6728b41f3-375,a6728b41f3,2026-08-24T09:20:11,2026-08-24T09:20:11|a6728b41f3,test_wallet_swap_first_open_loading_time[wallet_load_user],test_wallet_swap_first_open_ram_wallet_load,passed,810.390625,810.390625,810.390625,1,810.390625
nightly-a6728b41f3-375,a6728b41f3,2026-08-24T09:20:11,2026-08-24T09:20:11|a6728b41f3,test_wallet_swap_loading_time[wallet_load_user],test_wallet_swap_ram_wallet_load,passed,808.61328125,812.880859375,810.664453125,5,"808.61328125,810.234375,809.52734375,812.06640625,812.880859375"
nightly-a6728b41f3-375,a6728b41f3,2026-08-24T09:20:11,2026-08-24T09:20:11|a6728b41f3,test_wallet_collectibles_tab_first_open_loading_time[wallet_load_user],test_wallet_collectibles_tab_first_open_ram_wallet_load,passed,780.8504464285714,780.8504464285714,780.8504464285714,1,780.8504464285714
nightly-a6728b41f3-375,a6728b41f3,2026-08-24T09:20:11,2026-08-24T09:20:11|a6728b41f3,test_wallet_collectibles_tab_loading_time[wallet_load_user],test_wallet_collectibles_tab_ram_wallet_load,passed,778.5920758928571,819.4635416666666,799.1271065848214,5,"778.5920758928571,794.9466145833334,798.03759765625,804.595703125,819.4635416666666"
nightly-a6728b41f3-375,a6728b41f3,2026-08-24T09:20:11,2026-08-24T09:20:11|a6728b41f3,test_wallet_repeat_open_loading_time[fresh_user],test_wallet_repeat_open_ram_fresh,passed,852.0963541666666,908.1953125,885.75234375,5,"886.5950520833334,908.1953125,852.0963541666666,882.92578125,898.94921875"
nightly-a6728b41f3-375,a6728b41f3,2026-08-24T09:20:11,2026-08-24T09:20:11|a6728b41f3,test_wallet_assets_tab_first_open_loading_time[wallet_load_alex_user],test_wallet_assets_tab_first_open_ram_wallet_load_alex,passed,828.529296875,828.529296875,828.529296875,1,828.529296875
nightly-a6728b41f3-375,a6728b41f3,2026-08-24T09:20:11,2026-08-24T09:20:11|a6728b41f3,test_wallet_assets_tab_loading_time[wallet_load_alex_user],test_wallet_assets_tab_ram_wallet_load_alex,passed,833.7806919642857,885.0654296875,846.9533389136905,5,"833.7806919642857,840.0221354166666,885.0654296875,837.37890625,838.51953125"
nightly-a6728b41f3-375,a6728b41f3,2026-08-24T09:20:11,2026-08-24T09:20:11|a6728b41f3,test_status_community_first_open_loading_time[user_data0-user_account0],test_status_community_first_open_ram_member,passed,767.813671875,767.813671875,767.813671875,1,767.813671875
nightly-a6728b41f3-375,a6728b41f3,2026-08-24T09:20:11,2026-08-24T09:20:11|a6728b41f3,test_wallet_add_account_first_open_loading_time[wallet_load_user],test_wallet_add_account_first_open_ram_wallet_load,passed,777.08984375,777.08984375,777.08984375,1,777.08984375
nightly-a6728b41f3-375,a6728b41f3,2026-08-24T09:20:11,2026-08-24T09:20:11|a6728b41f3,test_wallet_add_account_loading_time[wallet_load_user],test_wallet_add_account_ram_wallet_load,passed,769.31640625,783.6875,776.515625,5,"776.169921875,769.31640625,775.736328125,783.6875,777.66796875"
nightly-a6728b41f3-375,a6728b41f3,2026-08-24T09:20:11,2026-08-24T09:20:11|a6728b41f3,test_wallet_add_account_first_open_loading_time[fresh_user],test_wallet_add_account_first_open_ram_fresh,passed,723.904296875,723.904296875,723.904296875,1,723.904296875
nightly-a6728b41f3-375,a6728b41f3,2026-08-24T09:20:11,2026-08-24T09:20:11|a6728b41f3,test_wallet_add_account_loading_time[fresh_user],test_wallet_add_account_ram_fresh,passed,732.779296875,814.458984375,775.63203125,5,"732.779296875,768.263671875,772.84375,789.814453125,814.458984375"
nightly-a6728b41f3-375,a6728b41f3,2026-08-24T09:20:11,2026-08-24T09:20:11|a6728b41f3,test_wallet_first_open_loading_time[fresh_user],test_wallet_first_open_ram_fresh,passed,727.65625,727.65625,727.65625,1,727.65625
nightly-a6728b41f3-375,a6728b41f3,2026-08-24T09:20:11,2026-08-24T09:20:11|a6728b41f3,test_wallet_repeat_open_loading_time[wallet_load_user],test_wallet_repeat_open_ram_wallet_load,passed,808.591796875,911.4127604166666,872.2360677083334,5,"808.591796875,879.0182291666666,873.1223958333334,889.03515625,911.4127604166666"
nightly-a6728b41f3-375,a6728b41f3,2026-08-24T09:20:11,2026-08-24T09:20:11|a6728b41f3,test_wallet_receive_first_open_loading_time[wallet_load_user],test_wallet_receive_first_open_ram_wallet_load,passed,795.4739583333334,795.4739583333334,795.4739583333334,1,795.4739583333334
nightly-a6728b41f3-375,a6728b41f3,2026-08-24T09:20:11,2026-08-24T09:20:11|a6728b41f3,test_wallet_receive_loading_time[wallet_load_user],test_wallet_receive_ram_wallet_load,passed,769.5234375,791.0,777.873046875,5,"791.0,787.037109375,769.5234375,770.12890625,771.67578125"
nightly-a6728b41f3-375,a6728b41f3,2026-08-24T09:20:11,2026-08-24T09:20:11|a6728b41f3,test_wallet_first_open_loading_time[wallet_load_alex_user],test_wallet_first_open_ram_wallet_load_alex,passed,844.66015625,844.66015625,844.66015625,1,844.66015625
nightly-a6728b41f3-375,a6728b41f3,2026-08-24T09:20:11,2026-08-24T09:20:11|a6728b41f3,test_wallet_send_first_open_loading_time[fresh_user],test_wallet_send_first_open_ram_fresh,passed,742.677734375,742.677734375,742.677734375,1,742.677734375
nightly-a6728b41f3-375,a6728b41f3,2026-08-24T09:20:11,2026-08-24T09:20:11|a6728b41f3,test_wallet_send_loading_time[fresh_user],test_wallet_send_ram_fresh,passed,771.490234375,857.1640625,800.961328125,5,"857.1640625,816.439453125,771.490234375,779.59375,780.119140625"
nightly-a6728b41f3-375,a6728b41f3,2026-08-24T09:20:11,2026-08-24T09:20:11|a6728b41f3,test_wallet_send_first_open_loading_time[wallet_load_alex_user],test_wallet_send_first_open_ram_wallet_load_alex,passed,830.71875,830.71875,830.71875,1,830.71875
nightly-a6728b41f3-375,a6728b41f3,2026-08-24T09:20:11,2026-08-24T09:20:11|a6728b41f3,test_wallet_send_loading_time[wallet_load_alex_user],test_wallet_send_ram_wallet_load_alex,passed,814.806640625,921.064453125,859.1854352678572,5,"814.806640625,837.630859375,921.064453125,871.9720982142857,850.453125"
nightly-a6728b41f3-375,a6728b41f3,2026-08-24T09:20:11,2026-08-24T09:20:11|a6728b41f3,test_wallet_repeat_open_loading_time[wallet_load_alex_user],test_wallet_repeat_open_ram_wallet_load_alex,passed,864.02734375,957.328125,925.4072916666667,5,"864.02734375,917.8671875,945.4010416666666,942.4127604166666,957.328125"
nightly-a6728b41f3-375,a6728b41f3,2026-08-24T09:20:11,2026-08-24T09:20:11|a6728b41f3,test_wallet_collectibles_tab_first_open_loading_time[wallet_load_alex_user],test_wallet_collectibles_tab_first_open_ram_wallet_load_alex,passed,854.884765625,854.884765625,854.884765625,1,854.884765625
nightly-a6728b41f3-375,a6728b41f3,2026-08-24T09:20:11,2026-08-24T09:20:11|a6728b41f3,test_wallet_collectibles_tab_loading_time[wallet_load_alex_user],test_wallet_collectibles_tab_ram_wallet_load_alex,passed,822.16015625,848.5546875,828.894140625,5,"848.5546875,824.431640625,825.75,822.16015625,823.57421875"
nightly-42be31514d-376,42be31514d,2026-08-25T06:27:45,2026-08-25T06:27:45|42be31514d,test_wallet_swap_first_open_loading_time[fresh_user],test_wallet_swap_first_open_ram_fresh,passed,826.09765625,826.09765625,826.09765625,1,826.09765625
nightly-42be31514d-376,42be31514d,2026-08-25T06:27:45,2026-08-25T06:27:45|42be31514d,test_wallet_swap_loading_time[fresh_user],test_wallet_swap_ram_fresh,passed,786.6328125,839.8203125,807.951953125,5,"839.8203125,786.6328125,802.419921875,803.91015625,806.9765625"
nightly-42be31514d-376,42be31514d,2026-08-25T06:27:45,2026-08-25T06:27:45|42be31514d,test_status_community_second_open_loading_time[user_data0-user_account0],test_status_community_second_open_ram_member,passed,844.3958333333334,893.84765625,872.5223958333333,5,"844.3958333333334,870.2978515625,867.8268229166666,893.84765625,886.2438151041666"
nightly-42be31514d-376,42be31514d,2026-08-25T06:27:45,2026-08-25T06:27:45|42be31514d,test_wallet_account_open_loading_time[wallet_load_alex_user],test_wallet_account_first_open_ram_wallet_load_alex,passed,832.626953125,832.626953125,832.626953125,1,832.626953125
nightly-42be31514d-376,42be31514d,2026-08-25T06:27:45,2026-08-25T06:27:45|42be31514d,test_wallet_account_open_loading_time[wallet_load_user],test_wallet_account_first_open_ram_wallet_load,passed,744.6315104166666,744.6315104166666,744.6315104166666,1,744.6315104166666
nightly-42be31514d-376,42be31514d,2026-08-25T06:27:45,2026-08-25T06:27:45|42be31514d,test_wallet_send_first_open_loading_time[wallet_load_user],test_wallet_send_first_open_ram_wallet_load,passed,767.7727864583334,767.7727864583334,767.7727864583334,1,767.7727864583334
nightly-42be31514d-376,42be31514d,2026-08-25T06:27:45,2026-08-25T06:27:45|42be31514d,test_wallet_send_loading_time[wallet_load_user],test_wallet_send_ram_wallet_load,passed,758.685546875,769.8125,763.36484375,5,"759.484375,758.685546875,765.857421875,762.984375,769.8125"
nightly-42be31514d-376,42be31514d,2026-08-25T06:27:45,2026-08-25T06:27:45|42be31514d,test_wallet_swap_first_open_loading_time[wallet_load_alex_user],test_wallet_swap_first_open_ram_wallet_load_alex,passed,811.0696614583334,811.0696614583334,811.0696614583334,1,811.0696614583334
nightly-42be31514d-376,42be31514d,2026-08-25T06:27:45,2026-08-25T06:27:45|42be31514d,test_wallet_swap_loading_time[wallet_load_alex_user],test_wallet_swap_ram_wallet_load_alex,passed,820.06640625,893.330078125,851.794921875,5,"820.06640625,844.8203125,893.330078125,842.29296875,858.46484375"
nightly-42be31514d-376,42be31514d,2026-08-25T06:27:45,2026-08-25T06:27:45|42be31514d,test_wallet_add_account_first_open_loading_time[wallet_load_alex_user],test_wallet_add_account_first_open_ram_wallet_load_alex,passed,819.111328125,819.111328125,819.111328125,1,819.111328125
nightly-42be31514d-376,42be31514d,2026-08-25T06:27:45,2026-08-25T06:27:45|42be31514d,test_wallet_add_account_loading_time[wallet_load_alex_user],test_wallet_add_account_ram_wallet_load_alex,passed,823.23046875,880.52734375,852.0851004464287,5,"823.23046875,837.7734375,880.52734375,864.8454241071429,854.048828125"
nightly-42be31514d-376,42be31514d,2026-08-25T06:27:45,2026-08-25T06:27:45|42be31514d,test_wallet_activity_tab_first_open_loading_time[wallet_load_alex_user],test_wallet_activity_tab_first_open_ram_wallet_load_alex,passed,816.82890625,816.82890625,816.82890625,1,816.82890625
nightly-42be31514d-376,42be31514d,2026-08-25T06:27:45,2026-08-25T06:27:45|42be31514d,test_wallet_activity_tab_loading_time[wallet_load_alex_user],test_wallet_activity_tab_ram_wallet_load_alex,passed,812.13046875,839.771484375,825.1095312499999,5,"812.32734375,812.13046875,828.404296875,839.771484375,832.9140625"
nightly-42be31514d-376,42be31514d,2026-08-25T06:27:45,2026-08-25T06:27:45|42be31514d,test_wallet_receive_first_open_loading_time[wallet_load_alex_user],test_wallet_receive_first_open_ram_wallet_load_alex,passed,806.2176339285714,806.2176339285714,806.2176339285714,1,806.2176339285714
nightly-42be31514d-376,42be31514d,2026-08-25T06:27:45,2026-08-25T06:27:45|42be31514d,test_wallet_receive_loading_time[wallet_load_alex_user],test_wallet_receive_ram_wallet_load_alex,passed,807.826171875,889.744140625,833.8359375,5,"811.3125,889.744140625,842.9296875,807.826171875,817.3671875"
nightly-42be31514d-376,42be31514d,2026-08-25T06:27:45,2026-08-25T06:27:45|42be31514d,test_wallet_assets_tab_first_open_loading_time[fresh_user],test_wallet_assets_tab_first_open_ram_fresh,passed,703.60546875,703.60546875,703.60546875,1,703.60546875
nightly-42be31514d-376,42be31514d,2026-08-25T06:27:45,2026-08-25T06:27:45|42be31514d,test_wallet_assets_tab_loading_time[fresh_user],test_wallet_assets_tab_ram_fresh,passed,728.8138020833334,790.6662946428571,762.7854724702381,5,"728.8138020833334,774.6328125,790.6662946428571,754.85546875,764.958984375"
nightly-42be31514d-376,42be31514d,2026-08-25T06:27:45,2026-08-25T06:27:45|42be31514d,test_wallet_collectibles_tab_first_open_loading_time[fresh_user],test_wallet_collectibles_tab_first_open_ram_fresh,passed,802.875,802.875,802.875,1,802.875
nightly-42be31514d-376,42be31514d,2026-08-25T06:27:45,2026-08-25T06:27:45|42be31514d,test_wallet_collectibles_tab_loading_time[fresh_user],test_wallet_collectibles_tab_ram_fresh,passed,807.33984375,863.49609375,829.99140625,5,"863.49609375,827.83203125,823.046875,807.33984375,828.2421875"
nightly-42be31514d-376,42be31514d,2026-08-25T06:27:45,2026-08-25T06:27:45|42be31514d,test_wallet_receive_first_open_loading_time[fresh_user],test_wallet_receive_first_open_ram_fresh,passed,812.263671875,812.263671875,812.263671875,1,812.263671875
nightly-42be31514d-376,42be31514d,2026-08-25T06:27:45,2026-08-25T06:27:45|42be31514d,test_wallet_receive_loading_time[fresh_user],test_wallet_receive_ram_fresh,passed,824.185546875,835.888671875,829.396484375,5,"833.2421875,835.888671875,829.466796875,824.185546875,824.19921875"
nightly-42be31514d-376,42be31514d,2026-08-25T06:27:45,2026-08-25T06:27:45|42be31514d,test_wallet_account_open_loading_time[fresh_user],test_wallet_account_first_open_ram_fresh,passed,786.75,786.75,786.75,1,786.75
nightly-42be31514d-376,42be31514d,2026-08-25T06:27:45,2026-08-25T06:27:45|42be31514d,test_wallet_first_open_loading_time[wallet_load_user],test_wallet_first_open_ram_wallet_load,passed,787.08984375,787.08984375,787.08984375,1,787.08984375
nightly-42be31514d-376,42be31514d,2026-08-25T06:27:45,2026-08-25T06:27:45|42be31514d,test_wallet_activity_tab_first_open_loading_time[fresh_user],test_wallet_activity_tab_first_open_ram_fresh,passed,795.4453125,795.4453125,795.4453125,1,795.4453125
nightly-42be31514d-376,42be31514d,2026-08-25T06:27:45,2026-08-25T06:27:45|42be31514d,test_wallet_activity_tab_loading_time[fresh_user],test_wallet_activity_tab_ram_fresh,passed,820.310546875,845.2578125,825.5703125,5,"845.2578125,820.310546875,820.619140625,820.8125,820.8515625"
nightly-42be31514d-376,42be31514d,2026-08-25T06:27:45,2026-08-25T06:27:45|42be31514d,test_wallet_activity_tab_first_open_loading_time[wallet_load_user],test_wallet_activity_tab_first_open_ram_wallet_load,passed,823.234375,823.234375,823.234375,1,823.234375
nightly-42be31514d-376,42be31514d,2026-08-25T06:27:45,2026-08-25T06:27:45|42be31514d,test_wallet_activity_tab_loading_time[wallet_load_user],test_wallet_activity_tab_ram_wallet_load,passed,791.4895833333334,799.6783854166666,796.6284375,5,"798.66953125,791.4895833333334,798.421875,799.6783854166666,794.8828125"
nightly-42be31514d-376,42be31514d,2026-08-25T06:27:45,2026-08-25T06:27:45|42be31514d,test_wallet_assets_tab_first_open_loading_time[wallet_load_user],test_wallet_assets_tab_first_open_ram_wallet_load,passed,772.80859375,772.80859375,772.80859375,1,772.80859375
nightly-42be31514d-376,42be31514d,2026-08-25T06:27:45,2026-08-25T06:27:45|42be31514d,test_wallet_assets_tab_loading_time[wallet_load_user],test_wallet_assets_tab_ram_wallet_load,passed,763.3177083333334,792.890625,776.0828125,5,"763.6536458333334,763.3177083333334,771.84375,792.890625,788.7083333333334"
nightly-42be31514d-376,42be31514d,2026-08-25T06:27:45,2026-08-25T06:27:45|42be31514d,test_wallet_swap_first_open_loading_time[wallet_load_user],test_wallet_swap_first_open_ram_wallet_load,passed,782.6875,782.6875,782.6875,1,782.6875
nightly-42be31514d-376,42be31514d,2026-08-25T06:27:45,2026-08-25T06:27:45|42be31514d,test_wallet_swap_loading_time[wallet_load_user],test_wallet_swap_ram_wallet_load,passed,788.509765625,808.33984375,801.771875,5,"799.595703125,788.509765625,805.86328125,808.33984375,806.55078125"
nightly-42be31514d-376,42be31514d,2026-08-25T06:27:45,2026-08-25T06:27:45|42be31514d,test_wallet_collectibles_tab_first_open_loading_time[wallet_load_user],test_wallet_collectibles_tab_first_open_ram_wallet_load,passed,759.7315848214286,759.7315848214286,759.7315848214286,1,759.7315848214286
nightly-42be31514d-376,42be31514d,2026-08-25T06:27:45,2026-08-25T06:27:45|42be31514d,test_wallet_collectibles_tab_loading_time[wallet_load_user],test_wallet_collectibles_tab_ram_wallet_load,passed,772.2890625,809.5764508928571,795.5272600446427,5,"772.2890625,787.4497767857143,800.4040178571429,809.5764508928571,807.9169921875"
nightly-42be31514d-376,42be31514d,2026-08-25T06:27:45,2026-08-25T06:27:45|42be31514d,test_wallet_repeat_open_loading_time[fresh_user],test_wallet_repeat_open_ram_fresh,passed,792.666015625,866.09765625,825.4170572916668,5,"798.2708333333334,813.703125,792.666015625,856.34765625,866.09765625"
nightly-42be31514d-376,42be31514d,2026-08-25T06:27:45,2026-08-25T06:27:45|42be31514d,test_wallet_assets_tab_first_open_loading_time[wallet_load_alex_user],test_wallet_assets_tab_first_open_ram_wallet_load_alex,passed,814.595703125,814.595703125,814.595703125,1,814.595703125
nightly-42be31514d-376,42be31514d,2026-08-25T06:27:45,2026-08-25T06:27:45|42be31514d,test_wallet_assets_tab_loading_time[wallet_load_alex_user],test_wallet_assets_tab_ram_wallet_load_alex,passed,807.5455729166666,857.0234375,826.0845703125,5,"807.5455729166666,807.8346354166666,829.7838541666666,828.2353515625,857.0234375"
nightly-42be31514d-376,42be31514d,2026-08-25T06:27:45,2026-08-25T06:27:45|42be31514d,test_status_community_first_open_loading_time[user_data0-user_account0],test_status_community_first_open_ram_member,passed,743.0947265625,743.0947265625,743.0947265625,1,743.0947265625
nightly-42be31514d-376,42be31514d,2026-08-25T06:27:45,2026-08-25T06:27:45|42be31514d,test_wallet_add_account_first_open_loading_time[wallet_load_user],test_wallet_add_account_first_open_ram_wallet_load,passed,750.7421875,750.7421875,750.7421875,1,750.7421875
nightly-42be31514d-376,42be31514d,2026-08-25T06:27:45,2026-08-25T06:27:45|42be31514d,test_wallet_add_account_loading_time[wallet_load_user],test_wallet_add_account_ram_wallet_load,passed,751.30078125,795.6640625,765.68671875,5,"751.30078125,753.0234375,761.365234375,767.080078125,795.6640625"
nightly-42be31514d-376,42be31514d,2026-08-25T06:27:45,2026-08-25T06:27:45|42be31514d,test_wallet_add_account_first_open_loading_time[fresh_user],test_wallet_add_account_first_open_ram_fresh,passed,793.423828125,793.423828125,793.423828125,1,793.423828125
nightly-42be31514d-376,42be31514d,2026-08-25T06:27:45,2026-08-25T06:27:45|42be31514d,test_wallet_add_account_loading_time[fresh_user],test_wallet_add_account_ram_fresh,passed,797.078125,802.76953125,799.625390625,5,"797.078125,798.115234375,799.185546875,800.978515625,802.76953125"
nightly-42be31514d-376,42be31514d,2026-08-25T06:27:45,2026-08-25T06:27:45|42be31514d,test_wallet_first_open_loading_time[fresh_user],test_wallet_first_open_ram_fresh,passed,822.5807291666666,822.5807291666666,822.5807291666666,1,822.5807291666666
nightly-42be31514d-376,42be31514d,2026-08-25T06:27:45,2026-08-25T06:27:45|42be31514d,test_wallet_repeat_open_loading_time[wallet_load_user],test_wallet_repeat_open_ram_wallet_load,passed,803.1940104166666,884.8723958333334,854.0877604166666,5,"803.1940104166666,840.6705729166666,867.9934895833334,873.7083333333334,884.8723958333334"
nightly-42be31514d-376,42be31514d,2026-08-25T06:27:45,2026-08-25T06:27:45|42be31514d,test_wallet_receive_first_open_loading_time[wallet_load_user],test_wallet_receive_first_open_ram_wallet_load,passed,779.646484375,779.646484375,779.646484375,1,779.646484375
nightly-42be31514d-376,42be31514d,2026-08-25T06:27:45,2026-08-25T06:27:45|42be31514d,test_wallet_receive_loading_time[wallet_load_user],test_wallet_receive_ram_wallet_load,passed,745.359375,774.5390625,758.52265625,5,"770.421875,774.5390625,755.72265625,746.5703125,745.359375"
nightly-42be31514d-376,42be31514d,2026-08-25T06:27:45,2026-08-25T06:27:45|42be31514d,test_wallet_first_open_loading_time[wallet_load_alex_user],test_wallet_first_open_ram_wallet_load_alex,passed,800.0390625,800.0390625,800.0390625,1,800.0390625
nightly-42be31514d-376,42be31514d,2026-08-25T06:27:45,2026-08-25T06:27:45|42be31514d,test_wallet_send_first_open_loading_time[fresh_user],test_wallet_send_first_open_ram_fresh,passed,788.568359375,788.568359375,788.568359375,1,788.568359375
nightly-42be31514d-376,42be31514d,2026-08-25T06:27:45,2026-08-25T06:27:45|42be31514d,test_wallet_send_loading_time[fresh_user],test_wallet_send_ram_fresh,passed,767.318359375,825.669921875,796.8296875,5,"767.318359375,769.416015625,825.669921875,809.447265625,812.296875"
nightly-42be31514d-376,42be31514d,2026-08-25T06:27:45,2026-08-25T06:27:45|42be31514d,test_wallet_send_first_open_loading_time[wallet_load_alex_user],test_wallet_send_first_open_ram_wallet_load_alex,passed,784.27734375,784.27734375,784.27734375,1,784.27734375
nightly-42be31514d-376,42be31514d,2026-08-25T06:27:45,2026-08-25T06:27:45|42be31514d,test_wallet_send_loading_time[wallet_load_alex_user],test_wallet_send_ram_wallet_load_alex,passed,780.251953125,833.638671875,803.796875,5,"780.251953125,795.88671875,833.638671875,798.353515625,810.853515625"
nightly-42be31514d-376,42be31514d,2026-08-25T06:27:45,2026-08-25T06:27:45|42be31514d,test_wallet_repeat_open_loading_time[wallet_load_alex_user],test_wallet_repeat_open_ram_wallet_load_alex,passed,874.7473958333334,912.263671875,899.3118489583334,5,"897.40234375,874.7473958333334,908.16796875,903.9778645833334,912.263671875"
nightly-42be31514d-376,42be31514d,2026-08-25T06:27:45,2026-08-25T06:27:45|42be31514d,test_wallet_collectibles_tab_first_open_loading_time[wallet_load_alex_user],test_wallet_collectibles_tab_first_open_ram_wallet_load_alex,passed,837.029296875,837.029296875,837.029296875,1,837.029296875
nightly-42be31514d-376,42be31514d,2026-08-25T06:27:45,2026-08-25T06:27:45|42be31514d,test_wallet_collectibles_tab_loading_time[wallet_load_alex_user],test_wallet_collectibles_tab_ram_wallet_load_alex,passed,795.806640625,835.37109375,817.82890625,5,"795.806640625,819.5546875,835.37109375,813.625,824.787109375"
nightly-78bae26dd1-377,78bae26dd1,2026-08-25T13:22:37,2026-08-25T13:22:37|78bae26dd1,test_wallet_swap_first_open_loading_time[fresh_user],test_wallet_swap_first_open_ram_fresh,passed,721.5390625,721.5390625,721.5390625,1,721.5390625
nightly-78bae26dd1-377,78bae26dd1,2026-08-25T13:22:37,2026-08-25T13:22:37|78bae26dd1,test_wallet_swap_loading_time[fresh_user],test_wallet_swap_ram_fresh,passed,762.861328125,812.310546875,786.894140625,5,"812.310546875,777.28515625,762.861328125,801.720703125,780.29296875"
nightly-78bae26dd1-377,78bae26dd1,2026-08-25T13:22:37,2026-08-25T13:22:37|78bae26dd1,test_status_community_second_open_loading_time[user_data0-user_account0],test_status_community_second_open_ram_member,passed,792.5325520833334,886.8359375,836.7203776041667,5,"816.607421875,792.5325520833334,804.0478515625,886.8359375,883.578125"
nightly-78bae26dd1-377,78bae26dd1,2026-08-25T13:22:37,2026-08-25T13:22:37|78bae26dd1,test_wallet_account_open_loading_time[wallet_load_alex_user],test_wallet_account_first_open_ram_wallet_load_alex,passed,805.626953125,805.626953125,805.626953125,1,805.626953125
nightly-78bae26dd1-377,78bae26dd1,2026-08-25T13:22:37,2026-08-25T13:22:37|78bae26dd1,test_wallet_account_open_loading_time[wallet_load_user],test_wallet_account_first_open_ram_wallet_load,passed,775.390625,775.390625,775.390625,1,775.390625
nightly-78bae26dd1-377,78bae26dd1,2026-08-25T13:22:37,2026-08-25T13:22:37|78bae26dd1,test_wallet_send_first_open_loading_time[wallet_load_user],test_wallet_send_first_open_ram_wallet_load,passed,749.375,749.375,749.375,1,749.375
nightly-78bae26dd1-377,78bae26dd1,2026-08-25T13:22:37,2026-08-25T13:22:37|78bae26dd1,test_wallet_send_loading_time[wallet_load_user],test_wallet_send_ram_wallet_load,passed,738.38671875,749.25390625,746.0760416666667,5,"738.38671875,747.1087239583334,747.578125,748.052734375,749.25390625"
nightly-78bae26dd1-377,78bae26dd1,2026-08-25T13:22:37,2026-08-25T13:22:37|78bae26dd1,test_wallet_swap_first_open_loading_time[wallet_load_alex_user],test_wallet_swap_first_open_ram_wallet_load_alex,passed,875.244140625,875.244140625,875.244140625,1,875.244140625
nightly-78bae26dd1-377,78bae26dd1,2026-08-25T13:22:37,2026-08-25T13:22:37|78bae26dd1,test_wallet_swap_loading_time[wallet_load_alex_user],test_wallet_swap_ram_wallet_load_alex,passed,877.890625,959.162109375,903.633203125,5,"877.890625,893.5703125,885.17578125,902.3671875,959.162109375"
nightly-78bae26dd1-377,78bae26dd1,2026-08-25T13:22:37,2026-08-25T13:22:37|78bae26dd1,test_wallet_add_account_first_open_loading_time[wallet_load_alex_user],test_wallet_add_account_first_open_ram_wallet_load_alex,passed,799.65234375,799.65234375,799.65234375,1,799.65234375
nightly-78bae26dd1-377,78bae26dd1,2026-08-25T13:22:37,2026-08-25T13:22:37|78bae26dd1,test_wallet_add_account_loading_time[wallet_load_alex_user],test_wallet_add_account_ram_wallet_load_alex,passed,818.06640625,881.171875,836.5859375,5,"818.06640625,881.171875,827.2421875,833.109375,823.33984375"
nightly-78bae26dd1-377,78bae26dd1,2026-08-25T13:22:37,2026-08-25T13:22:37|78bae26dd1,test_wallet_activity_tab_first_open_loading_time[wallet_load_alex_user],test_wallet_activity_tab_first_open_ram_wallet_load_alex,passed,809.18515625,809.18515625,809.18515625,1,809.18515625
nightly-78bae26dd1-377,78bae26dd1,2026-08-25T13:22:37,2026-08-25T13:22:37|78bae26dd1,test_wallet_activity_tab_loading_time[wallet_load_alex_user],test_wallet_activity_tab_ram_wallet_load_alex,passed,817.7213541666666,859.814453125,839.3626302083334,5,"817.7213541666666,825.29453125,840.80859375,859.814453125,853.17421875"
nightly-78bae26dd1-377,78bae26dd1,2026-08-25T13:22:37,2026-08-25T13:22:37|78bae26dd1,test_wallet_receive_first_open_loading_time[wallet_load_alex_user],test_wallet_receive_first_open_ram_wallet_load_alex,passed,823.6015625,823.6015625,823.6015625,1,823.6015625
nightly-78bae26dd1-377,78bae26dd1,2026-08-25T13:22:37,2026-08-25T13:22:37|78bae26dd1,test_wallet_receive_loading_time[wallet_load_alex_user],test_wallet_receive_ram_wallet_load_alex,passed,818.830078125,874.6640625,838.410546875,5,"842.88671875,824.53125,874.6640625,831.140625,818.830078125"
nightly-78bae26dd1-377,78bae26dd1,2026-08-25T13:22:37,2026-08-25T13:22:37|78bae26dd1,test_wallet_assets_tab_first_open_loading_time[fresh_user],test_wallet_assets_tab_first_open_ram_fresh,passed,718.01171875,718.01171875,718.01171875,1,718.01171875
nightly-78bae26dd1-377,78bae26dd1,2026-08-25T13:22:37,2026-08-25T13:22:37|78bae26dd1,test_wallet_assets_tab_loading_time[fresh_user],test_wallet_assets_tab_ram_fresh,passed,727.26171875,840.5546875,780.8431919642857,5,"727.26171875,760.8956473214286,770.82421875,804.6796875,840.5546875"
nightly-78bae26dd1-377,78bae26dd1,2026-08-25T13:22:37,2026-08-25T13:22:37|78bae26dd1,test_wallet_collectibles_tab_first_open_loading_time[fresh_user],test_wallet_collectibles_tab_first_open_ram_fresh,passed,793.123046875,793.123046875,793.123046875,1,793.123046875
nightly-78bae26dd1-377,78bae26dd1,2026-08-25T13:22:37,2026-08-25T13:22:37|78bae26dd1,test_wallet_collectibles_tab_loading_time[fresh_user],test_wallet_collectibles_tab_ram_fresh,passed,776.86328125,836.619140625,796.056640625,5,"776.86328125,778.68359375,788.96875,799.1484375,836.619140625"
nightly-78bae26dd1-377,78bae26dd1,2026-08-25T13:22:37,2026-08-25T13:22:37|78bae26dd1,test_wallet_receive_first_open_loading_time[fresh_user],test_wallet_receive_first_open_ram_fresh,passed,790.947265625,790.947265625,790.947265625,1,790.947265625
nightly-78bae26dd1-377,78bae26dd1,2026-08-25T13:22:37,2026-08-25T13:22:37|78bae26dd1,test_wallet_receive_loading_time[fresh_user],test_wallet_receive_ram_fresh,passed,793.1953125,838.19921875,813.1375,5,"793.1953125,838.19921875,804.115234375,835.802734375,794.375"
nightly-78bae26dd1-377,78bae26dd1,2026-08-25T13:22:37,2026-08-25T13:22:37|78bae26dd1,test_wallet_account_open_loading_time[fresh_user],test_wallet_account_first_open_ram_fresh,passed,771.9609375,771.9609375,771.9609375,1,771.9609375
nightly-78bae26dd1-377,78bae26dd1,2026-08-25T13:22:37,2026-08-25T13:22:37|78bae26dd1,test_wallet_first_open_loading_time[wallet_load_user],test_wallet_first_open_ram_wallet_load,passed,838.01171875,838.01171875,838.01171875,1,838.01171875
nightly-78bae26dd1-377,78bae26dd1,2026-08-25T13:22:37,2026-08-25T13:22:37|78bae26dd1,test_wallet_activity_tab_first_open_loading_time[fresh_user],test_wallet_activity_tab_first_open_ram_fresh,passed,792.703125,792.703125,792.703125,1,792.703125
nightly-78bae26dd1-377,78bae26dd1,2026-08-25T13:22:37,2026-08-25T13:22:37|78bae26dd1,test_wallet_activity_tab_loading_time[fresh_user],test_wallet_activity_tab_ram_fresh,passed,785.640625,787.072265625,786.159765625,5,"785.640625,787.072265625,785.88671875,785.9375,786.26171875"
nightly-78bae26dd1-377,78bae26dd1,2026-08-25T13:22:37,2026-08-25T13:22:37|78bae26dd1,test_wallet_activity_tab_first_open_loading_time[wallet_load_user],test_wallet_activity_tab_first_open_ram_wallet_load,passed,770.64609375,770.64609375,770.64609375,1,770.64609375
nightly-78bae26dd1-377,78bae26dd1,2026-08-25T13:22:37,2026-08-25T13:22:37|78bae26dd1,test_wallet_activity_tab_loading_time[wallet_load_user],test_wallet_activity_tab_ram_wallet_load,passed,774.27734375,797.841796875,792.2682291666666,5,"774.27734375,797.841796875,797.4361979166666,795.2018229166666,796.583984375"
nightly-78bae26dd1-377,78bae26dd1,2026-08-25T13:22:37,2026-08-25T13:22:37|78bae26dd1,test_wallet_assets_tab_first_open_loading_time[wallet_load_user],test_wallet_assets_tab_first_open_ram_wallet_load,passed,756.76953125,756.76953125,756.76953125,1,756.76953125
nightly-78bae26dd1-377,78bae26dd1,2026-08-25T13:22:37,2026-08-25T13:22:37|78bae26dd1,test_wallet_assets_tab_loading_time[wallet_load_user],test_wallet_assets_tab_ram_wallet_load,passed,752.26171875,769.9596354166666,760.5794270833333,5,"752.26171875,752.50390625,758.3645833333334,769.9596354166666,769.8072916666666"
nightly-78bae26dd1-377,78bae26dd1,2026-08-25T13:22:37,2026-08-25T13:22:37|78bae26dd1,test_wallet_swap_first_open_loading_time[wallet_load_user],test_wallet_swap_first_open_ram_wallet_load,passed,764.6015625,764.6015625,764.6015625,1,764.6015625
nightly-78bae26dd1-377,78bae26dd1,2026-08-25T13:22:37,2026-08-25T13:22:37|78bae26dd1,test_wallet_swap_loading_time[wallet_load_user],test_wallet_swap_ram_wallet_load,passed,775.763671875,800.61328125,788.916015625,5,"775.763671875,777.1015625,797.404296875,793.697265625,800.61328125"
nightly-78bae26dd1-377,78bae26dd1,2026-08-25T13:22:37,2026-08-25T13:22:37|78bae26dd1,test_wallet_collectibles_tab_first_open_loading_time[wallet_load_user],test_wallet_collectibles_tab_first_open_ram_wallet_load,passed,777.0022321428571,777.0022321428571,777.0022321428571,1,777.0022321428571
nightly-78bae26dd1-377,78bae26dd1,2026-08-25T13:22:37,2026-08-25T13:22:37|78bae26dd1,test_wallet_collectibles_tab_loading_time[wallet_load_user],test_wallet_collectibles_tab_ram_wallet_load,passed,776.234375,814.5911458333334,800.9546130952381,5,"776.234375,792.9542410714286,809.3303571428571,814.5911458333334,811.6629464285714"
nightly-78bae26dd1-377,78bae26dd1,2026-08-25T13:22:37,2026-08-25T13:22:37|78bae26dd1,test_wallet_repeat_open_loading_time[fresh_user],test_wallet_repeat_open_ram_fresh,passed,803.6145833333334,843.529296875,824.9651041666668,5,"821.8984375,843.529296875,803.6145833333334,816.427734375,839.35546875"
nightly-78bae26dd1-377,78bae26dd1,2026-08-25T13:22:37,2026-08-25T13:22:37|78bae26dd1,test_wallet_assets_tab_first_open_loading_time[wallet_load_alex_user],test_wallet_assets_tab_first_open_ram_wallet_load_alex,passed,844.212890625,844.212890625,844.212890625,1,844.212890625
nightly-78bae26dd1-377,78bae26dd1,2026-08-25T13:22:37,2026-08-25T13:22:37|78bae26dd1,test_wallet_assets_tab_loading_time[wallet_load_alex_user],test_wallet_assets_tab_ram_wallet_load_alex,passed,822.1002604166666,851.099609375,838.0757626488096,5,"826.8776041666666,822.1002604166666,841.00390625,851.099609375,849.2974330357143"
nightly-78bae26dd1-377,78bae26dd1,2026-08-25T13:22:37,2026-08-25T13:22:37|78bae26dd1,test_status_community_first_open_loading_time[user_data0-user_account0],test_status_community_first_open_ram_member,passed,747.2578125,747.2578125,747.2578125,1,747.2578125
nightly-78bae26dd1-377,78bae26dd1,2026-08-25T13:22:37,2026-08-25T13:22:37|78bae26dd1,test_wallet_add_account_first_open_loading_time[wallet_load_user],test_wallet_add_account_first_open_ram_wallet_load,passed,755.302734375,755.302734375,755.302734375,1,755.302734375
nightly-78bae26dd1-377,78bae26dd1,2026-08-25T13:22:37,2026-08-25T13:22:37|78bae26dd1,test_wallet_add_account_loading_time[wallet_load_user],test_wallet_add_account_ram_wallet_load,passed,749.2890625,755.18359375,751.441015625,5,"749.2890625,755.18359375,749.9375,750.56640625,752.228515625"
nightly-78bae26dd1-377,78bae26dd1,2026-08-25T13:22:37,2026-08-25T13:22:37|78bae26dd1,test_wallet_add_account_first_open_loading_time[fresh_user],test_wallet_add_account_first_open_ram_fresh,passed,737.59765625,737.59765625,737.59765625,1,737.59765625
nightly-78bae26dd1-377,78bae26dd1,2026-08-25T13:22:37,2026-08-25T13:22:37|78bae26dd1,test_wallet_add_account_loading_time[fresh_user],test_wallet_add_account_ram_fresh,passed,752.2734375,780.2265625,766.601953125,5,"752.2734375,752.3359375,780.2265625,773.892578125,774.28125"
nightly-78bae26dd1-377,78bae26dd1,2026-08-25T13:22:37,2026-08-25T13:22:37|78bae26dd1,test_wallet_first_open_loading_time[fresh_user],test_wallet_first_open_ram_fresh,passed,771.7109375,771.7109375,771.7109375,1,771.7109375
nightly-78bae26dd1-377,78bae26dd1,2026-08-25T13:22:37,2026-08-25T13:22:37|78bae26dd1,test_wallet_repeat_open_loading_time[wallet_load_user],test_wallet_repeat_open_ram_wallet_load,passed,803.0924479166666,902.3111979166666,858.0510416666666,5,"803.0924479166666,854.5572916666666,854.6067708333334,875.6875,902.3111979166666"
nightly-78bae26dd1-377,78bae26dd1,2026-08-25T13:22:37,2026-08-25T13:22:37|78bae26dd1,test_wallet_receive_first_open_loading_time[wallet_load_user],test_wallet_receive_first_open_ram_wallet_load,passed,770.046875,770.046875,770.046875,1,770.046875
nightly-78bae26dd1-377,78bae26dd1,2026-08-25T13:22:37,2026-08-25T13:22:37|78bae26dd1,test_wallet_receive_loading_time[wallet_load_user],test_wallet_receive_ram_wallet_load,passed,750.365234375,761.89453125,757.7453125,5,"757.783203125,761.89453125,750.365234375,757.033203125,761.650390625"
nightly-78bae26dd1-377,78bae26dd1,2026-08-25T13:22:37,2026-08-25T13:22:37|78bae26dd1,test_wallet_first_open_loading_time[wallet_load_alex_user],test_wallet_first_open_ram_wallet_load_alex,passed,837.4140625,837.4140625,837.4140625,1,837.4140625
nightly-78bae26dd1-377,78bae26dd1,2026-08-25T13:22:37,2026-08-25T13:22:37|78bae26dd1,test_wallet_send_first_open_loading_time[fresh_user],test_wallet_send_first_open_ram_fresh,passed,801.228515625,801.228515625,801.228515625,1,801.228515625
nightly-78bae26dd1-377,78bae26dd1,2026-08-25T13:22:37,2026-08-25T13:22:37|78bae26dd1,test_wallet_send_loading_time[fresh_user],test_wallet_send_ram_fresh,passed,775.23828125,799.08203125,783.424609375,5,"799.08203125,775.23828125,777.5078125,781.1953125,784.099609375"
nightly-78bae26dd1-377,78bae26dd1,2026-08-25T13:22:37,2026-08-25T13:22:37|78bae26dd1,test_wallet_send_first_open_loading_time[wallet_load_alex_user],test_wallet_send_first_open_ram_wallet_load_alex,passed,805.71484375,805.71484375,805.71484375,1,805.71484375
nightly-78bae26dd1-377,78bae26dd1,2026-08-25T13:22:37,2026-08-25T13:22:37|78bae26dd1,test_wallet_send_loading_time[wallet_load_alex_user],test_wallet_send_ram_wallet_load_alex,passed,802.5625,832.654296875,819.395703125,5,"809.88671875,802.5625,832.654296875,820.8828125,830.9921875"
nightly-78bae26dd1-377,78bae26dd1,2026-08-25T13:22:37,2026-08-25T13:22:37|78bae26dd1,test_wallet_repeat_open_loading_time[wallet_load_alex_user],test_wallet_repeat_open_ram_wallet_load_alex,passed,863.484375,961.3697916666666,908.5033854166666,5,"863.953125,863.484375,912.78125,940.9283854166666,961.3697916666666"
nightly-78bae26dd1-377,78bae26dd1,2026-08-25T13:22:37,2026-08-25T13:22:37|78bae26dd1,test_wallet_collectibles_tab_first_open_loading_time[wallet_load_alex_user],test_wallet_collectibles_tab_first_open_ram_wallet_load_alex,passed,813.8095703125,813.8095703125,813.8095703125,1,813.8095703125
nightly-78bae26dd1-377,78bae26dd1,2026-08-25T13:22:37,2026-08-25T13:22:37|78bae26dd1,test_wallet_collectibles_tab_loading_time[wallet_load_alex_user],test_wallet_collectibles_tab_ram_wallet_load_alex,passed,799.150390625,879.5182291666666,844.7616257440477,5,"799.150390625,810.63671875,871.5658482142857,862.9369419642857,879.5182291666666"
nightly-af61a2ca9a-378,af61a2ca9a,2026-08-26T06:18:50,2026-08-26T06:18:50|af61a2ca9a,test_wallet_swap_first_open_loading_time[fresh_user],test_wallet_swap_first_open_ram_fresh,passed,871.9186197916666,871.9186197916666,871.9186197916666,1,871.9186197916666
nightly-af61a2ca9a-378,af61a2ca9a,2026-08-26T06:18:50,2026-08-26T06:18:50|af61a2ca9a,test_wallet_swap_loading_time[fresh_user],test_wallet_swap_ram_fresh,passed,820.166015625,885.171875,850.52265625,5,"851.3046875,874.34765625,885.171875,821.623046875,820.166015625"
nightly-af61a2ca9a-378,af61a2ca9a,2026-08-26T06:18:50,2026-08-26T06:18:50|af61a2ca9a,test_status_community_second_open_loading_time[user_data0-user_account0],test_status_community_second_open_ram_member,passed,829.138671875,881.080078125,855.3982954545454,5,"829.138671875,842.6906960227273,867.6728515625,856.4091796875,881.080078125"
nightly-af61a2ca9a-378,af61a2ca9a,2026-08-26T06:18:50,2026-08-26T06:18:50|af61a2ca9a,test_wallet_account_open_loading_time[wallet_load_alex_user],test_wallet_account_first_open_ram_wallet_load_alex,passed,804.5221354166666,804.5221354166666,804.5221354166666,1,804.5221354166666
nightly-af61a2ca9a-378,af61a2ca9a,2026-08-26T06:18:50,2026-08-26T06:18:50|af61a2ca9a,test_wallet_account_open_loading_time[wallet_load_user],test_wallet_account_first_open_ram_wallet_load,passed,737.5234375,737.5234375,737.5234375,1,737.5234375
nightly-af61a2ca9a-378,af61a2ca9a,2026-08-26T06:18:50,2026-08-26T06:18:50|af61a2ca9a,test_wallet_send_first_open_loading_time[wallet_load_user],test_wallet_send_first_open_ram_wallet_load,passed,763.951171875,763.951171875,763.951171875,1,763.951171875
nightly-af61a2ca9a-378,af61a2ca9a,2026-08-26T06:18:50,2026-08-26T06:18:50|af61a2ca9a,test_wallet_send_loading_time[wallet_load_user],test_wallet_send_ram_wallet_load,passed,747.919921875,767.974609375,758.58515625,5,"747.919921875,752.310546875,762.0,762.720703125,767.974609375"
nightly-af61a2ca9a-378,af61a2ca9a,2026-08-26T06:18:50,2026-08-26T06:18:50|af61a2ca9a,test_wallet_swap_first_open_loading_time[wallet_load_alex_user],test_wallet_swap_first_open_ram_wallet_load_alex,passed,798.71484375,798.71484375,798.71484375,1,798.71484375
nightly-af61a2ca9a-378,af61a2ca9a,2026-08-26T06:18:50,2026-08-26T06:18:50|af61a2ca9a,test_wallet_swap_loading_time[wallet_load_alex_user],test_wallet_swap_ram_wallet_load_alex,passed,809.97265625,911.59375,855.26640625,5,"809.97265625,851.5703125,911.59375,859.005859375,844.189453125"
nightly-af61a2ca9a-378,af61a2ca9a,2026-08-26T06:18:50,2026-08-26T06:18:50|af61a2ca9a,test_wallet_add_account_first_open_loading_time[wallet_load_alex_user],test_wallet_add_account_first_open_ram_wallet_load_alex,passed,818.80078125,818.80078125,818.80078125,1,818.80078125
nightly-af61a2ca9a-378,af61a2ca9a,2026-08-26T06:18:50,2026-08-26T06:18:50|af61a2ca9a,test_wallet_add_account_loading_time[wallet_load_alex_user],test_wallet_add_account_ram_wallet_load_alex,passed,825.2734375,884.880859375,848.0015625,5,"884.880859375,867.0625,825.2734375,831.931640625,830.859375"
nightly-af61a2ca9a-378,af61a2ca9a,2026-08-26T06:18:50,2026-08-26T06:18:50|af61a2ca9a,test_wallet_activity_tab_first_open_loading_time[wallet_load_alex_user],test_wallet_activity_tab_first_open_ram_wallet_load_alex,passed,809.4830729166666,809.4830729166666,809.4830729166666,1,809.4830729166666
nightly-af61a2ca9a-378,af61a2ca9a,2026-08-26T06:18:50,2026-08-26T06:18:50|af61a2ca9a,test_wallet_activity_tab_loading_time[wallet_load_alex_user],test_wallet_activity_tab_ram_wallet_load_alex,passed,824.52734375,867.9361979166666,838.4228645833333,5,"843.69296875,824.52734375,867.9361979166666,828.62109375,827.33671875"
nightly-af61a2ca9a-378,af61a2ca9a,2026-08-26T06:18:50,2026-08-26T06:18:50|af61a2ca9a,test_wallet_receive_first_open_loading_time[wallet_load_alex_user],test_wallet_receive_first_open_ram_wallet_load_alex,passed,815.51953125,815.51953125,815.51953125,1,815.51953125
nightly-af61a2ca9a-378,af61a2ca9a,2026-08-26T06:18:50,2026-08-26T06:18:50|af61a2ca9a,test_wallet_receive_loading_time[wallet_load_alex_user],test_wallet_receive_ram_wallet_load_alex,passed,814.8515625,888.494140625,840.64140625,5,"817.076171875,888.494140625,843.859375,814.8515625,838.92578125"
nightly-af61a2ca9a-378,af61a2ca9a,2026-08-26T06:18:50,2026-08-26T06:18:50|af61a2ca9a,test_wallet_assets_tab_first_open_loading_time[fresh_user],test_wallet_assets_tab_first_open_ram_fresh,passed,752.9140625,752.9140625,752.9140625,1,752.9140625
nightly-af61a2ca9a-378,af61a2ca9a,2026-08-26T06:18:50,2026-08-26T06:18:50|af61a2ca9a,test_wallet_assets_tab_loading_time[fresh_user],test_wallet_assets_tab_ram_fresh,passed,771.728515625,839.5770089285714,786.7599330357143,5,"771.818359375,839.5770089285714,771.728515625,774.7734375,775.90234375"
nightly-af61a2ca9a-378,af61a2ca9a,2026-08-26T06:18:50,2026-08-26T06:18:50|af61a2ca9a,test_wallet_collectibles_tab_first_open_loading_time[fresh_user],test_wallet_collectibles_tab_first_open_ram_fresh,passed,721.201171875,721.201171875,721.201171875,1,721.201171875
nightly-af61a2ca9a-378,af61a2ca9a,2026-08-26T06:18:50,2026-08-26T06:18:50|af61a2ca9a,test_wallet_collectibles_tab_loading_time[fresh_user],test_wallet_collectibles_tab_ram_fresh,passed,712.8671875,793.8203125,763.3171875,5,"712.8671875,772.501953125,763.5625,773.833984375,793.8203125"
nightly-af61a2ca9a-378,af61a2ca9a,2026-08-26T06:18:50,2026-08-26T06:18:50|af61a2ca9a,test_wallet_receive_first_open_loading_time[fresh_user],test_wallet_receive_first_open_ram_fresh,passed,735.326171875,735.326171875,735.326171875,1,735.326171875
nightly-af61a2ca9a-378,af61a2ca9a,2026-08-26T06:18:50,2026-08-26T06:18:50|af61a2ca9a,test_wallet_receive_loading_time[fresh_user],test_wallet_receive_ram_fresh,passed,765.25,791.30859375,779.33203125,5,"787.64453125,791.30859375,787.14453125,765.25,765.3125"
nightly-af61a2ca9a-378,af61a2ca9a,2026-08-26T06:18:50,2026-08-26T06:18:50|af61a2ca9a,test_wallet_account_open_loading_time[fresh_user],test_wallet_account_first_open_ram_fresh,passed,769.23046875,769.23046875,769.23046875,1,769.23046875
nightly-af61a2ca9a-378,af61a2ca9a,2026-08-26T06:18:50,2026-08-26T06:18:50|af61a2ca9a,test_wallet_first_open_loading_time[wallet_load_user],test_wallet_first_open_ram_wallet_load,passed,736.00390625,736.00390625,736.00390625,1,736.00390625
nightly-af61a2ca9a-378,af61a2ca9a,2026-08-26T06:18:50,2026-08-26T06:18:50|af61a2ca9a,test_wallet_activity_tab_first_open_loading_time[fresh_user],test_wallet_activity_tab_first_open_ram_fresh,passed,695.92578125,695.92578125,695.92578125,1,695.92578125
nightly-af61a2ca9a-378,af61a2ca9a,2026-08-26T06:18:50,2026-08-26T06:18:50|af61a2ca9a,test_wallet_activity_tab_loading_time[fresh_user],test_wallet_activity_tab_ram_fresh,passed,696.22265625,796.2955729166666,746.5255208333333,5,"696.22265625,697.5546875,775.953125,766.6015625,796.2955729166666"
nightly-af61a2ca9a-378,af61a2ca9a,2026-08-26T06:18:50,2026-08-26T06:18:50|af61a2ca9a,test_wallet_activity_tab_first_open_loading_time[wallet_load_user],test_wallet_activity_tab_first_open_ram_wallet_load,passed,789.384375,789.384375,789.384375,1,789.384375
nightly-af61a2ca9a-378,af61a2ca9a,2026-08-26T06:18:50,2026-08-26T06:18:50|af61a2ca9a,test_wallet_activity_tab_loading_time[wallet_load_user],test_wallet_activity_tab_ram_wallet_load,passed,775.12890625,787.427734375,783.6314062499999,5,"784.1015625,775.12890625,784.4578125,787.041015625,787.427734375"
nightly-af61a2ca9a-378,af61a2ca9a,2026-08-26T06:18:50,2026-08-26T06:18:50|af61a2ca9a,test_wallet_assets_tab_first_open_loading_time[wallet_load_user],test_wallet_assets_tab_first_open_ram_wallet_load,passed,803.25390625,803.25390625,803.25390625,1,803.25390625
nightly-af61a2ca9a-378,af61a2ca9a,2026-08-26T06:18:50,2026-08-26T06:18:50|af61a2ca9a,test_wallet_assets_tab_loading_time[wallet_load_user],test_wallet_assets_tab_ram_wallet_load,passed,779.2526041666666,797.8216145833334,789.5151041666666,5,"797.8216145833334,792.0729166666666,792.5455729166666,785.8828125,779.2526041666666"
nightly-af61a2ca9a-378,af61a2ca9a,2026-08-26T06:18:50,2026-08-26T06:18:50|af61a2ca9a,test_wallet_swap_first_open_loading_time[wallet_load_user],test_wallet_swap_first_open_ram_wallet_load,passed,811.90234375,811.90234375,811.90234375,1,811.90234375
nightly-af61a2ca9a-378,af61a2ca9a,2026-08-26T06:18:50,2026-08-26T06:18:50|af61a2ca9a,test_wallet_swap_loading_time[wallet_load_user],test_wallet_swap_ram_wallet_load,passed,798.6171875,816.439453125,808.64296875,5,"798.6171875,816.439453125,808.509765625,804.75,814.8984375"
nightly-af61a2ca9a-378,af61a2ca9a,2026-08-26T06:18:50,2026-08-26T06:18:50|af61a2ca9a,test_wallet_collectibles_tab_first_open_loading_time[wallet_load_user],test_wallet_collectibles_tab_first_open_ram_wallet_load,passed,758.28515625,758.28515625,758.28515625,1,758.28515625
nightly-af61a2ca9a-378,af61a2ca9a,2026-08-26T06:18:50,2026-08-26T06:18:50|af61a2ca9a,test_wallet_collectibles_tab_loading_time[wallet_load_user],test_wallet_collectibles_tab_ram_wallet_load,passed,750.1964285714286,797.4986979166666,778.3375,5,"750.1964285714286,773.828125,777.9739583333334,792.1902901785714,797.4986979166666"
nightly-af61a2ca9a-378,af61a2ca9a,2026-08-26T06:18:50,2026-08-26T06:18:50|af61a2ca9a,test_wallet_repeat_open_loading_time[fresh_user],test_wallet_repeat_open_ram_fresh,passed,827.484375,886.4166666666666,848.2861979166668,5,"831.2265625,867.4700520833334,828.8333333333334,827.484375,886.4166666666666"
nightly-af61a2ca9a-378,af61a2ca9a,2026-08-26T06:18:50,2026-08-26T06:18:50|af61a2ca9a,test_wallet_assets_tab_first_open_loading_time[wallet_load_alex_user],test_wallet_assets_tab_first_open_ram_wallet_load_alex,passed,798.421875,798.421875,798.421875,1,798.421875
nightly-af61a2ca9a-378,af61a2ca9a,2026-08-26T06:18:50,2026-08-26T06:18:50|af61a2ca9a,test_wallet_assets_tab_loading_time[wallet_load_alex_user],test_wallet_assets_tab_ram_wallet_load_alex,passed,793.4596354166666,852.9973958333334,808.3197916666666,5,"799.8463541666666,793.4596354166666,797.84375,797.4518229166666,852.9973958333334"
nightly-af61a2ca9a-378,af61a2ca9a,2026-08-26T06:18:50,2026-08-26T06:18:50|af61a2ca9a,test_status_community_first_open_loading_time[user_data0-user_account0],test_status_community_first_open_ram_member,passed,805.1497395833334,805.1497395833334,805.1497395833334,1,805.1497395833334
nightly-af61a2ca9a-378,af61a2ca9a,2026-08-26T06:18:50,2026-08-26T06:18:50|af61a2ca9a,test_wallet_add_account_first_open_loading_time[wallet_load_user],test_wallet_add_account_first_open_ram_wallet_load,passed,799.87109375,799.87109375,799.87109375,1,799.87109375
nightly-af61a2ca9a-378,af61a2ca9a,2026-08-26T06:18:50,2026-08-26T06:18:50|af61a2ca9a,test_wallet_add_account_loading_time[wallet_load_user],test_wallet_add_account_ram_wallet_load,passed,742.68359375,767.591796875,750.429296875,5,"742.68359375,767.591796875,745.33984375,746.474609375,750.056640625"
nightly-af61a2ca9a-378,af61a2ca9a,2026-08-26T06:18:50,2026-08-26T06:18:50|af61a2ca9a,test_wallet_add_account_first_open_loading_time[fresh_user],test_wallet_add_account_first_open_ram_fresh,passed,854.75390625,854.75390625,854.75390625,1,854.75390625
nightly-af61a2ca9a-378,af61a2ca9a,2026-08-26T06:18:50,2026-08-26T06:18:50|af61a2ca9a,test_wallet_add_account_loading_time[fresh_user],test_wallet_add_account_ram_fresh,passed,862.45703125,873.04296875,867.502734375,5,"862.45703125,864.72265625,867.57421875,869.716796875,873.04296875"
nightly-af61a2ca9a-378,af61a2ca9a,2026-08-26T06:18:50,2026-08-26T06:18:50|af61a2ca9a,test_wallet_first_open_loading_time[fresh_user],test_wallet_first_open_ram_fresh,passed,703.69140625,703.69140625,703.69140625,1,703.69140625
nightly-af61a2ca9a-378,af61a2ca9a,2026-08-26T06:18:50,2026-08-26T06:18:50|af61a2ca9a,test_wallet_repeat_open_loading_time[wallet_load_user],test_wallet_repeat_open_ram_wallet_load,passed,811.3177083333334,900.2682291666666,868.25390625,5,"811.3177083333334,871.8359375,879.5260416666666,878.3216145833334,900.2682291666666"
nightly-af61a2ca9a-378,af61a2ca9a,2026-08-26T06:18:50,2026-08-26T06:18:50|af61a2ca9a,test_wallet_receive_first_open_loading_time[wallet_load_user],test_wallet_receive_first_open_ram_wallet_load,passed,792.408203125,792.408203125,792.408203125,1,792.408203125
nightly-af61a2ca9a-378,af61a2ca9a,2026-08-26T06:18:50,2026-08-26T06:18:50|af61a2ca9a,test_wallet_receive_loading_time[wallet_load_user],test_wallet_receive_ram_wallet_load,passed,719.13671875,745.86328125,729.037109375,5,"745.86328125,737.412109375,722.005859375,719.13671875,720.767578125"
nightly-af61a2ca9a-378,af61a2ca9a,2026-08-26T06:18:50,2026-08-26T06:18:50|af61a2ca9a,test_wallet_first_open_loading_time[wallet_load_alex_user],test_wallet_first_open_ram_wallet_load_alex,passed,840.87109375,840.87109375,840.87109375,1,840.87109375
nightly-af61a2ca9a-378,af61a2ca9a,2026-08-26T06:18:50,2026-08-26T06:18:50|af61a2ca9a,test_wallet_send_first_open_loading_time[fresh_user],test_wallet_send_first_open_ram_fresh,passed,773.296875,773.296875,773.296875,1,773.296875
nightly-af61a2ca9a-378,af61a2ca9a,2026-08-26T06:18:50,2026-08-26T06:18:50|af61a2ca9a,test_wallet_send_loading_time[fresh_user],test_wallet_send_ram_fresh,passed,808.29296875,842.693359375,817.07421875,5,"842.693359375,808.29296875,809.41796875,811.453125,813.513671875"
nightly-af61a2ca9a-378,af61a2ca9a,2026-08-26T06:18:50,2026-08-26T06:18:50|af61a2ca9a,test_wallet_send_first_open_loading_time[wallet_load_alex_user],test_wallet_send_first_open_ram_wallet_load_alex,passed,839.796875,839.796875,839.796875,1,839.796875
nightly-af61a2ca9a-378,af61a2ca9a,2026-08-26T06:18:50,2026-08-26T06:18:50|af61a2ca9a,test_wallet_send_loading_time[wallet_load_alex_user],test_wallet_send_ram_wallet_load_alex,passed,818.1796875,831.130859375,824.802734375,5,"830.078125,818.1796875,831.130859375,824.517578125,820.107421875"
nightly-af61a2ca9a-378,af61a2ca9a,2026-08-26T06:18:50,2026-08-26T06:18:50|af61a2ca9a,test_wallet_repeat_open_loading_time[wallet_load_alex_user],test_wallet_repeat_open_ram_wallet_load_alex,passed,872.6966145833334,912.1106770833334,890.3424479166667,5,"872.6966145833334,874.3776041666666,885.5234375,912.1106770833334,907.00390625"
nightly-af61a2ca9a-378,af61a2ca9a,2026-08-26T06:18:50,2026-08-26T06:18:50|af61a2ca9a,test_wallet_collectibles_tab_first_open_loading_time[wallet_load_alex_user],test_wallet_collectibles_tab_first_open_ram_wallet_load_alex,passed,829.447265625,829.447265625,829.447265625,1,829.447265625
nightly-af61a2ca9a-378,af61a2ca9a,2026-08-26T06:18:50,2026-08-26T06:18:50|af61a2ca9a,test_wallet_collectibles_tab_loading_time[wallet_load_alex_user],test_wallet_collectibles_tab_ram_wallet_load_alex,passed,809.9583333333334,895.5546875,836.3346354166667,5,"825.34375,829.1953125,821.62109375,809.9583333333334,895.5546875"
